claim_id,member_id,provider_id,claim_date,total_charge,claim_status
CLM001,1001,2001,2023-01-10,120.00,PAID
CLM002,1002,2002,2023-01-11,200.00,DENIED
CLM003,1003,2001,2023-01-12,300.00,PAID
CLM004,1004,2003,2023-02-01,180.50,PENDING
CLM005,1005,2002,2023-02-13,240.75,PAID
CLM006,1006,2004,2023-03-05,150.00,PAID
CLM007,1007,2004,2023-03-10,176.00,DENIED
CLM008,1008,2003,2023-03-15,189.00,PAID
CLM009,1616,2060,2023-01-01,372.00,DENIED
CLM010,1377,2019,2023-01-01,133.00,PAID
CLM011,1711,2132,2023-01-01,49.00,PAID
CLM012,1694,2136,2023-01-01,140.00,PAID
CLM013,1278,2020,2023-01-01,49.00,PAID
CLM014,3277,2134,2023-01-01,199.00,PAID
CLM015,1640,2129,2023-01-01,124.00,PAID
CLM016,3247,2053,2023-01-01,349.00,PAID
CLM017,2871,2132,2023-01-01,1130.00,PAID
CLM018,2917,2060,2023-01-02,191.00,PAID
CLM019,2136,2006,2023-01-02,332.00,PAID
CLM020,1853,2124,2023-01-02,77.00,PAID
CLM021,3153,2037,2023-01-02,125.00,PAID
CLM022,1025,2131,2023-01-02,266.00,PAID
CLM023,1911,2105,2023-01-02,302.00,PAID
CLM024,2902,2129,2023-01-02,84.00,PAID
CLM025,1608,2077,2023-01-02,67.00,PAID
CLM026,1679,2066,2023-01-02,326.00,PAID
CLM027,1404,2021,2023-01-02,33.00,PAID
CLM028,1829,2124,2023-01-02,133.00,PAID
CLM029,1040,2045,2023-01-02,402.00,PAID
CLM030,3044,2015,2023-01-02,239.00,DENIED
CLM031,1556,2100,2023-01-02,228.00,PENDING
CLM032,2449,2110,2023-01-02,30.00,PAID
CLM033,3459,2025,2023-01-02,239.00,DENIED
CLM034,2223,2126,2023-01-02,573.00,PAID
CLM035,1552,2087,2023-01-02,130.00,PAID
CLM036,1828,2043,2023-01-02,78.00,PAID
CLM037,3035,2150,2023-01-02,90.00,PAID
CLM038,2257,2015,2023-01-02,1687.00,DENIED
CLM039,2771,2133,2023-01-02,186.00,PAID
CLM040,2915,2109,2023-01-03,132.00,PAID
CLM041,1681,2031,2023-01-03,224.00,PAID
CLM042,2737,2072,2023-01-03,119.00,PAID
CLM043,1548,2036,2023-01-03,113.00,PAID
CLM044,1167,2097,2023-01-03,140.00,PAID
CLM045,3284,2030,2023-01-03,73.00,PAID
CLM046,3479,2115,2023-01-03,622.00,DENIED
CLM047,1966,2004,2023-01-03,145.00,PAID
CLM048,3098,2065,2023-01-03,145.00,PAID
CLM049,1143,2017,2023-01-03,221.00,PAID
CLM050,1007,2019,2023-01-03,50.00,PAID
CLM051,2276,2029,2023-01-03,128.00,PAID
CLM052,2498,2082,2023-01-03,342.00,DENIED
CLM053,2908,2002,2023-01-03,204.00,PAID
CLM054,3182,2103,2023-01-03,237.00,PAID
CLM055,2839,2131,2023-01-03,2624.00,PAID
CLM056,2212,2143,2023-01-03,168.00,PAID
CLM057,3499,2065,2023-01-03,124.00,PAID
CLM058,1178,2101,2023-01-03,210.00,PAID
CLM059,3499,2086,2023-01-03,61.00,PAID
CLM060,1319,2149,2023-01-03,70.00,PAID
CLM061,2118,2005,2023-01-03,41.00,PAID
CLM062,1292,2119,2023-01-03,203.00,PAID
CLM063,1129,2140,2023-01-04,1593.00,DENIED
CLM064,2456,2013,2023-01-04,122.00,PAID
CLM065,2810,2105,2023-01-04,122.00,PAID
CLM066,2428,2075,2023-01-04,241.00,PAID
CLM067,1893,2105,2023-01-04,155.00,PAID
CLM068,2268,2145,2023-01-04,145.00,PAID
CLM069,2935,2088,2023-01-04,143.00,PAID
CLM070,1736,2071,2023-01-04,232.00,DENIED
CLM071,1965,2009,2023-01-04,38.00,PAID
CLM072,1885,2068,2023-01-04,1331.00,PAID
CLM073,2318,2050,2023-01-04,73.00,PAID
CLM074,1963,2109,2023-01-04,164.00,PAID
CLM075,3101,2097,2023-01-04,87.00,PAID
CLM076,1120,2126,2023-01-04,128.00,PAID
CLM077,3293,2022,2023-01-04,29.00,PAID
CLM078,2793,2118,2023-01-04,347.00,PAID
CLM079,2124,2103,2023-01-04,81.00,PAID
CLM080,1453,2104,2023-01-04,131.00,PAID
CLM081,2019,2116,2023-01-04,166.00,PAID
CLM082,3007,2015,2023-01-04,137.00,PAID
CLM083,1612,2093,2023-01-04,83.00,DENIED
CLM084,2625,2078,2023-01-04,24.00,PAID
CLM085,2169,2126,2023-01-04,286.00,DENIED
CLM086,1502,2058,2023-01-04,123.00,PAID
CLM087,2987,2018,2023-01-05,309.00,PAID
CLM088,2300,2116,2023-01-05,41.00,PAID
CLM089,2437,2088,2023-01-05,131.00,PAID
CLM090,1210,2087,2023-01-05,150.00,PAID
CLM091,3095,2127,2023-01-05,229.00,DENIED
CLM092,1505,2093,2023-01-05,184.00,DENIED
CLM093,2139,2096,2023-01-05,34.00,PAID
CLM094,2654,2052,2023-01-05,78.00,PAID
CLM095,1891,2055,2023-01-05,119.00,PAID
CLM096,3025,2044,2023-01-05,1314.00,DENIED
CLM097,2996,2020,2023-01-05,242.00,PAID
CLM098,1847,2078,2023-01-05,95.00,PAID
CLM099,2239,2053,2023-01-05,62.00,DENIED
CLM100,1790,2026,2023-01-05,55.00,PAID
CLM101,1681,2072,2023-01-05,33.00,PAID
CLM102,2681,2059,2023-01-05,177.00,PAID
CLM103,1408,2136,2023-01-05,301.00,PAID
CLM104,2905,2134,2023-01-05,256.00,PAID
CLM105,2930,2081,2023-01-05,390.00,PAID
CLM106,2209,2056,2023-01-05,4004.00,PAID
CLM107,3311,2095,2023-01-05,270.00,PAID
CLM108,2644,2048,2023-01-05,213.00,PAID
CLM109,1004,2106,2023-01-06,106.00,DENIED
CLM110,2675,2126,2023-01-06,363.00,DENIED
CLM111,2337,2096,2023-01-06,186.00,PAID
CLM112,3119,2082,2023-01-06,55.00,PAID
CLM113,3362,2085,2023-01-06,583.00,DENIED
CLM114,1502,2030,2023-01-06,177.00,PAID
CLM115,3474,2116,2023-01-06,271.00,DENIED
CLM116,2493,2105,2023-01-06,954.00,PAID
CLM117,3404,2068,2023-01-06,625.00,PAID
CLM118,1178,2068,2023-01-06,151.00,PAID
CLM119,1381,2118,2023-01-06,30.00,PAID
CLM120,1441,2095,2023-01-06,234.00,PAID
CLM121,1162,2115,2023-01-06,252.00,PAID
CLM122,1091,2072,2023-01-06,38.00,PAID
CLM123,2561,2025,2023-01-06,185.00,PAID
CLM124,2255,2137,2023-01-06,1400.00,PAID
CLM125,2224,2036,2023-01-06,211.00,PAID
CLM126,1895,2015,2023-01-06,471.00,PAID
CLM127,2911,2091,2023-01-07,23.00,PAID
CLM128,2836,2012,2023-01-07,260.00,PAID
CLM129,2802,2059,2023-01-07,279.00,PAID
CLM130,2966,2028,2023-01-08,28.00,PAID
CLM131,1109,2068,2023-01-08,522.00,PAID
CLM132,1616,2015,2023-01-08,237.00,PAID
CLM133,2650,2148,2023-01-08,314.00,PAID
CLM134,2111,2130,2023-01-09,71.00,PAID
CLM135,2633,2122,2023-01-09,90.00,PAID
CLM136,2209,2133,2023-01-09,196.00,PAID
CLM137,1540,2114,2023-01-09,462.00,PAID
CLM138,1998,2014,2023-01-09,371.00,PAID
CLM139,1288,2117,2023-01-09,120.00,PAID
CLM140,2715,2018,2023-01-09,69.00,PAID
CLM141,1305,2121,2023-01-09,1240.00,PAID
CLM142,1963,2077,2023-01-09,163.00,PAID
CLM143,3430,2133,2023-01-09,292.00,PAID
CLM144,3029,2011,2023-01-09,252.00,DENIED
CLM145,1734,2143,2023-01-09,143.00,PAID
CLM146,2914,2121,2023-01-09,161.00,PAID
CLM147,3139,2118,2023-01-09,196.00,PAID
CLM148,2395,2084,2023-01-09,359.00,PAID
CLM149,2065,2097,2023-01-09,223.00,PAID
CLM150,2646,2049,2023-01-10,128.00,PAID
CLM151,3169,2029,2023-01-10,131.00,PAID
CLM152,1469,2091,2023-01-10,25.00,PAID
CLM153,1425,2041,2023-01-10,118.00,PAID
CLM154,2621,2035,2023-01-10,125.00,PAID
CLM155,1644,2139,2023-01-10,34.00,PAID
CLM156,1762,2071,2023-01-10,133.00,PAID
CLM157,1716,2045,2023-01-10,420.00,PAID
CLM158,3137,2072,2023-01-10,208.00,PAID
CLM159,1141,2143,2023-01-10,441.00,PAID
CLM160,2485,2099,2023-01-10,39.00,PAID
CLM161,2398,2054,2023-01-10,204.00,PAID
CLM162,3215,2023,2023-01-10,148.00,PAID
CLM163,3425,2113,2023-01-10,116.00,PAID
CLM164,2256,2004,2023-01-10,1164.00,PAID
CLM165,2762,2026,2023-01-10,30.00,PAID
CLM166,1796,2100,2023-01-10,293.00,PAID
CLM167,3426,2058,2023-01-11,117.00,PAID
CLM168,3399,2066,2023-01-11,42.00,DENIED
CLM169,2353,2012,2023-01-11,234.00,PAID
CLM170,2032,2044,2023-01-11,4680.00,DENIED
CLM171,1930,2095,2023-01-11,185.00,PAID
CLM172,1678,2069,2023-01-11,1375.00,PAID
CLM173,3430,2019,2023-01-11,230.00,PAID
CLM174,3496,2066,2023-01-11,48.00,PAID
CLM175,1318,2047,2023-01-11,41.00,PAID
CLM176,1278,2112,2023-01-11,377.00,PAID
CLM177,2032,2052,2023-01-11,100.00,PAID
CLM178,1090,2133,2023-01-11,318.00,PAID
CLM179,2305,2095,2023-01-11,124.00,PAID
CLM180,1126,2058,2023-01-11,140.00,PAID
CLM181,2328,2113,2023-01-11,197.00,PAID
CLM182,3101,2144,2023-01-11,245.00,PAID
CLM183,2983,2098,2023-01-11,206.00,PAID
CLM184,2116,2069,2023-01-11,131.00,PAID
CLM185,2284,2095,2023-01-11,110.00,DENIED
CLM186,1208,2004,2023-01-11,141.00,DENIED
CLM187,1005,2137,2023-01-12,1105.00,PAID
CLM188,1406,2109,2023-01-12,353.00,PAID
CLM189,2618,2079,2023-01-12,204.00,PAID
CLM190,1083,2118,2023-01-12,34.00,PAID
CLM191,1851,2049,2023-01-12,177.00,PAID
CLM192,3347,2043,2023-01-12,58.00,PAID
CLM193,3059,2148,2023-01-12,33.00,PAID
CLM194,2590,2138,2023-01-12,545.00,PAID
CLM195,2099,2092,2023-01-12,187.00,PAID
CLM196,1001,2149,2023-01-12,113.00,PAID
CLM197,3158,2072,2023-01-12,56.00,PAID
CLM198,1988,2100,2023-01-12,135.00,PAID
CLM199,2049,2088,2023-01-12,145.00,DENIED
CLM200,1986,2012,2023-01-12,30.00,PAID
CLM201,1445,2029,2023-01-12,147.00,PAID
CLM202,1070,2118,2023-01-12,97.00,PAID
CLM203,2294,2065,2023-01-12,99.00,PAID
CLM204,2309,2050,2023-01-12,108.00,PAID
CLM205,1816,2095,2023-01-12,355.00,PAID
CLM206,2939,2131,2023-01-12,2844.00,PAID
CLM207,3454,2001,2023-01-12,122.00,PAID
CLM208,1679,2029,2023-01-12,1277.00,DENIED
CLM209,2224,2120,2023-01-13,142.00,PAID
CLM210,2104,2084,2023-01-13,238.00,DENIED
CLM211,3123,2017,2023-01-13,381.00,PAID
CLM212,2120,2082,2023-01-13,184.00,PAID
CLM213,1550,2071,2023-01-13,141.00,PAID
CLM214,1640,2037,2023-01-13,91.00,PAID
CLM215,2632,2004,2023-01-13,148.00,PAID
CLM216,1015,2039,2023-01-13,247.00,PAID
CLM217,1550,2030,2023-01-13,47.00,PAID
CLM218,2132,2149,2023-01-13,162.00,DENIED
CLM219,3274,2113,2023-01-13,261.00,PAID
CLM220,2484,2044,2023-01-13,2185.00,DENIED
CLM221,1004,2149,2023-01-14,186.00,PAID
CLM222,1431,2106,2023-01-14,123.00,PAID
CLM223,2872,2031,2023-01-14,455.00,PAID
CLM224,1646,2109,2023-01-14,340.00,PAID
CLM225,2509,2033,2023-01-14,129.00,PAID
CLM226,2291,2031,2023-01-14,361.00,PAID
CLM227,1564,2039,2023-01-14,90.00,PAID
CLM228,2902,2112,2023-01-15,31.00,PAID
CLM229,2036,2133,2023-01-15,119.00,PAID
CLM230,3167,2015,2023-01-15,1506.00,DENIED
CLM231,2525,2030,2023-01-15,60.00,PAID
CLM232,1501,2137,2023-01-16,101.00,DENIED
CLM233,3055,2068,2023-01-16,123.00,PAID
CLM234,3048,2074,2023-01-16,143.00,DENIED
CLM235,2000,2053,2023-01-16,294.00,PAID
CLM236,1930,2069,2023-01-16,4309.00,DENIED
CLM237,1787,2057,2023-01-16,143.00,PAID
CLM238,2256,2011,2023-01-16,236.00,PAID
CLM239,1518,2024,2023-01-16,140.00,PAID
CLM240,1879,2017,2023-01-16,106.00,PAID
CLM241,2355,2061,2023-01-16,32.00,PAID
CLM242,2531,2024,2023-01-16,132.00,DENIED
CLM243,1026,2016,2023-01-16,50.00,PAID
CLM244,2456,2121,2023-01-16,135.00,PAID
CLM245,3172,2071,2023-01-16,53.00,PAID
CLM246,2701,2043,2023-01-16,223.00,PAID
CLM247,2826,2095,2023-01-16,113.00,PAID
CLM248,2182,2055,2023-01-16,356.00,PAID
CLM249,2117,2121,2023-01-16,128.00,PAID
CLM250,1267,2105,2023-01-16,5299.00,PAID
CLM251,2421,2071,2023-01-16,49.00,DENIED
CLM252,1191,2017,2023-01-16,46.00,PAID
CLM253,2953,2150,2023-01-16,210.00,PAID
CLM254,2963,2115,2023-01-16,157.00,DENIED
CLM255,2460,2024,2023-01-16,132.00,PAID
CLM256,2995,2043,2023-01-16,404.00,PAID
CLM257,1686,2018,2023-01-16,59.00,PAID
CLM258,2565,2078,2023-01-16,38.00,PAID
CLM259,2160,2147,2023-01-17,389.00,PAID
CLM260,3440,2018,2023-01-17,136.00,DENIED
CLM261,2955,2033,2023-01-17,227.00,DENIED
CLM262,1459,2102,2023-01-17,135.00,PAID
CLM263,2134,2020,2023-01-17,41.00,PAID
CLM264,2268,2069,2023-01-17,5265.00,PAID
CLM265,2258,2109,2023-01-17,69.00,DENIED
CLM266,2755,2075,2023-01-17,141.00,PAID
CLM267,1767,2121,2023-01-17,294.00,PAID
CLM268,3132,2145,2023-01-17,72.00,PAID
CLM269,2389,2004,2023-01-17,144.00,PAID
CLM270,2307,2145,2023-01-17,140.00,PAID
CLM271,1616,2041,2023-01-17,128.00,PAID
CLM272,3356,2014,2023-01-17,167.00,PAID
CLM273,2654,2022,2023-01-17,123.00,DENIED
CLM274,1697,2030,2023-01-17,59.00,PAID
CLM275,1425,2068,2023-01-17,471.00,PAID
CLM276,2901,2065,2023-01-17,291.00,PAID
CLM277,1067,2100,2023-01-17,1616.00,PAID
CLM278,1780,2017,2023-01-17,64.00,PAID
CLM279,3278,2103,2023-01-17,178.00,PAID
CLM280,1771,2041,2023-01-18,178.00,PAID
CLM281,1245,2071,2023-01-18,225.00,PAID
CLM282,2201,2060,2023-01-18,45.00,PAID
CLM283,1324,2006,2023-01-18,169.00,DENIED
CLM284,2329,2092,2023-01-18,82.00,PAID
CLM285,2402,2077,2023-01-18,132.00,PAID
CLM286,3221,2022,2023-01-18,99.00,PAID
CLM287,2529,2093,2023-01-18,80.00,PAID
CLM288,2704,2005,2023-01-18,46.00,PAID
CLM289,1903,2033,2023-01-18,161.00,DENIED
CLM290,2450,2088,2023-01-18,941.00,DENIED
CLM291,1357,2134,2023-01-18,146.00,PAID
CLM292,1424,2117,2023-01-18,120.00,PAID
CLM293,1369,2029,2023-01-18,1040.00,DENIED
CLM294,2607,2072,2023-01-18,106.00,PAID
CLM295,1444,2084,2023-01-18,113.00,PAID
CLM296,2565,2150,2023-01-18,50.00,PAID
CLM297,2921,2022,2023-01-18,96.00,PAID
CLM298,1692,2026,2023-01-18,231.00,PAID
CLM299,2683,2077,2023-01-18,213.00,PAID
CLM300,2885,2117,2023-01-18,39.00,PAID
CLM301,3007,2059,2023-01-18,167.00,DENIED
CLM302,2848,2116,2023-01-18,127.00,PAID
CLM303,2060,2084,2023-01-18,133.00,PAID
CLM304,1385,2137,2023-01-18,659.00,DENIED
CLM305,1913,2008,2023-01-19,201.00,DENIED
CLM306,3260,2088,2023-01-19,1477.00,PAID
CLM307,2434,2040,2023-01-19,56.00,PAID
CLM308,1784,2026,2023-01-19,450.00,PAID
CLM309,1173,2147,2023-01-19,170.00,PAID
CLM310,1558,2068,2023-01-19,602.00,DENIED
CLM311,1541,2059,2023-01-19,280.00,PAID
CLM312,1812,2077,2023-01-19,58.00,PAID
CLM313,1086,2125,2023-01-19,39.00,PAID
CLM314,2598,2075,2023-01-19,351.00,PAID
CLM315,2455,2033,2023-01-19,235.00,PAID
CLM316,2552,2014,2023-01-19,368.00,PAID
CLM317,2680,2057,2023-01-19,33.00,PAID
CLM318,2663,2032,2023-01-19,273.00,PAID
CLM319,2399,2069,2023-01-19,144.00,DENIED
CLM320,3383,2126,2023-01-19,433.00,PAID
CLM321,1764,2018,2023-01-20,56.00,PAID
CLM322,1460,2088,2023-01-20,173.00,PAID
CLM323,3132,2059,2023-01-20,211.00,PAID
CLM324,2554,2018,2023-01-20,236.00,PAID
CLM325,3286,2015,2023-01-20,130.00,PAID
CLM326,1005,2037,2023-01-20,337.00,PAID
CLM327,3140,2124,2023-01-20,131.00,PAID
CLM328,1044,2117,2023-01-20,130.00,PAID
CLM329,1949,2034,2023-01-20,32.00,PAID
CLM330,2678,2056,2023-01-20,438.00,PAID
CLM331,1120,2085,2023-01-20,107.00,PAID
CLM332,1853,2107,2023-01-20,39.00,PAID
CLM333,3432,2065,2023-01-20,46.00,PAID
CLM334,2603,2066,2023-01-21,72.00,PAID
CLM335,2652,2011,2023-01-22,64.00,PAID
CLM336,2000,2142,2023-01-22,84.00,PAID
CLM337,1772,2026,2023-01-22,45.00,PAID
CLM338,3359,2025,2023-01-22,34.00,PAID
CLM339,2049,2004,2023-01-23,5259.00,PAID
CLM340,1645,2069,2023-01-23,140.00,PAID
CLM341,1350,2075,2023-01-23,144.00,DENIED
CLM342,1103,2108,2023-01-23,77.00,PAID
CLM343,1215,2106,2023-01-23,236.00,PAID
CLM344,2592,2121,2023-01-23,278.00,PAID
CLM345,3015,2107,2023-01-23,167.00,DENIED
CLM346,2508,2143,2023-01-23,431.00,PAID
CLM347,1729,2012,2023-01-23,187.00,DENIED
CLM348,3035,2082,2023-01-23,74.00,PAID
CLM349,3171,2045,2023-01-23,134.00,PAID
CLM350,2176,2068,2023-01-23,982.00,PAID
CLM351,1664,2117,2023-01-23,40.00,PAID
CLM352,1599,2117,2023-01-23,113.00,DENIED
CLM353,1542,2068,2023-01-23,877.00,PAID
CLM354,1226,2117,2023-01-23,139.00,PAID
CLM355,1459,2131,2023-01-23,374.00,DENIED
CLM356,2451,2085,2023-01-23,780.00,PAID
CLM357,2193,2143,2023-01-24,312.00,PAID
CLM358,1472,2114,2023-01-24,39.00,PAID
CLM359,2683,2044,2023-01-24,120.00,PAID
CLM360,1646,2077,2023-01-24,169.00,PAID
CLM361,2908,2113,2023-01-24,321.00,PAID
CLM362,1381,2085,2023-01-24,619.00,PAID
CLM363,1884,2143,2023-01-24,379.00,PAID
CLM364,1681,2045,2023-01-24,1702.00,PAID
CLM365,2732,2115,2023-01-24,281.00,PAID
CLM366,3003,2121,2023-01-24,4073.00,PAID
CLM367,2521,2112,2023-01-24,204.00,PAID
CLM368,2067,2057,2023-01-24,492.00,PAID
CLM369,1288,2068,2023-01-24,676.00,PAID
CLM370,1959,2060,2023-01-24,43.00,PAID
CLM371,3203,2078,2023-01-24,37.00,PAID
CLM372,2129,2073,2023-01-24,177.00,PAID
CLM373,1758,2088,2023-01-24,152.00,DENIED
CLM374,2003,2027,2023-01-24,325.00,DENIED
CLM375,1556,2064,2023-01-24,164.00,DENIED
CLM376,3395,2018,2023-01-24,33.00,PAID
CLM377,2114,2006,2023-01-24,117.00,PAID
CLM378,1665,2011,2023-01-24,72.00,PAID
CLM379,1185,2024,2023-01-24,1152.00,PAID
CLM380,1335,2020,2023-01-25,232.00,PAID
CLM381,1577,2004,2023-01-25,123.00,PAID
CLM382,2498,2128,2023-01-25,181.00,PAID
CLM383,1247,2126,2023-01-25,286.00,PAID
CLM384,1452,2140,2023-01-25,113.00,PENDING
CLM385,2892,2049,2023-01-25,455.00,PAID
CLM386,2456,2078,2023-01-25,44.00,PAID
CLM387,1773,2068,2023-01-25,1547.00,PAID
CLM388,2621,2049,2023-01-25,115.00,PAID
CLM389,3055,2011,2023-01-25,74.00,PAID
CLM390,1010,2011,2023-01-25,134.00,PAID
CLM391,3379,2058,2023-01-25,298.00,PAID
CLM392,2100,2042,2023-01-25,135.00,DENIED
CLM393,3177,2064,2023-01-25,135.00,DENIED
CLM394,2627,2071,2023-01-25,113.00,PAID
CLM395,1003,2085,2023-01-25,139.00,PAID
CLM396,1596,2059,2023-01-25,129.00,PAID
CLM397,2130,2137,2023-01-25,740.00,PAID
CLM398,2817,2059,2023-01-25,125.00,PAID
CLM399,3358,2079,2023-01-25,175.00,PAID
CLM400,2564,2030,2023-01-25,50.00,PAID
CLM401,1294,2067,2023-01-25,4525.00,PAID
CLM402,1654,2013,2023-01-25,1608.00,PAID
CLM403,1700,2095,2023-01-26,52.00,PAID
CLM404,1240,2087,2023-01-26,5223.00,PAID
CLM405,2876,2045,2023-01-26,528.00,PAID
CLM406,1189,2027,2023-01-26,121.00,DENIED
CLM407,2564,2065,2023-01-26,119.00,PAID
CLM408,3162,2085,2023-01-26,658.00,DENIED
CLM409,2178,2066,2023-01-26,49.00,PAID
CLM410,1113,2118,2023-01-26,64.00,DENIED
CLM411,1879,2067,2023-01-26,134.00,DENIED
CLM412,2130,2085,2023-01-26,276.00,PAID
CLM413,3001,2050,2023-01-26,52.00,PAID
CLM414,2695,2083,2023-01-26,314.00,PAID
CLM415,3127,2110,2023-01-26,127.00,PAID
CLM416,2444,2098,2023-01-26,185.00,PAID
CLM417,1266,2071,2023-01-26,146.00,PAID
CLM418,1168,2087,2023-01-26,170.00,PAID
CLM419,3284,2053,2023-01-26,255.00,PAID
CLM420,1886,2099,2023-01-26,276.00,PAID
CLM421,1737,2022,2023-01-26,54.00,PAID
CLM422,1555,2074,2023-01-26,150.00,PAID
CLM423,2395,2058,2023-01-26,171.00,PAID
CLM424,3403,2068,2023-01-26,169.00,PAID
CLM425,2875,2027,2023-01-26,274.00,PAID
CLM426,2021,2071,2023-01-26,55.00,DENIED
CLM427,2479,2139,2023-01-26,334.00,DENIED
CLM428,2753,2085,2023-01-27,1379.00,PAID
CLM429,1417,2081,2023-01-27,200.00,PAID
CLM430,2683,2073,2023-01-27,45.00,PAID
CLM431,3012,2125,2023-01-27,46.00,PAID
CLM432,2895,2132,2023-01-27,246.00,DENIED
CLM433,3254,2024,2023-01-27,987.00,DENIED
CLM434,1215,2114,2023-01-27,302.00,PAID
CLM435,3290,2020,2023-01-27,1328.00,PAID
CLM436,3226,2026,2023-01-27,383.00,PAID
CLM437,2122,2058,2023-01-27,124.00,PAID
CLM438,3185,2137,2023-01-27,630.00,PAID
CLM439,2381,2100,2023-01-27,1931.00,PAID
CLM440,2432,2092,2023-01-27,49.00,PAID
CLM441,1216,2138,2023-01-27,622.00,PAID
CLM442,1210,2065,2023-01-27,49.00,DENIED
CLM443,2021,2025,2023-01-27,248.00,PAID
CLM444,1679,2085,2023-01-27,480.00,PAID
CLM445,1377,2085,2023-01-27,1179.00,PAID
CLM446,1613,2074,2023-01-27,119.00,PAID
CLM447,2908,2072,2023-01-28,58.00,DENIED
CLM448,2681,2004,2023-01-28,131.00,PAID
CLM449,2208,2066,2023-01-28,224.00,PAID
CLM450,1790,2011,2023-01-28,30.00,PAID
CLM451,2070,2025,2023-01-28,32.00,PAID
CLM452,2671,2046,2023-01-28,62.00,PAID
CLM453,2947,2067,2023-01-28,219.00,PAID
CLM454,2722,2096,2023-01-28,138.00,PAID
CLM455,1218,2068,2023-01-28,120.00,PAID
CLM456,2650,2032,2023-01-28,256.00,PAID
CLM457,2060,2026,2023-01-28,218.00,PAID
CLM458,1724,2013,2023-01-29,2158.00,DENIED
CLM459,3044,2017,2023-01-29,39.00,PAID
CLM460,1302,2100,2023-01-29,484.00,DENIED
CLM461,1156,2002,2023-01-29,338.00,DENIED
CLM462,2621,2085,2023-01-29,265.00,PAID
CLM463,3123,2102,2023-01-29,136.00,PAID
CLM464,1871,2137,2023-01-29,111.00,PAID
CLM465,2827,2044,2023-01-30,163.00,DENIED
CLM466,1376,2114,2023-01-30,370.00,PAID
CLM467,2129,2114,2023-01-30,328.00,PAID
CLM468,1653,2061,2023-01-30,113.00,PAID
CLM469,2882,2115,2023-01-30,260.00,PAID
CLM470,1654,2024,2023-01-30,155.00,PAID
CLM471,2865,2071,2023-01-30,49.00,PAID
CLM472,2654,2004,2023-01-30,132.00,DENIED
CLM473,3098,2057,2023-01-30,113.00,DENIED
CLM474,2389,2024,2023-01-30,152.00,PAID
CLM475,1026,2074,2023-01-30,448.00,DENIED
CLM476,2032,2097,2023-01-30,183.00,PAID
CLM477,1129,2012,2023-01-30,174.00,PAID
CLM478,2945,2064,2023-01-30,32.00,PAID
CLM479,2594,2093,2023-01-30,142.00,PAID
CLM480,2705,2060,2023-01-30,2479.00,PAID
CLM481,3133,2124,2023-01-30,112.00,PAID
CLM482,2211,2142,2023-01-30,61.00,PAID
CLM483,1617,2069,2023-01-30,1375.00,DENIED
CLM484,2268,2072,2023-01-30,150.00,PAID
CLM485,2672,2045,2023-01-31,506.00,PAID
CLM486,2884,2052,2023-01-31,30.00,PAID
CLM487,2279,2137,2023-01-31,449.00,PAID
CLM488,1439,2071,2023-01-31,162.00,DENIED
CLM489,1734,2085,2023-01-31,145.00,DENIED
CLM490,1337,2144,2023-01-31,264.00,PAID
CLM491,1038,2046,2023-01-31,372.00,DENIED
CLM492,3073,2068,2023-01-31,1589.00,PAID
CLM493,3435,2043,2023-01-31,322.00,PAID
CLM494,1780,2004,2023-01-31,4813.00,PAID
CLM495,3089,2109,2023-01-31,69.00,PAID
CLM496,2055,2082,2023-01-31,35.00,PAID
CLM497,2931,2035,2023-01-31,40.00,PAID
CLM498,1732,2059,2023-01-31,494.00,PAID
CLM499,2146,2116,2023-01-31,50.00,PAID
CLM500,1733,2098,2023-01-31,192.00,PAID
CLM501,2897,2037,2023-01-31,1450.00,DENIED
CLM502,2920,2024,2023-01-31,175.00,DENIED
CLM503,1646,2074,2023-01-31,435.00,PAID
CLM504,1095,2029,2023-01-31,1013.00,DENIED
CLM505,1427,2060,2023-01-31,49.00,PAID
CLM506,1198,2121,2023-02-01,120.00,PAID
CLM507,1558,2057,2023-02-01,136.00,PAID
CLM508,1083,2045,2023-02-01,5753.00,PAID
CLM509,3042,2128,2023-02-01,195.00,PAID
CLM510,1573,2134,2023-02-01,117.00,PAID
CLM511,2024,2126,2023-02-01,155.00,PAID
CLM512,2791,2040,2023-02-01,93.00,DENIED
CLM513,2294,2111,2023-02-01,467.00,PAID
CLM514,2154,2105,2023-02-01,156.00,PAID
CLM515,1760,2126,2023-02-01,570.00,DENIED
CLM516,1807,2044,2023-02-01,122.00,DENIED
CLM517,1521,2071,2023-02-01,94.00,PAID
CLM518,1884,2126,2023-02-01,303.00,PAID
CLM519,1894,2081,2023-02-01,300.00,PAID
CLM520,2312,2092,2023-02-01,30.00,PAID
CLM521,1126,2097,2023-02-01,46.00,PAID
CLM522,2728,2136,2023-02-01,269.00,PAID
CLM523,3016,2027,2023-02-01,315.00,PAID
CLM524,2688,2088,2023-02-01,2409.00,PAID
CLM525,1380,2076,2023-02-01,29.00,PAID
CLM526,3101,2060,2023-02-01,1393.00,DENIED
CLM527,1053,2037,2023-02-01,1361.00,PAID
CLM528,1726,2018,2023-02-02,41.00,PAID
CLM529,3048,2045,2023-02-02,124.00,PAID
CLM530,2103,2149,2023-02-02,167.00,DENIED
CLM531,2637,2085,2023-02-02,154.00,PAID
CLM532,1907,2142,2023-02-02,42.00,PAID
CLM533,1368,2011,2023-02-02,205.00,PAID
CLM534,1711,2109,2023-02-02,451.00,PAID
CLM535,2071,2005,2023-02-02,430.00,PAID
CLM536,1555,2016,2023-02-02,158.00,PAID
CLM537,1864,2140,2023-02-02,140.00,DENIED
CLM538,1338,2051,2023-02-02,162.00,DENIED
CLM539,2007,2114,2023-02-02,42.00,PAID
CLM540,3217,2110,2023-02-02,334.00,PAID
CLM541,2960,2071,2023-02-02,124.00,PAID
CLM542,3140,2047,2023-02-02,416.00,PAID
CLM543,2460,2095,2023-02-03,100.00,PAID
CLM544,1416,2092,2023-02-03,179.00,PAID
CLM545,1376,2034,2023-02-03,153.00,PAID
CLM546,3269,2097,2023-02-03,345.00,PAID
CLM547,2240,2023,2023-02-03,40.00,PAID
CLM548,1806,2117,2023-02-03,40.00,PAID
CLM549,1382,2137,2023-02-03,1322.00,PAID
CLM550,3275,2091,2023-02-03,130.00,PAID
CLM551,1186,2106,2023-02-03,211.00,PAID
CLM552,2914,2115,2023-02-03,249.00,PAID
CLM553,1474,2145,2023-02-03,57.00,PAID
CLM554,1988,2069,2023-02-03,941.00,PAID
CLM555,1495,2126,2023-02-03,138.00,DENIED
CLM556,2947,2149,2023-02-03,368.00,PAID
CLM557,2230,2143,2023-02-03,131.00,PAID
CLM558,1533,2105,2023-02-03,1191.00,PAID
CLM559,1835,2052,2023-02-03,136.00,PAID
CLM560,3359,2021,2023-02-03,93.00,PAID
CLM561,1458,2060,2023-02-03,43.00,PAID
CLM562,2730,2140,2023-02-03,1709.00,PAID
CLM563,2268,2012,2023-02-03,125.00,PAID
CLM564,2894,2075,2023-02-03,176.00,PAID
CLM565,1797,2074,2023-02-03,386.00,DENIED
CLM566,1813,2070,2023-02-03,236.00,PAID
CLM567,2848,2068,2023-02-03,685.00,DENIED
CLM568,2292,2072,2023-02-03,33.00,PAID
CLM569,1308,2048,2023-02-03,509.00,DENIED
CLM570,1009,2037,2023-02-04,189.00,PAID
CLM571,3048,2030,2023-02-04,126.00,PAID
CLM572,3109,2087,2023-02-04,838.00,PAID
CLM573,2002,2114,2023-02-04,70.00,DENIED
CLM574,1531,2004,2023-02-04,168.00,PAID
CLM575,2637,2117,2023-02-04,117.00,PAID
CLM576,1785,2071,2023-02-05,1497.00,PAID
CLM577,3494,2069,2023-02-05,167.00,PAID
CLM578,2538,2103,2023-02-05,198.00,PAID
CLM579,2649,2038,2023-02-06,103.00,PAID
CLM580,1415,2110,2023-02-06,27.00,PAID
CLM581,1430,2110,2023-02-06,109.00,DENIED
CLM582,1963,2075,2023-02-06,86.00,PAID
CLM583,2224,2043,2023-02-06,102.00,PAID
CLM584,1613,2130,2023-02-06,41.00,PAID
CLM585,1748,2129,2023-02-06,151.00,PAID
CLM586,1526,2069,2023-02-06,1103.00,PAID
CLM587,2011,2003,2023-02-06,128.00,PAID
CLM588,1038,2137,2023-02-06,633.00,PAID
CLM589,1190,2109,2023-02-06,523.00,PAID
CLM590,3458,2096,2023-02-06,71.00,PAID
CLM591,1079,2070,2023-02-06,52.00,PAID
CLM592,2953,2017,2023-02-06,269.00,PAID
CLM593,3169,2059,2023-02-06,189.00,PAID
CLM594,1358,2068,2023-02-07,1326.00,PAID
CLM595,3168,2131,2023-02-07,397.00,PAID
CLM596,1101,2044,2023-02-07,5183.00,PAID
CLM597,2390,2085,2023-02-07,1167.00,PAID
CLM598,1415,2068,2023-02-07,116.00,PAID
CLM599,3035,2010,2023-02-07,35.00,PAID
CLM600,2848,2085,2023-02-07,138.00,PAID
CLM601,1007,2121,2023-02-07,137.00,PAID
CLM602,3089,2022,2023-02-07,81.00,PAID
CLM603,1802,2020,2023-02-07,51.00,PAID
CLM604,2521,2140,2023-02-07,141.00,PAID
CLM605,1912,2100,2023-02-07,112.00,PAID
CLM606,3091,2101,2023-02-07,291.00,PAID
CLM607,1943,2144,2023-02-07,134.00,PAID
CLM608,1957,2093,2023-02-07,471.00,PAID
CLM609,1622,2078,2023-02-07,72.00,PAID
CLM610,2382,2121,2023-02-07,1026.00,PAID
CLM611,3373,2077,2023-02-07,32.00,PAID
CLM612,1268,2069,2023-02-07,144.00,DENIED
CLM613,2273,2026,2023-02-07,42.00,PAID
CLM614,1011,2133,2023-02-07,34.00,PAID
CLM615,1556,2135,2023-02-08,376.00,PAID
CLM616,2891,2077,2023-02-08,42.00,PAID
CLM617,2997,2143,2023-02-08,132.00,PAID
CLM618,2902,2076,2023-02-08,256.00,PAID
CLM619,2313,2020,2023-02-08,235.00,PAID
CLM620,1033,2057,2023-02-08,132.00,PAID
CLM621,2039,2142,2023-02-08,77.00,DENIED
CLM622,3059,2113,2023-02-08,127.00,PAID
CLM623,1856,2068,2023-02-08,2402.00,PAID
CLM624,1224,2024,2023-02-08,982.00,PAID
CLM625,3207,2026,2023-02-08,255.00,PAID
CLM626,3139,2026,2023-02-08,270.00,PAID
CLM627,2896,2059,2023-02-08,476.00,DENIED
CLM628,2758,2078,2023-02-08,98.00,PAID
CLM629,2324,2062,2023-02-08,127.00,DENIED
CLM630,2615,2098,2023-02-09,134.00,PAID
CLM631,3486,2076,2023-02-09,40.00,PAID
CLM632,2704,2004,2023-02-09,1492.00,PAID
CLM633,2894,2027,2023-02-09,427.00,DENIED
CLM634,1678,2088,2023-02-09,4676.00,DENIED
CLM635,2800,2145,2023-02-09,174.00,PAID
CLM636,2822,2077,2023-02-09,89.00,PAID
CLM637,2402,2030,2023-02-09,118.00,PAID
CLM638,1299,2064,2023-02-09,234.00,PAID
CLM639,2194,2004,2023-02-09,1135.00,PAID
CLM640,1288,2139,2023-02-09,42.00,PAID
CLM641,1994,2007,2023-02-09,226.00,PAID
CLM642,3484,2041,2023-02-09,201.00,PAID
CLM643,1568,2039,2023-02-09,239.00,PAID
CLM644,1366,2087,2023-02-09,299.00,PAID
CLM645,2322,2072,2023-02-09,172.00,PAID
CLM646,3016,2013,2023-02-09,1856.00,PAID
CLM647,1943,2015,2023-02-10,1872.00,PAID
CLM648,1135,2071,2023-02-10,166.00,DENIED
CLM649,2437,2034,2023-02-10,28.00,PAID
CLM650,1769,2133,2023-02-10,46.00,PAID
CLM651,2018,2102,2023-02-10,174.00,PAID
CLM652,1507,2037,2023-02-10,147.00,DENIED
CLM653,1135,2065,2023-02-10,46.00,DENIED
CLM654,1666,2034,2023-02-10,206.00,PAID
CLM655,1262,2120,2023-02-10,237.00,PAID
CLM656,2184,2013,2023-02-10,244.00,DENIED
CLM657,3024,2038,2023-02-10,147.00,PAID
CLM658,1043,2069,2023-02-10,1078.00,DENIED
CLM659,2292,2137,2023-02-10,161.00,DENIED
CLM660,1433,2015,2023-02-10,112.00,PAID
CLM661,2544,2140,2023-02-10,5140.00,PAID
CLM662,3203,2102,2023-02-10,139.00,PAID
CLM663,1079,2071,2023-02-10,103.00,PAID
CLM664,1773,2032,2023-02-10,121.00,PAID
CLM665,3383,2114,2023-02-10,31.00,PAID
CLM666,1003,2071,2023-02-10,52.00,PAID
CLM667,1653,2018,2023-02-10,39.00,PAID
CLM668,2367,2077,2023-02-10,41.00,PAID
CLM669,2475,2121,2023-02-10,134.00,DENIED
CLM670,2795,2118,2023-02-10,95.00,PAID
CLM671,2468,2135,2023-02-10,598.00,PAID
CLM672,2269,2146,2023-02-10,70.00,PAID
CLM673,2078,2083,2023-02-10,457.00,PAID
CLM674,2333,2149,2023-02-11,29.00,PAID
CLM675,2715,2093,2023-02-11,228.00,PAID
CLM676,1188,2146,2023-02-11,137.00,PAID
CLM677,3218,2130,2023-02-12,367.00,PAID
CLM678,3094,2091,2023-02-12,26.00,DENIED
CLM679,1435,2142,2023-02-12,31.00,PAID
CLM680,1907,2137,2023-02-12,1204.00,PAID
CLM681,2590,2114,2023-02-13,184.00,PAID
CLM682,1612,2114,2023-02-13,585.00,PAID
CLM683,2579,2068,2023-02-13,1402.00,PAID
CLM684,2550,2078,2023-02-13,77.00,PENDING
CLM685,3286,2095,2023-02-13,57.00,PAID
CLM686,2492,2068,2023-02-13,586.00,PAID
CLM687,2363,2106,2023-02-13,91.00,PAID
CLM688,3044,2144,2023-02-13,177.00,PAID
CLM689,2682,2107,2023-02-13,280.00,PAID
CLM690,1868,2069,2023-02-13,288.00,PAID
CLM691,1066,2070,2023-02-13,312.00,PAID
CLM692,1174,2058,2023-02-13,187.00,PAID
CLM693,1417,2026,2023-02-13,72.00,PAID
CLM694,3119,2095,2023-02-13,146.00,PAID
CLM695,1167,2074,2023-02-13,140.00,PAID
CLM696,1330,2037,2023-02-13,121.00,PAID
CLM697,2998,2088,2023-02-13,135.00,PAID
CLM698,1668,2068,2023-02-13,274.00,PAID
CLM699,2195,2004,2023-02-13,143.00,PAID
CLM700,2016,2034,2023-02-13,53.00,DENIED
CLM701,2228,2098,2023-02-14,172.00,PAID
CLM702,2089,2121,2023-02-14,887.00,PAID
CLM703,1238,2131,2023-02-14,389.00,PAID
CLM704,3215,2121,2023-02-14,1201.00,PAID
CLM705,2337,2131,2023-02-14,242.00,PAID
CLM706,3203,2015,2023-02-14,285.00,PAID
CLM707,3435,2085,2023-02-14,784.00,PAID
CLM708,1806,2148,2023-02-14,41.00,PAID
CLM709,2061,2123,2023-02-14,166.00,PAID
CLM710,2198,2114,2023-02-14,270.00,PAID
CLM711,2794,2055,2023-02-14,414.00,DENIED
CLM712,1787,2112,2023-02-14,128.00,PAID
CLM713,1194,2147,2023-02-14,240.00,PAID
CLM714,3047,2054,2023-02-14,204.00,PAID
CLM715,1336,2081,2023-02-14,311.00,PAID
CLM716,1182,2105,2023-02-14,1228.00,PAID
CLM717,1320,2062,2023-02-14,38.00,PAID
CLM718,1374,2075,2023-02-14,223.00,DENIED
CLM719,1412,2055,2023-02-15,331.00,PAID
CLM720,2647,2053,2023-02-15,127.00,PAID
CLM721,2177,2104,2023-02-15,517.00,PAID
CLM722,3254,2033,2023-02-15,30.00,PAID
CLM723,3137,2029,2023-02-15,1124.00,PAID
CLM724,3445,2022,2023-02-15,27.00,PAID
CLM725,2240,2070,2023-02-15,84.00,PAID
CLM726,1887,2112,2023-02-15,27.00,PAID
CLM727,1802,2055,2023-02-15,110.00,DENIED
CLM728,1092,2077,2023-02-15,52.00,PAID
CLM729,2049,2026,2023-02-15,29.00,PAID
CLM730,2612,2095,2023-02-15,194.00,PAID
CLM731,2546,2010,2023-02-15,125.00,PAID
CLM732,2524,2079,2023-02-16,198.00,PAID
CLM733,2851,2034,2023-02-16,143.00,PAID
CLM734,2833,2103,2023-02-16,225.00,PAID
CLM735,2096,2135,2023-02-16,133.00,PAID
CLM736,1568,2046,2023-02-16,209.00,PAID
CLM737,1522,2018,2023-02-16,28.00,PAID
CLM738,1878,2121,2023-02-16,4244.00,PAID
CLM739,3098,2069,2023-02-16,123.00,DENIED
CLM740,1662,2008,2023-02-16,211.00,PAID
CLM741,1739,2068,2023-02-16,1045.00,PAID
CLM742,1226,2049,2023-02-16,314.00,PAID
CLM743,3178,2025,2023-02-16,299.00,DENIED
CLM744,2741,2042,2023-02-16,70.00,PAID
CLM745,2190,2029,2023-02-16,132.00,PAID
CLM746,1713,2136,2023-02-16,151.00,PAID
CLM747,2490,2079,2023-02-16,41.00,PAID
CLM748,2455,2131,2023-02-17,245.00,PAID
CLM749,1109,2015,2023-02-17,228.00,DENIED
CLM750,2644,2018,2023-02-17,255.00,PENDING
CLM751,1623,2060,2023-02-17,1436.00,PAID
CLM752,1920,2122,2023-02-17,171.00,PAID
CLM753,1294,2087,2023-02-17,138.00,PAID
CLM754,2735,2116,2023-02-17,60.00,PAID
CLM755,1177,2091,2023-02-17,31.00,PAID
CLM756,3161,2133,2023-02-17,44.00,PAID
CLM757,2381,2126,2023-02-17,447.00,PAID
CLM758,2123,2063,2023-02-17,129.00,PAID
CLM759,2828,2111,2023-02-17,91.00,PAID
CLM760,3177,2132,2023-02-17,656.00,DENIED
CLM761,2482,2077,2023-02-17,190.00,PAID
CLM762,1069,2087,2023-02-17,1000.00,PAID
CLM763,1040,2104,2023-02-17,289.00,DENIED
CLM764,1174,2147,2023-02-17,132.00,DENIED
CLM765,2544,2131,2023-02-17,619.00,PAID
CLM766,1757,2066,2023-02-17,121.00,DENIED
CLM767,1610,2129,2023-02-17,118.00,PAID
CLM768,2146,2105,2023-02-17,943.00,PAID
CLM769,2722,2011,2023-02-17,30.00,PAID
CLM770,2026,2083,2023-02-17,318.00,PAID
CLM771,2015,2045,2023-02-17,127.00,PAID
CLM772,3080,2133,2023-02-17,161.00,PAID
CLM773,3158,2059,2023-02-17,447.00,PAID
CLM774,3140,2087,2023-02-18,130.00,PAID
CLM775,3289,2125,2023-02-18,32.00,PAID
CLM776,3359,2091,2023-02-18,183.00,PAID
CLM777,3401,2053,2023-02-18,47.00,PAID
CLM778,1317,2029,2023-02-18,1224.00,PAID
CLM779,2160,2100,2023-02-18,405.00,PAID
CLM780,1622,2041,2023-02-18,170.00,PAID
CLM781,1367,2077,2023-02-18,59.00,PAID
CLM782,1335,2017,2023-02-18,340.00,PAID
CLM783,1075,2031,2023-02-18,140.00,PAID
CLM784,1122,2103,2023-02-18,44.00,PAID
CLM785,1762,2021,2023-02-19,456.00,PAID
CLM786,1660,2105,2023-02-19,297.00,PAID
CLM787,2090,2135,2023-02-19,362.00,DENIED
CLM788,1930,2005,2023-02-19,43.00,PAID
CLM789,3455,2137,2023-02-20,158.00,DENIED
CLM790,2724,2017,2023-02-20,34.00,PAID
CLM791,2544,2088,2023-02-20,121.00,PAID
CLM792,1964,2028,2023-02-20,242.00,DENIED
CLM793,2339,2147,2023-02-20,305.00,PAID
CLM794,1247,2143,2023-02-20,155.00,DENIED
CLM795,2274,2092,2023-02-20,73.00,PAID
CLM796,1142,2097,2023-02-20,81.00,PAID
CLM797,1057,2145,2023-02-20,353.00,PAID
CLM798,3025,2137,2023-02-20,107.00,PAID
CLM799,2090,2075,2023-02-20,208.00,PAID
CLM800,1057,2018,2023-02-20,66.00,PAID
CLM801,1346,2023,2023-02-20,27.00,DENIED
CLM802,2206,2137,2023-02-20,164.00,PAID
CLM803,3009,2054,2023-02-20,421.00,PAID
CLM804,1243,2074,2023-02-21,321.00,PAID
CLM805,3403,2091,2023-02-21,70.00,PAID
CLM806,3160,2104,2023-02-21,365.00,DENIED
CLM807,1505,2149,2023-02-21,376.00,PAID
CLM808,3430,2121,2023-02-21,140.00,PAID
CLM809,3336,2103,2023-02-21,65.00,PAID
CLM810,3174,2061,2023-02-21,271.00,PAID
CLM811,2762,2114,2023-02-21,62.00,PAID
CLM812,2022,2103,2023-02-21,33.00,PAID
CLM813,2554,2150,2023-02-21,53.00,PAID
CLM814,2921,2138,2023-02-21,71.00,PAID
CLM815,2487,2142,2023-02-21,302.00,DENIED
CLM816,3254,2064,2023-02-21,65.00,PAID
CLM817,1078,2126,2023-02-21,583.00,PAID
CLM818,2284,2102,2023-02-21,165.00,PAID
CLM819,1835,2047,2023-02-21,156.00,PAID
CLM820,1233,2092,2023-02-21,114.00,PAID
CLM821,2577,2102,2023-02-21,271.00,PAID
CLM822,1415,2044,2023-02-21,136.00,PAID
CLM823,2870,2026,2023-02-21,295.00,PAID
CLM824,3430,2145,2023-02-21,34.00,PAID
CLM825,1103,2054,2023-02-21,143.00,PAID
CLM826,2578,2041,2023-02-21,412.00,PAID
CLM827,1607,2137,2023-02-21,152.00,PAID
CLM828,2529,2025,2023-02-22,194.00,PAID
CLM829,2825,2087,2023-02-22,2187.00,PAID
CLM830,1126,2082,2023-02-22,120.00,PAID
CLM831,3200,2052,2023-02-22,401.00,PAID
CLM832,2947,2072,2023-02-22,132.00,PAID
CLM833,1429,2062,2023-02-22,164.00,PAID
CLM834,2021,2030,2023-02-22,32.00,PAID
CLM835,3019,2068,2023-02-22,101.00,PAID
CLM836,3073,2105,2023-02-22,1137.00,PAID
CLM837,3101,2014,2023-02-22,196.00,PAID
CLM838,2294,2070,2023-02-22,56.00,PAID
CLM839,1976,2029,2023-02-22,1270.00,DENIED
CLM840,2839,2074,2023-02-22,412.00,PAID
CLM841,2343,2121,2023-02-22,1064.00,DENIED
CLM842,2917,2091,2023-02-22,61.00,PAID
CLM843,1089,2102,2023-02-22,144.00,PAID
CLM844,3079,2058,2023-02-22,505.00,DENIED
CLM845,2799,2121,2023-02-23,5359.00,DENIED
CLM846,1346,2037,2023-02-23,96.00,PAID
CLM847,1691,2137,2023-02-23,1422.00,PAID
CLM848,1488,2126,2023-02-23,200.00,DENIED
CLM849,1358,2115,2023-02-23,442.00,DENIED
CLM850,2915,2013,2023-02-23,402.00,DENIED
CLM851,2225,2065,2023-02-23,56.00,PAID
CLM852,2955,2005,2023-02-23,44.00,PAID
CLM853,1337,2104,2023-02-23,1573.00,PAID
CLM854,1262,2052,2023-02-23,63.00,PAID
CLM855,3323,2021,2023-02-23,118.00,PAID
CLM856,3143,2114,2023-02-23,157.00,PAID
CLM857,2240,2111,2023-02-23,165.00,PAID
CLM858,3028,2056,2023-02-23,69.00,DENIED
CLM859,1715,2118,2023-02-23,148.00,PAID
CLM860,2612,2050,2023-02-23,79.00,PAID
CLM861,1526,2133,2023-02-23,98.00,PAID
CLM862,1975,2141,2023-02-23,95.00,PAID
CLM863,1517,2083,2023-02-23,153.00,PAID
CLM864,1247,2126,2023-02-23,167.00,DENIED
CLM865,2301,2060,2023-02-23,251.00,DENIED
CLM866,1382,2089,2023-02-23,458.00,PAID
CLM867,3275,2018,2023-02-24,32.00,PAID
CLM868,3332,2052,2023-02-24,180.00,PAID
CLM869,3206,2106,2023-02-24,338.00,PAID
CLM870,2577,2126,2023-02-24,426.00,PAID
CLM871,2089,2018,2023-02-24,64.00,PAID
CLM872,3266,2030,2023-02-24,206.00,PAID
CLM873,1337,2122,2023-02-24,212.00,PAID
CLM874,1345,2078,2023-02-24,97.00,PAID
CLM875,3287,2066,2023-02-24,295.00,PAID
CLM876,2640,2103,2023-02-24,28.00,PAID
CLM877,3096,2040,2023-02-24,112.00,DENIED
CLM878,1245,2064,2023-02-24,31.00,PAID
CLM879,2218,2016,2023-02-24,103.00,PAID
CLM880,1640,2057,2023-02-24,34.00,PAID
CLM881,3125,2021,2023-02-24,83.00,PAID
CLM882,3410,2124,2023-02-24,98.00,PAID
CLM883,2760,2149,2023-02-24,72.00,DENIED
CLM884,2409,2116,2023-02-24,104.00,DENIED
CLM885,1975,2117,2023-02-24,83.00,PAID
CLM886,1070,2043,2023-02-24,240.00,PAID
CLM887,2570,2143,2023-02-24,161.00,PAID
CLM888,3291,2037,2023-02-24,133.00,PAID
CLM889,2640,2044,2023-02-25,161.00,PAID
CLM890,3080,2124,2023-02-25,41.00,PAID
CLM891,1950,2120,2023-02-25,92.00,PAID
CLM892,2166,2017,2023-02-25,45.00,PAID
CLM893,3365,2097,2023-02-25,31.00,DENIED
CLM894,1812,2109,2023-02-25,35.00,PAID
CLM895,1108,2126,2023-02-25,424.00,DENIED
CLM896,1884,2121,2023-02-25,141.00,PAID
CLM897,3100,2114,2023-02-26,101.00,PAID
CLM898,2313,2131,2023-02-26,1071.00,PAID
CLM899,2760,2105,2023-02-26,148.00,PAID
CLM900,2577,2092,2023-02-26,180.00,PAID
CLM901,1827,2071,2023-02-26,138.00,PAID
CLM902,1694,2087,2023-02-26,254.00,DENIED
CLM903,1098,2011,2023-02-27,302.00,PAID
CLM904,2791,2132,2023-02-27,44.00,PAID
CLM905,2324,2036,2023-02-27,308.00,PAID
CLM906,2197,2068,2023-02-27,174.00,PAID
CLM907,2681,2105,2023-02-27,1401.00,PAID
CLM908,3387,2046,2023-02-27,48.00,PAID
CLM909,1678,2019,2023-02-27,143.00,PAID
CLM910,1126,2116,2023-02-27,167.00,DENIED
CLM911,3173,2066,2023-02-27,124.00,PAID
CLM912,1150,2013,2023-02-27,2002.00,DENIED
CLM913,1404,2085,2023-02-27,1353.00,PAID
CLM914,1014,2065,2023-02-27,220.00,PAID
CLM915,3472,2052,2023-02-27,73.00,PAID
CLM916,1075,2086,2023-02-27,28.00,PAID
CLM917,1024,2037,2023-02-27,103.00,PAID
CLM918,1407,2071,2023-02-27,142.00,PAID
CLM919,3148,2105,2023-02-27,147.00,PAID
CLM920,2389,2004,2023-02-28,916.00,PAID
CLM921,3359,2102,2023-02-28,367.00,PAID
CLM922,2064,2119,2023-02-28,172.00,PAID
CLM923,3254,2126,2023-02-28,325.00,PAID
CLM924,1174,2053,2023-02-28,40.00,PAID
CLM925,2917,2005,2023-02-28,270.00,PAID
CLM926,2911,2120,2023-02-28,150.00,PAID
CLM927,2554,2116,2023-02-28,138.00,PAID
CLM928,1460,2031,2023-02-28,65.00,PAID
CLM929,2969,2060,2023-02-28,2286.00,PAID
CLM930,2501,2069,2023-02-28,4735.00,PAID
CLM931,2554,2092,2023-02-28,201.00,PAID
CLM932,1461,2005,2023-02-28,45.00,PAID
CLM933,2921,2037,2023-02-28,94.00,PAID
CLM934,1464,2100,2023-02-28,129.00,PAID
CLM935,2638,2053,2023-02-28,241.00,PAID
CLM936,2422,2126,2023-02-28,332.00,DENIED
CLM937,1988,2149,2023-02-28,40.00,PAID
CLM938,1907,2092,2023-02-28,134.00,DENIED
CLM939,1517,2135,2023-02-28,203.00,DENIED
CLM940,1977,2070,2023-02-28,84.00,PAID
CLM941,3230,2029,2023-02-28,4304.00,PAID
CLM942,3456,2068,2023-02-28,116.00,DENIED
CLM943,3200,2135,2023-02-28,395.00,DENIED
CLM944,3247,2133,2023-02-28,42.00,PAID
CLM945,2132,2001,2023-03-01,174.00,PAID
CLM946,2982,2108,2023-03-01,3911.00,PAID
CLM947,1585,2004,2023-03-01,118.00,PAID
CLM948,2282,2050,2023-03-01,29.00,PAID
CLM949,1845,2104,2023-03-01,1612.00,PAID
CLM950,2192,2021,2023-03-01,71.00,PAID
CLM951,3480,2062,2023-03-01,83.00,PAID
CLM952,2934,2105,2023-03-01,1354.00,PAID
CLM953,2793,2095,2023-03-01,47.00,DENIED
CLM954,2633,2054,2023-03-01,166.00,PAID
CLM955,1104,2085,2023-03-01,469.00,PAID
CLM956,2619,2004,2023-03-01,144.00,PAID
CLM957,2895,2122,2023-03-02,221.00,PAID
CLM958,2139,2137,2023-03-02,261.00,PAID
CLM959,2651,2143,2023-03-02,278.00,PAID
CLM960,3466,2140,2023-03-02,123.00,PAID
CLM961,1218,2148,2023-03-02,132.00,PAID
CLM962,2476,2027,2023-03-02,128.00,PAID
CLM963,2552,2026,2023-03-02,182.00,PAID
CLM964,1734,2085,2023-03-02,829.00,PAID
CLM965,2953,2018,2023-03-02,55.00,PAID
CLM966,3405,2050,2023-03-02,35.00,PAID
CLM967,3475,2092,2023-03-02,308.00,PAID
CLM968,2717,2088,2023-03-02,153.00,PAID
CLM969,2317,2028,2023-03-02,209.00,PAID
CLM970,1661,2137,2023-03-02,160.00,PAID
CLM971,1358,2095,2023-03-02,50.00,DENIED
CLM972,2683,2060,2023-03-02,43.00,DENIED
CLM973,2381,2065,2023-03-02,49.00,PAID
CLM974,1460,2037,2023-03-02,100.00,PAID
CLM975,3084,2102,2023-03-03,158.00,PAID
CLM976,2650,2123,2023-03-03,39.00,PAID
CLM977,2596,2018,2023-03-03,321.00,PAID
CLM978,1249,2096,2023-03-03,82.00,PAID
CLM979,2455,2068,2023-03-03,108.00,PAID
CLM980,1744,2058,2023-03-03,201.00,PAID
CLM981,2039,2143,2023-03-03,294.00,DENIED
CLM982,2460,2069,2023-03-03,1186.00,PAID
CLM983,2055,2033,2023-03-03,172.00,PAID
CLM984,1518,2078,2023-03-03,111.00,DENIED
CLM985,2513,2143,2023-03-03,599.00,PAID
CLM986,1185,2086,2023-03-03,124.00,PAID
CLM987,2997,2072,2023-03-03,322.00,DENIED
CLM988,3148,2129,2023-03-04,62.00,PAID
CLM989,1027,2021,2023-03-04,122.00,PAID
CLM990,3445,2034,2023-03-04,32.00,PAID
CLM991,3368,2005,2023-03-04,49.00,DENIED
CLM992,1127,2091,2023-03-04,63.00,PAID
CLM993,1363,2076,2023-03-04,288.00,PAID
CLM994,2057,2033,2023-03-05,151.00,DENIED
CLM995,3073,2020,2023-03-05,2231.00,PAID
CLM996,3178,2092,2023-03-05,60.00,PAID
CLM997,3226,2112,2023-03-05,30.00,PAID
CLM998,3408,2062,2023-03-05,96.00,PAID
CLM999,2897,2047,2023-03-05,382.00,PAID
CLM1000,2887,2057,2023-03-06,28.00,PAID
CLM1001,2671,2018,2023-03-06,183.00,PAID
CLM1002,2432,2045,2023-03-06,5538.00,PAID
CLM1003,2855,2044,2023-03-06,141.00,DENIED
CLM1004,2200,2076,2023-03-06,66.00,PAID
CLM1005,1277,2122,2023-03-06,111.00,PAID
CLM1006,1327,2010,2023-03-06,210.00,PAID
CLM1007,2954,2095,2023-03-06,56.00,PAID
CLM1008,2571,2009,2023-03-06,39.00,PAID
CLM1009,3099,2012,2023-03-06,142.00,PAID
CLM1010,1781,2112,2023-03-06,170.00,PAID
CLM1011,1386,2129,2023-03-06,122.00,PAID
CLM1012,3290,2043,2023-03-06,221.00,DENIED
CLM1013,1199,2077,2023-03-06,178.00,DENIED
CLM1014,3082,2042,2023-03-06,343.00,PAID
CLM1015,1029,2085,2023-03-07,730.00,PAID
CLM1016,2303,2074,2023-03-07,437.00,PAID
CLM1017,2424,2061,2023-03-07,29.00,PAID
CLM1018,2294,2013,2023-03-07,1856.00,DENIED
CLM1019,3408,2009,2023-03-07,178.00,PAID
CLM1020,1639,2027,2023-03-07,208.00,DENIED
CLM1021,1326,2085,2023-03-07,108.00,PAID
CLM1022,2654,2022,2023-03-07,28.00,PAID
CLM1023,3084,2088,2023-03-07,1296.00,PAID
CLM1024,2748,2121,2023-03-07,174.00,DENIED
CLM1025,1957,2109,2023-03-07,30.00,PAID
CLM1026,2955,2053,2023-03-07,305.00,PAID
CLM1027,1112,2120,2023-03-07,59.00,PAID
CLM1028,1684,2037,2023-03-07,50.00,PAID
CLM1029,1483,2027,2023-03-07,182.00,PAID
CLM1030,1230,2123,2023-03-07,211.00,PAID
CLM1031,1173,2139,2023-03-07,136.00,PAID
CLM1032,3279,2137,2023-03-07,171.00,PAID
CLM1033,1271,2085,2023-03-07,1205.00,PAID
CLM1034,1112,2084,2023-03-07,90.00,PAID
CLM1035,1207,2128,2023-03-07,93.00,PAID
CLM1036,1508,2107,2023-03-07,74.00,PAID
CLM1037,2378,2020,2023-03-08,236.00,PAID
CLM1038,1881,2013,2023-03-08,369.00,PAID
CLM1039,1884,2124,2023-03-08,192.00,PAID
CLM1040,1220,2140,2023-03-08,256.00,PAID
CLM1041,2132,2086,2023-03-08,228.00,PAID
CLM1042,3297,2086,2023-03-08,159.00,PAID
CLM1043,3457,2015,2023-03-08,139.00,PAID
CLM1044,2500,2005,2023-03-08,339.00,PAID
CLM1045,1876,2078,2023-03-08,25.00,PAID
CLM1046,1735,2133,2023-03-08,421.00,PAID
CLM1047,2491,2062,2023-03-08,38.00,PAID
CLM1048,2279,2113,2023-03-08,310.00,DENIED
CLM1049,2652,2140,2023-03-08,402.00,PAID
CLM1050,1294,2025,2023-03-08,257.00,PAID
CLM1051,3224,2149,2023-03-08,58.00,PAID
CLM1052,2816,2148,2023-03-08,121.00,PAID
CLM1053,2164,2124,2023-03-08,46.00,PAID
CLM1054,2327,2117,2023-03-08,32.00,PAID
CLM1055,3085,2088,2023-03-08,1692.00,PAID
CLM1056,2358,2001,2023-03-08,224.00,PAID
CLM1057,1289,2070,2023-03-08,32.00,PAID
CLM1058,1109,2087,2023-03-08,969.00,PAID
CLM1059,2647,2085,2023-03-09,120.00,PAID
CLM1060,1724,2136,2023-03-09,238.00,PAID
CLM1061,1784,2047,2023-03-09,27.00,PAID
CLM1062,1938,2086,2023-03-09,74.00,PAID
CLM1063,2671,2043,2023-03-09,67.00,PAID
CLM1064,2375,2076,2023-03-09,66.00,DENIED
CLM1065,1425,2116,2023-03-09,32.00,PAID
CLM1066,1739,2132,2023-03-09,570.00,PAID
CLM1067,2654,2097,2023-03-09,181.00,PAID
CLM1068,2831,2037,2023-03-09,155.00,DENIED
CLM1069,2493,2024,2023-03-09,1532.00,DENIED
CLM1070,2197,2091,2023-03-09,86.00,PAID
CLM1071,3285,2091,2023-03-09,86.00,DENIED
CLM1072,1007,2124,2023-03-09,82.00,PAID
CLM1073,1885,2069,2023-03-09,118.00,DENIED
CLM1074,3168,2143,2023-03-09,178.00,PAID
CLM1075,3063,2147,2023-03-09,121.00,PAID
CLM1076,1005,2020,2023-03-09,299.00,PAID
CLM1077,2696,2035,2023-03-09,108.00,PAID
CLM1078,1786,2094,2023-03-09,128.00,DENIED
CLM1079,2327,2139,2023-03-10,161.00,PAID
CLM1080,1358,2057,2023-03-10,129.00,PAID
CLM1081,2294,2131,2023-03-10,46.00,PAID
CLM1082,2671,2064,2023-03-10,333.00,PENDING
CLM1083,2280,2008,2023-03-10,32.00,PAID
CLM1084,2732,2083,2023-03-10,66.00,PAID
CLM1085,3037,2084,2023-03-10,135.00,PAID
CLM1086,2872,2104,2023-03-10,128.00,DENIED
CLM1087,3003,2011,2023-03-10,145.00,PAID
CLM1088,1336,2042,2023-03-10,62.00,PAID
CLM1089,1503,2115,2023-03-10,128.00,DENIED
CLM1090,1487,2141,2023-03-10,139.00,PAID
CLM1091,2821,2033,2023-03-10,84.00,PAID
CLM1092,1194,2131,2023-03-10,50.00,PAID
CLM1093,1297,2064,2023-03-10,460.00,PAID
CLM1094,2100,2002,2023-03-10,44.00,PAID
CLM1095,1048,2056,2023-03-10,202.00,PAID
CLM1096,2705,2133,2023-03-10,205.00,PAID
CLM1097,2483,2144,2023-03-10,184.00,PAID
CLM1098,2605,2092,2023-03-11,55.00,PAID
CLM1099,2855,2126,2023-03-11,545.00,PAID
CLM1100,3500,2093,2023-03-11,111.00,PAID
CLM1101,3446,2114,2023-03-11,134.00,DENIED
CLM1102,1964,2085,2023-03-11,114.00,PAID
CLM1103,1812,2114,2023-03-11,221.00,PAID
CLM1104,1011,2077,2023-03-11,41.00,DENIED
CLM1105,1554,2018,2023-03-12,173.00,PAID
CLM1106,2934,2142,2023-03-12,34.00,DENIED
CLM1107,2594,2058,2023-03-12,441.00,PAID
CLM1108,1758,2068,2023-03-12,165.00,PAID
CLM1109,3251,2132,2023-03-12,2731.00,PAID
CLM1110,2986,2142,2023-03-12,216.00,PAID
CLM1111,1660,2106,2023-03-12,51.00,PAID
CLM1112,1565,2132,2023-03-12,402.00,DENIED
CLM1113,3263,2082,2023-03-13,106.00,PAID
CLM1114,2598,2060,2023-03-13,46.00,DENIED
CLM1115,2286,2039,2023-03-13,85.00,PAID
CLM1116,1403,2065,2023-03-13,1744.00,PAID
CLM1117,3283,2102,2023-03-13,203.00,PAID
CLM1118,1219,2089,2023-03-13,65.00,PAID
CLM1119,1750,2076,2023-03-13,182.00,PAID
CLM1120,1864,2100,2023-03-13,242.00,PAID
CLM1121,1828,2121,2023-03-13,274.00,PAID
CLM1122,2460,2001,2023-03-13,51.00,PAID
CLM1123,1693,2147,2023-03-13,385.00,PAID
CLM1124,2777,2050,2023-03-13,120.00,PAID
CLM1125,2613,2100,2023-03-13,116.00,PAID
CLM1126,2048,2115,2023-03-13,146.00,DENIED
CLM1127,3484,2020,2023-03-13,199.00,PAID
CLM1128,2244,2104,2023-03-13,130.00,PAID
CLM1129,2718,2047,2023-03-13,111.00,PAID
CLM1130,2414,2150,2023-03-13,31.00,PAID
CLM1131,2852,2091,2023-03-13,79.00,DENIED
CLM1132,2156,2064,2023-03-13,412.00,PAID
CLM1133,2113,2016,2023-03-13,94.00,PAID
CLM1134,1069,2029,2023-03-14,272.00,DENIED
CLM1135,2501,2037,2023-03-14,49.00,PAID
CLM1136,2416,2102,2023-03-14,269.00,DENIED
CLM1137,2015,2120,2023-03-14,56.00,PAID
CLM1138,2065,2069,2023-03-14,291.00,PAID
CLM1139,1497,2085,2023-03-14,163.00,PAID
CLM1140,1344,2107,2023-03-14,77.00,PAID
CLM1141,2335,2110,2023-03-14,28.00,PAID
CLM1142,2789,2068,2023-03-14,443.00,PAID
CLM1143,3392,2141,2023-03-14,119.00,PAID
CLM1144,1963,2077,2023-03-14,127.00,PAID
CLM1145,1053,2053,2023-03-14,41.00,PAID
CLM1146,1772,2091,2023-03-14,38.00,PAID
CLM1147,1943,2024,2023-03-14,265.00,PAID
CLM1148,3293,2102,2023-03-14,150.00,PAID
CLM1149,1851,2011,2023-03-14,383.00,PAID
CLM1150,1328,2068,2023-03-14,252.00,PAID
CLM1151,1653,2073,2023-03-14,226.00,PAID
CLM1152,1923,2026,2023-03-15,66.00,PAID
CLM1153,1127,2096,2023-03-15,129.00,PAID
CLM1154,1032,2068,2023-03-15,126.00,PAID
CLM1155,2553,2059,2023-03-15,460.00,DENIED
CLM1156,1784,2011,2023-03-15,62.00,PAID
CLM1157,3413,2057,2023-03-15,149.00,PAID
CLM1158,1083,2088,2023-03-15,159.00,PAID
CLM1159,3048,2075,2023-03-15,222.00,PAID
CLM1160,2663,2079,2023-03-15,133.00,PAID
CLM1161,3213,2150,2023-03-15,214.00,DENIED
CLM1162,1545,2002,2023-03-15,173.00,PAID
CLM1163,2426,2133,2023-03-15,273.00,PAID
CLM1164,2730,2020,2023-03-15,2532.00,PAID
CLM1165,2789,2052,2023-03-15,33.00,PAID
CLM1166,2791,2044,2023-03-15,151.00,PAID
CLM1167,2315,2094,2023-03-15,68.00,PAID
CLM1168,2881,2002,2023-03-15,317.00,DENIED
CLM1169,2762,2110,2023-03-15,54.00,PAID
CLM1170,1001,2020,2023-03-15,45.00,PAID
CLM1171,1587,2067,2023-03-15,67.00,PAID
CLM1172,2681,2114,2023-03-15,140.00,DENIED
CLM1173,2256,2015,2023-03-15,2143.00,PAID
CLM1174,2738,2082,2023-03-16,297.00,PAID
CLM1175,1067,2092,2023-03-16,52.00,PAID
CLM1176,2003,2131,2023-03-16,245.00,PAID
CLM1177,1651,2121,2023-03-16,143.00,PAID
CLM1178,3287,2004,2023-03-16,1234.00,PAID
CLM1179,3500,2081,2023-03-16,290.00,DENIED
CLM1180,3363,2068,2023-03-16,1426.00,PAID
CLM1181,3462,2065,2023-03-16,219.00,PAID
CLM1182,1027,2033,2023-03-16,308.00,PAID
CLM1183,1206,2095,2023-03-16,46.00,DENIED
CLM1184,1013,2018,2023-03-16,33.00,PAID
CLM1185,2717,2019,2023-03-16,58.00,PAID
CLM1186,2683,2052,2023-03-17,144.00,PAID
CLM1187,3397,2028,2023-03-17,117.00,PAID
CLM1188,1931,2077,2023-03-17,69.00,PAID
CLM1189,1557,2143,2023-03-17,383.00,DENIED
CLM1190,2568,2023,2023-03-17,214.00,PAID
CLM1191,2717,2059,2023-03-17,271.00,PAID
CLM1192,1169,2003,2023-03-17,187.00,DENIED
CLM1193,1709,2129,2023-03-17,262.00,PAID
CLM1194,1120,2068,2023-03-17,2074.00,PAID
CLM1195,2857,2018,2023-03-17,30.00,PAID
CLM1196,3356,2028,2023-03-17,359.00,PAID
CLM1197,2023,2024,2023-03-17,279.00,PAID
CLM1198,3471,2043,2023-03-17,29.00,PAID
CLM1199,1318,2008,2023-03-17,184.00,PAID
CLM1200,1020,2096,2023-03-17,142.00,PAID
CLM1201,2350,2129,2023-03-17,372.00,PAID
CLM1202,1053,2034,2023-03-17,49.00,PAID
CLM1203,2337,2015,2023-03-18,395.00,PAID
CLM1204,3013,2131,2023-03-18,52.00,PAID
CLM1205,1881,2100,2023-03-18,238.00,PAID
CLM1206,2897,2054,2023-03-18,27.00,PAID
CLM1207,2220,2052,2023-03-18,52.00,PAID
CLM1208,2434,2073,2023-03-18,125.00,PAID
CLM1209,2432,2121,2023-03-18,172.00,PAID
CLM1210,1131,2020,2023-03-18,1253.00,PAID
CLM1211,1624,2038,2023-03-18,116.00,PAID
CLM1212,2371,2085,2023-03-18,157.00,PAID
CLM1213,2309,2082,2023-03-19,290.00,PAID
CLM1214,2784,2099,2023-03-19,112.00,PAID
CLM1215,1802,2004,2023-03-19,274.00,PAID
CLM1216,1613,2024,2023-03-19,5163.00,PAID
CLM1217,2399,2144,2023-03-20,179.00,PAID
CLM1218,1176,2131,2023-03-20,51.00,PAID
CLM1219,1359,2126,2023-03-20,304.00,DENIED
CLM1220,2471,2048,2023-03-20,4177.00,PAID
CLM1221,2366,2066,2023-03-20,178.00,PAID
CLM1222,1199,2029,2023-03-20,806.00,PAID
CLM1223,2365,2136,2023-03-20,127.00,PAID
CLM1224,1894,2054,2023-03-20,333.00,PAID
CLM1225,1699,2083,2023-03-20,135.00,PAID
CLM1226,3238,2054,2023-03-20,264.00,PAID
CLM1227,1034,2077,2023-03-20,55.00,PAID
CLM1228,2254,2104,2023-03-20,5941.00,PAID
CLM1229,2033,2099,2023-03-20,108.00,DENIED
CLM1230,2786,2073,2023-03-20,311.00,PAID
CLM1231,2156,2044,2023-03-20,170.00,PAID
CLM1232,1003,2053,2023-03-20,31.00,PAID
CLM1233,3249,2014,2023-03-20,108.00,PAID
CLM1234,3408,2125,2023-03-21,46.00,PAID
CLM1235,2554,2020,2023-03-21,47.00,PAID
CLM1236,2594,2117,2023-03-21,170.00,PAID
CLM1237,2202,2016,2023-03-21,98.00,PAID
CLM1238,2579,2015,2023-03-21,123.00,DENIED
CLM1239,1337,2150,2023-03-21,33.00,PAID
CLM1240,2679,2083,2023-03-21,39.00,PAID
CLM1241,2198,2080,2023-03-21,80.00,PAID
CLM1242,1619,2097,2023-03-21,64.00,PAID
CLM1243,2068,2060,2023-03-21,356.00,PAID
CLM1244,2216,2079,2023-03-21,198.00,PAID
CLM1245,2419,2137,2023-03-21,122.00,PAID
CLM1246,3247,2066,2023-03-21,206.00,PAID
CLM1247,1748,2120,2023-03-21,292.00,DENIED
CLM1248,1002,2085,2023-03-21,1019.00,PAID
CLM1249,1566,2131,2023-03-21,43.00,DENIED
CLM1250,1453,2116,2023-03-21,183.00,PAID
CLM1251,1724,2085,2023-03-21,169.00,PAID
CLM1252,2847,2111,2023-03-22,167.00,DENIED
CLM1253,2322,2114,2023-03-22,202.00,PAID
CLM1254,2526,2022,2023-03-22,108.00,DENIED
CLM1255,2226,2020,2023-03-22,1167.00,PAID
CLM1256,2164,2087,2023-03-22,293.00,PAID
CLM1257,1713,2083,2023-03-22,67.00,PAID
CLM1258,1897,2106,2023-03-22,126.00,PAID
CLM1259,2149,2039,2023-03-22,211.00,PAID
CLM1260,1871,2134,2023-03-22,190.00,PAID
CLM1261,1168,2029,2023-03-22,890.00,PAID
CLM1262,1802,2068,2023-03-22,268.00,PAID
CLM1263,3167,2077,2023-03-22,23.00,PAID
CLM1264,2114,2110,2023-03-22,63.00,PAID
CLM1265,3356,2019,2023-03-22,87.00,PAID
CLM1266,1408,2129,2023-03-22,49.00,PAID
CLM1267,2081,2037,2023-03-22,129.00,PAID
CLM1268,1512,2059,2023-03-23,300.00,PAID
CLM1269,2331,2033,2023-03-23,86.00,DENIED
CLM1270,3188,2034,2023-03-23,147.00,PENDING
CLM1271,3055,2109,2023-03-23,67.00,PAID
CLM1272,2114,2012,2023-03-23,234.00,PAID
CLM1273,1885,2085,2023-03-23,599.00,PAID
CLM1274,1667,2080,2023-03-23,374.00,PAID
CLM1275,3500,2093,2023-03-23,140.00,PAID
CLM1276,2239,2126,2023-03-23,141.00,PAID
CLM1277,2695,2143,2023-03-23,191.00,PAID
CLM1278,1752,2048,2023-03-23,571.00,PAID
CLM1279,2920,2060,2023-03-23,294.00,PAID
CLM1280,3257,2097,2023-03-23,51.00,PAID
CLM1281,3190,2140,2023-03-23,220.00,DENIED
CLM1282,2563,2027,2023-03-24,129.00,PAID
CLM1283,2715,2069,2023-03-24,125.00,DENIED
CLM1284,2460,2105,2023-03-24,788.00,PAID
CLM1285,1395,2144,2023-03-24,158.00,PAID
CLM1286,2220,2088,2023-03-24,129.00,PAID
CLM1287,2399,2113,2023-03-24,110.00,PAID
CLM1288,3187,2091,2023-03-24,60.00,PAID
CLM1289,1969,2099,2023-03-24,32.00,PAID
CLM1290,3205,2082,2023-03-24,99.00,PAID
CLM1291,2553,2149,2023-03-24,139.00,PAID
CLM1292,2594,2125,2023-03-24,88.00,PAID
CLM1293,1867,2022,2023-03-24,28.00,PAID
CLM1294,2540,2045,2023-03-24,392.00,PAID
CLM1295,1550,2043,2023-03-24,173.00,PAID
CLM1296,2783,2064,2023-03-24,46.00,PAID
CLM1297,2836,2038,2023-03-24,27.00,DENIED
CLM1298,3008,2012,2023-03-24,177.00,PAID
CLM1299,3038,2072,2023-03-24,57.00,PAID
CLM1300,2761,2008,2023-03-25,80.00,PAID
CLM1301,1920,2095,2023-03-25,220.00,PAID
CLM1302,1505,2133,2023-03-25,146.00,DENIED
CLM1303,1593,2112,2023-03-25,139.00,PAID
CLM1304,1427,2053,2023-03-25,29.00,PAID
CLM1305,1698,2140,2023-03-25,128.00,DENIED
CLM1306,1268,2078,2023-03-25,66.00,PAID
CLM1307,1668,2095,2023-03-26,378.00,PAID
CLM1308,1803,2085,2023-03-26,175.00,DENIED
CLM1309,1025,2137,2023-03-26,731.00,PAID
CLM1310,2014,2099,2023-03-26,138.00,PAID
CLM1311,1955,2069,2023-03-27,145.00,PAID
CLM1312,1094,2092,2023-03-27,45.00,PAID
CLM1313,1734,2017,2023-03-27,119.00,PAID
CLM1314,2332,2076,2023-03-27,490.00,PAID
CLM1315,2857,2131,2023-03-27,1097.00,PAID
CLM1316,1488,2038,2023-03-27,127.00,PAID
CLM1317,2195,2018,2023-03-27,586.00,PENDING
CLM1318,1324,2025,2023-03-27,140.00,PAID
CLM1319,3047,2074,2023-03-27,150.00,PAID
CLM1320,1613,2016,2023-03-27,53.00,PAID
CLM1321,3101,2085,2023-03-27,161.00,PAID
CLM1322,1785,2015,2023-03-27,137.00,PAID
CLM1323,1625,2049,2023-03-27,123.00,DENIED
CLM1324,3167,2126,2023-03-27,153.00,PAID
CLM1325,2490,2107,2023-03-27,176.00,PAID
CLM1326,2652,2044,2023-03-27,281.00,PAID
CLM1327,2000,2137,2023-03-27,270.00,PAID
CLM1328,3475,2104,2023-03-28,350.00,PAID
CLM1329,2579,2015,2023-03-28,226.00,PAID
CLM1330,1287,2137,2023-03-28,1502.00,PAID
CLM1331,1943,2085,2023-03-28,907.00,PAID
CLM1332,3128,2132,2023-03-28,213.00,PAID
CLM1333,1328,2059,2023-03-28,133.00,PAID
CLM1334,2444,2010,2023-03-28,186.00,PAID
CLM1335,2220,2024,2023-03-28,1237.00,PAID
CLM1336,2162,2086,2023-03-28,128.00,PAID
CLM1337,2700,2030,2023-03-28,32.00,PAID
CLM1338,2218,2137,2023-03-28,110.00,PAID
CLM1339,1867,2131,2023-03-28,228.00,PAID
CLM1340,1930,2065,2023-03-28,106.00,PAID
CLM1341,2782,2035,2023-03-28,41.00,PAID
CLM1342,1148,2024,2023-03-28,1085.00,PAID
CLM1343,1810,2041,2023-03-28,120.00,PAID
CLM1344,1379,2105,2023-03-28,938.00,PAID
CLM1345,1700,2115,2023-03-28,248.00,DENIED
CLM1346,1369,2037,2023-03-29,242.00,DENIED
CLM1347,3121,2009,2023-03-29,329.00,PAID
CLM1348,1527,2025,2023-03-29,158.00,PAID
CLM1349,3038,2015,2023-03-29,122.00,PAID
CLM1350,3033,2031,2023-03-29,3646.00,DENIED
CLM1351,2371,2044,2023-03-29,157.00,PAID
CLM1352,2182,2104,2023-03-29,126.00,PAID
CLM1353,2294,2015,2023-03-29,114.00,PAID
CLM1354,3403,2145,2023-03-29,340.00,PAID
CLM1355,1001,2109,2023-03-29,33.00,PAID
CLM1356,2575,2095,2023-03-29,193.00,PAID
CLM1357,3445,2077,2023-03-29,148.00,PAID
CLM1358,3407,2073,2023-03-29,199.00,PAID
CLM1359,1059,2121,2023-03-29,977.00,PAID
CLM1360,1885,2087,2023-03-29,150.00,DENIED
CLM1361,1644,2032,2023-03-29,130.00,PAID
CLM1362,2365,2070,2023-03-29,224.00,PAID
CLM1363,1579,2110,2023-03-29,51.00,PAID
CLM1364,2487,2061,2023-03-29,116.00,PAID
CLM1365,2544,2068,2023-03-29,116.00,PAID
CLM1366,3294,2068,2023-03-29,526.00,PAID
CLM1367,2839,2018,2023-03-29,272.00,PAID
CLM1368,2507,2133,2023-03-29,242.00,PAID
CLM1369,2508,2085,2023-03-30,177.00,PAID
CLM1370,2307,2140,2023-03-30,241.00,PAID
CLM1371,1623,2104,2023-03-30,484.00,DENIED
CLM1372,2490,2125,2023-03-30,93.00,PAID
CLM1373,2140,2023,2023-03-30,324.00,PAID
CLM1374,1023,2091,2023-03-30,52.00,PAID
CLM1375,2577,2145,2023-03-30,132.00,PAID
CLM1376,1186,2086,2023-03-30,118.00,PAID
CLM1377,1106,2018,2023-03-30,147.00,PAID
CLM1378,2268,2026,2023-03-30,33.00,PAID
CLM1379,1677,2037,2023-03-30,120.00,PAID
CLM1380,1645,2029,2023-03-30,120.00,PAID
CLM1381,1296,2087,2023-03-30,1328.00,DENIED
CLM1382,2705,2150,2023-03-30,33.00,PAID
CLM1383,3079,2071,2023-03-30,178.00,PAID
CLM1384,3114,2013,2023-03-30,120.00,PAID
CLM1385,1866,2091,2023-03-30,98.00,PAID
CLM1386,3106,2060,2023-03-30,50.00,PAID
CLM1387,1208,2086,2023-03-30,388.00,PAID
CLM1388,2844,2045,2023-03-30,138.00,PAID
CLM1389,2483,2053,2023-03-30,68.00,PAID
CLM1390,1106,2024,2023-03-30,140.00,PAID
CLM1391,1030,2077,2023-03-30,33.00,PAID
CLM1392,3009,2088,2023-03-30,131.00,PAID
CLM1393,1586,2065,2023-03-31,187.00,PAID
CLM1394,2902,2004,2023-03-31,810.00,PAID
CLM1395,2095,2086,2023-03-31,44.00,PAID
CLM1396,1177,2104,2023-03-31,1839.00,DENIED
CLM1397,2468,2116,2023-03-31,211.00,PAID
CLM1398,2024,2004,2023-03-31,139.00,PAID
CLM1399,1167,2103,2023-03-31,33.00,PAID
CLM1400,1780,2042,2023-03-31,41.00,PAID
CLM1401,2565,2082,2023-03-31,166.00,PAID
CLM1402,1369,2027,2023-03-31,424.00,PAID
CLM1403,2404,2134,2023-03-31,392.00,PAID
CLM1404,1505,2069,2023-03-31,4240.00,PAID
CLM1405,2662,2060,2023-03-31,50.00,DENIED
CLM1406,2456,2133,2023-03-31,103.00,DENIED
CLM1407,1100,2022,2023-04-01,183.00,PAID
CLM1408,2508,2012,2023-04-01,45.00,PAID
CLM1409,2714,2100,2023-04-02,356.00,PAID
CLM1410,1495,2024,2023-04-02,159.00,PAID
CLM1411,2717,2018,2023-04-02,27.00,PAID
CLM1412,2373,2108,2023-04-02,185.00,PAID
CLM1413,2953,2050,2023-04-02,95.00,PAID
CLM1414,1633,2039,2023-04-02,27.00,PAID
CLM1415,1930,2108,2023-04-03,203.00,PAID
CLM1416,1746,2113,2023-04-03,158.00,PAID
CLM1417,3106,2132,2023-04-03,694.00,PAID
CLM1418,1619,2086,2023-04-03,237.00,PAID
CLM1419,3336,2074,2023-04-03,137.00,DENIED
CLM1420,2095,2057,2023-04-03,61.00,PAID
CLM1421,2301,2137,2023-04-03,1407.00,DENIED
CLM1422,3409,2099,2023-04-03,165.00,PAID
CLM1423,2283,2042,2023-04-03,61.00,PAID
CLM1424,3089,2071,2023-04-03,242.00,PAID
CLM1425,1326,2044,2023-04-03,118.00,DENIED
CLM1426,3111,2029,2023-04-03,142.00,PAID
CLM1427,1245,2095,2023-04-03,217.00,DENIED
CLM1428,1408,2122,2023-04-03,476.00,PAID
CLM1429,2888,2143,2023-04-03,134.00,PAID
CLM1430,1948,2114,2023-04-04,72.00,DENIED
CLM1431,2112,2127,2023-04-04,246.00,PAID
CLM1432,1815,2053,2023-04-04,107.00,PAID
CLM1433,1066,2074,2023-04-04,432.00,PAID
CLM1434,1040,2066,2023-04-04,132.00,PAID
CLM1435,1823,2112,2023-04-04,32.00,PAID
CLM1436,2455,2078,2023-04-04,88.00,PAID
CLM1437,1668,2071,2023-04-04,149.00,DENIED
CLM1438,1023,2100,2023-04-04,294.00,PAID
CLM1439,1048,2067,2023-04-04,554.00,PAID
CLM1440,2907,2143,2023-04-04,228.00,DENIED
CLM1441,3328,2117,2023-04-04,347.00,PAID
CLM1442,2914,2013,2023-04-04,5181.00,DENIED
CLM1443,2989,2060,2023-04-04,50.00,PAID
CLM1444,2257,2040,2023-04-04,96.00,PAID
CLM1445,2696,2037,2023-04-04,122.00,PAID
CLM1446,2493,2020,2023-04-04,1703.00,DENIED
CLM1447,2544,2024,2023-04-04,128.00,PAID
CLM1448,2453,2005,2023-04-04,256.00,PAID
CLM1449,3435,2020,2023-04-04,557.00,PAID
CLM1450,2924,2150,2023-04-04,59.00,DENIED
CLM1451,3284,2005,2023-04-05,360.00,DENIED
CLM1452,2714,2104,2023-04-05,113.00,PAID
CLM1453,2343,2048,2023-04-05,392.00,DENIED
CLM1454,3471,2087,2023-04-05,135.00,PAID
CLM1455,3244,2045,2023-04-05,528.00,PAID
CLM1456,1867,2088,2023-04-05,129.00,PAID
CLM1457,2966,2143,2023-04-05,390.00,PAID
CLM1458,2060,2028,2023-04-05,144.00,PAID
CLM1459,3114,2068,2023-04-05,1466.00,PAID
CLM1460,1858,2115,2023-04-05,130.00,DENIED
CLM1461,3120,2116,2023-04-05,113.00,PAID
CLM1462,1163,2081,2023-04-05,121.00,PAID
CLM1463,1977,2068,2023-04-05,105.00,PAID
CLM1464,2378,2014,2023-04-05,215.00,PAID
CLM1465,1894,2110,2023-04-05,137.00,PAID
CLM1466,1103,2008,2023-04-05,124.00,PAID
CLM1467,2240,2095,2023-04-05,48.00,PAID
CLM1468,3475,2103,2023-04-05,113.00,PAID
CLM1469,1236,2112,2023-04-05,192.00,PAID
CLM1470,2790,2040,2023-04-06,166.00,PAID
CLM1471,2352,2004,2023-04-06,1387.00,PAID
CLM1472,1694,2076,2023-04-06,327.00,PAID
CLM1473,1643,2095,2023-04-06,346.00,PAID
CLM1474,1072,2030,2023-04-06,151.00,PAID
CLM1475,3255,2091,2023-04-06,46.00,PAID
CLM1476,2696,2137,2023-04-06,128.00,PAID
CLM1477,2403,2033,2023-04-06,41.00,PAID
CLM1478,1697,2072,2023-04-06,30.00,PAID
CLM1479,3331,2067,2023-04-06,573.00,DENIED
CLM1480,1056,2108,2023-04-06,601.00,PAID
CLM1481,2651,2086,2023-04-06,148.00,PAID
CLM1482,3085,2005,2023-04-06,49.00,PAID
CLM1483,2752,2092,2023-04-06,206.00,PAID
CLM1484,2099,2140,2023-04-06,123.00,PAID
CLM1485,1963,2044,2023-04-06,6329.00,DENIED
CLM1486,1030,2068,2023-04-06,175.00,PAID
CLM1487,2696,2103,2023-04-06,112.00,PAID
CLM1488,1892,2065,2023-04-06,54.00,DENIED
CLM1489,2735,2076,2023-04-06,32.00,PAID
CLM1490,1089,2066,2023-04-06,172.00,PAID
CLM1491,1885,2131,2023-04-07,214.00,PAID
CLM1492,3324,2130,2023-04-07,216.00,PAID
CLM1493,1126,2124,2023-04-07,79.00,DENIED
CLM1494,1616,2096,2023-04-07,42.00,PAID
CLM1495,3214,2071,2023-04-07,235.00,DENIED
CLM1496,2289,2085,2023-04-07,1048.00,PAID
CLM1497,2152,2129,2023-04-07,139.00,PAID
CLM1498,1454,2118,2023-04-07,141.00,PAID
CLM1499,1208,2043,2023-04-07,308.00,PAID
CLM1500,3094,2086,2023-04-07,455.00,DENIED
CLM1501,2098,2071,2023-04-07,50.00,PAID
CLM1502,2681,2037,2023-04-08,113.00,PAID
CLM1503,2143,2110,2023-04-08,31.00,PAID
CLM1504,2724,2087,2023-04-08,118.00,PAID
CLM1505,2706,2131,2023-04-08,258.00,PAID
CLM1506,2756,2141,2023-04-09,154.00,PAID
CLM1507,2930,2088,2023-04-09,1170.00,PAID
CLM1508,3399,2060,2023-04-09,441.00,PAID
CLM1509,1679,2095,2023-04-09,150.00,PAID
CLM1510,1104,2122,2023-04-10,67.00,DENIED
CLM1511,2033,2125,2023-04-10,101.00,PAID
CLM1512,3264,2030,2023-04-10,160.00,PAID
CLM1513,2704,2050,2023-04-10,43.00,PAID
CLM1514,3402,2139,2023-04-10,159.00,PAID
CLM1515,1222,2001,2023-04-10,141.00,PAID
CLM1516,2105,2012,2023-04-10,68.00,PAID
CLM1517,2055,2085,2023-04-10,106.00,PAID
CLM1518,2555,2015,2023-04-10,236.00,PAID
CLM1519,1280,2144,2023-04-10,325.00,PAID
CLM1520,1212,2097,2023-04-10,142.00,DENIED
CLM1521,2347,2068,2023-04-10,903.00,PAID
CLM1522,1797,2040,2023-04-10,45.00,PAID
CLM1523,1595,2128,2023-04-10,236.00,DENIED
CLM1524,2107,2121,2023-04-10,5074.00,DENIED
CLM1525,2341,2146,2023-04-10,131.00,PAID
CLM1526,2318,2083,2023-04-10,286.00,PAID
CLM1527,2399,2068,2023-04-10,1177.00,PAID
CLM1528,1646,2112,2023-04-10,217.00,PAID
CLM1529,1709,2102,2023-04-10,156.00,PAID
CLM1530,1932,2095,2023-04-11,132.00,PAID
CLM1531,2327,2099,2023-04-11,110.00,DENIED
CLM1532,3088,2092,2023-04-11,178.00,PAID
CLM1533,3137,2055,2023-04-11,163.00,PAID
CLM1534,2860,2122,2023-04-11,44.00,PAID
CLM1535,2763,2085,2023-04-11,1259.00,PAID
CLM1536,2570,2060,2023-04-11,1006.00,PAID
CLM1537,2386,2099,2023-04-11,45.00,PAID
CLM1538,1360,2085,2023-04-11,256.00,PAID
CLM1539,1641,2148,2023-04-11,38.00,PAID
CLM1540,2000,2029,2023-04-11,793.00,DENIED
CLM1541,1640,2022,2023-04-11,45.00,PAID
CLM1542,1383,2026,2023-04-11,187.00,PAID
CLM1543,1696,2054,2023-04-11,44.00,PAID
CLM1544,2950,2044,2023-04-11,1264.00,PAID
CLM1545,2722,2132,2023-04-11,360.00,PAID
CLM1546,2971,2069,2023-04-11,156.00,PAID
CLM1547,1668,2120,2023-04-12,44.00,PAID
CLM1548,1047,2128,2023-04-12,35.00,DENIED
CLM1549,1362,2074,2023-04-12,575.00,PAID
CLM1550,3174,2030,2023-04-12,58.00,PAID
CLM1551,3047,2022,2023-04-12,89.00,PAID
CLM1552,2041,2004,2023-04-12,121.00,PAID
CLM1553,2946,2091,2023-04-12,24.00,PAID
CLM1554,2845,2064,2023-04-12,68.00,DENIED
CLM1555,1677,2141,2023-04-12,186.00,PAID
CLM1556,3291,2105,2023-04-12,1041.00,PAID
CLM1557,1648,2015,2023-04-12,337.00,PAID
CLM1558,1540,2012,2023-04-12,28.00,PAID
CLM1559,1467,2091,2023-04-12,130.00,PAID
CLM1560,1788,2003,2023-04-12,237.00,DENIED
CLM1561,3141,2050,2023-04-12,115.00,PAID
CLM1562,3112,2032,2023-04-12,45.00,PAID
CLM1563,2955,2025,2023-04-12,400.00,PAID
CLM1564,2773,2068,2023-04-12,99.00,PAID
CLM1565,3385,2088,2023-04-12,311.00,PAID
CLM1566,3031,2074,2023-04-13,261.00,PAID
CLM1567,2499,2076,2023-04-13,35.00,PAID
CLM1568,1748,2076,2023-04-13,176.00,PAID
CLM1569,3322,2089,2023-04-13,3755.00,PAID
CLM1570,1234,2098,2023-04-13,131.00,PAID
CLM1571,1608,2004,2023-04-13,277.00,PAID
CLM1572,2308,2132,2023-04-13,284.00,PAID
CLM1573,1762,2020,2023-04-13,46.00,PAID
CLM1574,3274,2068,2023-04-13,1150.00,PENDING
CLM1575,1370,2035,2023-04-13,239.00,PAID
CLM1576,2036,2126,2023-04-13,298.00,PAID
CLM1577,2554,2016,2023-04-13,35.00,PAID
CLM1578,2308,2137,2023-04-13,1007.00,PAID
CLM1579,2590,2006,2023-04-13,392.00,PAID
CLM1580,3279,2036,2023-04-13,180.00,PAID
CLM1581,1068,2039,2023-04-13,35.00,DENIED
CLM1582,1711,2085,2023-04-13,106.00,PAID
CLM1583,2389,2084,2023-04-14,31.00,PAID
CLM1584,1006,2133,2023-04-14,292.00,PAID
CLM1585,1109,2102,2023-04-14,582.00,DENIED
CLM1586,3027,2039,2023-04-14,159.00,DENIED
CLM1587,2914,2085,2023-04-14,1602.00,PAID
CLM1588,1966,2075,2023-04-14,61.00,DENIED
CLM1589,1536,2003,2023-04-14,37.00,PAID
CLM1590,1666,2022,2023-04-14,29.00,PAID
CLM1591,2069,2098,2023-04-14,161.00,PAID
CLM1592,2983,2146,2023-04-14,279.00,PAID
CLM1593,2915,2029,2023-04-14,297.00,DENIED
CLM1594,1877,2097,2023-04-14,294.00,PAID
CLM1595,1327,2137,2023-04-14,119.00,PAID
CLM1596,1947,2022,2023-04-14,102.00,PAID
CLM1597,2111,2104,2023-04-14,114.00,PAID
CLM1598,3395,2086,2023-04-14,82.00,DENIED
CLM1599,2007,2076,2023-04-14,291.00,PAID
CLM1600,2184,2068,2023-04-14,715.00,PAID
CLM1601,2218,2043,2023-04-14,75.00,PAID
CLM1602,2301,2019,2023-04-14,155.00,PAID
CLM1603,1753,2140,2023-04-14,1694.00,PAID
CLM1604,1054,2098,2023-04-14,82.00,PAID
CLM1605,1780,2037,2023-04-14,46.00,PAID
CLM1606,1232,2138,2023-04-15,515.00,PAID
CLM1607,3097,2140,2023-04-15,474.00,PAID
CLM1608,2536,2076,2023-04-15,142.00,PAID
CLM1609,3199,2064,2023-04-15,72.00,PAID
CLM1610,1412,2122,2023-04-15,109.00,PAID
CLM1611,2821,2126,2023-04-15,120.00,DENIED
CLM1612,2456,2001,2023-04-16,119.00,PAID
CLM1613,1078,2068,2023-04-16,1085.00,DENIED
CLM1614,2767,2044,2023-04-16,1219.00,PAID
CLM1615,1605,2126,2023-04-16,606.00,PAID
CLM1616,1851,2077,2023-04-16,133.00,PAID
CLM1617,2317,2105,2023-04-16,6556.00,PAID
CLM1618,1812,2048,2023-04-16,540.00,PAID
CLM1619,1702,2087,2023-04-16,1134.00,DENIED
CLM1620,2578,2002,2023-04-16,29.00,PAID
CLM1621,2099,2131,2023-04-17,394.00,PAID
CLM1622,3217,2025,2023-04-17,67.00,PAID
CLM1623,2490,2001,2023-04-17,56.00,PAID
CLM1624,2569,2140,2023-04-17,134.00,PAID
CLM1625,2049,2105,2023-04-17,307.00,PAID
CLM1626,1883,2078,2023-04-17,59.00,PAID
CLM1627,1625,2058,2023-04-17,233.00,PAID
CLM1628,1963,2102,2023-04-17,545.00,DENIED
CLM1629,2430,2003,2023-04-17,235.00,PAID
CLM1630,2659,2121,2023-04-17,137.00,PAID
CLM1631,1268,2118,2023-04-17,74.00,DENIED
CLM1632,2210,2078,2023-04-17,39.00,DENIED
CLM1633,1324,2104,2023-04-17,124.00,PAID
CLM1634,2791,2130,2023-04-17,509.00,PAID
CLM1635,2958,2059,2023-04-17,129.00,PAID
CLM1636,3076,2034,2023-04-17,224.00,PAID
CLM1637,2232,2013,2023-04-17,141.00,PAID
CLM1638,2579,2095,2023-04-17,1733.00,PAID
CLM1639,3160,2008,2023-04-17,34.00,PAID
CLM1640,1399,2139,2023-04-17,155.00,PAID
CLM1641,1219,2024,2023-04-17,144.00,PAID
CLM1642,1943,2093,2023-04-17,132.00,PAID
CLM1643,3367,2130,2023-04-17,171.00,DENIED
CLM1644,2992,2124,2023-04-18,80.00,PAID
CLM1645,2855,2124,2023-04-18,178.00,PAID
CLM1646,1425,2131,2023-04-18,41.00,PAID
CLM1647,2997,2065,2023-04-18,155.00,DENIED
CLM1648,1242,2052,2023-04-18,62.00,PAID
CLM1649,1161,2131,2023-04-18,1533.00,PAID
CLM1650,3035,2007,2023-04-18,122.00,PAID
CLM1651,2549,2079,2023-04-18,82.00,PAID
CLM1652,2184,2075,2023-04-18,526.00,PAID
CLM1653,2251,2022,2023-04-18,206.00,PAID
CLM1654,3274,2037,2023-04-18,1593.00,PAID
CLM1655,2947,2068,2023-04-18,2489.00,PAID
CLM1656,1555,2011,2023-04-18,525.00,PAID
CLM1657,1489,2126,2023-04-18,287.00,PAID
CLM1658,2777,2022,2023-04-18,86.00,PAID
CLM1659,1762,2085,2023-04-18,470.00,PAID
CLM1660,1533,2071,2023-04-18,176.00,DENIED
CLM1661,3123,2020,2023-04-19,456.00,PAID
CLM1662,1420,2018,2023-04-19,248.00,PAID
CLM1663,3100,2074,2023-04-19,124.00,PAID
CLM1664,3003,2012,2023-04-19,146.00,PAID
CLM1665,1928,2041,2023-04-19,135.00,PAID
CLM1666,2258,2093,2023-04-19,34.00,PAID
CLM1667,2583,2052,2023-04-19,135.00,PAID
CLM1668,1346,2052,2023-04-19,116.00,PAID
CLM1669,1648,2016,2023-04-19,51.00,PAID
CLM1670,1066,2074,2023-04-19,175.00,DENIED
CLM1671,1299,2014,2023-04-19,74.00,PAID
CLM1672,2301,2016,2023-04-19,177.00,PAID
CLM1673,3176,2057,2023-04-19,34.00,PAID
CLM1674,3456,2085,2023-04-19,117.00,PAID
CLM1675,2182,2130,2023-04-19,146.00,DENIED
CLM1676,2184,2066,2023-04-19,45.00,PAID
CLM1677,3409,2051,2023-04-19,34.00,PAID
CLM1678,3442,2075,2023-04-19,173.00,PAID
CLM1679,1130,2035,2023-04-19,282.00,PAID
CLM1680,2822,2016,2023-04-19,115.00,PAID
CLM1681,2365,2085,2023-04-19,1120.00,PAID
CLM1682,2735,2004,2023-04-19,2536.00,PAID
CLM1683,2521,2091,2023-04-19,73.00,PAID
CLM1684,3401,2121,2023-04-19,5080.00,PAID
CLM1685,1585,2103,2023-04-20,249.00,PAID
CLM1686,3246,2134,2023-04-20,42.00,PAID
CLM1687,2955,2043,2023-04-20,161.00,PAID
CLM1688,2201,2044,2023-04-20,5239.00,PAID
CLM1689,1922,2090,2023-04-20,146.00,PAID
CLM1690,2476,2103,2023-04-20,86.00,PAID
CLM1691,1314,2036,2023-04-20,346.00,PAID
CLM1692,1885,2088,2023-04-20,1399.00,PAID
CLM1693,1220,2090,2023-04-20,145.00,PAID
CLM1694,3416,2059,2023-04-20,134.00,PAID
CLM1695,1540,2064,2023-04-20,110.00,PAID
CLM1696,2360,2029,2023-04-20,127.00,PAID
CLM1697,3031,2083,2023-04-20,31.00,PAID
CLM1698,1244,2147,2023-04-20,127.00,DENIED
CLM1699,1593,2013,2023-04-20,423.00,PAID
CLM1700,1640,2132,2023-04-20,1540.00,PAID
CLM1701,3423,2024,2023-04-20,5819.00,DENIED
CLM1702,2761,2092,2023-04-20,135.00,PAID
CLM1703,1826,2034,2023-04-20,163.00,PAID
CLM1704,3454,2028,2023-04-20,207.00,PENDING
CLM1705,2381,2045,2023-04-21,250.00,PAID
CLM1706,2618,2007,2023-04-21,36.00,PAID
CLM1707,1472,2011,2023-04-21,147.00,PAID
CLM1708,2067,2095,2023-04-21,117.00,PAID
CLM1709,2291,2085,2023-04-21,1864.00,PAID
CLM1710,2705,2033,2023-04-21,205.00,PAID
CLM1711,1186,2087,2023-04-21,319.00,PAID
CLM1712,2134,2052,2023-04-21,184.00,DENIED
CLM1713,2350,2115,2023-04-21,390.00,PAID
CLM1714,2529,2084,2023-04-21,101.00,PAID
CLM1715,1818,2085,2023-04-21,576.00,PAID
CLM1716,2917,2136,2023-04-21,305.00,PAID
CLM1717,1186,2044,2023-04-21,1058.00,PAID
CLM1718,2178,2142,2023-04-21,43.00,PAID
CLM1719,2863,2073,2023-04-21,232.00,PAID
CLM1720,2425,2131,2023-04-21,246.00,PAID
CLM1721,1944,2064,2023-04-21,292.00,DENIED
CLM1722,1568,2065,2023-04-22,1496.00,PAID
CLM1723,2672,2055,2023-04-22,315.00,PAID
CLM1724,1939,2142,2023-04-22,75.00,PAID
CLM1725,2802,2129,2023-04-22,332.00,PAID
CLM1726,1728,2014,2023-04-22,197.00,PAID
CLM1727,2333,2020,2023-04-22,1502.00,PAID
CLM1728,1191,2026,2023-04-22,98.00,PAID
CLM1729,3456,2122,2023-04-23,142.00,PAID
CLM1730,1742,2049,2023-04-23,445.00,PAID
CLM1731,1453,2085,2023-04-23,105.00,PAID
CLM1732,2284,2025,2023-04-23,29.00,PAID
CLM1733,2894,2029,2023-04-23,911.00,PAID
CLM1734,1646,2071,2023-04-23,47.00,PAID
CLM1735,3414,2068,2023-04-23,1223.00,PAID
CLM1736,3343,2102,2023-04-23,500.00,PAID
CLM1737,3317,2074,2023-04-23,292.00,PAID
CLM1738,1739,2095,2023-04-24,265.00,PAID
CLM1739,1634,2132,2023-04-24,204.00,PAID
CLM1740,2831,2046,2023-04-24,320.00,PAID
CLM1741,2047,2099,2023-04-24,98.00,PAID
CLM1742,3381,2076,2023-04-24,30.00,PAID
CLM1743,2985,2038,2023-04-24,60.00,DENIED
CLM1744,3153,2006,2023-04-24,127.00,DENIED
CLM1745,2997,2071,2023-04-24,230.00,PAID
CLM1746,3035,2127,2023-04-24,111.00,PAID
CLM1747,2903,2137,2023-04-24,121.00,PAID
CLM1748,1902,2137,2023-04-24,1340.00,PAID
CLM1749,1556,2042,2023-04-24,312.00,PAID
CLM1750,1078,2046,2023-04-24,111.00,PAID
CLM1751,1194,2126,2023-04-24,570.00,DENIED
CLM1752,2335,2043,2023-04-24,189.00,PAID
CLM1753,2138,2110,2023-04-24,77.00,DENIED
CLM1754,2307,2013,2023-04-25,113.00,PAID
CLM1755,2067,2082,2023-04-25,86.00,PAID
CLM1756,2535,2078,2023-04-25,94.00,PAID
CLM1757,2765,2038,2023-04-25,43.00,PAID
CLM1758,2734,2015,2023-04-25,119.00,PAID
CLM1759,2662,2096,2023-04-25,195.00,PAID
CLM1760,2969,2043,2023-04-25,572.00,PAID
CLM1761,1163,2080,2023-04-25,143.00,PAID
CLM1762,2901,2087,2023-04-25,279.00,PAID
CLM1763,1412,2095,2023-04-25,129.00,PAID
CLM1764,2969,2071,2023-04-25,180.00,DENIED
CLM1765,1894,2015,2023-04-25,108.00,PAID
CLM1766,1379,2040,2023-04-25,75.00,PAID
CLM1767,1701,2085,2023-04-25,1330.00,PAID
CLM1768,1193,2107,2023-04-25,94.00,PAID
CLM1769,2947,2104,2023-04-25,256.00,PAID
CLM1770,3254,2149,2023-04-25,60.00,PAID
CLM1771,2361,2124,2023-04-25,197.00,PAID
CLM1772,1608,2019,2023-04-25,254.00,PAID
CLM1773,1469,2073,2023-04-25,487.00,PAID
CLM1774,1999,2059,2023-04-26,277.00,PAID
CLM1775,2127,2076,2023-04-26,151.00,DENIED
CLM1776,2860,2113,2023-04-26,128.00,PAID
CLM1777,3109,2105,2023-04-26,958.00,PAID
CLM1778,3029,2140,2023-04-26,114.00,PAID
CLM1779,2492,2149,2023-04-26,152.00,PAID
CLM1780,2554,2105,2023-04-26,129.00,PAID
CLM1781,2169,2038,2023-04-26,437.00,PAID
CLM1782,2659,2137,2023-04-26,1674.00,PAID
CLM1783,2371,2145,2023-04-26,217.00,PAID
CLM1784,3160,2116,2023-04-26,110.00,PAID
CLM1785,2915,2091,2023-04-26,39.00,PAID
CLM1786,1408,2033,2023-04-26,31.00,PAID
CLM1787,1783,2043,2023-04-26,333.00,PAID
CLM1788,2580,2084,2023-04-26,44.00,PAID
CLM1789,3062,2015,2023-04-26,115.00,PAID
CLM1790,3486,2140,2023-04-26,110.00,PAID
CLM1791,2011,2119,2023-04-26,195.00,PAID
CLM1792,1782,2065,2023-04-26,147.00,PAID
CLM1793,1711,2030,2023-04-26,81.00,PAID
CLM1794,2831,2085,2023-04-26,115.00,PAID
CLM1795,3007,2102,2023-04-26,542.00,PAID
CLM1796,3188,2057,2023-04-27,152.00,PAID
CLM1797,1463,2083,2023-04-27,59.00,DENIED
CLM1798,1558,2013,2023-04-27,468.00,PAID
CLM1799,2627,2025,2023-04-27,204.00,PAID
CLM1800,1772,2045,2023-04-27,258.00,PAID
CLM1801,2821,2020,2023-04-27,50.00,PAID
CLM1802,3009,2136,2023-04-27,283.00,PENDING
CLM1803,1625,2100,2023-04-27,246.00,PAID
CLM1804,2184,2037,2023-04-27,168.00,PAID
CLM1805,1665,2014,2023-04-27,83.00,PAID
CLM1806,2941,2005,2023-04-27,1095.00,PAID
CLM1807,2395,2071,2023-04-27,116.00,PAID
CLM1808,2909,2075,2023-04-27,425.00,PAID
CLM1809,3290,2024,2023-04-27,4958.00,PAID
CLM1810,2722,2118,2023-04-27,379.00,PAID
CLM1811,1449,2050,2023-04-27,82.00,PAID
CLM1812,2553,2110,2023-04-27,423.00,PAID
CLM1813,1013,2052,2023-04-27,121.00,PAID
CLM1814,1832,2041,2023-04-27,113.00,DENIED
CLM1815,2098,2108,2023-04-27,131.00,PAID
CLM1816,1802,2102,2023-04-27,273.00,PAID
CLM1817,3009,2040,2023-04-27,102.00,PAID
CLM1818,3489,2034,2023-04-27,124.00,PAID
CLM1819,2858,2002,2023-04-28,57.00,PAID
CLM1820,3148,2006,2023-04-28,124.00,PAID
CLM1821,1933,2024,2023-04-28,1089.00,PAID
CLM1822,2598,2085,2023-04-28,523.00,PAID
CLM1823,2553,2137,2023-04-28,1380.00,DENIED
CLM1824,1224,2115,2023-04-28,298.00,DENIED
CLM1825,2190,2130,2023-04-28,73.00,PAID
CLM1826,1469,2049,2023-04-28,298.00,PAID
CLM1827,1207,2116,2023-04-28,411.00,DENIED
CLM1828,1458,2085,2023-04-28,1642.00,PAID
CLM1829,2410,2137,2023-04-28,175.00,DENIED
CLM1830,1344,2062,2023-04-28,260.00,PAID
CLM1831,1754,2133,2023-04-28,173.00,PAID
CLM1832,3132,2132,2023-04-28,455.00,PAID
CLM1833,3361,2004,2023-04-28,298.00,PAID
CLM1834,1947,2005,2023-04-28,1180.00,PAID
CLM1835,1724,2092,2023-04-28,139.00,PAID
CLM1836,2333,2033,2023-04-28,32.00,PAID
CLM1837,1898,2009,2023-04-28,186.00,PAID
CLM1838,1661,2044,2023-04-28,1279.00,PAID
CLM1839,1244,2003,2023-04-28,148.00,PAID
CLM1840,2342,2105,2023-04-28,1071.00,DENIED
CLM1841,1678,2142,2023-04-28,44.00,PAID
CLM1842,1953,2105,2023-04-28,1461.00,PAID
CLM1843,3458,2112,2023-04-28,70.00,PAID
CLM1844,2688,2109,2023-04-28,87.00,PAID
CLM1845,1487,2128,2023-04-28,32.00,PAID
CLM1846,1813,2014,2023-04-28,88.00,PAID
CLM1847,1277,2065,2023-04-28,150.00,PAID
CLM1848,3344,2104,2023-04-29,129.00,PAID
CLM1849,3161,2124,2023-04-29,42.00,PAID
CLM1850,3188,2041,2023-04-29,177.00,PAID
CLM1851,3152,2064,2023-04-29,62.00,DENIED
CLM1852,2598,2084,2023-04-29,50.00,PAID
CLM1853,3143,2078,2023-04-29,27.00,PAID
CLM1854,2540,2073,2023-04-29,210.00,DENIED
CLM1855,2275,2096,2023-04-30,46.00,PAID
CLM1856,2799,2100,2023-04-30,5365.00,PAID
CLM1857,2276,2022,2023-04-30,222.00,DENIED
CLM1858,1178,2082,2023-04-30,128.00,PAID
CLM1859,1194,2076,2023-04-30,393.00,PAID
CLM1860,3381,2100,2023-04-30,4909.00,PAID
CLM1861,1864,2081,2023-04-30,432.00,PAID
CLM1862,1004,2080,2023-05-01,376.00,PAID
CLM1863,2529,2024,2023-05-01,1120.00,PAID
CLM1864,1810,2095,2023-05-01,101.00,DENIED
CLM1865,2931,2014,2023-05-01,134.00,PAID
CLM1866,2898,2081,2023-05-01,133.00,PAID
CLM1867,2947,2149,2023-05-01,215.00,DENIED
CLM1868,2155,2018,2023-05-01,202.00,PAID
CLM1869,2930,2115,2023-05-01,195.00,PAID
CLM1870,3336,2024,2023-05-01,2083.00,PAID
CLM1871,1623,2103,2023-05-01,239.00,PAID
CLM1872,3175,2091,2023-05-01,141.00,DENIED
CLM1873,2380,2055,2023-05-01,121.00,DENIED
CLM1874,3361,2096,2023-05-01,75.00,DENIED
CLM1875,1946,2028,2023-05-01,158.00,PAID
CLM1876,1469,2020,2023-05-01,3986.00,DENIED
CLM1877,1368,2083,2023-05-01,446.00,PAID
CLM1878,1531,2024,2023-05-01,1243.00,PAID
CLM1879,3329,2045,2023-05-01,131.00,PAID
CLM1880,1724,2100,2023-05-01,115.00,PAID
CLM1881,2729,2143,2023-05-01,151.00,PAID
CLM1882,3241,2071,2023-05-01,241.00,DENIED
CLM1883,2430,2062,2023-05-01,204.00,PAID
CLM1884,3128,2096,2023-05-02,110.00,PAID
CLM1885,1029,2149,2023-05-02,168.00,PAID
CLM1886,3016,2140,2023-05-02,247.00,PAID
CLM1887,2844,2064,2023-05-02,28.00,PAID
CLM1888,2196,2041,2023-05-02,135.00,DENIED
CLM1889,2790,2137,2023-05-02,112.00,PAID
CLM1890,1959,2147,2023-05-02,174.00,PAID
CLM1891,3486,2040,2023-05-02,123.00,PAID
CLM1892,2423,2130,2023-05-02,502.00,PAID
CLM1893,2324,2068,2023-05-02,243.00,PAID
CLM1894,2663,2128,2023-05-02,34.00,PAID
CLM1895,1854,2076,2023-05-02,143.00,PAID
CLM1896,1383,2085,2023-05-02,155.00,PAID
CLM1897,1032,2057,2023-05-02,63.00,PAID
CLM1898,2190,2136,2023-05-02,114.00,PAID
CLM1899,3004,2074,2023-05-02,305.00,DENIED
CLM1900,2162,2120,2023-05-02,49.00,PAID
CLM1901,2529,2147,2023-05-02,289.00,DENIED
CLM1902,1198,2083,2023-05-02,223.00,PAID
CLM1903,1505,2091,2023-05-02,130.00,DENIED
CLM1904,1306,2110,2023-05-02,123.00,PAID
CLM1905,1113,2077,2023-05-02,88.00,PAID
CLM1906,3008,2050,2023-05-03,52.00,PAID
CLM1907,2865,2084,2023-05-03,133.00,PAID
CLM1908,2067,2013,2023-05-03,503.00,DENIED
CLM1909,2652,2120,2023-05-03,42.00,PAID
CLM1910,1066,2060,2023-05-03,51.00,PAID
CLM1911,2230,2102,2023-05-03,415.00,PAID
CLM1912,1894,2131,2023-05-03,53.00,PAID
CLM1913,1943,2015,2023-05-03,1479.00,PAID
CLM1914,3002,2092,2023-05-03,55.00,PAID
CLM1915,2060,2020,2023-05-03,193.00,PAID
CLM1916,1945,2126,2023-05-03,303.00,PAID
CLM1917,2402,2022,2023-05-03,28.00,PAID
CLM1918,1315,2044,2023-05-03,302.00,DENIED
CLM1919,2152,2116,2023-05-03,85.00,PAID
CLM1920,2244,2096,2023-05-03,42.00,DENIED
CLM1921,1417,2122,2023-05-03,66.00,PAID
CLM1922,1835,2114,2023-05-03,133.00,PAID
CLM1923,1748,2145,2023-05-03,43.00,PAID
CLM1924,2662,2039,2023-05-03,144.00,PAID
CLM1925,1787,2037,2023-05-03,258.00,PAID
CLM1926,3089,2118,2023-05-03,118.00,DENIED
CLM1927,1895,2029,2023-05-03,264.00,PAID
CLM1928,2544,2070,2023-05-04,87.00,PAID
CLM1929,2752,2021,2023-05-04,92.00,PAID
CLM1930,1057,2065,2023-05-04,59.00,PAID
CLM1931,3252,2144,2023-05-04,296.00,PAID
CLM1932,3496,2013,2023-05-04,125.00,PAID
CLM1933,1886,2126,2023-05-04,142.00,PAID
CLM1934,2398,2044,2023-05-04,4582.00,PAID
CLM1935,2460,2077,2023-05-04,23.00,PAID
CLM1936,2390,2045,2023-05-04,108.00,PAID
CLM1937,1260,2072,2023-05-04,76.00,DENIED
CLM1938,1573,2117,2023-05-04,196.00,PAID
CLM1939,1086,2106,2023-05-04,287.00,PAID
CLM1940,1715,2053,2023-05-04,153.00,PAID
CLM1941,1354,2088,2023-05-04,139.00,PAID
CLM1942,3387,2140,2023-05-04,130.00,PAID
CLM1943,3411,2105,2023-05-04,1150.00,PAID
CLM1944,3458,2085,2023-05-04,117.00,PAID
CLM1945,1098,2018,2023-05-04,204.00,PAID
CLM1946,2132,2143,2023-05-04,366.00,PAID
CLM1947,1008,2084,2023-05-04,100.00,PAID
CLM1948,1010,2078,2023-05-04,97.00,PAID
CLM1949,2159,2101,2023-05-04,239.00,PAID
CLM1950,2315,2020,2023-05-04,1597.00,DENIED
CLM1951,2596,2077,2023-05-04,95.00,PAID
CLM1952,2132,2121,2023-05-05,136.00,DENIED
CLM1953,1381,2012,2023-05-05,181.00,PAID
CLM1954,3284,2129,2023-05-05,93.00,DENIED
CLM1955,2695,2002,2023-05-05,221.00,DENIED
CLM1956,2959,2128,2023-05-05,42.00,PAID
CLM1957,2266,2021,2023-05-05,100.00,PAID
CLM1958,1654,2104,2023-05-05,417.00,DENIED
CLM1959,1202,2064,2023-05-05,70.00,PAID
CLM1960,3450,2059,2023-05-05,342.00,DENIED
CLM1961,3056,2017,2023-05-05,160.00,PAID
CLM1962,1403,2070,2023-05-05,55.00,PAID
CLM1963,2300,2147,2023-05-05,297.00,PAID
CLM1964,1764,2068,2023-05-05,622.00,PAID
CLM1965,2997,2060,2023-05-05,44.00,PAID
CLM1966,3442,2015,2023-05-05,394.00,PAID
CLM1967,1449,2140,2023-05-06,271.00,PAID
CLM1968,2119,2047,2023-05-06,163.00,PAID
CLM1969,1723,2061,2023-05-06,120.00,PAID
CLM1970,2603,2044,2023-05-06,292.00,PAID
CLM1971,2803,2082,2023-05-07,147.00,DENIED
CLM1972,3049,2057,2023-05-07,135.00,PAID
CLM1973,2667,2147,2023-05-07,311.00,PAID
CLM1974,3399,2044,2023-05-07,142.00,DENIED
CLM1975,1650,2042,2023-05-07,339.00,PAID
CLM1976,1304,2017,2023-05-07,72.00,PAID
CLM1977,2903,2028,2023-05-07,208.00,PAID
CLM1978,1026,2088,2023-05-08,148.00,PAID
CLM1979,3354,2069,2023-05-08,123.00,DENIED
CLM1980,3489,2092,2023-05-08,83.00,PAID
CLM1981,2786,2068,2023-05-08,1055.00,PAID
CLM1982,2762,2091,2023-05-08,152.00,PAID
CLM1983,1031,2043,2023-05-08,169.00,PAID
CLM1984,3088,2103,2023-05-08,35.00,DENIED
CLM1985,2047,2007,2023-05-08,82.00,PAID
CLM1986,2544,2093,2023-05-08,185.00,PAID
CLM1987,3311,2027,2023-05-08,191.00,PAID
CLM1988,3410,2053,2023-05-08,171.00,PAID
CLM1989,1318,2149,2023-05-08,272.00,PAID
CLM1990,2717,2037,2023-05-08,256.00,PAID
CLM1991,1912,2129,2023-05-08,117.00,PAID
CLM1992,2185,2040,2023-05-08,59.00,PAID
CLM1993,1764,2057,2023-05-08,29.00,PAID
CLM1994,1234,2137,2023-05-08,147.00,PAID
CLM1995,2612,2082,2023-05-08,401.00,PAID
CLM1996,1367,2140,2023-05-08,123.00,PAID
CLM1997,2177,2021,2023-05-09,147.00,PAID
CLM1998,1058,2099,2023-05-09,47.00,PAID
CLM1999,1923,2114,2023-05-09,37.00,PAID
CLM2000,3161,2040,2023-05-09,32.00,DENIED
CLM2001,2959,2098,2023-05-09,155.00,PAID
CLM2002,2783,2147,2023-05-09,278.00,DENIED
CLM2003,1817,2022,2023-05-09,59.00,PAID
CLM2004,1040,2100,2023-05-09,270.00,PAID
CLM2005,1818,2106,2023-05-09,47.00,PAID
CLM2006,3118,2069,2023-05-09,322.00,PAID
CLM2007,2070,2133,2023-05-09,99.00,PAID
CLM2008,1787,2043,2023-05-09,391.00,PAID
CLM2009,2360,2045,2023-05-09,5615.00,DENIED
CLM2010,2507,2017,2023-05-09,30.00,PAID
CLM2011,1786,2089,2023-05-09,67.00,PAID
CLM2012,1232,2087,2023-05-09,941.00,DENIED
CLM2013,3496,2024,2023-05-10,855.00,PAID
CLM2014,2819,2077,2023-05-10,40.00,DENIED
CLM2015,1362,2070,2023-05-10,54.00,PAID
CLM2016,2456,2064,2023-05-10,212.00,PAID
CLM2017,3148,2061,2023-05-10,161.00,PAID
CLM2018,1662,2057,2023-05-10,44.00,PAID
CLM2019,1847,2118,2023-05-10,104.00,PAID
CLM2020,2827,2006,2023-05-10,260.00,PAID
CLM2021,2273,2075,2023-05-10,152.00,PAID
CLM2022,3490,2098,2023-05-10,47.00,DENIED
CLM2023,2382,2024,2023-05-10,1065.00,PAID
CLM2024,1349,2076,2023-05-10,32.00,PAID
CLM2025,2650,2062,2023-05-10,40.00,PAID
CLM2026,2875,2137,2023-05-10,502.00,PAID
CLM2027,1881,2136,2023-05-10,139.00,PAID
CLM2028,1402,2004,2023-05-10,294.00,PAID
CLM2029,3328,2134,2023-05-10,313.00,PAID
CLM2030,1210,2114,2023-05-11,401.00,PAID
CLM2031,1429,2098,2023-05-11,44.00,PAID
CLM2032,1649,2006,2023-05-11,138.00,DENIED
CLM2033,3331,2034,2023-05-11,123.00,PAID
CLM2034,1607,2002,2023-05-11,69.00,PAID
CLM2035,1276,2106,2023-05-11,102.00,PAID
CLM2036,3461,2064,2023-05-11,139.00,PAID
CLM2037,2705,2023,2023-05-11,295.00,PAID
CLM2038,3137,2104,2023-05-11,523.00,DENIED
CLM2039,2563,2068,2023-05-11,120.00,PAID
CLM2040,2038,2040,2023-05-11,277.00,PAID
CLM2041,3007,2076,2023-05-11,205.00,PAID
CLM2042,1110,2088,2023-05-11,781.00,PAID
CLM2043,3200,2086,2023-05-11,35.00,PAID
CLM2044,3007,2065,2023-05-11,184.00,PAID
CLM2045,1402,2048,2023-05-11,142.00,PAID
CLM2046,1795,2031,2023-05-11,65.00,PAID
CLM2047,1810,2088,2023-05-11,131.00,DENIED
CLM2048,1004,2058,2023-05-11,390.00,PAID
CLM2049,2914,2057,2023-05-11,46.00,PAID
CLM2050,2586,2084,2023-05-11,85.00,DENIED
CLM2051,1444,2015,2023-05-11,1989.00,PAID
CLM2052,2088,2135,2023-05-11,3647.00,DENIED
CLM2053,1458,2020,2023-05-11,579.00,DENIED
CLM2054,1251,2039,2023-05-11,42.00,PAID
CLM2055,2423,2070,2023-05-11,79.00,PAID
CLM2056,2451,2092,2023-05-11,575.00,PAID
CLM2057,2315,2116,2023-05-11,31.00,PAID
CLM2058,2671,2131,2023-05-12,2667.00,PAID
CLM2059,1298,2005,2023-05-12,264.00,PAID
CLM2060,2225,2066,2023-05-12,443.00,DENIED
CLM2061,1855,2097,2023-05-12,106.00,PAID
CLM2062,2366,2115,2023-05-12,445.00,PAID
CLM2063,1100,2078,2023-05-12,162.00,PAID
CLM2064,3196,2102,2023-05-12,188.00,DENIED
CLM2065,2107,2093,2023-05-12,181.00,PAID
CLM2066,2107,2102,2023-05-12,278.00,PAID
CLM2067,2378,2038,2023-05-12,77.00,PAID
CLM2068,3141,2014,2023-05-12,35.00,PAID
CLM2069,2007,2108,2023-05-12,620.00,PAID
CLM2070,3393,2126,2023-05-12,172.00,PAID
CLM2071,1563,2038,2023-05-12,243.00,PAID
CLM2072,1796,2064,2023-05-12,177.00,PAID
CLM2073,3173,2053,2023-05-12,421.00,PAID
CLM2074,2342,2072,2023-05-13,37.00,DENIED
CLM2075,3414,2121,2023-05-13,1226.00,PAID
CLM2076,1342,2098,2023-05-13,313.00,PAID
CLM2077,3364,2075,2023-05-13,33.00,PAID
CLM2078,1296,2058,2023-05-13,187.00,PAID
CLM2079,2758,2036,2023-05-13,133.00,PAID
CLM2080,3158,2024,2023-05-13,119.00,PAID
CLM2081,2908,2081,2023-05-14,277.00,PAID
CLM2082,1239,2010,2023-05-14,273.00,DENIED
CLM2083,2337,2150,2023-05-14,74.00,PAID
CLM2084,2752,2041,2023-05-14,511.00,PAID
CLM2085,3018,2013,2023-05-14,5522.00,DENIED
CLM2086,2729,2147,2023-05-14,272.00,PAID
CLM2087,1527,2004,2023-05-14,137.00,PAID
CLM2088,1763,2097,2023-05-15,56.00,PAID
CLM2089,2599,2103,2023-05-15,112.00,PAID
CLM2090,1623,2022,2023-05-15,160.00,PAID
CLM2091,3150,2004,2023-05-15,156.00,PAID
CLM2092,1631,2064,2023-05-15,77.00,PENDING
CLM2093,3034,2139,2023-05-15,82.00,PAID
CLM2094,1317,2070,2023-05-15,42.00,PAID
CLM2095,1421,2074,2023-05-15,638.00,PAID
CLM2096,3013,2084,2023-05-15,135.00,DENIED
CLM2097,2203,2056,2023-05-15,209.00,PAID
CLM2098,1958,2043,2023-05-15,35.00,DENIED
CLM2099,2843,2033,2023-05-15,124.00,PAID
CLM2100,3164,2032,2023-05-15,35.00,PAID
CLM2101,1066,2142,2023-05-15,195.00,PAID
CLM2102,3411,2022,2023-05-15,87.00,DENIED
CLM2103,1938,2072,2023-05-15,55.00,PAID
CLM2104,1711,2037,2023-05-15,1567.00,PAID
CLM2105,2128,2138,2023-05-15,80.00,PAID
CLM2106,1067,2074,2023-05-16,248.00,DENIED
CLM2107,1813,2084,2023-05-16,177.00,PAID
CLM2108,2592,2069,2023-05-16,1321.00,PAID
CLM2109,3289,2128,2023-05-16,35.00,PAID
CLM2110,2789,2020,2023-05-16,367.00,DENIED
CLM2111,3031,2061,2023-05-16,45.00,PAID
CLM2112,3470,2037,2023-05-16,46.00,PAID
CLM2113,3384,2103,2023-05-16,122.00,PAID
CLM2114,2735,2137,2023-05-16,172.00,DENIED
CLM2115,2670,2037,2023-05-16,93.00,PAID
CLM2116,1879,2011,2023-05-16,182.00,PAID
CLM2117,3209,2143,2023-05-16,349.00,PAID
CLM2118,3254,2028,2023-05-16,50.00,PAID
CLM2119,1104,2109,2023-05-16,124.00,PAID
CLM2120,1104,2069,2023-05-16,4938.00,PAID
CLM2121,1378,2139,2023-05-16,38.00,PAID
CLM2122,3180,2050,2023-05-16,182.00,PAID
CLM2123,3249,2105,2023-05-16,1005.00,PAID
CLM2124,1260,2088,2023-05-16,1254.00,DENIED
CLM2125,2230,2053,2023-05-16,31.00,PAID
CLM2126,2763,2035,2023-05-16,137.00,PAID
CLM2127,3428,2137,2023-05-16,108.00,PAID
CLM2128,2216,2009,2023-05-17,39.00,PAID
CLM2129,2107,2011,2023-05-17,46.00,PAID
CLM2130,1442,2123,2023-05-17,100.00,PAID
CLM2131,2389,2013,2023-05-17,1636.00,PAID
CLM2132,2671,2112,2023-05-17,206.00,PAID
CLM2133,1818,2085,2023-05-17,157.00,PAID
CLM2134,1563,2104,2023-05-17,114.00,PAID
CLM2135,3043,2033,2023-05-17,150.00,DENIED
CLM2136,2712,2013,2023-05-17,133.00,PAID
CLM2137,2563,2087,2023-05-17,120.00,PAID
CLM2138,1945,2075,2023-05-17,105.00,PAID
CLM2139,1308,2082,2023-05-17,127.00,PAID
CLM2140,1087,2140,2023-05-17,116.00,PAID
CLM2141,3004,2011,2023-05-17,208.00,PAID
CLM2142,1772,2100,2023-05-17,134.00,PAID
CLM2143,2105,2061,2023-05-17,126.00,PAID
CLM2144,1831,2044,2023-05-17,153.00,DENIED
CLM2145,2460,2091,2023-05-17,94.00,PAID
CLM2146,2134,2057,2023-05-17,130.00,PAID
CLM2147,1218,2128,2023-05-17,152.00,PAID
CLM2148,2283,2068,2023-05-17,250.00,PAID
CLM2149,1911,2105,2023-05-17,128.00,PAID
CLM2150,2621,2009,2023-05-17,227.00,PAID
CLM2151,1748,2085,2023-05-18,703.00,PAID
CLM2152,2983,2003,2023-05-18,100.00,PAID
CLM2153,1041,2105,2023-05-18,322.00,DENIED
CLM2154,3080,2012,2023-05-18,94.00,PAID
CLM2155,1795,2018,2023-05-18,33.00,PAID
CLM2156,1335,2037,2023-05-18,85.00,PAID
CLM2157,3257,2029,2023-05-18,1428.00,PAID
CLM2158,2897,2127,2023-05-18,75.00,PAID
CLM2159,2361,2050,2023-05-18,31.00,PAID
CLM2160,2822,2072,2023-05-18,37.00,PAID
CLM2161,1326,2130,2023-05-18,71.00,PAID
CLM2162,1188,2014,2023-05-18,144.00,DENIED
CLM2163,1612,2088,2023-05-18,1702.00,DENIED
CLM2164,2367,2028,2023-05-18,91.00,PAID
CLM2165,2659,2126,2023-05-18,128.00,PAID
CLM2166,3322,2022,2023-05-18,31.00,PAID
CLM2167,2191,2060,2023-05-18,50.00,PAID
CLM2168,2577,2066,2023-05-18,195.00,PAID
CLM2169,1071,2137,2023-05-18,481.00,PAID
CLM2170,1610,2030,2023-05-18,151.00,PAID
CLM2171,2093,2137,2023-05-18,666.00,DENIED
CLM2172,2740,2001,2023-05-19,52.00,DENIED
CLM2173,3321,2128,2023-05-19,215.00,PAID
CLM2174,1612,2071,2023-05-19,1701.00,PAID
CLM2175,2577,2037,2023-05-19,103.00,PAID
CLM2176,1754,2034,2023-05-19,28.00,PAID
CLM2177,1517,2090,2023-05-19,202.00,PAID
CLM2178,1342,2079,2023-05-19,426.00,PAID
CLM2179,1881,2033,2023-05-19,182.00,PAID
CLM2180,1832,2068,2023-05-19,109.00,PAID
CLM2181,3106,2004,2023-05-19,1347.00,DENIED
CLM2182,3358,2004,2023-05-19,136.00,PAID
CLM2183,1326,2014,2023-05-19,190.00,PAID
CLM2184,1681,2015,2023-05-19,128.00,PAID
CLM2185,1887,2089,2023-05-19,79.00,PAID
CLM2186,1296,2082,2023-05-19,196.00,PAID
CLM2187,1308,2056,2023-05-19,506.00,PAID
CLM2188,3308,2074,2023-05-19,282.00,PAID
CLM2189,2526,2026,2023-05-19,36.00,DENIED
CLM2190,2291,2036,2023-05-20,463.00,PAID
CLM2191,3221,2078,2023-05-20,28.00,PAID
CLM2192,1823,2105,2023-05-20,118.00,PAID
CLM2193,3217,2097,2023-05-20,218.00,PAID
CLM2194,3180,2052,2023-05-20,138.00,PAID
CLM2195,1229,2051,2023-05-20,89.00,PAID
CLM2196,3047,2145,2023-05-21,64.00,PAID
CLM2197,3133,2025,2023-05-21,352.00,PAID
CLM2198,1828,2031,2023-05-21,73.00,PAID
CLM2199,1381,2078,2023-05-21,57.00,PAID
CLM2200,2577,2037,2023-05-21,1657.00,PAID
CLM2201,1731,2043,2023-05-22,39.00,DENIED
CLM2202,1517,2016,2023-05-22,138.00,PAID
CLM2203,3264,2044,2023-05-22,164.00,PAID
CLM2204,1571,2128,2023-05-22,90.00,PAID
CLM2205,1328,2015,2023-05-22,1745.00,PAID
CLM2206,2622,2051,2023-05-22,313.00,DENIED
CLM2207,2652,2093,2023-05-22,162.00,PAID
CLM2208,2067,2026,2023-05-22,141.00,PAID
CLM2209,2925,2013,2023-05-22,490.00,PAID
CLM2210,3180,2137,2023-05-22,940.00,DENIED
CLM2211,2659,2064,2023-05-22,197.00,PAID
CLM2212,1667,2060,2023-05-22,234.00,PAID
CLM2213,1884,2081,2023-05-22,125.00,PAID
CLM2214,2986,2059,2023-05-22,284.00,DENIED
CLM2215,2136,2004,2023-05-22,1291.00,PAID
CLM2216,2452,2013,2023-05-22,280.00,DENIED
CLM2217,2704,2020,2023-05-22,209.00,PAID
CLM2218,2130,2131,2023-05-23,46.00,DENIED
CLM2219,2953,2020,2023-05-23,234.00,PAID
CLM2220,1441,2002,2023-05-23,352.00,PAID
CLM2221,3468,2004,2023-05-23,283.00,PAID
CLM2222,3069,2085,2023-05-23,108.00,PAID
CLM2223,1152,2064,2023-05-23,62.00,PAID
CLM2224,1804,2068,2023-05-23,414.00,DENIED
CLM2225,2278,2081,2023-05-23,248.00,PAID
CLM2226,1285,2090,2023-05-23,641.00,PAID
CLM2227,1737,2077,2023-05-23,75.00,PAID
CLM2228,3263,2029,2023-05-23,1277.00,PAID
CLM2229,3383,2057,2023-05-23,47.00,PAID
CLM2230,3132,2140,2023-05-23,140.00,PAID
CLM2231,1864,2015,2023-05-23,1681.00,DENIED
CLM2232,2200,2121,2023-05-23,1274.00,DENIED
CLM2233,2858,2046,2023-05-24,126.00,PAID
CLM2234,3215,2068,2023-05-24,1244.00,DENIED
CLM2235,1086,2016,2023-05-24,46.00,PAID
CLM2236,1289,2053,2023-05-24,217.00,PAID
CLM2237,3139,2071,2023-05-24,151.00,DENIED
CLM2238,1161,2038,2023-05-24,150.00,PAID
CLM2239,1894,2015,2023-05-24,1843.00,PAID
CLM2240,2989,2044,2023-05-24,172.00,PAID
CLM2241,1458,2018,2023-05-24,264.00,PAID
CLM2242,3210,2008,2023-05-24,33.00,PAID
CLM2243,2531,2088,2023-05-24,163.00,PAID
CLM2244,3270,2066,2023-05-24,33.00,PAID
CLM2245,2851,2075,2023-05-24,57.00,PAID
CLM2246,3117,2015,2023-05-24,117.00,PAID
CLM2247,1402,2130,2023-05-24,92.00,PAID
CLM2248,1287,2028,2023-05-24,190.00,PAID
CLM2249,1247,2060,2023-05-24,47.00,PAID
CLM2250,3125,2103,2023-05-24,219.00,PAID
CLM2251,3300,2116,2023-05-24,138.00,PENDING
CLM2252,1407,2131,2023-05-24,3556.00,PAID
CLM2253,3134,2038,2023-05-24,116.00,PAID
CLM2254,1294,2067,2023-05-24,208.00,DENIED
CLM2255,1540,2081,2023-05-24,119.00,PAID
CLM2256,2714,2083,2023-05-24,215.00,PAID
CLM2257,1161,2100,2023-05-24,550.00,PAID
CLM2258,2763,2141,2023-05-24,334.00,PAID
CLM2259,2039,2147,2023-05-25,111.00,PAID
CLM2260,1455,2096,2023-05-25,120.00,PAID
CLM2261,3378,2132,2023-05-25,2936.00,PAID
CLM2262,1154,2021,2023-05-25,207.00,DENIED
CLM2263,3200,2058,2023-05-25,332.00,PAID
CLM2264,1469,2056,2023-05-25,118.00,PAID
CLM2265,1886,2099,2023-05-25,45.00,DENIED
CLM2266,1431,2150,2023-05-25,191.00,PAID
CLM2267,3455,2140,2023-05-25,243.00,PAID
CLM2268,2579,2114,2023-05-25,347.00,PAID
CLM2269,1711,2043,2023-05-25,334.00,PAID
CLM2270,3145,2119,2023-05-25,44.00,PAID
CLM2271,2106,2009,2023-05-25,39.00,PAID
CLM2272,1527,2055,2023-05-25,109.00,PAID
CLM2273,1933,2011,2023-05-25,32.00,PAID
CLM2274,2729,2112,2023-05-25,196.00,PAID
CLM2275,3367,2013,2023-05-25,228.00,PAID
CLM2276,2280,2062,2023-05-26,198.00,PAID
CLM2277,1354,2074,2023-05-26,298.00,PAID
CLM2278,1351,2141,2023-05-26,36.00,PAID
CLM2279,1732,2100,2023-05-26,112.00,PAID
CLM2280,1258,2080,2023-05-26,135.00,PAID
CLM2281,1109,2111,2023-05-26,35.00,PAID
CLM2282,3430,2068,2023-05-26,123.00,PENDING
CLM2283,1067,2090,2023-05-26,81.00,PAID
CLM2284,2854,2085,2023-05-26,1393.00,PAID
CLM2285,1612,2057,2023-05-26,101.00,PAID
CLM2286,2011,2012,2023-05-26,205.00,PAID
CLM2287,2140,2074,2023-05-26,354.00,PAID
CLM2288,3123,2072,2023-05-26,31.00,DENIED
CLM2289,1162,2096,2023-05-26,243.00,PAID
CLM2290,2500,2075,2023-05-27,257.00,PAID
CLM2291,2218,2037,2023-05-27,141.00,PAID
CLM2292,3057,2089,2023-05-27,72.00,DENIED
CLM2293,2171,2089,2023-05-27,132.00,PAID
CLM2294,2828,2129,2023-05-27,98.00,PAID
CLM2295,1676,2071,2023-05-27,183.00,PAID
CLM2296,2962,2060,2023-05-27,43.00,DENIED
CLM2297,1122,2081,2023-05-28,273.00,DENIED
CLM2298,1830,2019,2023-05-28,176.00,PAID
CLM2299,1090,2038,2023-05-28,32.00,PAID
CLM2300,1751,2088,2023-05-28,999.00,PAID
CLM2301,1651,2105,2023-05-29,857.00,PAID
CLM2302,1294,2133,2023-05-29,27.00,PAID
CLM2303,2038,2100,2023-05-29,1401.00,PAID
CLM2304,1680,2032,2023-05-29,180.00,PAID
CLM2305,1930,2131,2023-05-29,51.00,PAID
CLM2306,2416,2034,2023-05-29,58.00,PAID
CLM2307,1607,2109,2023-05-29,176.00,PAID
CLM2308,1776,2039,2023-05-29,33.00,DENIED
CLM2309,2871,2045,2023-05-29,130.00,PAID
CLM2310,2714,2100,2023-05-29,5162.00,PAID
CLM2311,3450,2131,2023-05-29,48.00,PAID
CLM2312,2358,2047,2023-05-29,204.00,PAID
CLM2313,2500,2067,2023-05-29,209.00,PAID
CLM2314,2532,2148,2023-05-29,112.00,PAID
CLM2315,1802,2096,2023-05-29,110.00,DENIED
CLM2316,1715,2017,2023-05-30,265.00,PAID
CLM2317,2071,2085,2023-05-30,2311.00,PAID
CLM2318,1522,2043,2023-05-30,292.00,PAID
CLM2319,2239,2004,2023-05-30,293.00,PAID
CLM2320,1209,2092,2023-05-30,33.00,PAID
CLM2321,2276,2142,2023-05-30,161.00,PAID
CLM2322,1785,2064,2023-05-30,246.00,PAID
CLM2323,1931,2029,2023-05-30,144.00,PAID
CLM2324,2883,2045,2023-05-30,1429.00,PAID
CLM2325,2478,2134,2023-05-30,139.00,PAID
CLM2326,2741,2024,2023-05-30,123.00,PAID
CLM2327,3203,2095,2023-05-30,56.00,PAID
CLM2328,3004,2150,2023-05-30,98.00,PAID
CLM2329,1277,2087,2023-05-31,127.00,DENIED
CLM2330,3471,2118,2023-05-31,236.00,PAID
CLM2331,2825,2029,2023-05-31,1010.00,PAID
CLM2332,1434,2148,2023-05-31,191.00,DENIED
CLM2333,1103,2046,2023-05-31,30.00,PAID
CLM2334,1772,2087,2023-05-31,174.00,PAID
CLM2335,2155,2069,2023-05-31,127.00,PAID
CLM2336,3243,2098,2023-05-31,151.00,PAID
CLM2337,3484,2136,2023-05-31,411.00,PAID
CLM2338,1027,2045,2023-05-31,139.00,PAID
CLM2339,3279,2040,2023-05-31,53.00,PAID
CLM2340,1147,2071,2023-05-31,135.00,DENIED
CLM2341,2041,2137,2023-05-31,901.00,DENIED
CLM2342,2782,2123,2023-05-31,181.00,PAID
CLM2343,2360,2102,2023-05-31,349.00,PAID
CLM2344,1728,2021,2023-05-31,484.00,PAID
CLM2345,1620,2009,2023-05-31,36.00,PAID
CLM2346,3000,2062,2023-05-31,210.00,PAID
CLM2347,3448,2082,2023-05-31,290.00,DENIED
CLM2348,2501,2095,2023-05-31,187.00,PAID
CLM2349,1773,2039,2023-05-31,83.00,PAID
CLM2350,2940,2056,2023-06-01,146.00,PAID
CLM2351,2282,2043,2023-06-01,91.00,DENIED
CLM2352,2583,2091,2023-06-01,78.00,PAID
CLM2353,2575,2048,2023-06-01,523.00,PAID
CLM2354,1055,2004,2023-06-01,1334.00,PAID
CLM2355,1505,2069,2023-06-01,1256.00,PAID
CLM2356,3233,2061,2023-06-01,129.00,DENIED
CLM2357,2056,2035,2023-06-01,36.00,PAID
CLM2358,1523,2056,2023-06-01,557.00,PAID
CLM2359,1938,2002,2023-06-01,153.00,DENIED
CLM2360,3158,2021,2023-06-01,46.00,PAID
CLM2361,2254,2047,2023-06-01,174.00,PAID
CLM2362,2681,2120,2023-06-01,101.00,DENIED
CLM2363,1596,2098,2023-06-01,43.00,PAID
CLM2364,2529,2094,2023-06-01,612.00,PAID
CLM2365,1458,2018,2023-06-01,174.00,PAID
CLM2366,1654,2064,2023-06-01,41.00,PAID
CLM2367,3069,2140,2023-06-01,416.00,PAID
CLM2368,1958,2042,2023-06-01,90.00,PAID
CLM2369,1095,2022,2023-06-01,126.00,PAID
CLM2370,1553,2140,2023-06-01,110.00,PAID
CLM2371,1228,2042,2023-06-01,74.00,PAID
CLM2372,2502,2111,2023-06-01,193.00,PAID
CLM2373,3215,2037,2023-06-02,90.00,PAID
CLM2374,1845,2118,2023-06-02,223.00,PAID
CLM2375,1518,2041,2023-06-02,134.00,PAID
CLM2376,2581,2124,2023-06-02,332.00,PAID
CLM2377,2257,2045,2023-06-02,140.00,PAID
CLM2378,1507,2079,2023-06-02,133.00,PAID
CLM2379,3489,2137,2023-06-02,590.00,PAID
CLM2380,2947,2126,2023-06-02,452.00,DENIED
CLM2381,3015,2098,2023-06-02,254.00,PAID
CLM2382,1497,2028,2023-06-02,35.00,PAID
CLM2383,2947,2115,2023-06-02,280.00,DENIED
CLM2384,2067,2116,2023-06-02,141.00,PAID
CLM2385,1667,2116,2023-06-02,54.00,PAID
CLM2386,1362,2034,2023-06-02,91.00,PAID
CLM2387,2431,2054,2023-06-02,91.00,PAID
CLM2388,2942,2017,2023-06-02,58.00,PAID
CLM2389,2987,2028,2023-06-02,51.00,PAID
CLM2390,2731,2016,2023-06-02,141.00,DENIED
CLM2391,2803,2097,2023-06-02,189.00,PAID
CLM2392,1633,2118,2023-06-03,152.00,DENIED
CLM2393,1104,2037,2023-06-03,207.00,DENIED
CLM2394,1684,2025,2023-06-03,366.00,PAID
CLM2395,1074,2085,2023-06-03,1205.00,PAID
CLM2396,1728,2147,2023-06-03,120.00,PAID
CLM2397,2298,2081,2023-06-03,316.00,PAID
CLM2398,3294,2112,2023-06-03,262.00,PAID
CLM2399,3275,2118,2023-06-03,175.00,PAID
CLM2400,1852,2058,2023-06-04,112.00,PAID
CLM2401,3111,2002,2023-06-04,33.00,PAID
CLM2402,3048,2066,2023-06-05,184.00,PAID
CLM2403,1822,2013,2023-06-05,250.00,PAID
CLM2404,1919,2039,2023-06-05,77.00,PAID
CLM2405,3050,2143,2023-06-05,263.00,PAID
CLM2406,2807,2142,2023-06-05,77.00,PAID
CLM2407,2363,2069,2023-06-05,996.00,PAID
CLM2408,3114,2076,2023-06-05,41.00,PAID
CLM2409,1691,2087,2023-06-05,4699.00,PAID
CLM2410,3120,2118,2023-06-05,193.00,PAID
CLM2411,3024,2150,2023-06-05,154.00,PAID
CLM2412,2392,2082,2023-06-05,35.00,PAID
CLM2413,2235,2012,2023-06-05,143.00,PAID
CLM2414,2571,2062,2023-06-05,178.00,PAID
CLM2415,1007,2097,2023-06-05,126.00,PAID
CLM2416,2888,2143,2023-06-05,478.00,PAID
CLM2417,1126,2147,2023-06-06,201.00,PAID
CLM2418,2111,2033,2023-06-06,115.00,PAID
CLM2419,1215,2012,2023-06-06,169.00,PAID
CLM2420,2787,2086,2023-06-06,168.00,PAID
CLM2421,1967,2083,2023-06-06,68.00,PAID
CLM2422,1564,2052,2023-06-06,139.00,PAID
CLM2423,1515,2043,2023-06-06,179.00,PAID
CLM2424,1202,2086,2023-06-06,128.00,PAID
CLM2425,1732,2072,2023-06-06,156.00,PAID
CLM2426,2687,2051,2023-06-06,137.00,PAID
CLM2427,1352,2102,2023-06-06,159.00,DENIED
CLM2428,1095,2131,2023-06-06,546.00,PAID
CLM2429,2444,2040,2023-06-06,347.00,PAID
CLM2430,3139,2025,2023-06-06,27.00,DENIED
CLM2431,3187,2110,2023-06-06,437.00,PAID
CLM2432,2203,2136,2023-06-06,269.00,PAID
CLM2433,2190,2071,2023-06-06,226.00,DENIED
CLM2434,2579,2091,2023-06-06,27.00,DENIED
CLM2435,1762,2041,2023-06-06,117.00,PAID
CLM2436,1427,2057,2023-06-06,175.00,PAID
CLM2437,3180,2081,2023-06-06,294.00,PAID
CLM2438,2046,2065,2023-06-06,99.00,PAID
CLM2439,3247,2106,2023-06-06,59.00,PAID
CLM2440,3141,2008,2023-06-06,53.00,PAID
CLM2441,2353,2075,2023-06-06,187.00,PAID
CLM2442,2393,2012,2023-06-06,28.00,PAID
CLM2443,1759,2047,2023-06-06,136.00,DENIED
CLM2444,3096,2107,2023-06-06,138.00,DENIED
CLM2445,3098,2072,2023-06-06,39.00,PAID
CLM2446,2437,2024,2023-06-06,139.00,PAID
CLM2447,3487,2098,2023-06-07,78.00,PAID
CLM2448,1667,2076,2023-06-07,56.00,PAID
CLM2449,1594,2084,2023-06-07,186.00,DENIED
CLM2450,1621,2072,2023-06-07,141.00,PAID
CLM2451,2390,2073,2023-06-07,456.00,PAID
CLM2452,2423,2087,2023-06-07,1404.00,DENIED
CLM2453,1607,2020,2023-06-07,435.00,PAID
CLM2454,1735,2087,2023-06-07,785.00,PAID
CLM2455,1837,2057,2023-06-07,352.00,PAID
CLM2456,2901,2105,2023-06-07,137.00,PAID
CLM2457,3455,2109,2023-06-07,66.00,PAID
CLM2458,1038,2076,2023-06-07,30.00,PAID
CLM2459,2627,2020,2023-06-07,397.00,PAID
CLM2460,3254,2041,2023-06-07,188.00,DENIED
CLM2461,1423,2053,2023-06-08,61.00,PAID
CLM2462,3080,2026,2023-06-08,229.00,PAID
CLM2463,2810,2095,2023-06-08,100.00,DENIED
CLM2464,3377,2015,2023-06-08,131.00,DENIED
CLM2465,2629,2074,2023-06-08,501.00,PAID
CLM2466,2321,2068,2023-06-08,1437.00,PAID
CLM2467,1219,2008,2023-06-08,88.00,DENIED
CLM2468,3356,2042,2023-06-08,118.00,PAID
CLM2469,1617,2073,2023-06-08,518.00,PAID
CLM2470,1795,2065,2023-06-08,168.00,PAID
CLM2471,2501,2093,2023-06-08,117.00,PAID
CLM2472,2292,2025,2023-06-08,168.00,PAID
CLM2473,1215,2023,2023-06-08,45.00,PAID
CLM2474,1651,2049,2023-06-08,520.00,PAID
CLM2475,1258,2054,2023-06-08,176.00,PAID
CLM2476,2442,2005,2023-06-09,404.00,DENIED
CLM2477,2875,2102,2023-06-09,274.00,PAID
CLM2478,1565,2135,2023-06-09,199.00,PAID
CLM2479,1289,2106,2023-06-09,227.00,PAID
CLM2480,2378,2068,2023-06-09,700.00,PAID
CLM2481,2332,2021,2023-06-09,136.00,PAID
CLM2482,1379,2060,2023-06-09,267.00,PAID
CLM2483,1677,2085,2023-06-09,575.00,PAID
CLM2484,3494,2137,2023-06-09,249.00,PAID
CLM2485,1612,2002,2023-06-09,61.00,PAID
CLM2486,3366,2088,2023-06-09,150.00,PAID
CLM2487,2866,2017,2023-06-10,64.00,PAID
CLM2488,1732,2135,2023-06-10,66.00,PAID
CLM2489,3125,2112,2023-06-10,28.00,PAID
CLM2490,2480,2022,2023-06-10,217.00,PAID
CLM2491,2009,2004,2023-06-10,284.00,DENIED
CLM2492,3317,2059,2023-06-10,123.00,PAID
CLM2493,1268,2111,2023-06-11,111.00,DENIED
CLM2494,2800,2013,2023-06-11,109.00,PAID
CLM2495,2203,2105,2023-06-11,1295.00,PAID
CLM2496,3254,2116,2023-06-11,184.00,PAID
CLM2497,1401,2007,2023-06-11,38.00,PAID
CLM2498,1894,2071,2023-06-11,105.00,PAID
CLM2499,1531,2017,2023-06-11,32.00,PAID
CLM2500,3047,2066,2023-06-11,134.00,PAID
CLM2501,1328,2034,2023-06-12,180.00,PAID
CLM2502,2251,2100,2023-06-12,119.00,PAID
CLM2503,3324,2126,2023-06-12,399.00,PAID
CLM2504,2616,2092,2023-06-12,55.00,DENIED
CLM2505,1095,2076,2023-06-12,104.00,PAID
CLM2506,1406,2111,2023-06-12,31.00,PAID
CLM2507,2107,2122,2023-06-12,369.00,DENIED
CLM2508,2011,2099,2023-06-12,40.00,DENIED
CLM2509,3083,2137,2023-06-12,1178.00,PAID
CLM2510,1238,2085,2023-06-12,1195.00,PAID
CLM2511,1790,2027,2023-06-12,188.00,PAID
CLM2512,1996,2029,2023-06-12,926.00,PAID
CLM2513,2462,2131,2023-06-12,423.00,DENIED
CLM2514,2060,2102,2023-06-12,328.00,PAID
CLM2515,1078,2064,2023-06-13,434.00,PAID
CLM2516,2384,2122,2023-06-13,444.00,PAID
CLM2517,2613,2115,2023-06-13,394.00,PAID
CLM2518,2018,2023,2023-06-13,126.00,PAID
CLM2519,3105,2075,2023-06-13,225.00,PAID
CLM2520,3263,2137,2023-06-13,1099.00,PAID
CLM2521,1354,2020,2023-06-13,244.00,DENIED
CLM2522,2769,2085,2023-06-13,476.00,PAID
CLM2523,2535,2037,2023-06-13,148.00,PAID
CLM2524,3105,2037,2023-06-13,326.00,DENIED
CLM2525,1540,2147,2023-06-13,167.00,PAID
CLM2526,1663,2133,2023-06-13,174.00,DENIED
CLM2527,2184,2040,2023-06-13,33.00,PAID
CLM2528,3486,2122,2023-06-13,191.00,PAID
CLM2529,2554,2133,2023-06-13,28.00,DENIED
CLM2530,3489,2137,2023-06-13,699.00,PAID
CLM2531,2392,2135,2023-06-13,66.00,PAID
CLM2532,2450,2085,2023-06-13,2058.00,DENIED
CLM2533,2840,2045,2023-06-13,228.00,PAID
CLM2534,3153,2042,2023-06-13,215.00,PAID
CLM2535,1326,2085,2023-06-13,1582.00,PAID
CLM2536,2960,2118,2023-06-13,228.00,PAID
CLM2537,2437,2045,2023-06-14,237.00,PAID
CLM2538,2562,2105,2023-06-14,156.00,PAID
CLM2539,2369,2085,2023-06-14,1381.00,PAID
CLM2540,1512,2118,2023-06-14,106.00,DENIED
CLM2541,1011,2138,2023-06-14,197.00,PAID
CLM2542,3171,2053,2023-06-14,222.00,PAID
CLM2543,1139,2078,2023-06-14,165.00,PAID
CLM2544,2193,2039,2023-06-14,80.00,PAID
CLM2545,2237,2071,2023-06-14,53.00,PAID
CLM2546,2803,2092,2023-06-14,116.00,PAID
CLM2547,2493,2071,2023-06-14,134.00,DENIED
CLM2548,2906,2052,2023-06-14,152.00,PAID
CLM2549,3206,2078,2023-06-14,35.00,PAID
CLM2550,1147,2121,2023-06-14,161.00,DENIED
CLM2551,1897,2085,2023-06-14,564.00,DENIED
CLM2552,2239,2012,2023-06-14,151.00,PAID
CLM2553,2202,2081,2023-06-14,318.00,PAID
CLM2554,3286,2069,2023-06-15,831.00,PAID
CLM2555,2720,2055,2023-06-15,286.00,PAID
CLM2556,3420,2039,2023-06-15,30.00,PAID
CLM2557,2027,2088,2023-06-15,129.00,PAID
CLM2558,3190,2002,2023-06-15,313.00,PAID
CLM2559,2782,2139,2023-06-15,46.00,PAID
CLM2560,3425,2059,2023-06-15,483.00,PAID
CLM2561,2396,2026,2023-06-15,39.00,PAID
CLM2562,1008,2074,2023-06-15,430.00,PAID
CLM2563,2490,2032,2023-06-15,93.00,DENIED
CLM2564,3264,2038,2023-06-15,60.00,PAID
CLM2565,2822,2064,2023-06-15,95.00,PAID
CLM2566,2675,2059,2023-06-15,356.00,PAID
CLM2567,1515,2038,2023-06-15,271.00,PAID
CLM2568,2947,2092,2023-06-15,176.00,DENIED
CLM2569,2569,2085,2023-06-15,1090.00,PAID
CLM2570,1238,2118,2023-06-15,275.00,PAID
CLM2571,2829,2095,2023-06-15,97.00,DENIED
CLM2572,1750,2045,2023-06-15,1703.00,PAID
CLM2573,1128,2148,2023-06-16,186.00,PAID
CLM2574,2332,2111,2023-06-16,51.00,PAID
CLM2575,2935,2002,2023-06-16,47.00,PAID
CLM2576,3479,2002,2023-06-16,46.00,PAID
CLM2577,3345,2148,2023-06-16,32.00,PAID
CLM2578,1314,2022,2023-06-16,134.00,PAID
CLM2579,2789,2021,2023-06-16,144.00,DENIED
CLM2580,1461,2049,2023-06-16,425.00,PAID
CLM2581,1307,2063,2023-06-16,165.00,PAID
CLM2582,1336,2085,2023-06-16,1315.00,PAID
CLM2583,2649,2093,2023-06-16,142.00,PAID
CLM2584,1010,2109,2023-06-16,246.00,PAID
CLM2585,1059,2144,2023-06-16,178.00,PAID
CLM2586,1379,2116,2023-06-16,74.00,PAID
CLM2587,1248,2004,2023-06-16,5219.00,DENIED
CLM2588,1083,2124,2023-06-16,187.00,PAID
CLM2589,2811,2116,2023-06-16,156.00,PAID
CLM2590,1723,2088,2023-06-16,1291.00,DENIED
CLM2591,3007,2038,2023-06-17,34.00,PAID
CLM2592,2061,2146,2023-06-17,435.00,PAID
CLM2593,2422,2018,2023-06-17,387.00,PAID
CLM2594,3107,2108,2023-06-17,215.00,DENIED
CLM2595,2596,2046,2023-06-17,227.00,DENIED
CLM2596,1986,2085,2023-06-18,106.00,PAID
CLM2597,3212,2105,2023-06-18,267.00,PAID
CLM2598,2960,2005,2023-06-18,204.00,DENIED
CLM2599,2403,2024,2023-06-18,121.00,PAID
CLM2600,3177,2020,2023-06-18,349.00,PAID
CLM2601,1208,2013,2023-06-18,118.00,PAID
CLM2602,1709,2105,2023-06-19,143.00,PAID
CLM2603,1379,2109,2023-06-19,81.00,PAID
CLM2604,1541,2041,2023-06-19,111.00,DENIED
CLM2605,3484,2087,2023-06-19,126.00,PAID
CLM2606,3134,2137,2023-06-19,169.00,PAID
CLM2607,2313,2065,2023-06-19,276.00,PAID
CLM2608,2619,2091,2023-06-19,73.00,PAID
CLM2609,2677,2004,2023-06-19,814.00,PAID
CLM2610,2550,2121,2023-06-19,1472.00,PAID
CLM2611,3061,2027,2023-06-19,181.00,PAID
CLM2612,1814,2061,2023-06-19,141.00,PAID
CLM2613,2969,2022,2023-06-19,99.00,PAID
CLM2614,1784,2006,2023-06-19,112.00,PAID
CLM2615,1950,2060,2023-06-19,2827.00,DENIED
CLM2616,1347,2137,2023-06-19,629.00,PAID
CLM2617,1892,2145,2023-06-19,278.00,PAID
CLM2618,1893,2015,2023-06-19,1631.00,DENIED
CLM2619,2496,2115,2023-06-19,312.00,PAID
CLM2620,2247,2033,2023-06-19,349.00,PAID
CLM2621,2283,2100,2023-06-19,6177.00,PAID
CLM2622,3266,2074,2023-06-19,265.00,PAID
CLM2623,3087,2052,2023-06-19,30.00,PAID
CLM2624,1771,2108,2023-06-19,462.00,PAID
CLM2625,2376,2046,2023-06-20,51.00,PAID
CLM2626,2871,2126,2023-06-20,245.00,PAID
CLM2627,2190,2088,2023-06-20,157.00,PAID
CLM2628,1477,2104,2023-06-20,131.00,PAID
CLM2629,3023,2044,2023-06-20,313.00,DENIED
CLM2630,3343,2092,2023-06-20,89.00,PAID
CLM2631,1057,2100,2023-06-20,120.00,DENIED
CLM2632,3127,2144,2023-06-20,415.00,PAID
CLM2633,3436,2122,2023-06-20,103.00,DENIED
CLM2634,1111,2017,2023-06-21,63.00,PAID
CLM2635,2761,2130,2023-06-21,131.00,PAID
CLM2636,1759,2095,2023-06-21,118.00,PAID
CLM2637,3329,2004,2023-06-21,4433.00,PAID
CLM2638,3085,2065,2023-06-21,294.00,PAID
CLM2639,2212,2066,2023-06-21,27.00,PAID
CLM2640,2689,2043,2023-06-21,57.00,PAID
CLM2641,2217,2085,2023-06-21,159.00,DENIED
CLM2642,1693,2089,2023-06-21,189.00,DENIED
CLM2643,3097,2011,2023-06-21,61.00,PAID
CLM2644,2737,2116,2023-06-21,144.00,PAID
CLM2645,2268,2065,2023-06-21,95.00,PAID
CLM2646,1814,2059,2023-06-21,131.00,PAID
CLM2647,2396,2110,2023-06-21,56.00,PAID
CLM2648,1308,2057,2023-06-21,145.00,PAID
CLM2649,3023,2094,2023-06-21,608.00,PAID
CLM2650,1641,2148,2023-06-22,43.00,PAID
CLM2651,1822,2111,2023-06-22,135.00,PAID
CLM2652,3340,2069,2023-06-22,5813.00,PAID
CLM2653,2353,2017,2023-06-22,40.00,PAID
CLM2654,1816,2105,2023-06-22,5710.00,PAID
CLM2655,2410,2065,2023-06-22,122.00,DENIED
CLM2656,1123,2054,2023-06-22,111.00,PAID
CLM2657,2258,2015,2023-06-22,5367.00,PAID
CLM2658,2353,2030,2023-06-22,258.00,PAID
CLM2659,1694,2131,2023-06-22,2417.00,PAID
CLM2660,1372,2009,2023-06-22,93.00,PAID
CLM2661,3179,2148,2023-06-22,37.00,PAID
CLM2662,1483,2131,2023-06-22,51.00,PAID
CLM2663,2996,2018,2023-06-22,132.00,PAID
CLM2664,1939,2103,2023-06-23,334.00,PAID
CLM2665,2790,2040,2023-06-23,52.00,DENIED
CLM2666,1354,2060,2023-06-23,202.00,PAID
CLM2667,3452,2015,2023-06-23,358.00,PAID
CLM2668,2451,2001,2023-06-23,109.00,PAID
CLM2669,2377,2001,2023-06-23,34.00,PAID
CLM2670,1780,2041,2023-06-23,404.00,PAID
CLM2671,3218,2111,2023-06-23,360.00,PAID
CLM2672,2006,2068,2023-06-23,1003.00,PAID
CLM2673,2821,2002,2023-06-23,369.00,PAID
CLM2674,2201,2077,2023-06-23,46.00,PAID
CLM2675,2450,2004,2023-06-23,1152.00,DENIED
CLM2676,2078,2091,2023-06-23,106.00,DENIED
CLM2677,1352,2008,2023-06-23,194.00,PAID
CLM2678,1515,2038,2023-06-23,55.00,PAID
CLM2679,2087,2071,2023-06-23,166.00,PAID
CLM2680,1152,2015,2023-06-23,2004.00,PAID
CLM2681,2595,2115,2023-06-23,134.00,PAID
CLM2682,1360,2121,2023-06-23,129.00,PAID
CLM2683,1322,2071,2023-06-23,103.00,PAID
CLM2684,1767,2140,2023-06-23,254.00,PAID
CLM2685,1501,2085,2023-06-23,786.00,PAID
CLM2686,2896,2029,2023-06-23,127.00,PAID
CLM2687,3007,2061,2023-06-24,32.00,PAID
CLM2688,1836,2003,2023-06-24,86.00,PAID
CLM2689,1161,2075,2023-06-24,132.00,PAID
CLM2690,1583,2006,2023-06-24,247.00,DENIED
CLM2691,1579,2011,2023-06-24,282.00,DENIED
CLM2692,1763,2014,2023-06-24,53.00,PENDING
CLM2693,2902,2060,2023-06-25,2369.00,PAID
CLM2694,2138,2140,2023-06-25,118.00,PAID
CLM2695,1211,2131,2023-06-25,51.00,DENIED
CLM2696,1764,2103,2023-06-25,141.00,PAID
CLM2697,1913,2019,2023-06-26,118.00,PAID
CLM2698,3435,2001,2023-06-26,76.00,PAID
CLM2699,3015,2137,2023-06-26,1324.00,DENIED
CLM2700,2857,2065,2023-06-26,203.00,PAID
CLM2701,1454,2132,2023-06-26,256.00,PAID
CLM2702,2402,2100,2023-06-26,139.00,PAID
CLM2703,1337,2113,2023-06-26,179.00,PAID
CLM2704,2363,2112,2023-06-26,351.00,DENIED
CLM2705,3161,2133,2023-06-26,109.00,PAID
CLM2706,1605,2014,2023-06-26,149.00,DENIED
CLM2707,1395,2149,2023-06-26,198.00,PAID
CLM2708,3013,2133,2023-06-27,46.00,PAID
CLM2709,2817,2036,2023-06-27,121.00,PAID
CLM2710,1120,2085,2023-06-27,1515.00,PAID
CLM2711,2253,2022,2023-06-27,122.00,PAID
CLM2712,1455,2142,2023-06-27,347.00,PAID
CLM2713,2457,2098,2023-06-27,43.00,PAID
CLM2714,2760,2065,2023-06-27,150.00,PAID
CLM2715,1621,2144,2023-06-27,135.00,PAID
CLM2716,3281,2076,2023-06-27,55.00,PAID
CLM2717,1426,2115,2023-06-27,398.00,DENIED
CLM2718,3068,2008,2023-06-27,63.00,DENIED
CLM2719,1515,2065,2023-06-27,279.00,PAID
CLM2720,1285,2149,2023-06-27,68.00,DENIED
CLM2721,3485,2070,2023-06-28,169.00,PAID
CLM2722,3409,2001,2023-06-28,73.00,PAID
CLM2723,1068,2006,2023-06-28,325.00,PAID
CLM2724,1176,2068,2023-06-28,1112.00,PAID
CLM2725,2836,2018,2023-06-28,180.00,DENIED
CLM2726,2791,2045,2023-06-28,231.00,PAID
CLM2727,1696,2093,2023-06-28,131.00,PAID
CLM2728,1852,2024,2023-06-28,271.00,DENIED
CLM2729,3168,2089,2023-06-28,3916.00,PAID
CLM2730,2700,2147,2023-06-28,300.00,DENIED
CLM2731,2119,2136,2023-06-28,138.00,PAID
CLM2732,2328,2083,2023-06-28,76.00,DENIED
CLM2733,2201,2083,2023-06-28,326.00,PAID
CLM2734,3044,2140,2023-06-28,241.00,PAID
CLM2735,1297,2070,2023-06-28,127.00,PAID
CLM2736,2939,2002,2023-06-28,124.00,PAID
CLM2737,3158,2042,2023-06-28,133.00,PAID
CLM2738,2894,2045,2023-06-28,513.00,PAID
CLM2739,1950,2053,2023-06-28,29.00,PAID
CLM2740,1075,2112,2023-06-29,29.00,PAID
CLM2741,2537,2132,2023-06-29,277.00,PAID
CLM2742,2526,2092,2023-06-29,157.00,PAID
CLM2743,2958,2138,2023-06-29,193.00,DENIED
CLM2744,2071,2086,2023-06-29,52.00,PAID
CLM2745,2244,2150,2023-06-29,44.00,PAID
CLM2746,1564,2029,2023-06-29,1022.00,PAID
CLM2747,3247,2137,2023-06-29,137.00,PAID
CLM2748,2531,2126,2023-06-29,549.00,DENIED
CLM2749,1620,2104,2023-06-29,124.00,DENIED
CLM2750,2803,2091,2023-06-29,183.00,DENIED
CLM2751,1573,2079,2023-06-29,261.00,PAID
CLM2752,2772,2030,2023-06-29,173.00,PAID
CLM2753,2133,2076,2023-06-29,98.00,PAID
CLM2754,3423,2126,2023-06-29,359.00,PAID
CLM2755,1385,2076,2023-06-29,175.00,PAID
CLM2756,2870,2040,2023-06-29,136.00,DENIED
CLM2757,3208,2095,2023-06-29,56.00,DENIED
CLM2758,1442,2079,2023-06-29,39.00,PAID
CLM2759,2983,2010,2023-06-29,46.00,PAID
CLM2760,2260,2143,2023-06-29,155.00,PAID
CLM2761,2556,2061,2023-06-30,219.00,PAID
CLM2762,1679,2069,2023-06-30,1113.00,PAID
CLM2763,1780,2130,2023-06-30,32.00,PAID
CLM2764,1112,2083,2023-06-30,44.00,PAID
CLM2765,1779,2114,2023-06-30,46.00,PAID
CLM2766,2212,2095,2023-06-30,56.00,PAID
CLM2767,2761,2132,2023-06-30,342.00,PAID
CLM2768,3004,2025,2023-06-30,37.00,PAID
CLM2769,2164,2126,2023-06-30,355.00,PAID
CLM2770,1458,2015,2023-06-30,129.00,PAID
CLM2771,1502,2024,2023-06-30,843.00,PAID
CLM2772,3238,2066,2023-06-30,130.00,PAID
CLM2773,2021,2056,2023-06-30,576.00,PAID
CLM2774,2208,2074,2023-06-30,194.00,DENIED
CLM2775,2948,2023,2023-06-30,300.00,PAID
CLM2776,1294,2090,2023-06-30,79.00,PAID
CLM2777,1317,2059,2023-07-01,286.00,PAID
CLM2778,3137,2130,2023-07-01,324.00,DENIED
CLM2779,1455,2078,2023-07-01,30.00,PAID
CLM2780,3194,2044,2023-07-01,152.00,DENIED
CLM2781,1174,2109,2023-07-01,142.00,PAID
CLM2782,2652,2065,2023-07-01,127.00,PAID
CLM2783,2934,2059,2023-07-01,299.00,PAID
CLM2784,1468,2144,2023-07-01,305.00,PAID
CLM2785,2225,2014,2023-07-02,137.00,PAID
CLM2786,1634,2102,2023-07-02,143.00,PAID
CLM2787,1110,2038,2023-07-02,50.00,PAID
CLM2788,1110,2058,2023-07-02,109.00,PAID
CLM2789,1233,2066,2023-07-03,161.00,DENIED
CLM2790,1613,2061,2023-07-03,129.00,PAID
CLM2791,1449,2045,2023-07-03,6200.00,PAID
CLM2792,2650,2007,2023-07-03,72.00,PAID
CLM2793,2067,2135,2023-07-03,129.00,PAID
CLM2794,1938,2044,2023-07-03,777.00,PAID
CLM2795,1750,2130,2023-07-03,206.00,PAID
CLM2796,3074,2149,2023-07-03,552.00,PAID
CLM2797,3280,2087,2023-07-03,2119.00,DENIED
CLM2798,2171,2100,2023-07-03,121.00,PAID
CLM2799,2700,2085,2023-07-03,168.00,PAID
CLM2800,1024,2005,2023-07-03,369.00,PAID
CLM2801,2790,2088,2023-07-03,269.00,PAID
CLM2802,2811,2088,2023-07-03,277.00,PAID
CLM2803,1649,2068,2023-07-03,1199.00,PAID
CLM2804,1435,2015,2023-07-03,118.00,DENIED
CLM2805,1896,2142,2023-07-04,149.00,DENIED
CLM2806,3111,2028,2023-07-04,197.00,PAID
CLM2807,1093,2044,2023-07-04,165.00,PAID
CLM2808,2087,2079,2023-07-04,81.00,PAID
CLM2809,2539,2116,2023-07-04,317.00,PAID
CLM2810,2290,2084,2023-07-04,157.00,PAID
CLM2811,2941,2093,2023-07-04,77.00,PAID
CLM2812,3228,2023,2023-07-04,246.00,PAID
CLM2813,1741,2105,2023-07-04,149.00,PAID
CLM2814,1112,2106,2023-07-04,164.00,PAID
CLM2815,3033,2068,2023-07-04,1134.00,PAID
CLM2816,2038,2043,2023-07-04,44.00,PAID
CLM2817,3372,2018,2023-07-04,47.00,PAID
CLM2818,1517,2015,2023-07-04,283.00,PAID
CLM2819,1508,2116,2023-07-05,144.00,PAID
CLM2820,2800,2043,2023-07-05,38.00,PAID
CLM2821,3056,2071,2023-07-05,133.00,PAID
CLM2822,2537,2112,2023-07-05,30.00,PAID
CLM2823,1202,2049,2023-07-05,338.00,PAID
CLM2824,1774,2052,2023-07-05,31.00,DENIED
CLM2825,1066,2140,2023-07-05,115.00,PAID
CLM2826,2406,2126,2023-07-05,118.00,DENIED
CLM2827,1780,2015,2023-07-05,260.00,PAID
CLM2828,1935,2150,2023-07-05,48.00,PAID
CLM2829,3340,2121,2023-07-05,141.00,PAID
CLM2830,3425,2122,2023-07-05,241.00,PAID
CLM2831,2032,2103,2023-07-05,28.00,PAID
CLM2832,2911,2028,2023-07-05,75.00,PAID
CLM2833,1964,2120,2023-07-05,315.00,PAID
CLM2834,2301,2085,2023-07-05,525.00,PAID
CLM2835,1911,2025,2023-07-05,178.00,PAID
CLM2836,1073,2085,2023-07-05,1598.00,PENDING
CLM2837,1381,2126,2023-07-05,120.00,DENIED
CLM2838,1069,2085,2023-07-05,1425.00,PAID
CLM2839,1651,2088,2023-07-05,5054.00,PAID
CLM2840,2366,2137,2023-07-05,1438.00,PAID
CLM2841,2449,2137,2023-07-05,1798.00,PAID
CLM2842,1518,2102,2023-07-05,376.00,PAID
CLM2843,1777,2140,2023-07-05,481.00,PAID
CLM2844,3083,2054,2023-07-06,244.00,PAID
CLM2845,2257,2037,2023-07-06,184.00,PAID
CLM2846,3317,2024,2023-07-06,4991.00,PAID
CLM2847,3056,2015,2023-07-06,118.00,PAID
CLM2848,1143,2029,2023-07-06,1354.00,PAID
CLM2849,2603,2022,2023-07-06,212.00,PAID
CLM2850,1894,2078,2023-07-06,28.00,PAID
CLM2851,2502,2033,2023-07-06,153.00,PAID
CLM2852,1458,2121,2023-07-06,4679.00,DENIED
CLM2853,2201,2071,2023-07-06,92.00,PAID
CLM2854,2795,2136,2023-07-06,200.00,PAID
CLM2855,1633,2112,2023-07-06,88.00,PAID
CLM2856,2790,2140,2023-07-06,229.00,PAID
CLM2857,1122,2118,2023-07-06,33.00,PAID
CLM2858,1441,2083,2023-07-06,28.00,PAID
CLM2859,3158,2075,2023-07-06,158.00,PAID
CLM2860,1243,2069,2023-07-06,151.00,PAID
CLM2861,2752,2081,2023-07-07,279.00,PAID
CLM2862,3421,2026,2023-07-07,130.00,PAID
CLM2863,3336,2100,2023-07-07,137.00,PAID
CLM2864,3364,2020,2023-07-07,237.00,PAID
CLM2865,2722,2038,2023-07-07,144.00,PAID
CLM2866,1947,2137,2023-07-07,105.00,PAID
CLM2867,2418,2071,2023-07-07,93.00,DENIED
CLM2868,2292,2105,2023-07-07,157.00,PAID
CLM2869,2352,2129,2023-07-07,151.00,PAID
CLM2870,1927,2064,2023-07-07,399.00,PAID
CLM2871,2782,2032,2023-07-07,90.00,PAID
CLM2872,3430,2068,2023-07-07,950.00,PAID
CLM2873,1735,2095,2023-07-07,153.00,DENIED
CLM2874,3404,2071,2023-07-07,125.00,PAID
CLM2875,2553,2024,2023-07-07,4642.00,PAID
CLM2876,3036,2044,2023-07-07,126.00,DENIED
CLM2877,2257,2121,2023-07-07,4325.00,DENIED
CLM2878,1557,2112,2023-07-07,56.00,PAID
CLM2879,3089,2065,2023-07-07,241.00,PAID
CLM2880,2362,2037,2023-07-07,133.00,PAID
CLM2881,1056,2045,2023-07-07,110.00,PAID
CLM2882,2537,2042,2023-07-07,32.00,PAID
CLM2883,1387,2041,2023-07-07,315.00,PAID
CLM2884,2590,2033,2023-07-07,88.00,PAID
CLM2885,2239,2115,2023-07-08,139.00,DENIED
CLM2886,1850,2146,2023-07-08,275.00,DENIED
CLM2887,2756,2046,2023-07-08,111.00,PAID
CLM2888,2791,2112,2023-07-08,34.00,PAID
CLM2889,2132,2001,2023-07-08,217.00,PAID
CLM2890,3490,2117,2023-07-08,235.00,PAID
CLM2891,1523,2043,2023-07-09,94.00,PAID
CLM2892,1671,2022,2023-07-09,72.00,DENIED
CLM2893,3147,2012,2023-07-09,41.00,DENIED
CLM2894,1056,2043,2023-07-10,34.00,PAID
CLM2895,3315,2026,2023-07-10,62.00,PAID
CLM2896,2596,2072,2023-07-10,139.00,PAID
CLM2897,2361,2150,2023-07-10,30.00,PAID
CLM2898,1693,2095,2023-07-10,196.00,DENIED
CLM2899,3489,2069,2023-07-10,135.00,PAID
CLM2900,1402,2013,2023-07-10,127.00,PAID
CLM2901,1328,2041,2023-07-10,299.00,PAID
CLM2902,2561,2054,2023-07-10,31.00,PAID
CLM2903,1617,2059,2023-07-10,186.00,PAID
CLM2904,1425,2121,2023-07-10,1523.00,PAID
CLM2905,1415,2013,2023-07-10,2074.00,PAID
CLM2906,1674,2065,2023-07-10,342.00,DENIED
CLM2907,1407,2115,2023-07-10,127.00,PAID
CLM2908,1872,2040,2023-07-10,197.00,PAID
CLM2909,1190,2024,2023-07-10,4604.00,DENIED
CLM2910,2023,2126,2023-07-10,125.00,PAID
CLM2911,1851,2076,2023-07-10,34.00,PAID
CLM2912,3061,2104,2023-07-10,372.00,PAID
CLM2913,2920,2019,2023-07-10,49.00,PAID
CLM2914,2182,2132,2023-07-10,42.00,PAID
CLM2915,3039,2113,2023-07-10,279.00,PAID
CLM2916,1249,2022,2023-07-10,28.00,PAID
CLM2917,1131,2044,2023-07-10,153.00,PAID
CLM2918,2060,2041,2023-07-10,297.00,PAID
CLM2919,2355,2068,2023-07-10,768.00,PAID
CLM2920,3087,2033,2023-07-11,50.00,PAID
CLM2921,1177,2027,2023-07-11,185.00,PAID
CLM2922,2403,2072,2023-07-11,575.00,PAID
CLM2923,2253,2133,2023-07-11,27.00,PAID
CLM2924,2134,2045,2023-07-11,113.00,PAID
CLM2925,1753,2041,2023-07-11,137.00,PAID
CLM2926,3049,2115,2023-07-11,321.00,PAID
CLM2927,1403,2066,2023-07-11,171.00,PAID
CLM2928,2154,2072,2023-07-11,66.00,DENIED
CLM2929,1764,2001,2023-07-11,493.00,PAID
CLM2930,2501,2055,2023-07-11,261.00,PAID
CLM2931,1332,2149,2023-07-11,138.00,PAID
CLM2932,1416,2068,2023-07-11,637.00,PAID
CLM2933,1094,2086,2023-07-11,57.00,PAID
CLM2934,1787,2068,2023-07-11,458.00,PAID
CLM2935,1190,2091,2023-07-11,38.00,PAID
CLM2936,1321,2047,2023-07-12,84.00,PAID
CLM2937,1294,2049,2023-07-12,293.00,PAID
CLM2938,1946,2115,2023-07-12,197.00,PAID
CLM2939,2817,2099,2023-07-12,102.00,PAID
CLM2940,1507,2068,2023-07-12,1098.00,PAID
CLM2941,1376,2058,2023-07-12,115.00,PAID
CLM2942,1449,2040,2023-07-12,117.00,PAID
CLM2943,2064,2128,2023-07-12,102.00,PAID
CLM2944,1679,2052,2023-07-12,43.00,PAID
CLM2945,1812,2045,2023-07-12,516.00,PAID
CLM2946,2287,2133,2023-07-12,29.00,PAID
CLM2947,1231,2006,2023-07-12,173.00,PAID
CLM2948,2705,2076,2023-07-12,352.00,PAID
CLM2949,1564,2131,2023-07-12,632.00,PAID
CLM2950,3344,2096,2023-07-12,44.00,PAID
CLM2951,3238,2150,2023-07-12,95.00,PAID
CLM2952,3236,2105,2023-07-13,153.00,PAID
CLM2953,2216,2134,2023-07-13,272.00,PAID
CLM2954,1138,2087,2023-07-13,135.00,PAID
CLM2955,1048,2133,2023-07-13,206.00,PAID
CLM2956,1620,2085,2023-07-13,266.00,DENIED
CLM2957,3199,2142,2023-07-13,96.00,PAID
CLM2958,3247,2019,2023-07-13,118.00,PAID
CLM2959,2273,2145,2023-07-13,114.00,PAID
CLM2960,3076,2020,2023-07-13,202.00,PAID
CLM2961,2096,2002,2023-07-13,28.00,PAID
CLM2962,1577,2065,2023-07-13,204.00,PAID
CLM2963,1835,2030,2023-07-14,388.00,PAID
CLM2964,3420,2083,2023-07-14,201.00,PAID
CLM2965,2971,2029,2023-07-14,5292.00,PAID
CLM2966,2863,2126,2023-07-14,448.00,PAID
CLM2967,3087,2106,2023-07-14,41.00,PAID
CLM2968,3344,2110,2023-07-14,300.00,PAID
CLM2969,1487,2050,2023-07-14,150.00,PAID
CLM2970,3174,2020,2023-07-14,324.00,DENIED
CLM2971,1062,2085,2023-07-14,691.00,DENIED
CLM2972,2285,2130,2023-07-14,400.00,PAID
CLM2973,1939,2061,2023-07-14,64.00,PAID
CLM2974,1013,2129,2023-07-14,334.00,PAID
CLM2975,2231,2023,2023-07-14,122.00,DENIED
CLM2976,3217,2001,2023-07-14,162.00,PAID
CLM2977,1923,2026,2023-07-14,208.00,PAID
CLM2978,2258,2106,2023-07-14,381.00,DENIED
CLM2979,2790,2008,2023-07-14,74.00,DENIED
CLM2980,3279,2068,2023-07-14,1383.00,PAID
CLM2981,2718,2078,2023-07-14,50.00,PAID
CLM2982,3286,2114,2023-07-14,43.00,PAID
CLM2983,1466,2127,2023-07-14,78.00,PAID
CLM2984,1294,2041,2023-07-14,126.00,PAID
CLM2985,1622,2047,2023-07-15,534.00,PAID
CLM2986,2089,2133,2023-07-15,363.00,PAID
CLM2987,3085,2057,2023-07-15,75.00,PAID
CLM2988,1404,2087,2023-07-15,304.00,DENIED
CLM2989,2850,2085,2023-07-15,1089.00,PAID
CLM2990,2816,2115,2023-07-15,132.00,DENIED
CLM2991,1027,2073,2023-07-15,34.00,DENIED
CLM2992,2068,2047,2023-07-15,159.00,PAID
CLM2993,3209,2001,2023-07-15,135.00,PAID
CLM2994,2915,2095,2023-07-15,260.00,PAID
CLM2995,2667,2143,2023-07-15,287.00,PAID
CLM2996,3003,2147,2023-07-16,472.00,PAID
CLM2997,2067,2137,2023-07-16,1460.00,PAID
CLM2998,2006,2092,2023-07-16,51.00,PAID
CLM2999,1913,2041,2023-07-16,302.00,PAID
CLM3000,2875,2071,2023-07-16,204.00,PAID
CLM3001,2652,2087,2023-07-16,1566.00,PAID
CLM3002,1251,2055,2023-07-16,186.00,DENIED
CLM3003,2679,2065,2023-07-16,194.00,PAID
CLM3004,1766,2024,2023-07-16,4798.00,PAID
CLM3005,2350,2106,2023-07-16,58.00,PAID
CLM3006,1383,2133,2023-07-17,139.00,PAID
CLM3007,2892,2113,2023-07-17,157.00,PAID
CLM3008,1106,2053,2023-07-17,32.00,PAID
CLM3009,1208,2102,2023-07-17,401.00,PENDING
CLM3010,3015,2029,2023-07-17,177.00,DENIED
CLM3011,2917,2109,2023-07-17,169.00,PAID
CLM3012,1047,2130,2023-07-17,191.00,PAID
CLM3013,2829,2005,2023-07-17,246.00,PAID
CLM3014,1634,2136,2023-07-17,137.00,DENIED
CLM3015,1011,2142,2023-07-17,105.00,PAID
CLM3016,2735,2049,2023-07-17,141.00,PAID
CLM3017,3204,2059,2023-07-17,331.00,PAID
CLM3018,1605,2140,2023-07-17,567.00,PAID
CLM3019,1353,2022,2023-07-17,149.00,DENIED
CLM3020,1374,2053,2023-07-17,28.00,PAID
CLM3021,3214,2121,2023-07-18,163.00,PAID
CLM3022,3207,2019,2023-07-18,196.00,PAID
CLM3023,3455,2126,2023-07-18,168.00,PAID
CLM3024,2525,2019,2023-07-18,43.00,PAID
CLM3025,2995,2130,2023-07-18,369.00,PAID
CLM3026,2126,2038,2023-07-18,129.00,PAID
CLM3027,1352,2091,2023-07-18,175.00,PAID
CLM3028,3083,2015,2023-07-18,130.00,PAID
CLM3029,2007,2102,2023-07-18,234.00,PAID
CLM3030,1090,2078,2023-07-18,53.00,PAID
CLM3031,2055,2120,2023-07-18,128.00,DENIED
CLM3032,2466,2016,2023-07-18,41.00,PAID
CLM3033,2001,2044,2023-07-18,1313.00,PAID
CLM3034,1472,2142,2023-07-18,75.00,PAID
CLM3035,2892,2068,2023-07-18,111.00,PAID
CLM3036,1068,2080,2023-07-18,151.00,PAID
CLM3037,3037,2148,2023-07-18,300.00,PAID
CLM3038,1635,2103,2023-07-18,350.00,PAID
CLM3039,2508,2017,2023-07-19,34.00,PAID
CLM3040,1931,2124,2023-07-19,108.00,PAID
CLM3041,1914,2079,2023-07-19,89.00,PAID
CLM3042,1947,2061,2023-07-19,174.00,PAID
CLM3043,3139,2086,2023-07-19,244.00,PAID
CLM3044,3352,2060,2023-07-19,189.00,DENIED
CLM3045,2251,2014,2023-07-19,176.00,PAID
CLM3046,3447,2018,2023-07-19,87.00,PAID
CLM3047,2315,2132,2023-07-19,665.00,PAID
CLM3048,1457,2121,2023-07-19,144.00,DENIED
CLM3049,3026,2014,2023-07-19,190.00,DENIED
CLM3050,2068,2056,2023-07-19,678.00,PENDING
CLM3051,1032,2102,2023-07-19,580.00,PAID
CLM3052,2702,2096,2023-07-19,32.00,DENIED
CLM3053,1259,2133,2023-07-19,38.00,DENIED
CLM3054,1606,2043,2023-07-19,100.00,PAID
CLM3055,2455,2046,2023-07-19,60.00,PAID
CLM3056,3080,2044,2023-07-19,787.00,PAID
CLM3057,1654,2110,2023-07-19,77.00,PAID
CLM3058,2662,2045,2023-07-19,125.00,PAID
CLM3059,3094,2103,2023-07-19,51.00,PAID
CLM3060,1958,2065,2023-07-19,87.00,PAID
CLM3061,1590,2065,2023-07-19,119.00,PAID
CLM3062,1556,2060,2023-07-19,242.00,PAID
CLM3063,1065,2071,2023-07-19,175.00,PAID
CLM3064,1271,2116,2023-07-20,74.00,PAID
CLM3065,2049,2020,2023-07-20,190.00,DENIED
CLM3066,2799,2060,2023-07-20,1157.00,PAID
CLM3067,1694,2046,2023-07-20,356.00,PAID
CLM3068,2127,2021,2023-07-20,52.00,PAID
CLM3069,2049,2088,2023-07-20,997.00,PAID
CLM3070,3254,2100,2023-07-20,5083.00,DENIED
CLM3071,1867,2020,2023-07-20,2337.00,PAID
CLM3072,1593,2024,2023-07-20,1165.00,DENIED
CLM3073,3255,2147,2023-07-20,160.00,PAID
CLM3074,2935,2037,2023-07-20,129.00,PAID
CLM3075,2817,2085,2023-07-20,160.00,PAID
CLM3076,2089,2086,2023-07-20,30.00,PAID
CLM3077,2579,2140,2023-07-20,122.00,DENIED
CLM3078,1543,2059,2023-07-20,153.00,PAID
CLM3079,1518,2088,2023-07-20,162.00,PAID
CLM3080,2212,2131,2023-07-20,1441.00,PAID
CLM3081,1234,2092,2023-07-20,126.00,PAID
CLM3082,1791,2064,2023-07-20,38.00,PAID
CLM3083,1837,2069,2023-07-20,5232.00,DENIED
CLM3084,3068,2054,2023-07-20,247.00,PAID
CLM3085,2652,2103,2023-07-21,62.00,PAID
CLM3086,2960,2040,2023-07-21,52.00,PAID
CLM3087,1131,2140,2023-07-21,111.00,PAID
CLM3088,2583,2137,2023-07-21,157.00,PAID
CLM3089,2138,2045,2023-07-21,345.00,PAID
CLM3090,1634,2095,2023-07-21,279.00,PAID
CLM3091,1562,2084,2023-07-21,44.00,DENIED
CLM3092,3174,2103,2023-07-21,299.00,DENIED
CLM3093,2881,2081,2023-07-21,183.00,PAID
CLM3094,3171,2015,2023-07-21,533.00,PAID
CLM3095,3093,2004,2023-07-21,1239.00,PAID
CLM3096,2906,2114,2023-07-21,88.00,PAID
CLM3097,2422,2068,2023-07-21,900.00,PAID
CLM3098,2954,2025,2023-07-21,168.00,PAID
CLM3099,2676,2099,2023-07-21,194.00,PAID
CLM3100,2850,2033,2023-07-21,62.00,DENIED
CLM3101,1489,2096,2023-07-22,154.00,PAID
CLM3102,3199,2121,2023-07-22,2367.00,PAID
CLM3103,3008,2146,2023-07-22,154.00,PAID
CLM3104,2650,2035,2023-07-22,129.00,PAID
CLM3105,3012,2036,2023-07-22,178.00,DENIED
CLM3106,2422,2106,2023-07-22,261.00,PAID
CLM3107,2699,2082,2023-07-22,240.00,DENIED
CLM3108,1363,2044,2023-07-22,139.00,PAID
CLM3109,1294,2082,2023-07-22,78.00,PAID
CLM3110,2207,2143,2023-07-22,411.00,DENIED
CLM3111,1848,2074,2023-07-22,265.00,PAID
CLM3112,1240,2075,2023-07-22,167.00,PAID
CLM3113,2819,2021,2023-07-22,119.00,PENDING
CLM3114,3450,2048,2023-07-23,126.00,PAID
CLM3115,3119,2088,2023-07-23,141.00,DENIED
CLM3116,1630,2124,2023-07-23,226.00,DENIED
CLM3117,3132,2076,2023-07-23,33.00,PAID
CLM3118,1509,2140,2023-07-23,124.00,PAID
CLM3119,2082,2096,2023-07-24,144.00,DENIED
CLM3120,2369,2133,2023-07-24,277.00,PAID
CLM3121,2535,2143,2023-07-24,157.00,PAID
CLM3122,2666,2047,2023-07-24,371.00,DENIED
CLM3123,1220,2071,2023-07-24,246.00,PAID
CLM3124,1856,2139,2023-07-24,136.00,PAID
CLM3125,1648,2028,2023-07-24,79.00,PAID
CLM3126,1023,2024,2023-07-24,145.00,DENIED
CLM3127,1010,2140,2023-07-24,1826.00,DENIED
CLM3128,3460,2035,2023-07-24,95.00,PAID
CLM3129,2432,2016,2023-07-24,126.00,DENIED
CLM3130,2789,2029,2023-07-24,892.00,PAID
CLM3131,1939,2109,2023-07-24,28.00,PAID
CLM3132,2065,2080,2023-07-24,130.00,PAID
CLM3133,1412,2072,2023-07-24,92.00,PAID
CLM3134,2089,2113,2023-07-24,134.00,PAID
CLM3135,2611,2032,2023-07-24,241.00,DENIED
CLM3136,2183,2025,2023-07-24,135.00,DENIED
CLM3137,1318,2006,2023-07-25,116.00,PAID
CLM3138,1006,2013,2023-07-25,128.00,PAID
CLM3139,2935,2121,2023-07-25,146.00,PAID
CLM3140,2898,2066,2023-07-25,53.00,PAID
CLM3141,2341,2071,2023-07-25,54.00,PAID
CLM3142,2362,2102,2023-07-25,152.00,PAID
CLM3143,3204,2018,2023-07-25,37.00,PAID
CLM3144,2032,2091,2023-07-25,40.00,PAID
CLM3145,1051,2040,2023-07-25,596.00,PAID
CLM3146,2273,2065,2023-07-25,156.00,PAID
CLM3147,2286,2039,2023-07-25,30.00,PAID
CLM3148,2995,2070,2023-07-25,90.00,PAID
CLM3149,2861,2098,2023-07-25,88.00,DENIED
CLM3150,2541,2123,2023-07-25,85.00,PAID
CLM3151,2596,2140,2023-07-25,239.00,DENIED
CLM3152,2969,2149,2023-07-25,114.00,DENIED
CLM3153,2729,2022,2023-07-25,87.00,DENIED
CLM3154,1731,2103,2023-07-25,489.00,PAID
CLM3155,1938,2144,2023-07-25,312.00,PAID
CLM3156,2191,2045,2023-07-25,133.00,PAID
CLM3157,3073,2093,2023-07-25,48.00,PAID
CLM3158,1645,2074,2023-07-25,369.00,PAID
CLM3159,3080,2130,2023-07-25,238.00,PAID
CLM3160,1063,2120,2023-07-25,135.00,DENIED
CLM3161,1852,2115,2023-07-25,295.00,PAID
CLM3162,3289,2037,2023-07-25,257.00,PAID
CLM3163,1223,2074,2023-07-25,539.00,PAID
CLM3164,1193,2051,2023-07-25,34.00,PAID
CLM3165,1313,2096,2023-07-25,50.00,PAID
CLM3166,1848,2100,2023-07-25,265.00,PAID
CLM3167,2350,2046,2023-07-26,32.00,PAID
CLM3168,2800,2001,2023-07-26,172.00,PAID
CLM3169,1827,2049,2023-07-26,132.00,PAID
CLM3170,2655,2011,2023-07-26,68.00,PAID
CLM3171,1139,2136,2023-07-26,114.00,PAID
CLM3172,1289,2041,2023-07-26,146.00,PAID
CLM3173,3009,2038,2023-07-26,70.00,PAID
CLM3174,1879,2028,2023-07-26,253.00,PAID
CLM3175,3260,2020,2023-07-26,43.00,PAID
CLM3176,3497,2082,2023-07-26,93.00,PAID
CLM3177,2829,2020,2023-07-26,49.00,PAID
CLM3178,2229,2114,2023-07-26,139.00,DENIED
CLM3179,2202,2005,2023-07-26,1447.00,PAID
CLM3180,1408,2013,2023-07-26,353.00,PAID
CLM3181,2364,2042,2023-07-26,236.00,DENIED
CLM3182,1501,2116,2023-07-26,149.00,PAID
CLM3183,3200,2002,2023-07-26,205.00,PAID
CLM3184,1884,2069,2023-07-26,139.00,PAID
CLM3185,2682,2139,2023-07-26,192.00,PAID
CLM3186,2049,2018,2023-07-26,140.00,PAID
CLM3187,3331,2102,2023-07-27,431.00,PAID
CLM3188,2232,2105,2023-07-27,1611.00,PAID
CLM3189,3278,2066,2023-07-27,94.00,PAID
CLM3190,1633,2075,2023-07-27,124.00,PAID
CLM3191,2882,2034,2023-07-27,28.00,PAID
CLM3192,1689,2150,2023-07-27,169.00,PAID
CLM3193,3403,2121,2023-07-27,1243.00,PAID
CLM3194,2712,2120,2023-07-27,33.00,PAID
CLM3195,1386,2086,2023-07-27,129.00,PAID
CLM3196,1614,2056,2023-07-27,74.00,DENIED
CLM3197,2590,2011,2023-07-27,95.00,PAID
CLM3198,2361,2057,2023-07-27,100.00,PAID
CLM3199,2709,2144,2023-07-27,306.00,PAID
CLM3200,1070,2105,2023-07-27,899.00,PAID
CLM3201,1238,2086,2023-07-27,204.00,PAID
CLM3202,2282,2132,2023-07-27,560.00,DENIED
CLM3203,1002,2064,2023-07-27,128.00,PAID
CLM3204,1965,2099,2023-07-27,163.00,PAID
CLM3205,1226,2032,2023-07-27,210.00,PAID
CLM3206,1277,2094,2023-07-27,79.00,PAID
CLM3207,2741,2034,2023-07-27,334.00,PAID
CLM3208,1173,2126,2023-07-27,155.00,PAID
CLM3209,2903,2114,2023-07-27,220.00,DENIED
CLM3210,3313,2138,2023-07-27,215.00,DENIED
CLM3211,1272,2143,2023-07-27,362.00,PAID
CLM3212,2057,2104,2023-07-27,381.00,DENIED
CLM3213,3089,2024,2023-07-28,1126.00,PAID
CLM3214,1087,2065,2023-07-28,209.00,PAID
CLM3215,3421,2115,2023-07-28,142.00,DENIED
CLM3216,2784,2028,2023-07-28,113.00,PAID
CLM3217,1796,2038,2023-07-28,88.00,PAID
CLM3218,1139,2095,2023-07-28,136.00,PAID
CLM3219,3343,2095,2023-07-28,48.00,PAID
CLM3220,1933,2069,2023-07-28,137.00,PAID
CLM3221,3027,2037,2023-07-28,104.00,PAID
CLM3222,3273,2020,2023-07-28,1264.00,PAID
CLM3223,2275,2056,2023-07-28,4142.00,DENIED
CLM3224,1259,2086,2023-07-28,127.00,PAID
CLM3225,1725,2097,2023-07-28,31.00,PAID
CLM3226,1656,2015,2023-07-28,395.00,DENIED
CLM3227,2337,2135,2023-07-28,3807.00,PAID
CLM3228,1011,2105,2023-07-28,176.00,PAID
CLM3229,1379,2077,2023-07-28,26.00,PAID
CLM3230,2676,2125,2023-07-28,81.00,PAID
CLM3231,2845,2095,2023-07-28,325.00,PAID
CLM3232,3158,2012,2023-07-28,248.00,PAID
CLM3233,1269,2127,2023-07-28,341.00,PAID
CLM3234,3425,2024,2023-07-28,136.00,PAID
CLM3235,3428,2058,2023-07-28,236.00,PAID
CLM3236,2019,2074,2023-07-28,290.00,PAID
CLM3237,3057,2103,2023-07-29,106.00,DENIED
CLM3238,1164,2111,2023-07-29,371.00,PAID
CLM3239,2850,2060,2023-07-29,2506.00,PAID
CLM3240,3499,2060,2023-07-29,200.00,PAID
CLM3241,1665,2104,2023-07-29,4870.00,DENIED
CLM3242,2247,2085,2023-07-29,164.00,PAID
CLM3243,2954,2073,2023-07-29,358.00,PAID
CLM3244,3157,2136,2023-07-30,314.00,PAID
CLM3245,1773,2062,2023-07-30,218.00,PAID
CLM3246,1098,2105,2023-07-30,899.00,PAID
CLM3247,2828,2024,2023-07-30,139.00,PAID
CLM3248,2060,2129,2023-07-31,50.00,PAID
CLM3249,2600,2119,2023-07-31,150.00,PAID
CLM3250,2554,2044,2023-07-31,1207.00,DENIED
CLM3251,1072,2032,2023-07-31,205.00,DENIED
CLM3252,1112,2100,2023-07-31,500.00,PAID
CLM3253,1215,2126,2023-07-31,276.00,PAID
CLM3254,1005,2090,2023-07-31,3755.00,PAID
CLM3255,3287,2047,2023-07-31,31.00,PAID
CLM3256,1654,2020,2023-07-31,218.00,DENIED
CLM3257,1065,2013,2023-07-31,118.00,PAID
CLM3258,2284,2017,2023-07-31,133.00,PAID
CLM3259,1453,2100,2023-07-31,253.00,PAID
CLM3260,2682,2117,2023-07-31,34.00,PAID
CLM3261,2169,2137,2023-07-31,1628.00,PAID
CLM3262,2651,2071,2023-07-31,46.00,PAID
CLM3263,1224,2059,2023-07-31,601.00,PAID
CLM3264,1242,2037,2023-07-31,1443.00,PAID
CLM3265,1605,2048,2023-07-31,78.00,PAID
CLM3266,2544,2054,2023-07-31,122.00,PAID
CLM3267,3009,2065,2023-07-31,172.00,DENIED
CLM3268,2779,2077,2023-07-31,25.00,PAID
CLM3269,2833,2137,2023-07-31,105.00,PAID
CLM3270,1820,2014,2023-07-31,340.00,PAID
CLM3271,3176,2023,2023-07-31,137.00,DENIED
CLM3272,2882,2137,2023-08-01,149.00,DENIED
CLM3273,2989,2124,2023-08-01,35.00,PAID
CLM3274,1176,2020,2023-08-01,45.00,PAID
CLM3275,1300,2060,2023-08-01,45.00,PAID
CLM3276,1043,2093,2023-08-01,139.00,DENIED
CLM3277,3384,2045,2023-08-01,140.00,PAID
CLM3278,1735,2024,2023-08-01,175.00,PAID
CLM3279,1059,2105,2023-08-01,152.00,PAID
CLM3280,1563,2065,2023-08-01,151.00,PAID
CLM3281,1089,2115,2023-08-01,297.00,PAID
CLM3282,1260,2122,2023-08-01,214.00,PAID
CLM3283,1533,2065,2023-08-01,46.00,DENIED
CLM3284,2455,2131,2023-08-01,44.00,PAID
CLM3285,1137,2053,2023-08-01,68.00,PAID
CLM3286,2206,2057,2023-08-01,63.00,PAID
CLM3287,1426,2083,2023-08-01,31.00,PAID
CLM3288,2546,2062,2023-08-01,38.00,PAID
CLM3289,2393,2015,2023-08-01,118.00,DENIED
CLM3290,2843,2102,2023-08-01,132.00,PAID
CLM3291,3457,2034,2023-08-02,141.00,PAID
CLM3292,2171,2087,2023-08-02,1411.00,PAID
CLM3293,2267,2101,2023-08-02,101.00,PAID
CLM3294,1047,2068,2023-08-02,124.00,PAID
CLM3295,2848,2071,2023-08-02,165.00,PAID
CLM3296,1902,2118,2023-08-02,182.00,PAID
CLM3297,1790,2031,2023-08-02,77.00,PAID
CLM3298,2449,2130,2023-08-02,79.00,PAID
CLM3299,2164,2018,2023-08-02,413.00,PAID
CLM3300,2488,2149,2023-08-02,133.00,PAID
CLM3301,1305,2085,2023-08-02,501.00,PAID
CLM3302,1336,2074,2023-08-02,147.00,PAID
CLM3303,3269,2087,2023-08-02,1216.00,DENIED
CLM3304,3333,2101,2023-08-02,33.00,PAID
CLM3305,2908,2091,2023-08-02,173.00,PAID
CLM3306,3084,2131,2023-08-02,47.00,PAID
CLM3307,2566,2138,2023-08-02,668.00,PAID
CLM3308,2491,2003,2023-08-03,180.00,PAID
CLM3309,2678,2116,2023-08-03,131.00,PAID
CLM3310,2613,2030,2023-08-03,32.00,PAID
CLM3311,1874,2022,2023-08-03,59.00,PAID
CLM3312,2828,2150,2023-08-03,151.00,PAID
CLM3313,2013,2063,2023-08-03,159.00,PAID
CLM3314,1059,2083,2023-08-03,149.00,DENIED
CLM3315,1551,2010,2023-08-03,177.00,DENIED
CLM3316,2791,2021,2023-08-03,130.00,PAID
CLM3317,2679,2074,2023-08-03,149.00,DENIED
CLM3318,2669,2076,2023-08-03,96.00,PAID
CLM3319,1371,2093,2023-08-03,146.00,DENIED
CLM3320,3277,2036,2023-08-03,279.00,PAID
CLM3321,2566,2057,2023-08-03,33.00,PAID
CLM3322,2231,2095,2023-08-04,121.00,PENDING
CLM3323,1650,2114,2023-08-04,34.00,PAID
CLM3324,1436,2024,2023-08-04,125.00,DENIED
CLM3325,3033,2037,2023-08-04,257.00,PAID
CLM3326,3053,2126,2023-08-04,320.00,PAID
CLM3327,2515,2010,2023-08-04,198.00,DENIED
CLM3328,2597,2145,2023-08-04,347.00,PAID
CLM3329,2107,2021,2023-08-04,100.00,DENIED
CLM3330,1558,2115,2023-08-04,149.00,PAID
CLM3331,3089,2121,2023-08-04,140.00,PAID
CLM3332,1385,2092,2023-08-04,169.00,PAID
CLM3333,3038,2133,2023-08-04,28.00,PAID
CLM3334,2591,2075,2023-08-04,136.00,DENIED
CLM3335,2230,2093,2023-08-04,116.00,PAID
CLM3336,2493,2078,2023-08-04,51.00,PAID
CLM3337,2560,2079,2023-08-04,134.00,PAID
CLM3338,1892,2106,2023-08-04,35.00,PAID
CLM3339,2675,2084,2023-08-04,246.00,PAID
CLM3340,1238,2132,2023-08-04,202.00,PAID
CLM3341,1079,2002,2023-08-05,224.00,PAID
CLM3342,1868,2109,2023-08-05,77.00,PAID
CLM3343,1302,2092,2023-08-05,30.00,PAID
CLM3344,1420,2031,2023-08-05,597.00,PAID
CLM3345,1480,2020,2023-08-05,2772.00,PAID
CLM3346,1133,2147,2023-08-05,169.00,PAID
CLM3347,2020,2083,2023-08-05,76.00,PAID
CLM3348,2303,2074,2023-08-05,380.00,PAID
CLM3349,1933,2105,2023-08-05,291.00,PAID
CLM3350,1799,2036,2023-08-06,423.00,DENIED
CLM3351,2244,2149,2023-08-06,29.00,PAID
CLM3352,1704,2133,2023-08-06,112.00,PAID
CLM3353,1945,2054,2023-08-06,31.00,PAID
CLM3354,2532,2147,2023-08-06,167.00,PAID
CLM3355,3178,2122,2023-08-07,27.00,PAID
CLM3356,2730,2020,2023-08-07,48.00,PAID
CLM3357,1785,2029,2023-08-07,1042.00,PAID
CLM3358,1144,2104,2023-08-07,113.00,PAID
CLM3359,1339,2072,2023-08-07,243.00,DENIED
CLM3360,1070,2069,2023-08-07,148.00,PAID
CLM3361,2168,2149,2023-08-07,153.00,PAID
CLM3362,1661,2091,2023-08-07,66.00,PAID
CLM3363,3279,2088,2023-08-07,121.00,PAID
CLM3364,1026,2120,2023-08-07,62.00,PAID
CLM3365,2055,2103,2023-08-07,159.00,PAID
CLM3366,1280,2137,2023-08-07,166.00,PAID
CLM3367,3200,2005,2023-08-07,201.00,PAID
CLM3368,2969,2050,2023-08-07,311.00,PAID
CLM3369,1267,2073,2023-08-07,27.00,PAID
CLM3370,1445,2091,2023-08-07,65.00,PAID
CLM3371,1382,2129,2023-08-07,328.00,PAID
CLM3372,1229,2038,2023-08-07,149.00,PAID
CLM3373,2531,2092,2023-08-07,128.00,PAID
CLM3374,1781,2005,2023-08-07,1221.00,PAID
CLM3375,1242,2024,2023-08-07,152.00,PAID
CLM3376,2214,2093,2023-08-07,86.00,PAID
CLM3377,3360,2018,2023-08-08,359.00,PAID
CLM3378,3200,2138,2023-08-08,584.00,PAID
CLM3379,2335,2074,2023-08-08,497.00,PAID
CLM3380,1726,2142,2023-08-08,348.00,PAID
CLM3381,1512,2102,2023-08-08,591.00,PAID
CLM3382,1544,2009,2023-08-08,315.00,PAID
CLM3383,1989,2101,2023-08-08,221.00,PAID
CLM3384,2550,2039,2023-08-08,465.00,DENIED
CLM3385,2168,2061,2023-08-08,370.00,PAID
CLM3386,3411,2137,2023-08-08,1184.00,DENIED
CLM3387,1201,2149,2023-08-08,144.00,DENIED
CLM3388,3207,2140,2023-08-08,125.00,DENIED
CLM3389,1245,2077,2023-08-08,29.00,PAID
CLM3390,2871,2059,2023-08-08,379.00,PAID
CLM3391,1268,2104,2023-08-08,1483.00,PAID
CLM3392,2498,2093,2023-08-08,52.00,PAID
CLM3393,2212,2149,2023-08-08,144.00,PAID
CLM3394,1379,2041,2023-08-08,305.00,DENIED
CLM3395,2947,2002,2023-08-08,272.00,DENIED
CLM3396,2119,2015,2023-08-08,5568.00,PAID
CLM3397,1958,2018,2023-08-08,518.00,PAID
CLM3398,1357,2125,2023-08-09,180.00,PAID
CLM3399,2587,2058,2023-08-09,240.00,PAID
CLM3400,1854,2121,2023-08-09,1357.00,PAID
CLM3401,3256,2055,2023-08-09,114.00,PAID
CLM3402,1224,2005,2023-08-09,198.00,PAID
CLM3403,1822,2015,2023-08-09,1793.00,PAID
CLM3404,1202,2105,2023-08-09,305.00,PAID
CLM3405,3277,2106,2023-08-09,46.00,PAID
CLM3406,3128,2025,2023-08-09,139.00,DENIED
CLM3407,1324,2029,2023-08-09,171.00,DENIED
CLM3408,3284,2066,2023-08-09,479.00,DENIED
CLM3409,2809,2029,2023-08-10,915.00,PAID
CLM3410,2577,2078,2023-08-10,123.00,PAID
CLM3411,3111,2024,2023-08-10,143.00,DENIED
CLM3412,1074,2147,2023-08-10,123.00,PAID
CLM3413,2752,2088,2023-08-10,786.00,PAID
CLM3414,2367,2077,2023-08-10,83.00,PAID
CLM3415,1938,2121,2023-08-10,1037.00,DENIED
CLM3416,2646,2091,2023-08-10,60.00,PAID
CLM3417,1027,2064,2023-08-10,140.00,DENIED
CLM3418,1772,2028,2023-08-10,30.00,PAID
CLM3419,2672,2059,2023-08-10,259.00,PAID
CLM3420,1207,2068,2023-08-10,291.00,PAID
CLM3421,2309,2015,2023-08-10,116.00,PAID
CLM3422,2138,2150,2023-08-10,49.00,PAID
CLM3423,1807,2038,2023-08-10,138.00,PAID
CLM3424,1887,2100,2023-08-10,133.00,PAID
CLM3425,1193,2041,2023-08-10,124.00,PAID
CLM3426,2799,2053,2023-08-10,55.00,PAID
CLM3427,1569,2085,2023-08-10,1536.00,PAID
CLM3428,1027,2111,2023-08-10,318.00,PAID
CLM3429,1126,2126,2023-08-10,184.00,PAID
CLM3430,1453,2034,2023-08-10,77.00,DENIED
CLM3431,2553,2100,2023-08-10,112.00,PAID
CLM3432,1691,2068,2023-08-10,1402.00,PAID
CLM3433,1466,2141,2023-08-10,110.00,PAID
CLM3434,3214,2038,2023-08-10,122.00,PAID
CLM3435,1923,2002,2023-08-11,300.00,PAID
CLM3436,1858,2020,2023-08-11,1396.00,DENIED
CLM3437,1526,2059,2023-08-11,207.00,PAID
CLM3438,2688,2088,2023-08-11,128.00,PAID
CLM3439,2679,2080,2023-08-11,429.00,PAID
CLM3440,1760,2109,2023-08-11,172.00,PAID
CLM3441,1999,2002,2023-08-11,253.00,PAID
CLM3442,2318,2137,2023-08-11,1215.00,DENIED
CLM3443,2444,2146,2023-08-11,144.00,PAID
CLM3444,1461,2019,2023-08-11,55.00,PAID
CLM3445,2554,2021,2023-08-11,133.00,PAID
CLM3446,2748,2142,2023-08-11,240.00,DENIED
CLM3447,3048,2058,2023-08-11,133.00,DENIED
CLM3448,1509,2008,2023-08-11,155.00,PAID
CLM3449,2540,2149,2023-08-11,249.00,PAID
CLM3450,1732,2132,2023-08-11,47.00,PAID
CLM3451,2160,2081,2023-08-11,197.00,PAID
CLM3452,3435,2118,2023-08-11,29.00,PAID
CLM3453,2313,2144,2023-08-11,122.00,PAID
CLM3454,1220,2100,2023-08-11,407.00,PAID
CLM3455,3472,2047,2023-08-11,159.00,PAID
CLM3456,1195,2026,2023-08-11,226.00,PAID
CLM3457,1810,2020,2023-08-12,576.00,PAID
CLM3458,1296,2112,2023-08-12,175.00,PAID
CLM3459,1964,2065,2023-08-12,110.00,PAID
CLM3460,3395,2033,2023-08-12,148.00,PAID
CLM3461,2448,2123,2023-08-13,140.00,PAID
CLM3462,2762,2105,2023-08-13,1096.00,PAID
CLM3463,1691,2046,2023-08-13,316.00,PAID
CLM3464,3112,2063,2023-08-13,139.00,PAID
CLM3465,1704,2004,2023-08-13,276.00,PAID
CLM3466,2200,2019,2023-08-13,48.00,PAID
CLM3467,1967,2103,2023-08-14,216.00,PAID
CLM3468,1617,2109,2023-08-14,35.00,PAID
CLM3469,1332,2121,2023-08-14,127.00,PAID
CLM3470,2022,2039,2023-08-14,179.00,PAID
CLM3471,3347,2027,2023-08-14,257.00,PAID
CLM3472,1891,2126,2023-08-14,436.00,PAID
CLM3473,1789,2044,2023-08-14,122.00,DENIED
CLM3474,1734,2047,2023-08-14,31.00,PAID
CLM3475,1399,2003,2023-08-14,45.00,PAID
CLM3476,3009,2106,2023-08-14,182.00,PAID
CLM3477,3092,2019,2023-08-14,249.00,PAID
CLM3478,1254,2120,2023-08-14,123.00,PAID
CLM3479,1353,2049,2023-08-14,277.00,PAID
CLM3480,2454,2031,2023-08-14,542.00,PAID
CLM3481,3194,2093,2023-08-14,95.00,DENIED
CLM3482,1748,2037,2023-08-14,124.00,PAID
CLM3483,3177,2111,2023-08-14,148.00,PAID
CLM3484,2046,2072,2023-08-14,211.00,PAID
CLM3485,1057,2085,2023-08-14,162.00,PAID
CLM3486,3486,2132,2023-08-15,1178.00,PAID
CLM3487,2260,2145,2023-08-15,424.00,PAID
CLM3488,2578,2103,2023-08-15,57.00,PAID
CLM3489,1543,2030,2023-08-15,41.00,PAID
CLM3490,2652,2142,2023-08-15,47.00,DENIED
CLM3491,1837,2110,2023-08-15,122.00,PAID
CLM3492,2634,2107,2023-08-15,116.00,DENIED
CLM3493,2888,2089,2023-08-15,131.00,PAID
CLM3494,1967,2005,2023-08-15,677.00,DENIED
CLM3495,1181,2050,2023-08-15,330.00,PAID
CLM3496,3238,2005,2023-08-15,268.00,PAID
CLM3497,2780,2083,2023-08-15,307.00,PAID
CLM3498,3009,2150,2023-08-15,132.00,PAID
CLM3499,3210,2044,2023-08-15,173.00,PAID
CLM3500,2698,2142,2023-08-15,176.00,PAID
CLM3501,2724,2102,2023-08-15,264.00,PAID
CLM3502,3226,2130,2023-08-15,342.00,PAID
CLM3503,1868,2136,2023-08-15,137.00,DENIED
CLM3504,3459,2029,2023-08-15,4692.00,DENIED
CLM3505,1381,2028,2023-08-15,122.00,PAID
CLM3506,3283,2133,2023-08-16,280.00,PAID
CLM3507,3387,2058,2023-08-16,456.00,DENIED
CLM3508,3101,2078,2023-08-16,145.00,DENIED
CLM3509,1387,2087,2023-08-16,779.00,PAID
CLM3510,2658,2075,2023-08-16,43.00,PAID
CLM3511,2531,2012,2023-08-16,292.00,PAID
CLM3512,1377,2137,2023-08-16,622.00,DENIED
CLM3513,1305,2081,2023-08-16,166.00,PAID
CLM3514,2519,2060,2023-08-16,632.00,DENIED
CLM3515,2195,2043,2023-08-16,219.00,PAID
CLM3516,3230,2084,2023-08-16,82.00,PENDING
CLM3517,1568,2013,2023-08-16,113.00,PAID
CLM3518,2055,2118,2023-08-16,41.00,PAID
CLM3519,2078,2103,2023-08-16,172.00,PAID
CLM3520,2126,2140,2023-08-16,456.00,PAID
CLM3521,2506,2050,2023-08-16,167.00,PAID
CLM3522,2508,2082,2023-08-16,50.00,PAID
CLM3523,1011,2069,2023-08-17,5231.00,PAID
CLM3524,2760,2075,2023-08-17,61.00,PAID
CLM3525,2197,2085,2023-08-17,695.00,PAID
CLM3526,2150,2049,2023-08-17,116.00,PAID
CLM3527,2992,2132,2023-08-17,1240.00,PAID
CLM3528,1931,2115,2023-08-17,128.00,DENIED
CLM3529,3485,2126,2023-08-17,131.00,PAID
CLM3530,2431,2105,2023-08-17,143.00,PAID
CLM3531,2876,2021,2023-08-17,85.00,PAID
CLM3532,3224,2046,2023-08-17,189.00,PAID
CLM3533,1787,2005,2023-08-17,44.00,PAID
CLM3534,2908,2097,2023-08-17,42.00,PAID
CLM3535,2164,2025,2023-08-17,436.00,PAID
CLM3536,1406,2024,2023-08-17,5322.00,DENIED
CLM3537,2911,2002,2023-08-17,28.00,PAID
CLM3538,2182,2147,2023-08-17,109.00,PAID
CLM3539,2881,2072,2023-08-17,37.00,PAID
CLM3540,1548,2088,2023-08-17,317.00,PAID
CLM3541,1305,2030,2023-08-17,43.00,PAID
CLM3542,1236,2045,2023-08-17,112.00,PAID
CLM3543,2802,2024,2023-08-17,138.00,PAID
CLM3544,2460,2068,2023-08-17,1662.00,PAID
CLM3545,3383,2027,2023-08-17,159.00,PAID
CLM3546,1580,2068,2023-08-17,1630.00,PAID
CLM3547,2777,2118,2023-08-18,451.00,PAID
CLM3548,3249,2069,2023-08-18,298.00,DENIED
CLM3549,1057,2052,2023-08-18,33.00,PAID
CLM3550,2501,2096,2023-08-18,73.00,PAID
CLM3551,1610,2076,2023-08-18,173.00,PAID
CLM3552,2044,2124,2023-08-18,49.00,PAID
CLM3553,1495,2046,2023-08-18,303.00,PAID
CLM3554,1697,2143,2023-08-18,149.00,PAID
CLM3555,2488,2045,2023-08-18,110.00,PAID
CLM3556,3121,2137,2023-08-18,2483.00,DENIED
CLM3557,2508,2137,2023-08-18,265.00,PAID
CLM3558,1903,2019,2023-08-18,111.00,DENIED
CLM3559,2378,2115,2023-08-18,129.00,PAID
CLM3560,1668,2052,2023-08-18,123.00,PAID
CLM3561,3218,2059,2023-08-18,287.00,PAID
CLM3562,1174,2087,2023-08-18,157.00,PAID
CLM3563,1272,2083,2023-08-18,217.00,PAID
CLM3564,3185,2038,2023-08-18,53.00,PAID
CLM3565,3213,2013,2023-08-19,227.00,PAID
CLM3566,2790,2114,2023-08-19,202.00,DENIED
CLM3567,1967,2065,2023-08-19,263.00,PAID
CLM3568,1306,2035,2023-08-19,34.00,PAID
CLM3569,2636,2053,2023-08-19,63.00,PAID
CLM3570,2716,2074,2023-08-20,337.00,PAID
CLM3571,3238,2091,2023-08-20,98.00,PAID
CLM3572,2910,2044,2023-08-20,299.00,PAID
CLM3573,3458,2045,2023-08-20,262.00,PAID
CLM3574,1319,2124,2023-08-21,83.00,PAID
CLM3575,1363,2136,2023-08-21,295.00,PAID
CLM3576,2134,2137,2023-08-21,127.00,PAID
CLM3577,1823,2072,2023-08-21,175.00,PAID
CLM3578,1769,2143,2023-08-21,294.00,PAID
CLM3579,2037,2092,2023-08-21,100.00,PAID
CLM3580,2279,2020,2023-08-21,53.00,PAID
CLM3581,1650,2133,2023-08-21,87.00,PAID
CLM3582,3455,2034,2023-08-21,53.00,DENIED
CLM3583,2777,2004,2023-08-21,976.00,PAID
CLM3584,2257,2011,2023-08-21,38.00,PAID
CLM3585,1475,2028,2023-08-21,281.00,PAID
CLM3586,2171,2095,2023-08-21,117.00,DENIED
CLM3587,1535,2060,2023-08-21,356.00,DENIED
CLM3588,2870,2118,2023-08-21,227.00,PAID
CLM3589,2675,2060,2023-08-21,43.00,PAID
CLM3590,1190,2023,2023-08-21,328.00,PAID
CLM3591,2365,2114,2023-08-22,102.00,PAID
CLM3592,1752,2013,2023-08-22,239.00,PAID
CLM3593,2034,2085,2023-08-22,2536.00,PAID
CLM3594,3494,2131,2023-08-22,1296.00,PAID
CLM3595,1400,2137,2023-08-22,801.00,PAID
CLM3596,3180,2143,2023-08-22,179.00,PAID
CLM3597,2575,2085,2023-08-22,610.00,PAID
CLM3598,1106,2001,2023-08-22,73.00,PAID
CLM3599,1664,2007,2023-08-22,226.00,PAID
CLM3600,1751,2142,2023-08-22,72.00,PAID
CLM3601,1907,2013,2023-08-22,139.00,PAID
CLM3602,3071,2079,2023-08-22,43.00,PAID
CLM3603,2429,2072,2023-08-22,442.00,DENIED
CLM3604,2773,2058,2023-08-22,132.00,DENIED
CLM3605,3125,2013,2023-08-22,377.00,PAID
CLM3606,3000,2139,2023-08-22,40.00,PAID
CLM3607,3496,2001,2023-08-22,280.00,PAID
CLM3608,1877,2046,2023-08-22,215.00,DENIED
CLM3609,2950,2133,2023-08-22,32.00,PAID
CLM3610,2938,2133,2023-08-22,136.00,PAID
CLM3611,1693,2064,2023-08-22,288.00,PAID
CLM3612,2480,2005,2023-08-22,42.00,PAID
CLM3613,2719,2020,2023-08-22,269.00,PAID
CLM3614,1382,2059,2023-08-23,281.00,PAID
CLM3615,2579,2130,2023-08-23,336.00,PAID
CLM3616,1191,2109,2023-08-23,41.00,PAID
CLM3617,2562,2059,2023-08-23,274.00,PAID
CLM3618,2552,2137,2023-08-23,103.00,PAID
CLM3619,2854,2005,2023-08-23,425.00,PAID
CLM3620,2851,2076,2023-08-23,272.00,DENIED
CLM3621,2078,2112,2023-08-23,265.00,PAID
CLM3622,1837,2052,2023-08-23,224.00,PAID
CLM3623,2255,2020,2023-08-23,43.00,PAID
CLM3624,2544,2030,2023-08-23,59.00,DENIED
CLM3625,2450,2049,2023-08-24,135.00,PAID
CLM3626,3286,2133,2023-08-24,390.00,PAID
CLM3627,1892,2045,2023-08-24,5136.00,PAID
CLM3628,3094,2047,2023-08-24,181.00,PAID
CLM3629,2546,2062,2023-08-24,204.00,PAID
CLM3630,2138,2121,2023-08-24,824.00,PAID
CLM3631,3265,2150,2023-08-24,58.00,PAID
CLM3632,3211,2144,2023-08-24,125.00,PAID
CLM3633,1163,2011,2023-08-24,33.00,PAID
CLM3634,1568,2050,2023-08-24,312.00,PAID
CLM3635,3324,2074,2023-08-24,388.00,PAID
CLM3636,2499,2118,2023-08-24,286.00,PAID
CLM3637,1518,2069,2023-08-24,316.00,PAID
CLM3638,2394,2069,2023-08-24,121.00,PAID
CLM3639,1101,2028,2023-08-24,252.00,PAID
CLM3640,2023,2147,2023-08-24,302.00,PAID
CLM3641,2894,2075,2023-08-24,331.00,PAID
CLM3642,2065,2083,2023-08-24,312.00,PAID
CLM3643,3352,2097,2023-08-25,197.00,PAID
CLM3644,2292,2026,2023-08-25,427.00,DENIED
CLM3645,1402,2087,2023-08-25,118.00,PAID
CLM3646,2216,2127,2023-08-25,40.00,PAID
CLM3647,3381,2126,2023-08-25,153.00,PAID
CLM3648,1469,2087,2023-08-25,2135.00,DENIED
CLM3649,1379,2091,2023-08-25,24.00,PAID
CLM3650,3475,2122,2023-08-25,34.00,PAID
CLM3651,1620,2009,2023-08-25,34.00,PAID
CLM3652,3439,2024,2023-08-25,138.00,PAID
CLM3653,1666,2020,2023-08-25,44.00,PAID
CLM3654,2917,2118,2023-08-25,132.00,PAID
CLM3655,3007,2028,2023-08-25,102.00,PAID
CLM3656,3229,2133,2023-08-25,351.00,PAID
CLM3657,2454,2105,2023-08-25,298.00,PAID
CLM3658,1885,2027,2023-08-25,260.00,PAID
CLM3659,1119,2127,2023-08-25,257.00,PAID
CLM3660,3373,2059,2023-08-25,242.00,PAID
CLM3661,2368,2043,2023-08-25,552.00,DENIED
CLM3662,3104,2137,2023-08-25,138.00,DENIED
CLM3663,2159,2101,2023-08-25,40.00,PAID
CLM3664,3307,2077,2023-08-25,99.00,DENIED
CLM3665,2168,2020,2023-08-25,51.00,PAID
CLM3666,2898,2068,2023-08-25,146.00,PAID
CLM3667,2870,2012,2023-08-25,192.00,PAID
CLM3668,1930,2076,2023-08-25,288.00,PAID
CLM3669,1160,2025,2023-08-26,27.00,DENIED
CLM3670,3403,2077,2023-08-26,35.00,PAID
CLM3671,1403,2091,2023-08-26,179.00,PAID
CLM3672,2155,2114,2023-08-26,41.00,PAID
CLM3673,2807,2075,2023-08-26,62.00,PAID
CLM3674,2227,2105,2023-08-26,304.00,PAID
CLM3675,3073,2050,2023-08-26,239.00,PAID
CLM3676,2612,2006,2023-08-27,327.00,PAID
CLM3677,2807,2106,2023-08-27,50.00,PAID
CLM3678,2657,2116,2023-08-27,128.00,DENIED
CLM3679,1479,2004,2023-08-27,149.00,PAID
CLM3680,2336,2072,2023-08-27,27.00,PAID
CLM3681,2350,2120,2023-08-28,79.00,PAID
CLM3682,1892,2049,2023-08-28,320.00,PAID
CLM3683,1034,2039,2023-08-28,82.00,PAID
CLM3684,1895,2087,2023-08-28,322.00,PAID
CLM3685,3137,2015,2023-08-28,288.00,PAID
CLM3686,2613,2111,2023-08-28,112.00,PAID
CLM3687,1769,2075,2023-08-28,254.00,PAID
CLM3688,1085,2006,2023-08-28,413.00,PAID
CLM3689,2377,2002,2023-08-28,233.00,PAID
CLM3690,1401,2098,2023-08-28,33.00,PAID
CLM3691,2126,2090,2023-08-28,205.00,PAID
CLM3692,3207,2028,2023-08-28,72.00,PAID
CLM3693,3324,2005,2023-08-28,50.00,PAID
CLM3694,1081,2021,2023-08-28,59.00,PAID
CLM3695,1668,2132,2023-08-28,280.00,DENIED
CLM3696,2826,2080,2023-08-28,195.00,PAID
CLM3697,1161,2005,2023-08-28,220.00,DENIED
CLM3698,1467,2095,2023-08-28,106.00,PAID
CLM3699,1234,2116,2023-08-28,45.00,PAID
CLM3700,1173,2030,2023-08-29,237.00,PAID
CLM3701,1290,2066,2023-08-29,312.00,PAID
CLM3702,3083,2004,2023-08-29,287.00,PAID
CLM3703,2818,2148,2023-08-29,40.00,PAID
CLM3704,2775,2015,2023-08-29,420.00,PAID
CLM3705,2989,2075,2023-08-29,560.00,DENIED
CLM3706,2468,2118,2023-08-29,65.00,PAID
CLM3707,2318,2027,2023-08-29,175.00,PAID
CLM3708,1613,2130,2023-08-29,70.00,PAID
CLM3709,1585,2036,2023-08-29,300.00,PAID
CLM3710,1090,2002,2023-08-29,59.00,PAID
CLM3711,2895,2055,2023-08-29,303.00,PAID
CLM3712,2509,2045,2023-08-29,1841.00,DENIED
CLM3713,2366,2012,2023-08-29,147.00,PAID
CLM3714,1957,2109,2023-08-29,31.00,PAID
CLM3715,1939,2013,2023-08-29,349.00,PAID
CLM3716,1025,2116,2023-08-29,228.00,PAID
CLM3717,2821,2100,2023-08-29,142.00,PAID
CLM3718,2089,2122,2023-08-29,72.00,PAID
CLM3719,3236,2097,2023-08-29,30.00,PAID
CLM3720,2101,2028,2023-08-30,346.00,DENIED
CLM3721,2248,2044,2023-08-30,173.00,PAID
CLM3722,2021,2137,2023-08-30,706.00,PAID
CLM3723,2230,2149,2023-08-30,223.00,PAID
CLM3724,2366,2004,2023-08-30,141.00,PAID
CLM3725,2176,2085,2023-08-30,1501.00,PAID
CLM3726,1194,2044,2023-08-30,144.00,PAID
CLM3727,3274,2087,2023-08-30,1400.00,PAID
CLM3728,1525,2029,2023-08-30,149.00,PAID
CLM3729,2772,2024,2023-08-30,301.00,PAID
CLM3730,1094,2083,2023-08-30,224.00,PAID
CLM3731,2214,2044,2023-08-30,4249.00,PAID
CLM3732,3448,2005,2023-08-30,670.00,DENIED
CLM3733,1389,2073,2023-08-30,39.00,DENIED
CLM3734,2714,2104,2023-08-30,528.00,DENIED
CLM3735,1777,2075,2023-08-30,101.00,PAID
CLM3736,1786,2050,2023-08-30,30.00,PAID
CLM3737,3076,2120,2023-08-30,49.00,PAID
CLM3738,1326,2095,2023-08-30,91.00,PAID
CLM3739,3095,2036,2023-08-31,175.00,PAID
CLM3740,1113,2095,2023-08-31,141.00,DENIED
CLM3741,1590,2068,2023-08-31,276.00,PAID
CLM3742,2235,2037,2023-08-31,274.00,PAID
CLM3743,3023,2093,2023-08-31,123.00,PAID
CLM3744,3052,2101,2023-08-31,32.00,DENIED
CLM3745,2895,2073,2023-08-31,43.00,PAID
CLM3746,1612,2074,2023-08-31,474.00,DENIED
CLM3747,1585,2069,2023-08-31,159.00,PAID
CLM3748,3360,2061,2023-08-31,29.00,PAID
CLM3749,3456,2020,2023-08-31,49.00,PAID
CLM3750,2916,2139,2023-08-31,39.00,PAID
CLM3751,2824,2139,2023-08-31,124.00,PAID
CLM3752,2183,2100,2023-08-31,246.00,PAID
CLM3753,1568,2097,2023-08-31,120.00,PAID
CLM3754,1633,2005,2023-08-31,2676.00,PAID
CLM3755,3285,2039,2023-08-31,315.00,PAID
CLM3756,1790,2069,2023-08-31,129.00,PAID
CLM3757,1366,2001,2023-08-31,262.00,PAID
CLM3758,1319,2048,2023-08-31,137.00,PAID
CLM3759,1243,2124,2023-08-31,72.00,PAID
CLM3760,1662,2122,2023-08-31,124.00,PAID
CLM3761,3147,2053,2023-09-01,95.00,PAID
CLM3762,1239,2062,2023-09-01,96.00,DENIED
CLM3763,3459,2045,2023-09-01,110.00,PAID
CLM3764,2845,2131,2023-09-01,394.00,PAID
CLM3765,2802,2065,2023-09-01,126.00,DENIED
CLM3766,3124,2038,2023-09-01,30.00,PAID
CLM3767,3165,2012,2023-09-01,47.00,PAID
CLM3768,3360,2120,2023-09-01,280.00,PAID
CLM3769,1607,2105,2023-09-01,300.00,PAID
CLM3770,3479,2014,2023-09-01,157.00,PAID
CLM3771,1020,2034,2023-09-01,90.00,PAID
CLM3772,2443,2033,2023-09-01,78.00,PAID
CLM3773,1609,2148,2023-09-01,105.00,PAID
CLM3774,2888,2143,2023-09-01,131.00,DENIED
CLM3775,3341,2058,2023-09-01,288.00,PAID
CLM3776,1138,2005,2023-09-02,195.00,PAID
CLM3777,3085,2100,2023-09-02,469.00,PAID
CLM3778,1190,2077,2023-09-02,218.00,PAID
CLM3779,2876,2023,2023-09-02,96.00,DENIED
CLM3780,1813,2019,2023-09-02,46.00,PAID
CLM3781,3343,2109,2023-09-02,67.00,PAID
CLM3782,3352,2029,2023-09-03,173.00,DENIED
CLM3783,1573,2030,2023-09-03,241.00,DENIED
CLM3784,3016,2082,2023-09-03,109.00,PAID
CLM3785,1450,2023,2023-09-03,92.00,DENIED
CLM3786,2454,2004,2023-09-03,169.00,PAID
CLM3787,3109,2132,2023-09-03,421.00,PAID
CLM3788,1785,2143,2023-09-04,344.00,PENDING
CLM3789,2552,2006,2023-09-04,313.00,PAID
CLM3790,1790,2029,2023-09-04,128.00,DENIED
CLM3791,2175,2037,2023-09-04,91.00,PAID
CLM3792,3150,2102,2023-09-04,473.00,PAID
CLM3793,3472,2114,2023-09-04,43.00,PAID
CLM3794,1147,2102,2023-09-04,262.00,PAID
CLM3795,3270,2005,2023-09-04,2375.00,PAID
CLM3796,1696,2021,2023-09-04,54.00,PAID
CLM3797,2177,2126,2023-09-04,278.00,PAID
CLM3798,1925,2010,2023-09-04,80.00,PAID
CLM3799,2910,2069,2023-09-04,152.00,PAID
CLM3800,3003,2064,2023-09-04,44.00,PAID
CLM3801,2704,2133,2023-09-04,177.00,PAID
CLM3802,2549,2068,2023-09-04,407.00,PAID
CLM3803,2834,2017,2023-09-04,244.00,DENIED
CLM3804,2554,2142,2023-09-04,336.00,PAID
CLM3805,2211,2142,2023-09-04,139.00,PAID
CLM3806,3199,2149,2023-09-04,233.00,PAID
CLM3807,3366,2060,2023-09-04,239.00,PAID
CLM3808,2362,2025,2023-09-04,31.00,DENIED
CLM3809,2146,2104,2023-09-04,250.00,PAID
CLM3810,2851,2034,2023-09-05,55.00,PAID
CLM3811,3394,2085,2023-09-05,1487.00,PAID
CLM3812,2703,2024,2023-09-05,161.00,PAID
CLM3813,2036,2043,2023-09-05,93.00,PAID
CLM3814,3043,2149,2023-09-05,329.00,PAID
CLM3815,2472,2025,2023-09-05,353.00,PAID
CLM3816,2154,2058,2023-09-05,237.00,PAID
CLM3817,1067,2075,2023-09-05,502.00,PAID
CLM3818,2827,2102,2023-09-05,203.00,PAID
CLM3819,2120,2020,2023-09-05,417.00,PAID
CLM3820,2364,2053,2023-09-05,338.00,PAID
CLM3821,1438,2115,2023-09-05,147.00,DENIED
CLM3822,2333,2122,2023-09-05,47.00,PAID
CLM3823,1825,2035,2023-09-05,163.00,PAID
CLM3824,1324,2042,2023-09-05,128.00,PAID
CLM3825,2132,2005,2023-09-06,2363.00,PAID
CLM3826,2227,2106,2023-09-06,33.00,PAID
CLM3827,1123,2077,2023-09-06,80.00,PAID
CLM3828,1355,2137,2023-09-06,1330.00,PAID
CLM3829,2218,2024,2023-09-06,5193.00,DENIED
CLM3830,1907,2023,2023-09-06,44.00,PAID
CLM3831,2391,2042,2023-09-06,73.00,DENIED
CLM3832,1917,2071,2023-09-06,272.00,PAID
CLM3833,3073,2071,2023-09-06,229.00,PAID
CLM3834,3428,2068,2023-09-06,150.00,PAID
CLM3835,2762,2001,2023-09-06,283.00,PAID
CLM3836,1673,2071,2023-09-06,51.00,PAID
CLM3837,3361,2059,2023-09-06,321.00,PAID
CLM3838,3248,2120,2023-09-06,130.00,PAID
CLM3839,1453,2069,2023-09-06,140.00,PAID
CLM3840,2111,2015,2023-09-06,261.00,PAID
CLM3841,1339,2061,2023-09-06,47.00,PAID
CLM3842,2402,2075,2023-09-06,140.00,PAID
CLM3843,1901,2040,2023-09-06,42.00,PAID
CLM3844,3120,2121,2023-09-06,118.00,PAID
CLM3845,2325,2085,2023-09-07,1991.00,PENDING
CLM3846,3141,2019,2023-09-07,54.00,PAID
CLM3847,2536,2054,2023-09-07,78.00,DENIED
CLM3848,1024,2020,2023-09-07,44.00,PAID
CLM3849,2305,2093,2023-09-07,450.00,DENIED
CLM3850,3009,2037,2023-09-07,247.00,PAID
CLM3851,1820,2085,2023-09-07,125.00,PAID
CLM3852,3356,2106,2023-09-07,116.00,PAID
CLM3853,2767,2104,2023-09-07,138.00,PAID
CLM3854,2090,2121,2023-09-07,314.00,PAID
CLM3855,2151,2150,2023-09-07,156.00,PAID
CLM3856,2641,2137,2023-09-07,1393.00,PAID
CLM3857,1178,2063,2023-09-07,33.00,PAID
CLM3858,2526,2122,2023-09-07,146.00,PAID
CLM3859,3302,2037,2023-09-07,114.00,PAID
CLM3860,2033,2098,2023-09-08,252.00,PAID
CLM3861,3459,2068,2023-09-08,986.00,DENIED
CLM3862,1841,2008,2023-09-08,111.00,PAID
CLM3863,1091,2115,2023-09-08,539.00,PAID
CLM3864,1317,2087,2023-09-08,172.00,PAID
CLM3865,2155,2036,2023-09-08,178.00,PAID
CLM3866,1003,2131,2023-09-08,1091.00,PAID
CLM3867,1781,2091,2023-09-08,35.00,PAID
CLM3868,2191,2111,2023-09-08,152.00,PAID
CLM3869,3174,2049,2023-09-08,174.00,PAID
CLM3870,2968,2127,2023-09-08,239.00,PAID
CLM3871,1485,2039,2023-09-08,115.00,PAID
CLM3872,2291,2072,2023-09-08,35.00,PAID
CLM3873,1662,2130,2023-09-08,71.00,PAID
CLM3874,1055,2137,2023-09-08,271.00,PAID
CLM3875,3100,2068,2023-09-08,1399.00,PAID
CLM3876,1267,2137,2023-09-09,1027.00,PAID
CLM3877,1427,2026,2023-09-09,84.00,PAID
CLM3878,1898,2128,2023-09-09,190.00,DENIED
CLM3879,3206,2052,2023-09-09,195.00,PAID
CLM3880,2973,2043,2023-09-09,69.00,PAID
CLM3881,1431,2054,2023-09-09,284.00,PAID
CLM3882,3344,2041,2023-09-09,278.00,PAID
CLM3883,2001,2087,2023-09-09,4090.00,DENIED
CLM3884,1548,2015,2023-09-09,139.00,PAID
CLM3885,2672,2036,2023-09-09,278.00,PAID
CLM3886,1208,2073,2023-09-09,129.00,PAID
CLM3887,2026,2113,2023-09-10,169.00,PAID
CLM3888,1598,2034,2023-09-10,32.00,PAID
CLM3889,1096,2107,2023-09-10,36.00,PAID
CLM3890,2515,2046,2023-09-10,106.00,PAID
CLM3891,2938,2070,2023-09-10,119.00,DENIED
CLM3892,2544,2149,2023-09-10,192.00,PAID
CLM3893,3479,2088,2023-09-10,141.00,PAID
CLM3894,2511,2134,2023-09-10,197.00,PAID
CLM3895,1020,2095,2023-09-10,184.00,DENIED
CLM3896,2834,2113,2023-09-11,310.00,PENDING
CLM3897,1044,2001,2023-09-11,138.00,PAID
CLM3898,1157,2106,2023-09-11,64.00,PAID
CLM3899,1674,2004,2023-09-11,1404.00,DENIED
CLM3900,1063,2082,2023-09-11,63.00,PAID
CLM3901,1142,2109,2023-09-11,76.00,PAID
CLM3902,2795,2015,2023-09-11,243.00,PAID
CLM3903,1012,2028,2023-09-11,29.00,PAID
CLM3904,3379,2039,2023-09-11,60.00,PAID
CLM3905,1885,2091,2023-09-11,27.00,PAID
CLM3906,2871,2023,2023-09-11,32.00,PAID
CLM3907,1405,2041,2023-09-11,211.00,DENIED
CLM3908,2487,2133,2023-09-11,40.00,PAID
CLM3909,3199,2100,2023-09-11,412.00,PAID
CLM3910,2127,2117,2023-09-11,174.00,PAID
CLM3911,2540,2144,2023-09-11,185.00,PAID
CLM3912,2325,2029,2023-09-11,147.00,PAID
CLM3913,2428,2143,2023-09-11,375.00,DENIED
CLM3914,3231,2071,2023-09-11,106.00,PAID
CLM3915,1139,2020,2023-09-12,45.00,PAID
CLM3916,2592,2087,2023-09-12,305.00,PAID
CLM3917,1302,2038,2023-09-12,136.00,PAID
CLM3918,2679,2088,2023-09-12,4951.00,PAID
CLM3919,3230,2116,2023-09-12,56.00,DENIED
CLM3920,1077,2103,2023-09-12,30.00,PAID
CLM3921,1851,2011,2023-09-12,387.00,PAID
CLM3922,1371,2060,2023-09-12,657.00,PAID
CLM3923,1598,2132,2023-09-12,284.00,DENIED
CLM3924,2209,2070,2023-09-12,90.00,PAID
CLM3925,2121,2117,2023-09-12,45.00,PAID
CLM3926,2381,2040,2023-09-12,184.00,PAID
CLM3927,2479,2079,2023-09-12,243.00,PAID
CLM3928,2893,2145,2023-09-12,233.00,PAID
CLM3929,3340,2092,2023-09-12,174.00,PAID
CLM3930,1688,2131,2023-09-12,602.00,PAID
CLM3931,1526,2088,2023-09-12,1066.00,DENIED
CLM3932,1150,2042,2023-09-12,92.00,PAID
CLM3933,2394,2020,2023-09-13,52.00,DENIED
CLM3934,3093,2057,2023-09-13,207.00,PAID
CLM3935,1988,2039,2023-09-13,29.00,PAID
CLM3936,2987,2078,2023-09-13,165.00,PENDING
CLM3937,3494,2110,2023-09-13,111.00,PAID
CLM3938,2679,2005,2023-09-13,206.00,PAID
CLM3939,2864,2072,2023-09-13,29.00,PAID
CLM3940,1083,2137,2023-09-13,934.00,PAID
CLM3941,2130,2069,2023-09-13,1436.00,PAID
CLM3942,3045,2002,2023-09-13,164.00,DENIED
CLM3943,2803,2060,2023-09-13,635.00,PAID
CLM3944,2979,2123,2023-09-13,222.00,PAID
CLM3945,2041,2014,2023-09-13,31.00,PAID
CLM3946,3485,2026,2023-09-13,34.00,PAID
CLM3947,1198,2068,2023-09-13,539.00,PAID
CLM3948,2815,2052,2023-09-13,42.00,PAID
CLM3949,1449,2133,2023-09-13,34.00,PAID
CLM3950,3022,2068,2023-09-13,119.00,DENIED
CLM3951,3213,2083,2023-09-13,309.00,PAID
CLM3952,2224,2132,2023-09-13,41.00,PAID
CLM3953,1759,2065,2023-09-13,261.00,PAID
CLM3954,3285,2111,2023-09-13,28.00,PAID
CLM3955,1059,2143,2023-09-14,161.00,DENIED
CLM3956,2443,2073,2023-09-14,253.00,PAID
CLM3957,1190,2074,2023-09-14,228.00,PAID
CLM3958,1803,2091,2023-09-14,57.00,PAID
CLM3959,1885,2033,2023-09-14,65.00,PAID
CLM3960,2892,2011,2023-09-14,190.00,PAID
CLM3961,2818,2139,2023-09-14,89.00,PAID
CLM3962,2119,2068,2023-09-14,427.00,PAID
CLM3963,3375,2101,2023-09-14,258.00,PAID
CLM3964,2389,2029,2023-09-14,5243.00,PAID
CLM3965,3431,2071,2023-09-14,205.00,PAID
CLM3966,1681,2087,2023-09-14,153.00,PAID
CLM3967,1612,2103,2023-09-14,122.00,PAID
CLM3968,2232,2057,2023-09-14,80.00,DENIED
CLM3969,2810,2044,2023-09-14,1153.00,PAID
CLM3970,3238,2020,2023-09-14,1322.00,DENIED
CLM3971,2002,2102,2023-09-14,288.00,PAID
CLM3972,2536,2115,2023-09-14,480.00,DENIED
CLM3973,1002,2008,2023-09-14,64.00,PAID
CLM3974,2598,2005,2023-09-14,402.00,PAID
CLM3975,1161,2105,2023-09-14,1117.00,PAID
CLM3976,3413,2088,2023-09-14,4339.00,PAID
CLM3977,2091,2131,2023-09-14,3699.00,PAID
CLM3978,3416,2013,2023-09-14,111.00,PAID
CLM3979,1585,2118,2023-09-14,46.00,PAID
CLM3980,2429,2029,2023-09-14,5485.00,PAID
CLM3981,1297,2047,2023-09-14,160.00,PAID
CLM3982,2392,2085,2023-09-15,431.00,DENIED
CLM3983,2046,2089,2023-09-15,4247.00,PAID
CLM3984,1623,2071,2023-09-15,142.00,PAID
CLM3985,3028,2104,2023-09-15,246.00,PAID
CLM3986,1289,2092,2023-09-15,111.00,PAID
CLM3987,1287,2061,2023-09-15,116.00,PAID
CLM3988,1304,2122,2023-09-15,283.00,DENIED
CLM3989,2298,2134,2023-09-15,41.00,PAID
CLM3990,1107,2107,2023-09-15,42.00,PAID
CLM3991,2729,2015,2023-09-15,282.00,PAID
CLM3992,1715,2015,2023-09-15,110.00,PAID
CLM3993,1651,2045,2023-09-15,138.00,PAID
CLM3994,2724,2004,2023-09-15,1334.00,PAID
CLM3995,1006,2013,2023-09-15,1729.00,PAID
CLM3996,1125,2081,2023-09-15,400.00,PAID
CLM3997,1662,2105,2023-09-15,1562.00,PAID
CLM3998,1328,2030,2023-09-15,135.00,PAID
CLM3999,2026,2029,2023-09-15,2224.00,DENIED
CLM4000,2722,2100,2023-09-15,1941.00,PAID
CLM4001,3461,2011,2023-09-16,31.00,PAID
CLM4002,2456,2034,2023-09-16,46.00,PAID
CLM4003,3373,2045,2023-09-16,124.00,PAID
CLM4004,2151,2054,2023-09-16,130.00,PAID
CLM4005,1288,2118,2023-09-16,134.00,PAID
CLM4006,3002,2076,2023-09-16,38.00,PAID
CLM4007,2437,2150,2023-09-16,228.00,PAID
CLM4008,2336,2145,2023-09-16,88.00,PAID
CLM4009,2256,2102,2023-09-17,478.00,PAID
CLM4010,3496,2142,2023-09-17,29.00,PAID
CLM4011,1151,2079,2023-09-17,33.00,PAID
CLM4012,2032,2005,2023-09-17,1367.00,PAID
CLM4013,1120,2073,2023-09-17,79.00,PAID
CLM4014,1837,2105,2023-09-17,135.00,PAID
CLM4015,1527,2111,2023-09-18,432.00,PAID
CLM4016,1884,2015,2023-09-18,127.00,PAID
CLM4017,2455,2001,2023-09-18,35.00,PAID
CLM4018,1309,2011,2023-09-18,84.00,PAID
CLM4019,2589,2040,2023-09-18,134.00,PAID
CLM4020,1949,2107,2023-09-18,130.00,PAID
CLM4021,3324,2103,2023-09-18,201.00,PAID
CLM4022,2369,2126,2023-09-18,198.00,PAID
CLM4023,3387,2043,2023-09-18,47.00,DENIED
CLM4024,1288,2107,2023-09-18,185.00,PAID
CLM4025,2947,2096,2023-09-18,92.00,PAID
CLM4026,1052,2066,2023-09-18,34.00,PAID
CLM4027,2406,2071,2023-09-18,1527.00,PAID
CLM4028,1977,2109,2023-09-18,235.00,PAID
CLM4029,2807,2077,2023-09-18,89.00,PAID
CLM4030,1379,2102,2023-09-18,399.00,DENIED
CLM4031,1032,2037,2023-09-18,54.00,PAID
CLM4032,3366,2132,2023-09-18,623.00,PAID
CLM4033,1083,2057,2023-09-19,28.00,PAID
CLM4034,2128,2011,2023-09-19,154.00,PAID
CLM4035,3312,2115,2023-09-19,461.00,PAID
CLM4036,1061,2143,2023-09-19,147.00,PAID
CLM4037,1493,2079,2023-09-19,281.00,PAID
CLM4038,2366,2040,2023-09-19,332.00,PAID
CLM4039,3229,2088,2023-09-19,142.00,PAID
CLM4040,1218,2124,2023-09-19,173.00,DENIED
CLM4041,3132,2024,2023-09-19,1320.00,DENIED
CLM4042,3194,2029,2023-09-19,1169.00,PAID
CLM4043,1298,2024,2023-09-19,1280.00,PAID
CLM4044,1622,2114,2023-09-19,90.00,PAID
CLM4045,3098,2057,2023-09-19,206.00,PAID
CLM4046,2251,2088,2023-09-19,144.00,PAID
CLM4047,2355,2017,2023-09-19,41.00,PAID
CLM4048,3329,2044,2023-09-19,285.00,PAID
CLM4049,1744,2112,2023-09-19,71.00,PAID
CLM4050,1404,2060,2023-09-19,44.00,PAID
CLM4051,1031,2076,2023-09-19,67.00,PAID
CLM4052,1228,2045,2023-09-19,405.00,DENIED
CLM4053,3210,2115,2023-09-19,411.00,PAID
CLM4054,2231,2072,2023-09-19,327.00,PAID
CLM4055,3287,2049,2023-09-19,125.00,PAID
CLM4056,3151,2047,2023-09-20,149.00,PAID
CLM4057,3486,2069,2023-09-20,154.00,PAID
CLM4058,2130,2086,2023-09-20,111.00,PAID
CLM4059,3402,2035,2023-09-20,35.00,PAID
CLM4060,1127,2138,2023-09-20,517.00,PAID
CLM4061,2419,2106,2023-09-20,35.00,PAID
CLM4062,3436,2132,2023-09-20,1138.00,PAID
CLM4063,3266,2029,2023-09-20,296.00,PAID
CLM4064,1521,2015,2023-09-20,258.00,PAID
CLM4065,3141,2068,2023-09-20,1041.00,PAID
CLM4066,1959,2131,2023-09-20,1261.00,PAID
CLM4067,2822,2070,2023-09-20,53.00,PAID
CLM4068,3103,2058,2023-09-20,122.00,DENIED
CLM4069,2953,2105,2023-09-20,1263.00,PAID
CLM4070,2328,2077,2023-09-20,96.00,PAID
CLM4071,2361,2121,2023-09-20,849.00,DENIED
CLM4072,3273,2075,2023-09-20,163.00,DENIED
CLM4073,1022,2119,2023-09-20,180.00,PAID
CLM4074,2155,2025,2023-09-20,29.00,DENIED
CLM4075,2516,2069,2023-09-20,171.00,PAID
CLM4076,1612,2078,2023-09-20,52.00,PAID
CLM4077,1448,2057,2023-09-20,63.00,PAID
CLM4078,2092,2095,2023-09-20,58.00,DENIED
CLM4079,3037,2066,2023-09-20,41.00,PAID
CLM4080,2337,2018,2023-09-21,126.00,PAID
CLM4081,2500,2068,2023-09-21,142.00,PAID
CLM4082,1921,2137,2023-09-21,1365.00,PAID
CLM4083,1354,2085,2023-09-21,109.00,PAID
CLM4084,2659,2077,2023-09-21,52.00,PAID
CLM4085,1162,2110,2023-09-21,198.00,PAID
CLM4086,2915,2149,2023-09-21,69.00,DENIED
CLM4087,2268,2071,2023-09-21,265.00,PAID
CLM4088,3285,2085,2023-09-21,162.00,PAID
CLM4089,1144,2020,2023-09-21,430.00,PAID
CLM4090,2683,2005,2023-09-21,53.00,PAID
CLM4091,2113,2060,2023-09-21,2425.00,PAID
CLM4092,1098,2019,2023-09-21,124.00,PAID
CLM4093,3359,2021,2023-09-21,169.00,PAID
CLM4094,3441,2076,2023-09-21,68.00,PAID
CLM4095,1988,2085,2023-09-21,122.00,PAID
CLM4096,2890,2085,2023-09-21,1413.00,PAID
CLM4097,2858,2052,2023-09-21,206.00,PAID
CLM4098,3266,2071,2023-09-21,84.00,PAID
CLM4099,2188,2116,2023-09-21,392.00,PAID
CLM4100,2190,2004,2023-09-22,1389.00,PAID
CLM4101,1287,2115,2023-09-22,142.00,PENDING
CLM4102,1927,2004,2023-09-22,130.00,PAID
CLM4103,1889,2136,2023-09-22,307.00,PAID
CLM4104,3205,2004,2023-09-22,5334.00,DENIED
CLM4105,2254,2112,2023-09-22,55.00,PAID
CLM4106,2734,2085,2023-09-22,1636.00,PAID
CLM4107,2360,2022,2023-09-22,131.00,PAID
CLM4108,3013,2150,2023-09-22,123.00,PAID
CLM4109,1502,2104,2023-09-22,5502.00,DENIED
CLM4110,2332,2104,2023-09-22,1372.00,PAID
CLM4111,1694,2029,2023-09-22,127.00,PAID
CLM4112,1418,2088,2023-09-22,300.00,DENIED
CLM4113,2564,2068,2023-09-22,160.00,PAID
CLM4114,1810,2132,2023-09-22,3701.00,PAID
CLM4115,2332,2053,2023-09-22,245.00,PAID
CLM4116,1872,2031,2023-09-22,127.00,DENIED
CLM4117,1724,2137,2023-09-22,103.00,PAID
CLM4118,3048,2001,2023-09-22,134.00,PAID
CLM4119,1287,2033,2023-09-23,405.00,PAID
CLM4120,1895,2121,2023-09-23,136.00,PAID
CLM4121,1408,2058,2023-09-23,495.00,DENIED
CLM4122,3299,2085,2023-09-23,969.00,DENIED
CLM4123,3111,2065,2023-09-23,101.00,PAID
CLM4124,2602,2045,2023-09-24,254.00,PAID
CLM4125,2119,2109,2023-09-24,111.00,PAID
CLM4126,2758,2106,2023-09-24,63.00,PAID
CLM4127,2651,2040,2023-09-24,356.00,PAID
CLM4128,1020,2053,2023-09-24,144.00,PAID
CLM4129,1077,2040,2023-09-24,160.00,PAID
CLM4130,3038,2087,2023-09-24,969.00,DENIED
CLM4131,1175,2050,2023-09-24,138.00,PAID
CLM4132,2065,2112,2023-09-25,34.00,PAID
CLM4133,2092,2045,2023-09-25,247.00,PAID
CLM4134,1922,2077,2023-09-25,88.00,PAID
CLM4135,1404,2085,2023-09-25,121.00,PAID
CLM4136,3322,2067,2023-09-25,391.00,PAID
CLM4137,1815,2100,2023-09-25,537.00,PAID
CLM4138,1838,2004,2023-09-25,132.00,PAID
CLM4139,1321,2027,2023-09-25,121.00,PAID
CLM4140,1887,2065,2023-09-25,1270.00,PAID
CLM4141,1682,2003,2023-09-25,197.00,PAID
CLM4142,3153,2091,2023-09-25,39.00,PENDING
CLM4143,2443,2085,2023-09-25,168.00,PAID
CLM4144,2436,2077,2023-09-26,112.00,PAID
CLM4145,1378,2103,2023-09-26,34.00,PAID
CLM4146,2455,2097,2023-09-26,56.00,PAID
CLM4147,1801,2068,2023-09-26,2016.00,PAID
CLM4148,1517,2112,2023-09-26,144.00,PAID
CLM4149,1585,2132,2023-09-26,2667.00,PAID
CLM4150,3390,2027,2023-09-26,119.00,PAID
CLM4151,2300,2080,2023-09-26,207.00,PAID
CLM4152,1441,2060,2023-09-26,2736.00,DENIED
CLM4153,1008,2137,2023-09-26,113.00,PAID
CLM4154,1488,2118,2023-09-26,95.00,PAID
CLM4155,1602,2001,2023-09-26,122.00,PAID
CLM4156,1677,2065,2023-09-26,180.00,PAID
CLM4157,3344,2004,2023-09-26,2188.00,DENIED
CLM4158,1586,2088,2023-09-26,119.00,PAID
CLM4159,1049,2018,2023-09-26,32.00,DENIED
CLM4160,1684,2149,2023-09-26,236.00,PAID
CLM4161,2580,2139,2023-09-26,35.00,PAID
CLM4162,3468,2069,2023-09-26,1493.00,PAID
CLM4163,1423,2017,2023-09-26,222.00,PENDING
CLM4164,3486,2083,2023-09-27,240.00,PAID
CLM4165,1972,2062,2023-09-27,360.00,PAID
CLM4166,2964,2098,2023-09-27,142.00,PAID
CLM4167,1701,2015,2023-09-27,125.00,PAID
CLM4168,3173,2145,2023-09-27,28.00,PAID
CLM4169,2831,2143,2023-09-27,169.00,PAID
CLM4170,1886,2146,2023-09-27,300.00,PAID
CLM4171,1270,2043,2023-09-27,143.00,PAID
CLM4172,3266,2045,2023-09-27,139.00,PAID
CLM4173,2033,2117,2023-09-27,42.00,DENIED
CLM4174,2460,2106,2023-09-27,161.00,PAID
CLM4175,2433,2043,2023-09-27,43.00,DENIED
CLM4176,2659,2140,2023-09-27,128.00,PAID
CLM4177,3423,2074,2023-09-27,147.00,PAID
CLM4178,2856,2132,2023-09-27,1099.00,DENIED
CLM4179,1176,2078,2023-09-27,57.00,PAID
CLM4180,2825,2082,2023-09-27,29.00,PAID
CLM4181,3117,2140,2023-09-27,254.00,DENIED
CLM4182,1215,2004,2023-09-27,1472.00,PAID
CLM4183,2132,2029,2023-09-27,154.00,PAID
CLM4184,2328,2069,2023-09-28,1193.00,PAID
CLM4185,1306,2098,2023-09-28,39.00,PAID
CLM4186,2049,2085,2023-09-28,595.00,PAID
CLM4187,2008,2088,2023-09-28,904.00,PAID
CLM4188,2136,2105,2023-09-28,139.00,PAID
CLM4189,1102,2005,2023-09-28,49.00,PAID
CLM4190,2163,2028,2023-09-28,64.00,PAID
CLM4191,1362,2060,2023-09-28,272.00,PAID
CLM4192,2036,2131,2023-09-28,1219.00,PAID
CLM4193,1812,2087,2023-09-28,286.00,PAID
CLM4194,2191,2044,2023-09-28,167.00,PAID
CLM4195,1431,2052,2023-09-28,89.00,PAID
CLM4196,1387,2015,2023-09-28,1644.00,PAID
CLM4197,1704,2029,2023-09-28,176.00,PAID
CLM4198,2581,2111,2023-09-28,51.00,PAID
CLM4199,3486,2114,2023-09-28,338.00,PAID
CLM4200,2778,2119,2023-09-29,44.00,PAID
CLM4201,1554,2087,2023-09-29,144.00,PAID
CLM4202,1938,2025,2023-09-29,420.00,PAID
CLM4203,1270,2052,2023-09-29,143.00,PAID
CLM4204,2930,2071,2023-09-29,127.00,PAID
CLM4205,2724,2050,2023-09-29,102.00,PAID
CLM4206,1502,2137,2023-09-29,148.00,DENIED
CLM4207,2466,2129,2023-09-29,43.00,PAID
CLM4208,1821,2123,2023-09-29,46.00,PAID
CLM4209,3068,2024,2023-09-29,150.00,PAID
CLM4210,3292,2087,2023-09-29,6083.00,PAID
CLM4211,2423,2008,2023-09-29,138.00,PAID
CLM4212,2183,2092,2023-09-29,311.00,PAID
CLM4213,2461,2072,2023-09-29,27.00,PAID
CLM4214,3143,2059,2023-09-29,253.00,PAID
CLM4215,1616,2085,2023-09-29,110.00,PAID
CLM4216,1996,2023,2023-09-29,42.00,PAID
CLM4217,1024,2078,2023-09-29,84.00,PAID
CLM4218,1420,2046,2023-09-30,62.00,PAID
CLM4219,2453,2002,2023-09-30,60.00,PAID
CLM4220,1485,2099,2023-09-30,39.00,PAID
CLM4221,1059,2132,2023-09-30,50.00,PAID
CLM4222,3494,2112,2023-09-30,39.00,PAID
CLM4223,3378,2069,2023-09-30,776.00,DENIED
CLM4224,3169,2145,2023-09-30,32.00,PAID
CLM4225,1695,2100,2023-09-30,138.00,DENIED
CLM4226,2793,2112,2023-09-30,423.00,PAID
CLM4227,1848,2011,2023-09-30,30.00,PAID
CLM4228,3270,2006,2023-09-30,209.00,PAID
CLM4229,2607,2122,2023-10-01,396.00,PAID
CLM4230,1215,2121,2023-10-01,156.00,PAID
CLM4231,1857,2119,2023-10-01,44.00,PAID
CLM4232,1748,2004,2023-10-01,1131.00,PAID
CLM4233,2314,2099,2023-10-01,39.00,PAID
CLM4234,2334,2119,2023-10-01,230.00,PAID
CLM4235,3317,2036,2023-10-01,137.00,PAID
CLM4236,1592,2085,2023-10-01,175.00,PAID
CLM4237,2906,2045,2023-10-02,252.00,PAID
CLM4238,3408,2119,2023-10-02,38.00,PAID
CLM4239,2203,2055,2023-10-02,443.00,PAID
CLM4240,1509,2066,2023-10-02,77.00,PAID
CLM4241,2300,2132,2023-10-02,52.00,PAID
CLM4242,2851,2023,2023-10-02,45.00,PAID
CLM4243,1928,2108,2023-10-02,134.00,PAID
CLM4244,1439,2122,2023-10-02,29.00,PAID
CLM4245,2625,2115,2023-10-02,332.00,PAID
CLM4246,3423,2033,2023-10-02,57.00,PAID
CLM4247,1785,2105,2023-10-02,133.00,PAID
CLM4248,3212,2138,2023-10-02,144.00,PAID
CLM4249,1892,2145,2023-10-02,30.00,PAID
CLM4250,2284,2088,2023-10-02,274.00,PAID
CLM4251,1545,2077,2023-10-02,155.00,PAID
CLM4252,2934,2122,2023-10-02,174.00,PAID
CLM4253,3099,2012,2023-10-02,49.00,PAID
CLM4254,3254,2057,2023-10-02,97.00,PAID
CLM4255,1296,2068,2023-10-02,1233.00,DENIED
CLM4256,2568,2011,2023-10-03,28.00,PAID
CLM4257,2027,2078,2023-10-03,132.00,PAID
CLM4258,2154,2058,2023-10-03,172.00,DENIED
CLM4259,2790,2109,2023-10-03,35.00,PAID
CLM4260,3226,2040,2023-10-03,94.00,PAID
CLM4261,2095,2002,2023-10-03,61.00,PAID
CLM4262,3290,2050,2023-10-03,35.00,PAID
CLM4263,2780,2065,2023-10-03,56.00,PAID
CLM4264,1920,2040,2023-10-03,186.00,PAID
CLM4265,3185,2009,2023-10-03,133.00,PAID
CLM4266,2771,2118,2023-10-03,35.00,PAID
CLM4267,2893,2143,2023-10-03,134.00,DENIED
CLM4268,1383,2005,2023-10-03,42.00,PAID
CLM4269,1865,2085,2023-10-03,104.00,PAID
CLM4270,3200,2039,2023-10-03,138.00,PAID
CLM4271,2297,2015,2023-10-03,115.00,DENIED
CLM4272,3139,2059,2023-10-03,547.00,PAID
CLM4273,1298,2074,2023-10-03,170.00,DENIED
CLM4274,2896,2058,2023-10-03,120.00,PAID
CLM4275,1405,2067,2023-10-03,69.00,PAID
CLM4276,2116,2121,2023-10-03,1119.00,PAID
CLM4277,2550,2140,2023-10-03,410.00,PAID
CLM4278,1307,2038,2023-10-03,290.00,PAID
CLM4279,1665,2097,2023-10-03,28.00,PAID
CLM4280,1735,2142,2023-10-03,34.00,DENIED
CLM4281,2357,2041,2023-10-03,465.00,PAID
CLM4282,1229,2123,2023-10-03,85.00,PAID
CLM4283,2192,2056,2023-10-03,504.00,PAID
CLM4284,3083,2050,2023-10-04,62.00,PAID
CLM4285,1285,2025,2023-10-04,44.00,PAID
CLM4286,3230,2076,2023-10-04,201.00,PAID
CLM4287,1668,2016,2023-10-04,62.00,PAID
CLM4288,1033,2038,2023-10-04,157.00,PAID
CLM4289,2682,2079,2023-10-04,407.00,PAID
CLM4290,1110,2049,2023-10-04,115.00,PAID
CLM4291,3340,2112,2023-10-04,67.00,PAID
CLM4292,1414,2074,2023-10-04,334.00,PAID
CLM4293,1258,2104,2023-10-04,541.00,PAID
CLM4294,1350,2025,2023-10-04,137.00,PAID
CLM4295,2230,2073,2023-10-04,352.00,PAID
CLM4296,3132,2024,2023-10-04,1067.00,PAID
CLM4297,2682,2040,2023-10-04,278.00,PAID
CLM4298,3029,2094,2023-10-04,136.00,PAID
CLM4299,1112,2066,2023-10-04,122.00,PAID
CLM4300,1934,2078,2023-10-04,45.00,PAID
CLM4301,1488,2006,2023-10-04,122.00,PAID
CLM4302,2325,2075,2023-10-04,373.00,PAID
CLM4303,1108,2137,2023-10-04,113.00,PAID
CLM4304,1523,2069,2023-10-04,154.00,PAID
CLM4305,1568,2002,2023-10-04,419.00,PAID
CLM4306,1700,2126,2023-10-05,369.00,PAID
CLM4307,1556,2085,2023-10-05,1463.00,PAID
CLM4308,2322,2118,2023-10-05,195.00,PAID
CLM4309,3344,2002,2023-10-05,214.00,PAID
CLM4310,3178,2047,2023-10-05,322.00,PAID
CLM4311,3217,2068,2023-10-05,275.00,PAID
CLM4312,1028,2037,2023-10-05,113.00,PAID
CLM4313,2260,2109,2023-10-05,29.00,PAID
CLM4314,2777,2091,2023-10-05,25.00,PAID
CLM4315,3114,2030,2023-10-05,65.00,PAID
CLM4316,2624,2073,2023-10-05,160.00,PAID
CLM4317,1363,2145,2023-10-05,218.00,DENIED
CLM4318,2079,2004,2023-10-05,119.00,PAID
CLM4319,2825,2027,2023-10-05,109.00,PAID
CLM4320,1885,2120,2023-10-05,57.00,PAID
CLM4321,2570,2103,2023-10-05,50.00,PAID
CLM4322,1631,2024,2023-10-05,121.00,PAID
CLM4323,2795,2077,2023-10-05,120.00,DENIED
CLM4324,2309,2052,2023-10-05,251.00,PAID
CLM4325,2843,2021,2023-10-05,151.00,PAID
CLM4326,1332,2005,2023-10-05,2848.00,PAID
CLM4327,2565,2103,2023-10-05,343.00,PAID
CLM4328,1852,2068,2023-10-05,177.00,PAID
CLM4329,2120,2020,2023-10-06,292.00,DENIED
CLM4330,2041,2059,2023-10-06,385.00,DENIED
CLM4331,1453,2050,2023-10-06,154.00,PAID
CLM4332,1190,2059,2023-10-06,170.00,PAID
CLM4333,3230,2024,2023-10-06,1453.00,DENIED
CLM4334,1806,2107,2023-10-06,40.00,PAID
CLM4335,1039,2061,2023-10-06,250.00,PAID
CLM4336,2299,2008,2023-10-06,102.00,PAID
CLM4337,1135,2076,2023-10-06,198.00,PAID
CLM4338,2454,2145,2023-10-06,94.00,PAID
CLM4339,3009,2110,2023-10-06,213.00,PAID
CLM4340,1503,2039,2023-10-06,139.00,PAID
CLM4341,1454,2029,2023-10-06,1412.00,PAID
CLM4342,1941,2125,2023-10-06,38.00,PAID
CLM4343,2613,2150,2023-10-06,170.00,PAID
CLM4344,2360,2042,2023-10-06,29.00,PAID
CLM4345,2577,2150,2023-10-06,59.00,PAID
CLM4346,2809,2027,2023-10-06,122.00,PAID
CLM4347,2689,2029,2023-10-06,1376.00,PAID
CLM4348,2482,2096,2023-10-06,228.00,PAID
CLM4349,2416,2126,2023-10-06,285.00,PAID
CLM4350,2848,2083,2023-10-06,289.00,PAID
CLM4351,2453,2020,2023-10-06,283.00,PAID
CLM4352,1479,2149,2023-10-06,305.00,DENIED
CLM4353,2300,2030,2023-10-06,130.00,PAID
CLM4354,1634,2006,2023-10-06,161.00,PAID
CLM4355,2689,2093,2023-10-06,176.00,PAID
CLM4356,1918,2139,2023-10-06,328.00,PAID
CLM4357,1901,2076,2023-10-06,34.00,PAID
CLM4358,1221,2003,2023-10-06,134.00,PAID
CLM4359,2544,2142,2023-10-07,142.00,PAID
CLM4360,2039,2145,2023-10-07,91.00,PAID
CLM4361,2701,2137,2023-10-07,601.00,PAID
CLM4362,1992,2035,2023-10-07,37.00,PAID
CLM4363,3061,2040,2023-10-07,116.00,PAID
CLM4364,2353,2085,2023-10-07,122.00,PAID
CLM4365,1337,2037,2023-10-08,155.00,PAID
CLM4366,1715,2023,2023-10-08,266.00,PAID
CLM4367,2810,2029,2023-10-08,267.00,PAID
CLM4368,3119,2095,2023-10-08,138.00,PAID
CLM4369,1505,2045,2023-10-08,1709.00,PENDING
CLM4370,1083,2133,2023-10-08,253.00,PENDING
CLM4371,2230,2109,2023-10-08,466.00,PAID
CLM4372,1938,2008,2023-10-08,122.00,PAID
CLM4373,1503,2121,2023-10-08,871.00,PAID
CLM4374,2089,2104,2023-10-09,1773.00,PAID
CLM4375,3071,2079,2023-10-09,45.00,PAID
CLM4376,1344,2051,2023-10-09,46.00,PAID
CLM4377,3281,2029,2023-10-09,1011.00,PAID
CLM4378,2914,2142,2023-10-09,72.00,DENIED
CLM4379,1885,2131,2023-10-09,1081.00,PAID
CLM4380,2619,2086,2023-10-09,32.00,PAID
CLM4381,2950,2068,2023-10-09,584.00,PAID
CLM4382,2577,2072,2023-10-09,57.00,PAID
CLM4383,1318,2100,2023-10-09,109.00,PAID
CLM4384,1305,2070,2023-10-09,116.00,PAID
CLM4385,1032,2091,2023-10-09,24.00,PAID
CLM4386,3435,2121,2023-10-09,132.00,PAID
CLM4387,3194,2047,2023-10-09,138.00,PAID
CLM4388,2024,2085,2023-10-09,242.00,PAID
CLM4389,1721,2088,2023-10-09,2020.00,DENIED
CLM4390,1522,2036,2023-10-09,268.00,PAID
CLM4391,2287,2150,2023-10-09,49.00,PAID
CLM4392,2032,2069,2023-10-09,119.00,PAID
CLM4393,2966,2075,2023-10-09,244.00,PAID
CLM4394,3087,2106,2023-10-09,54.00,PAID
CLM4395,3132,2006,2023-10-09,450.00,PAID
CLM4396,1383,2145,2023-10-09,49.00,PAID
CLM4397,2711,2076,2023-10-09,28.00,PAID
CLM4398,2008,2014,2023-10-09,109.00,DENIED
CLM4399,2624,2060,2023-10-09,47.00,DENIED
CLM4400,1376,2074,2023-10-09,151.00,DENIED
CLM4401,2453,2076,2023-10-09,183.00,PAID
CLM4402,2669,2073,2023-10-10,144.00,DENIED
CLM4403,1402,2013,2023-10-10,357.00,PAID
CLM4404,3205,2110,2023-10-10,73.00,PAID
CLM4405,1371,2068,2023-10-10,1163.00,PAID
CLM4406,2068,2085,2023-10-10,655.00,PAID
CLM4407,1726,2001,2023-10-10,127.00,PAID
CLM4408,3118,2069,2023-10-10,123.00,PAID
CLM4409,1175,2031,2023-10-10,3737.00,PAID
CLM4410,1415,2088,2023-10-10,856.00,PAID
CLM4411,2626,2087,2023-10-10,5244.00,PAID
CLM4412,3250,2091,2023-10-10,234.00,PAID
CLM4413,1621,2080,2023-10-10,234.00,PAID
CLM4414,2915,2065,2023-10-10,220.00,PAID
CLM4415,2791,2111,2023-10-10,46.00,PAID
CLM4416,1595,2092,2023-10-10,73.00,PAID
CLM4417,3221,2015,2023-10-10,4696.00,PAID
CLM4418,2882,2013,2023-10-10,225.00,PAID
CLM4419,1704,2082,2023-10-10,169.00,PAID
CLM4420,3230,2102,2023-10-10,326.00,PAID
CLM4421,3435,2071,2023-10-10,143.00,PAID
CLM4422,2657,2100,2023-10-10,115.00,PAID
CLM4423,3312,2130,2023-10-10,218.00,PAID
CLM4424,3316,2088,2023-10-10,4357.00,DENIED
CLM4425,2266,2037,2023-10-10,51.00,PAID
CLM4426,1670,2023,2023-10-10,193.00,PAID
CLM4427,1236,2109,2023-10-10,33.00,PAID
CLM4428,1639,2104,2023-10-10,110.00,PAID
CLM4429,2365,2085,2023-10-10,841.00,PAID
CLM4430,2151,2125,2023-10-10,45.00,PAID
CLM4431,1558,2036,2023-10-10,134.00,PAID
CLM4432,1029,2017,2023-10-11,148.00,PAID
CLM4433,1624,2072,2023-10-11,72.00,PAID
CLM4434,3087,2037,2023-10-11,45.00,PAID
CLM4435,3068,2130,2023-10-11,29.00,PAID
CLM4436,1565,2126,2023-10-11,145.00,PAID
CLM4437,1504,2071,2023-10-11,134.00,DENIED
CLM4438,1848,2095,2023-10-11,58.00,PAID
CLM4439,2649,2135,2023-10-11,194.00,PAID
CLM4440,1091,2104,2023-10-11,5612.00,PAID
CLM4441,3485,2084,2023-10-11,240.00,DENIED
CLM4442,1426,2105,2023-10-11,1105.00,PAID
CLM4443,3182,2058,2023-10-11,459.00,PAID
CLM4444,1753,2112,2023-10-11,287.00,PAID
CLM4445,1122,2037,2023-10-11,58.00,PAID
CLM4446,2992,2069,2023-10-11,929.00,PAID
CLM4447,1884,2024,2023-10-11,1067.00,PAID
CLM4448,2592,2038,2023-10-11,86.00,PAID
CLM4449,3395,2080,2023-10-11,3936.00,PAID
CLM4450,2455,2019,2023-10-11,47.00,PAID
CLM4451,2431,2060,2023-10-11,49.00,PAID
CLM4452,1623,2085,2023-10-11,1306.00,PAID
CLM4453,1170,2147,2023-10-11,138.00,PAID
CLM4454,2904,2146,2023-10-11,161.00,PAID
CLM4455,2896,2030,2023-10-12,61.00,PAID
CLM4456,2882,2147,2023-10-12,118.00,PAID
CLM4457,2570,2060,2023-10-12,1490.00,PAID
CLM4458,2360,2083,2023-10-12,47.00,PAID
CLM4459,2360,2072,2023-10-12,176.00,PAID
CLM4460,2892,2068,2023-10-12,116.00,PAID
CLM4461,2146,2129,2023-10-12,174.00,PAID
CLM4462,2891,2066,2023-10-12,189.00,PAID
CLM4463,3427,2126,2023-10-12,143.00,PAID
CLM4464,2395,2045,2023-10-12,366.00,PAID
CLM4465,3124,2066,2023-10-12,51.00,PAID
CLM4466,2065,2050,2023-10-12,54.00,PAID
CLM4467,3344,2016,2023-10-12,548.00,PAID
CLM4468,3320,2001,2023-10-12,220.00,PAID
CLM4469,1748,2065,2023-10-12,156.00,PAID
CLM4470,1374,2029,2023-10-12,1649.00,PAID
CLM4471,2786,2016,2023-10-12,197.00,PAID
CLM4472,2910,2074,2023-10-12,127.00,DENIED
CLM4473,2245,2137,2023-10-12,170.00,DENIED
CLM4474,1289,2121,2023-10-13,141.00,PAID
CLM4475,1104,2055,2023-10-13,248.00,PAID
CLM4476,1008,2039,2023-10-13,185.00,PAID
CLM4477,2882,2096,2023-10-13,30.00,DENIED
CLM4478,2613,2131,2023-10-13,358.00,DENIED
CLM4479,1874,2116,2023-10-13,90.00,PAID
CLM4480,1212,2065,2023-10-13,183.00,PAID
CLM4481,2882,2120,2023-10-13,224.00,PAID
CLM4482,1749,2049,2023-10-13,132.00,DENIED
CLM4483,1640,2149,2023-10-13,32.00,PAID
CLM4484,2852,2044,2023-10-13,2334.00,PAID
CLM4485,1917,2019,2023-10-13,30.00,PAID
CLM4486,1964,2095,2023-10-13,226.00,DENIED
CLM4487,2844,2022,2023-10-13,75.00,PAID
CLM4488,2624,2022,2023-10-13,54.00,PAID
CLM4489,2553,2122,2023-10-13,534.00,PAID
CLM4490,2425,2024,2023-10-13,1135.00,PAID
CLM4491,1421,2069,2023-10-13,1658.00,PAID
CLM4492,1711,2045,2023-10-13,237.00,DENIED
CLM4493,2478,2010,2023-10-13,310.00,PAID
CLM4494,1593,2047,2023-10-13,120.00,PAID
CLM4495,3137,2045,2023-10-14,5912.00,PAID
CLM4496,3292,2140,2023-10-14,114.00,PAID
CLM4497,1851,2066,2023-10-14,32.00,PAID
CLM4498,2906,2026,2023-10-14,64.00,PAID
CLM4499,1605,2095,2023-10-14,88.00,PENDING
CLM4500,1957,2044,2023-10-14,1395.00,DENIED
CLM4501,1100,2050,2023-10-14,152.00,PAID
CLM4502,2688,2084,2023-10-14,44.00,PAID
CLM4503,3297,2085,2023-10-14,676.00,PAID
CLM4504,3315,2091,2023-10-14,58.00,PAID
CLM4505,1779,2085,2023-10-15,112.00,PAID
CLM4506,1580,2108,2023-10-15,77.00,PAID
CLM4507,1079,2015,2023-10-15,118.00,PAID
CLM4508,1028,2022,2023-10-15,46.00,PAID
CLM4509,2324,2098,2023-10-15,290.00,PAID
CLM4510,2530,2114,2023-10-15,58.00,PAID
CLM4511,2752,2052,2023-10-15,27.00,PAID
CLM4512,3352,2060,2023-10-15,214.00,DENIED
CLM4513,2761,2088,2023-10-15,118.00,PAID
CLM4514,1319,2077,2023-10-15,73.00,PAID
CLM4515,2802,2016,2023-10-15,124.00,PAID
CLM4516,3084,2013,2023-10-15,4881.00,PAID
CLM4517,1285,2140,2023-10-16,343.00,DENIED
CLM4518,2624,2059,2023-10-16,122.00,PAID
CLM4519,3124,2006,2023-10-16,490.00,DENIED
CLM4520,2658,2149,2023-10-16,218.00,PAID
CLM4521,3188,2092,2023-10-16,302.00,PAID
CLM4522,3194,2129,2023-10-16,48.00,PAID
CLM4523,1020,2002,2023-10-16,31.00,PAID
CLM4524,2978,2133,2023-10-16,149.00,PAID
CLM4525,1182,2126,2023-10-16,180.00,PAID
CLM4526,1896,2102,2023-10-16,606.00,PAID
CLM4527,3114,2043,2023-10-16,147.00,PAID
CLM4528,2117,2075,2023-10-16,37.00,PAID
CLM4529,2953,2031,2023-10-16,415.00,PAID
CLM4530,3427,2042,2023-10-16,28.00,PAID
CLM4531,1444,2088,2023-10-16,5754.00,PAID
CLM4532,1918,2010,2023-10-16,268.00,PAID
CLM4533,2785,2059,2023-10-16,315.00,PAID
CLM4534,2404,2097,2023-10-16,56.00,DENIED
CLM4535,2738,2140,2023-10-16,6130.00,PAID
CLM4536,2445,2137,2023-10-16,122.00,PAID
CLM4537,2624,2095,2023-10-17,121.00,DENIED
CLM4538,3405,2126,2023-10-17,147.00,PAID
CLM4539,1571,2137,2023-10-17,158.00,PAID
CLM4540,2876,2082,2023-10-17,107.00,PAID
CLM4541,1017,2106,2023-10-17,69.00,PAID
CLM4542,2772,2017,2023-10-17,143.00,PAID
CLM4543,1026,2019,2023-10-17,144.00,PAID
CLM4544,2908,2029,2023-10-17,2107.00,DENIED
CLM4545,3204,2088,2023-10-17,1315.00,DENIED
CLM4546,1557,2104,2023-10-17,271.00,PAID
CLM4547,2478,2141,2023-10-17,133.00,PAID
CLM4548,1634,2077,2023-10-17,68.00,PAID
CLM4549,1793,2146,2023-10-17,178.00,PENDING
CLM4550,1060,2121,2023-10-17,159.00,DENIED
CLM4551,2357,2044,2023-10-17,982.00,PAID
CLM4552,2260,2102,2023-10-17,206.00,PAID
CLM4553,2947,2005,2023-10-17,279.00,PAID
CLM4554,1600,2009,2023-10-17,201.00,PAID
CLM4555,1916,2068,2023-10-18,116.00,PAID
CLM4556,1583,2076,2023-10-18,151.00,PAID
CLM4557,1715,2066,2023-10-18,124.00,PAID
CLM4558,3263,2124,2023-10-18,49.00,PAID
CLM4559,3143,2018,2023-10-18,423.00,PAID
CLM4560,2960,2045,2023-10-18,2032.00,DENIED
CLM4561,1590,2013,2023-10-18,126.00,PAID
CLM4562,1638,2032,2023-10-18,122.00,PAID
CLM4563,3193,2116,2023-10-18,251.00,PAID
CLM4564,1422,2034,2023-10-18,272.00,PAID
CLM4565,1081,2141,2023-10-18,34.00,PAID
CLM4566,2493,2044,2023-10-18,140.00,PAID
CLM4567,3085,2083,2023-10-18,168.00,PAID
CLM4568,2840,2114,2023-10-18,403.00,PAID
CLM4569,2089,2059,2023-10-19,447.00,PAID
CLM4570,3359,2068,2023-10-19,1341.00,DENIED
CLM4571,2553,2087,2023-10-19,148.00,PAID
CLM4572,2098,2087,2023-10-19,786.00,PAID
CLM4573,3462,2076,2023-10-19,129.00,DENIED
CLM4574,2516,2088,2023-10-19,5138.00,PAID
CLM4575,1152,2025,2023-10-19,194.00,DENIED
CLM4576,2518,2003,2023-10-19,175.00,PAID
CLM4577,3405,2012,2023-10-19,465.00,DENIED
CLM4578,1654,2036,2023-10-19,191.00,PAID
CLM4579,1630,2087,2023-10-19,140.00,PAID
CLM4580,2657,2142,2023-10-19,49.00,PAID
CLM4581,3455,2013,2023-10-19,135.00,PAID
CLM4582,2220,2004,2023-10-19,289.00,PAID
CLM4583,1089,2059,2023-10-19,159.00,PAID
CLM4584,2403,2057,2023-10-19,130.00,PAID
CLM4585,1557,2071,2023-10-19,104.00,PAID
CLM4586,2962,2008,2023-10-19,120.00,PAID
CLM4587,2071,2137,2023-10-20,105.00,DENIED
CLM4588,3206,2144,2023-10-20,329.00,DENIED
CLM4589,1985,2015,2023-10-20,120.00,PAID
CLM4590,2881,2122,2023-10-20,170.00,PAID
CLM4591,3092,2057,2023-10-20,119.00,PAID
CLM4592,1863,2143,2023-10-20,293.00,PAID
CLM4593,3024,2050,2023-10-20,28.00,PAID
CLM4594,1854,2060,2023-10-20,47.00,PAID
CLM4595,2274,2149,2023-10-20,208.00,PAID
CLM4596,3423,2025,2023-10-20,56.00,PAID
CLM4597,2931,2095,2023-10-20,117.00,PAID
CLM4598,1182,2144,2023-10-20,120.00,PAID
CLM4599,3414,2124,2023-10-20,30.00,PAID
CLM4600,1789,2053,2023-10-20,31.00,PAID
CLM4601,2318,2142,2023-10-20,127.00,PAID
CLM4602,1787,2121,2023-10-20,4345.00,PAID
CLM4603,2825,2024,2023-10-20,1056.00,PAID
CLM4604,3214,2091,2023-10-20,134.00,PAID
CLM4605,3171,2019,2023-10-20,93.00,DENIED
CLM4606,1784,2014,2023-10-20,147.00,PAID
CLM4607,2961,2085,2023-10-20,177.00,PAID
CLM4608,1112,2064,2023-10-20,313.00,PAID
CLM4609,2924,2126,2023-10-20,388.00,DENIED
CLM4610,1407,2087,2023-10-20,828.00,PAID
CLM4611,2992,2019,2023-10-20,109.00,DENIED
CLM4612,3348,2041,2023-10-20,122.00,PENDING
CLM4613,2819,2073,2023-10-20,72.00,PAID
CLM4614,3217,2084,2023-10-20,121.00,DENIED
CLM4615,2279,2131,2023-10-20,614.00,PAID
CLM4616,1608,2014,2023-10-20,117.00,DENIED
CLM4617,1070,2077,2023-10-21,85.00,PAID
CLM4618,2299,2102,2023-10-21,201.00,PAID
CLM4619,3263,2114,2023-10-21,511.00,PAID
CLM4620,2788,2084,2023-10-21,42.00,PAID
CLM4621,3078,2085,2023-10-21,264.00,PAID
CLM4622,1161,2044,2023-10-21,135.00,PAID
CLM4623,1350,2114,2023-10-21,544.00,DENIED
CLM4624,2225,2150,2023-10-21,181.00,PAID
CLM4625,3429,2010,2023-10-21,209.00,DENIED
CLM4626,3423,2043,2023-10-21,260.00,PAID
CLM4627,1644,2071,2023-10-21,59.00,PAID
CLM4628,1885,2069,2023-10-21,1273.00,PAID
CLM4629,1439,2121,2023-10-21,814.00,PAID
CLM4630,2924,2008,2023-10-22,240.00,PAID
CLM4631,3173,2012,2023-10-22,63.00,DENIED
CLM4632,1120,2100,2023-10-22,1480.00,PAID
CLM4633,3332,2045,2023-10-22,1377.00,PAID
CLM4634,2007,2105,2023-10-22,1040.00,PAID
CLM4635,1977,2020,2023-10-22,2453.00,PAID
CLM4636,1505,2122,2023-10-22,34.00,PAID
CLM4637,2804,2068,2023-10-22,100.00,PAID
CLM4638,1138,2121,2023-10-22,139.00,PAID
CLM4639,1734,2006,2023-10-22,182.00,PAID
CLM4640,2772,2150,2023-10-22,302.00,PAID
CLM4641,1558,2029,2023-10-22,158.00,PAID
CLM4642,2934,2060,2023-10-23,262.00,DENIED
CLM4643,2471,2077,2023-10-23,62.00,PAID
CLM4644,1607,2011,2023-10-23,288.00,PAID
CLM4645,2253,2024,2023-10-23,165.00,PAID
CLM4646,1152,2002,2023-10-23,235.00,PAID
CLM4647,1245,2121,2023-10-23,142.00,DENIED
CLM4648,1601,2071,2023-10-23,1677.00,PAID
CLM4649,1892,2052,2023-10-23,134.00,PAID
CLM4650,2318,2073,2023-10-23,27.00,PAID
CLM4651,1485,2110,2023-10-23,241.00,PAID
CLM4652,1701,2037,2023-10-23,127.00,PAID
CLM4653,2626,2042,2023-10-23,202.00,PAID
CLM4654,3422,2143,2023-10-23,451.00,DENIED
CLM4655,1928,2024,2023-10-23,164.00,DENIED
CLM4656,3490,2085,2023-10-23,1279.00,PAID
CLM4657,3473,2037,2023-10-23,134.00,PAID
CLM4658,1586,2088,2023-10-23,847.00,PAID
CLM4659,1543,2027,2023-10-23,288.00,DENIED
CLM4660,2079,2080,2023-10-23,607.00,PAID
CLM4661,1073,2039,2023-10-23,34.00,PAID
CLM4662,3211,2121,2023-10-23,124.00,PAID
CLM4663,3172,2065,2023-10-23,99.00,PAID
CLM4664,2816,2046,2023-10-23,31.00,PAID
CLM4665,2592,2105,2023-10-23,304.00,PAID
CLM4666,1739,2064,2023-10-23,292.00,PAID
CLM4667,1701,2033,2023-10-23,52.00,PAID
CLM4668,1835,2037,2023-10-23,148.00,PAID
CLM4669,2437,2121,2023-10-23,314.00,PAID
CLM4670,2756,2099,2023-10-23,137.00,PAID
CLM4671,1085,2146,2023-10-24,47.00,PAID
CLM4672,2715,2087,2023-10-24,143.00,PAID
CLM4673,2934,2143,2023-10-24,401.00,DENIED
CLM4674,1078,2023,2023-10-24,29.00,DENIED
CLM4675,2296,2143,2023-10-24,122.00,PAID
CLM4676,1483,2100,2023-10-24,132.00,PAID
CLM4677,2300,2059,2023-10-24,150.00,DENIED
CLM4678,1429,2035,2023-10-24,37.00,PAID
CLM4679,3393,2068,2023-10-24,1086.00,PAID
CLM4680,2650,2111,2023-10-24,117.00,PAID
CLM4681,3295,2107,2023-10-24,121.00,PAID
CLM4682,2575,2137,2023-10-24,482.00,PAID
CLM4683,1515,2002,2023-10-24,272.00,PAID
CLM4684,1879,2015,2023-10-24,120.00,PAID
CLM4685,2155,2106,2023-10-24,87.00,PAID
CLM4686,2821,2070,2023-10-24,214.00,PAID
CLM4687,2648,2024,2023-10-24,852.00,DENIED
CLM4688,1641,2135,2023-10-24,67.00,PAID
CLM4689,1758,2078,2023-10-24,27.00,PAID
CLM4690,1894,2145,2023-10-24,32.00,PAID
CLM4691,2422,2020,2023-10-24,371.00,PAID
CLM4692,2714,2024,2023-10-24,145.00,DENIED
CLM4693,3461,2006,2023-10-24,116.00,PAID
CLM4694,2107,2105,2023-10-25,143.00,PAID
CLM4695,3176,2026,2023-10-25,486.00,DENIED
CLM4696,2478,2123,2023-10-25,118.00,PAID
CLM4697,2979,2033,2023-10-25,167.00,PAID
CLM4698,2151,2142,2023-10-25,31.00,PAID
CLM4699,3174,2137,2023-10-25,108.00,PAID
CLM4700,2496,2110,2023-10-25,120.00,PAID
CLM4701,2891,2120,2023-10-25,62.00,PAID
CLM4702,1503,2085,2023-10-25,1332.00,PAID
CLM4703,3454,2020,2023-10-25,48.00,PAID
CLM4704,2565,2014,2023-10-25,164.00,PAID
CLM4705,2658,2004,2023-10-25,292.00,PAID
CLM4706,1889,2004,2023-10-25,125.00,PAID
CLM4707,3202,2126,2023-10-25,480.00,PAID
CLM4708,1412,2137,2023-10-25,122.00,PAID
CLM4709,3425,2137,2023-10-25,255.00,PAID
CLM4710,2479,2146,2023-10-25,131.00,PAID
CLM4711,1443,2131,2023-10-25,236.00,PAID
CLM4712,2688,2026,2023-10-25,207.00,PAID
CLM4713,1054,2141,2023-10-25,266.00,PAID
CLM4714,1612,2044,2023-10-25,926.00,PAID
CLM4715,1963,2133,2023-10-25,453.00,PAID
CLM4716,1860,2100,2023-10-25,249.00,PAID
CLM4717,3217,2137,2023-10-25,937.00,DENIED
CLM4718,1458,2072,2023-10-25,42.00,PAID
CLM4719,2703,2059,2023-10-25,163.00,PAID
CLM4720,1816,2087,2023-10-25,1239.00,PAID
CLM4721,2752,2110,2023-10-25,487.00,PAID
CLM4722,2338,2052,2023-10-26,147.00,DENIED
CLM4723,1194,2143,2023-10-26,129.00,PAID
CLM4724,3123,2055,2023-10-26,416.00,PAID
CLM4725,1666,2100,2023-10-26,130.00,PAID
CLM4726,3165,2137,2023-10-26,104.00,PAID
CLM4727,3077,2015,2023-10-26,1633.00,PAID
CLM4728,1685,2131,2023-10-26,1150.00,DENIED
CLM4729,3093,2017,2023-10-26,152.00,PAID
CLM4730,2089,2064,2023-10-26,46.00,PAID
CLM4731,1287,2061,2023-10-26,215.00,PAID
CLM4732,3205,2076,2023-10-26,40.00,PAID
CLM4733,1691,2085,2023-10-26,1272.00,PAID
CLM4734,2809,2083,2023-10-26,40.00,PAID
CLM4735,1877,2012,2023-10-26,330.00,PAID
CLM4736,1630,2133,2023-10-26,282.00,DENIED
CLM4737,1391,2080,2023-10-26,146.00,PAID
CLM4738,1630,2054,2023-10-26,119.00,PAID
CLM4739,2526,2057,2023-10-26,45.00,PAID
CLM4740,2461,2137,2023-10-26,156.00,DENIED
CLM4741,1596,2099,2023-10-26,42.00,PAID
CLM4742,1613,2072,2023-10-26,624.00,PAID
CLM4743,2162,2053,2023-10-26,294.00,PAID
CLM4744,1277,2033,2023-10-26,89.00,PAID
CLM4745,3448,2025,2023-10-26,145.00,PAID
CLM4746,1186,2111,2023-10-27,108.00,PAID
CLM4747,2454,2037,2023-10-27,157.00,PAID
CLM4748,2452,2122,2023-10-27,41.00,PAID
CLM4749,3103,2013,2023-10-27,1756.00,DENIED
CLM4750,3029,2016,2023-10-27,103.00,PAID
CLM4751,3297,2122,2023-10-27,60.00,PAID
CLM4752,2624,2132,2023-10-27,259.00,PAID
CLM4753,1028,2087,2023-10-27,909.00,PAID
CLM4754,2510,2121,2023-10-27,923.00,PAID
CLM4755,1692,2076,2023-10-27,38.00,PAID
CLM4756,1896,2124,2023-10-27,136.00,PENDING
CLM4757,2250,2105,2023-10-27,5300.00,DENIED
CLM4758,1662,2069,2023-10-27,4930.00,PAID
CLM4759,2921,2122,2023-10-27,235.00,PAID
CLM4760,1748,2112,2023-10-27,30.00,PAID
CLM4761,2515,2128,2023-10-27,39.00,PAID
CLM4762,3468,2077,2023-10-27,57.00,PAID
CLM4763,3052,2051,2023-10-27,172.00,PAID
CLM4764,1732,2005,2023-10-27,218.00,PAID
CLM4765,1352,2117,2023-10-27,160.00,DENIED
CLM4766,3158,2085,2023-10-27,114.00,PENDING
CLM4767,1609,2085,2023-10-27,1585.00,PAID
CLM4768,3082,2118,2023-10-27,386.00,PAID
CLM4769,1977,2058,2023-10-27,405.00,DENIED
CLM4770,2487,2126,2023-10-27,279.00,PAID
CLM4771,1636,2055,2023-10-27,174.00,PAID
CLM4772,1175,2050,2023-10-27,168.00,DENIED
CLM4773,2647,2040,2023-10-27,513.00,PAID
CLM4774,3349,2065,2023-10-27,87.00,PAID
CLM4775,2782,2085,2023-10-28,1618.00,PAID
CLM4776,3257,2135,2023-10-28,69.00,PAID
CLM4777,1814,2130,2023-10-28,301.00,PAID
CLM4778,2511,2129,2023-10-28,32.00,PENDING
CLM4779,2799,2085,2023-10-28,623.00,PAID
CLM4780,2927,2007,2023-10-29,239.00,PAID
CLM4781,2671,2105,2023-10-29,1340.00,PAID
CLM4782,3462,2077,2023-10-29,64.00,PAID
CLM4783,2581,2052,2023-10-29,269.00,PAID
CLM4784,1674,2102,2023-10-30,130.00,PAID
CLM4785,2997,2026,2023-10-30,152.00,PAID
CLM4786,2752,2143,2023-10-30,284.00,PAID
CLM4787,2728,2017,2023-10-30,29.00,PAID
CLM4788,2335,2130,2023-10-30,129.00,PAID
CLM4789,2000,2085,2023-10-30,1022.00,PAID
CLM4790,1489,2113,2023-10-30,149.00,PAID
CLM4791,3372,2027,2023-10-30,172.00,PAID
CLM4792,2076,2018,2023-10-30,293.00,PAID
CLM4793,2192,2137,2023-10-30,765.00,PAID
CLM4794,1103,2137,2023-10-30,1054.00,PAID
CLM4795,3223,2093,2023-10-30,44.00,DENIED
CLM4796,2407,2027,2023-10-30,131.00,PAID
CLM4797,2525,2111,2023-10-30,48.00,PAID
CLM4798,3222,2044,2023-10-30,1401.00,DENIED
CLM4799,3180,2088,2023-10-30,303.00,PAID
CLM4800,3124,2115,2023-10-30,574.00,DENIED
CLM4801,2962,2065,2023-10-30,83.00,PAID
CLM4802,1304,2002,2023-10-30,378.00,PAID
CLM4803,1759,2139,2023-10-30,47.00,PAID
CLM4804,1510,2085,2023-10-30,146.00,PAID
CLM4805,2378,2092,2023-10-30,106.00,PAID
CLM4806,1580,2055,2023-10-30,394.00,PAID
CLM4807,2895,2022,2023-10-30,68.00,PAID
CLM4808,2548,2144,2023-10-30,159.00,PAID
CLM4809,1413,2022,2023-10-30,85.00,PAID
CLM4810,1682,2039,2023-10-31,134.00,DENIED
CLM4811,2871,2118,2023-10-31,73.00,PAID
CLM4812,1404,2020,2023-10-31,270.00,DENIED
CLM4813,2603,2022,2023-10-31,33.00,PAID
CLM4814,1013,2090,2023-10-31,65.00,PAID
CLM4815,1733,2148,2023-10-31,184.00,PAID
CLM4816,2659,2059,2023-10-31,232.00,PAID
CLM4817,1025,2074,2023-10-31,310.00,PAID
CLM4818,1744,2105,2023-10-31,136.00,PAID
CLM4819,3011,2059,2023-10-31,309.00,DENIED
CLM4820,2482,2149,2023-10-31,68.00,PAID
CLM4821,3164,2009,2023-10-31,42.00,PAID
CLM4822,2492,2068,2023-10-31,112.00,PAID
CLM4823,1810,2088,2023-10-31,262.00,PAID
CLM4824,2257,2084,2023-10-31,50.00,PAID
CLM4825,1342,2006,2023-10-31,460.00,PAID
CLM4826,2630,2085,2023-10-31,112.00,PAID
CLM4827,1249,2017,2023-10-31,125.00,PAID
CLM4828,1557,2095,2023-10-31,47.00,PAID
CLM4829,1024,2044,2023-10-31,119.00,DENIED
CLM4830,2550,2036,2023-10-31,186.00,DENIED
CLM4831,1168,2029,2023-10-31,4755.00,DENIED
CLM4832,2572,2012,2023-10-31,30.00,DENIED
CLM4833,2530,2111,2023-10-31,32.00,DENIED
CLM4834,1837,2034,2023-10-31,80.00,PAID
CLM4835,2069,2123,2023-10-31,35.00,PAID
CLM4836,1829,2119,2023-10-31,38.00,PAID
CLM4837,1359,2149,2023-10-31,27.00,PAID
CLM4838,2409,2069,2023-11-01,1144.00,PAID
CLM4839,3303,2064,2023-11-01,68.00,PAID
CLM4840,1988,2042,2023-11-01,318.00,PAID
CLM4841,2128,2065,2023-11-01,104.00,PAID
CLM4842,1661,2093,2023-11-01,159.00,PAID
CLM4843,2027,2041,2023-11-01,283.00,PAID
CLM4844,1852,2068,2023-11-01,580.00,PAID
CLM4845,3403,2137,2023-11-01,982.00,PAID
CLM4846,3098,2011,2023-11-01,241.00,PAID
CLM4847,1602,2044,2023-11-01,4812.00,PAID
CLM4848,1095,2131,2023-11-01,232.00,PAID
CLM4849,2251,2150,2023-11-01,135.00,PAID
CLM4850,1810,2096,2023-11-01,79.00,PAID
CLM4851,2468,2025,2023-11-01,468.00,DENIED
CLM4852,3430,2106,2023-11-01,175.00,PAID
CLM4853,2986,2020,2023-11-01,661.00,PAID
CLM4854,2002,2017,2023-11-01,227.00,PAID
CLM4855,1223,2091,2023-11-01,161.00,PAID
CLM4856,1161,2112,2023-11-01,150.00,PAID
CLM4857,1995,2104,2023-11-01,136.00,DENIED
CLM4858,2319,2043,2023-11-01,160.00,PAID
CLM4859,3214,2018,2023-11-01,64.00,PAID
CLM4860,2500,2103,2023-11-01,56.00,PAID
CLM4861,2651,2133,2023-11-01,73.00,PAID
CLM4862,3165,2120,2023-11-01,41.00,PAID
CLM4863,2083,2029,2023-11-01,1186.00,PAID
CLM4864,1838,2071,2023-11-02,89.00,DENIED
CLM4865,2915,2120,2023-11-02,52.00,PAID
CLM4866,1168,2026,2023-11-02,257.00,PAID
CLM4867,2194,2023,2023-11-02,279.00,PAID
CLM4868,1161,2092,2023-11-02,326.00,PAID
CLM4869,1280,2130,2023-11-02,30.00,PAID
CLM4870,1413,2121,2023-11-02,137.00,PAID
CLM4871,2312,2095,2023-11-02,133.00,DENIED
CLM4872,3470,2125,2023-11-02,260.00,PAID
CLM4873,2442,2059,2023-11-02,387.00,PAID
CLM4874,2827,2012,2023-11-02,51.00,PAID
CLM4875,1201,2026,2023-11-02,288.00,DENIED
CLM4876,1120,2066,2023-11-02,119.00,PAID
CLM4877,2917,2065,2023-11-02,261.00,PAID
CLM4878,1053,2055,2023-11-02,237.00,PAID
CLM4879,3500,2060,2023-11-02,45.00,PAID
CLM4880,2852,2143,2023-11-02,625.00,PAID
CLM4881,3058,2088,2023-11-02,287.00,PAID
CLM4882,1174,2071,2023-11-02,124.00,PAID
CLM4883,2373,2041,2023-11-02,281.00,PAID
CLM4884,1472,2042,2023-11-02,153.00,PAID
CLM4885,2803,2060,2023-11-03,1199.00,PAID
CLM4886,3158,2120,2023-11-03,216.00,DENIED
CLM4887,1667,2078,2023-11-03,54.00,PAID
CLM4888,2938,2068,2023-11-03,1253.00,DENIED
CLM4889,1594,2150,2023-11-03,174.00,PAID
CLM4890,1188,2127,2023-11-03,199.00,PAID
CLM4891,1977,2085,2023-11-03,254.00,PAID
CLM4892,2554,2095,2023-11-03,185.00,PAID
CLM4893,1504,2015,2023-11-03,132.00,PAID
CLM4894,3205,2068,2023-11-03,605.00,PAID
CLM4895,1902,2015,2023-11-03,238.00,PAID
CLM4896,3482,2043,2023-11-03,393.00,PAID
CLM4897,2875,2097,2023-11-03,142.00,PAID
CLM4898,2865,2144,2023-11-03,319.00,PAID
CLM4899,1280,2085,2023-11-03,115.00,PAID
CLM4900,2313,2085,2023-11-03,1913.00,PAID
CLM4901,1530,2062,2023-11-03,74.00,PAID
CLM4902,3175,2074,2023-11-03,462.00,PAID
CLM4903,1216,2068,2023-11-04,176.00,PAID
CLM4904,2360,2004,2023-11-04,1189.00,PAID
CLM4905,2207,2144,2023-11-04,281.00,PAID
CLM4906,2224,2043,2023-11-04,359.00,PAID
CLM4907,3206,2095,2023-11-04,55.00,PAID
CLM4908,2911,2097,2023-11-04,184.00,PAID
CLM4909,3063,2136,2023-11-04,254.00,PAID
CLM4910,3393,2029,2023-11-04,152.00,PAID
CLM4911,2599,2076,2023-11-04,247.00,PAID
CLM4912,1487,2139,2023-11-04,82.00,PAID
CLM4913,2855,2008,2023-11-04,145.00,PAID
CLM4914,2870,2143,2023-11-04,451.00,PAID
CLM4915,3410,2011,2023-11-05,28.00,PAID
CLM4916,2227,2126,2023-11-05,405.00,PAID
CLM4917,1402,2120,2023-11-05,123.00,DENIED
CLM4918,2205,2059,2023-11-05,255.00,PAID
CLM4919,3373,2091,2023-11-05,28.00,PAID
CLM4920,1974,2065,2023-11-05,100.00,PAID
CLM4921,2519,2109,2023-11-05,156.00,PAID
CLM4922,1500,2148,2023-11-05,150.00,PAID
CLM4923,1928,2044,2023-11-05,147.00,DENIED
CLM4924,2212,2012,2023-11-06,41.00,PAID
CLM4925,3489,2008,2023-11-06,31.00,PAID
CLM4926,2672,2011,2023-11-06,41.00,PAID
CLM4927,2120,2045,2023-11-06,527.00,PAID
CLM4928,1478,2072,2023-11-06,59.00,PENDING
CLM4929,3134,2067,2023-11-06,121.00,PAID
CLM4930,2693,2058,2023-11-06,406.00,DENIED
CLM4931,2427,2085,2023-11-06,128.00,PAID
CLM4932,1711,2085,2023-11-06,1430.00,PAID
CLM4933,1002,2089,2023-11-06,73.00,PAID
CLM4934,2134,2085,2023-11-06,1566.00,PAID
CLM4935,1461,2100,2023-11-06,130.00,PAID
CLM4936,2935,2025,2023-11-06,304.00,PAID
CLM4937,2895,2043,2023-11-06,184.00,PAID
CLM4938,1122,2069,2023-11-06,276.00,PAID
CLM4939,1414,2003,2023-11-06,106.00,PAID
CLM4940,1390,2001,2023-11-06,44.00,PENDING
CLM4941,2321,2011,2023-11-06,212.00,PAID
CLM4942,2349,2061,2023-11-06,62.00,PAID
CLM4943,2373,2088,2023-11-06,930.00,DENIED
CLM4944,1521,2029,2023-11-06,1702.00,PAID
CLM4945,1028,2053,2023-11-06,43.00,PAID
CLM4946,2367,2037,2023-11-06,103.00,PAID
CLM4947,1667,2103,2023-11-06,129.00,PAID
CLM4948,3454,2026,2023-11-06,238.00,PAID
CLM4949,2892,2072,2023-11-06,145.00,PAID
CLM4950,3125,2045,2023-11-06,239.00,PAID
CLM4951,3176,2023,2023-11-06,59.00,PAID
CLM4952,1729,2044,2023-11-06,319.00,PAID
CLM4953,2134,2044,2023-11-06,173.00,PAID
CLM4954,2919,2075,2023-11-06,231.00,DENIED
CLM4955,3215,2137,2023-11-06,1091.00,PAID
CLM4956,1955,2137,2023-11-06,271.00,DENIED
CLM4957,3364,2005,2023-11-06,42.00,DENIED
CLM4958,2146,2149,2023-11-07,176.00,PAID
CLM4959,1097,2137,2023-11-07,125.00,PAID
CLM4960,1660,2105,2023-11-07,5038.00,DENIED
CLM4961,2852,2059,2023-11-07,202.00,PAID
CLM4962,1700,2122,2023-11-07,144.00,PAID
CLM4963,3002,2016,2023-11-07,335.00,PAID
CLM4964,1963,2065,2023-11-07,148.00,PAID
CLM4965,1303,2150,2023-11-07,110.00,PAID
CLM4966,2232,2065,2023-11-07,153.00,PAID
CLM4967,2362,2122,2023-11-07,149.00,PAID
CLM4968,3278,2091,2023-11-07,40.00,DENIED
CLM4969,2711,2109,2023-11-07,104.00,PAID
CLM4970,2454,2103,2023-11-07,510.00,PAID
CLM4971,1788,2019,2023-11-07,171.00,PAID
CLM4972,2785,2038,2023-11-07,33.00,PAID
CLM4973,1630,2002,2023-11-07,329.00,PAID
CLM4974,1202,2060,2023-11-07,571.00,PAID
CLM4975,2663,2125,2023-11-07,111.00,PAID
CLM4976,2301,2059,2023-11-07,133.00,PAID
CLM4977,3463,2131,2023-11-07,348.00,PAID
CLM4978,2811,2015,2023-11-07,5736.00,PAID
CLM4979,1600,2139,2023-11-07,121.00,PAID
CLM4980,2630,2003,2023-11-07,204.00,PAID
CLM4981,2214,2072,2023-11-07,41.00,PAID
CLM4982,1930,2082,2023-11-07,159.00,PAID
CLM4983,2688,2042,2023-11-07,577.00,PAID
CLM4984,2752,2073,2023-11-07,121.00,PAID
CLM4985,1315,2027,2023-11-07,225.00,PAID
CLM4986,3368,2110,2023-11-07,33.00,PAID
CLM4987,1010,2145,2023-11-07,136.00,PAID
CLM4988,1625,2100,2023-11-07,117.00,PAID
CLM4989,1825,2148,2023-11-07,83.00,PAID
CLM4990,1161,2149,2023-11-07,32.00,PAID
CLM4991,1194,2072,2023-11-08,218.00,DENIED
CLM4992,1746,2150,2023-11-08,282.00,PAID
CLM4993,1863,2022,2023-11-08,29.00,PAID
CLM4994,3490,2006,2023-11-08,185.00,PAID
CLM4995,1443,2150,2023-11-08,29.00,PAID
CLM4996,3096,2137,2023-11-08,684.00,DENIED
CLM4997,2775,2033,2023-11-08,109.00,PAID
CLM4998,2519,2071,2023-11-08,136.00,DENIED
CLM4999,2107,2085,2023-11-08,1319.00,PAID
CLM5000,2665,2008,2023-11-08,30.00,PAID
CLM5001,2648,2097,2023-11-08,347.00,PAID
CLM5002,2860,2106,2023-11-08,160.00,PAID
CLM5003,3200,2027,2023-11-08,316.00,PAID
CLM5004,2657,2112,2023-11-08,222.00,PAID
CLM5005,1938,2046,2023-11-08,120.00,PAID
CLM5006,2423,2053,2023-11-08,28.00,PAID
CLM5007,2192,2096,2023-11-08,53.00,PAID
CLM5008,1650,2001,2023-11-08,28.00,PAID
CLM5009,1724,2014,2023-11-08,129.00,PAID
CLM5010,1400,2136,2023-11-08,204.00,PAID
CLM5011,1449,2083,2023-11-08,420.00,PAID
CLM5012,1453,2121,2023-11-08,971.00,PAID
CLM5013,3452,2121,2023-11-08,1135.00,PAID
CLM5014,3221,2142,2023-11-08,138.00,PAID
CLM5015,3247,2020,2023-11-08,413.00,PAID
CLM5016,1222,2137,2023-11-08,126.00,PAID
CLM5017,2624,2096,2023-11-09,195.00,PAID
CLM5018,1729,2126,2023-11-09,263.00,PAID
CLM5019,2133,2027,2023-11-09,515.00,PAID
CLM5020,3369,2077,2023-11-09,26.00,PAID
CLM5021,2049,2143,2023-11-09,287.00,PAID
CLM5022,2110,2023,2023-11-09,296.00,PAID
CLM5023,2023,2024,2023-11-09,289.00,PAID
CLM5024,3153,2104,2023-11-09,241.00,DENIED
CLM5025,2553,2023,2023-11-09,391.00,PAID
CLM5026,1041,2113,2023-11-09,135.00,PAID
CLM5027,1407,2090,2023-11-09,67.00,PAID
CLM5028,1323,2021,2023-11-09,111.00,PAID
CLM5029,2615,2128,2023-11-09,219.00,DENIED
CLM5030,1365,2042,2023-11-09,31.00,PAID
CLM5031,1533,2093,2023-11-09,73.00,DENIED
CLM5032,2120,2105,2023-11-09,1101.00,PAID
CLM5033,3369,2088,2023-11-09,4927.00,PAID
CLM5034,3427,2022,2023-11-09,231.00,PAID
CLM5035,2158,2030,2023-11-09,88.00,PAID
CLM5036,3183,2098,2023-11-09,205.00,PAID
CLM5037,1537,2009,2023-11-09,39.00,PAID
CLM5038,2006,2050,2023-11-09,79.00,PAID
CLM5039,1504,2071,2023-11-09,289.00,PENDING
CLM5040,2141,2150,2023-11-09,382.00,PAID
CLM5041,2182,2029,2023-11-09,1292.00,PAID
CLM5042,3426,2079,2023-11-09,47.00,PAID
CLM5043,2487,2083,2023-11-09,200.00,DENIED
CLM5044,1887,2027,2023-11-09,168.00,PAID
CLM5045,2094,2078,2023-11-09,172.00,PAID
CLM5046,1760,2103,2023-11-09,207.00,PAID
CLM5047,1130,2099,2023-11-09,212.00,PAID
CLM5048,2941,2109,2023-11-09,67.00,PAID
CLM5049,2454,2045,2023-11-10,111.00,PAID
CLM5050,2081,2110,2023-11-10,94.00,PAID
CLM5051,1006,2133,2023-11-10,47.00,PAID
CLM5052,1524,2012,2023-11-10,29.00,DENIED
CLM5053,1158,2116,2023-11-10,181.00,DENIED
CLM5054,1808,2102,2023-11-10,185.00,PAID
CLM5055,3190,2091,2023-11-10,115.00,PAID
CLM5056,2567,2006,2023-11-10,293.00,PAID
CLM5057,2778,2084,2023-11-10,121.00,PAID
CLM5058,3436,2017,2023-11-10,78.00,PAID
CLM5059,2204,2085,2023-11-10,1178.00,PAID
CLM5060,1937,2016,2023-11-10,202.00,PAID
CLM5061,3055,2001,2023-11-10,424.00,PAID
CLM5062,2069,2009,2023-11-10,102.00,PAID
CLM5063,1150,2059,2023-11-10,148.00,DENIED
CLM5064,2299,2040,2023-11-10,250.00,PENDING
CLM5065,1692,2106,2023-11-10,60.00,DENIED
CLM5066,1215,2115,2023-11-10,322.00,DENIED
CLM5067,1052,2133,2023-11-10,33.00,PAID
CLM5068,1181,2148,2023-11-10,37.00,PAID
CLM5069,1563,2015,2023-11-10,135.00,DENIED
CLM5070,2897,2068,2023-11-10,1353.00,PAID
CLM5071,1841,2014,2023-11-10,132.00,PAID
CLM5072,2972,2085,2023-11-11,263.00,PAID
CLM5073,2487,2082,2023-11-11,183.00,PAID
CLM5074,1810,2088,2023-11-11,4060.00,PAID
CLM5075,3177,2071,2023-11-11,1680.00,DENIED
CLM5076,3186,2070,2023-11-11,95.00,PAID
CLM5077,1775,2104,2023-11-11,362.00,PAID
CLM5078,2407,2019,2023-11-11,207.00,PAID
CLM5079,2536,2072,2023-11-11,28.00,PAID
CLM5080,3352,2078,2023-11-11,79.00,PAID
CLM5081,3423,2068,2023-11-11,101.00,PAID
CLM5082,2785,2068,2023-11-12,125.00,PAID
CLM5083,2000,2137,2023-11-12,648.00,DENIED
CLM5084,3409,2046,2023-11-12,110.00,PAID
CLM5085,1731,2045,2023-11-12,5622.00,DENIED
CLM5086,1850,2141,2023-11-12,38.00,PAID
CLM5087,3292,2064,2023-11-12,213.00,PAID
CLM5088,2038,2065,2023-11-12,88.00,PAID
CLM5089,1202,2004,2023-11-12,1483.00,PAID
CLM5090,1317,2011,2023-11-12,30.00,PAID
CLM5091,1150,2104,2023-11-12,1950.00,PAID
CLM5092,1786,2089,2023-11-13,3915.00,PAID
CLM5093,2825,2097,2023-11-13,59.00,PAID
CLM5094,1746,2029,2023-11-13,166.00,PAID
CLM5095,2373,2126,2023-11-13,289.00,PAID
CLM5096,2398,2077,2023-11-13,70.00,PAID
CLM5097,2182,2024,2023-11-13,155.00,PAID
CLM5098,1653,2131,2023-11-13,586.00,PAID
CLM5099,2110,2065,2023-11-13,279.00,PAID
CLM5100,2071,2076,2023-11-13,36.00,PAID
CLM5101,2450,2143,2023-11-13,141.00,PAID
CLM5102,1883,2046,2023-11-13,128.00,DENIED
CLM5103,1762,2042,2023-11-13,33.00,PAID
CLM5104,1790,2137,2023-11-13,1086.00,PAID
CLM5105,1735,2137,2023-11-13,251.00,PAID
CLM5106,3320,2099,2023-11-13,235.00,PAID
CLM5107,1860,2078,2023-11-13,51.00,PAID
CLM5108,2329,2103,2023-11-13,171.00,PAID
CLM5109,1698,2085,2023-11-13,1001.00,DENIED
CLM5110,1469,2130,2023-11-13,338.00,PAID
CLM5111,1624,2020,2023-11-13,49.00,PAID
CLM5112,1816,2116,2023-11-13,192.00,PAID
CLM5113,2482,2064,2023-11-13,34.00,PAID
CLM5114,2460,2058,2023-11-13,300.00,DENIED
CLM5115,2855,2100,2023-11-13,131.00,PAID
CLM5116,3244,2145,2023-11-13,235.00,PAID
CLM5117,1198,2074,2023-11-13,432.00,PAID
CLM5118,1676,2037,2023-11-13,1682.00,PAID
CLM5119,2973,2015,2023-11-13,134.00,PAID
CLM5120,1027,2037,2023-11-13,240.00,PAID
CLM5121,3269,2150,2023-11-13,63.00,PAID
CLM5122,2271,2044,2023-11-14,1236.00,PAID
CLM5123,2838,2007,2023-11-14,75.00,PAID
CLM5124,2352,2054,2023-11-14,173.00,PAID
CLM5125,1188,2071,2023-11-14,258.00,PAID
CLM5126,2784,2065,2023-11-14,188.00,PAID
CLM5127,1020,2002,2023-11-14,36.00,PAID
CLM5128,1335,2112,2023-11-14,134.00,DENIED
CLM5129,1107,2009,2023-11-14,135.00,PAID
CLM5130,1168,2143,2023-11-14,124.00,PAID
CLM5131,3362,2037,2023-11-14,1576.00,PAID
CLM5132,3210,2132,2023-11-14,43.00,PAID
CLM5133,2094,2067,2023-11-14,134.00,PAID
CLM5134,2995,2034,2023-11-14,52.00,PAID
CLM5135,1783,2012,2023-11-14,62.00,DENIED
CLM5136,2393,2077,2023-11-14,32.00,PAID
CLM5137,1832,2118,2023-11-14,213.00,PAID
CLM5138,1160,2075,2023-11-14,41.00,PAID
CLM5139,2063,2004,2023-11-14,1233.00,PAID
CLM5140,1305,2074,2023-11-14,131.00,DENIED
CLM5141,2192,2111,2023-11-14,46.00,PAID
CLM5142,1623,2130,2023-11-14,34.00,PAID
CLM5143,1668,2045,2023-11-14,422.00,DENIED
CLM5144,2255,2073,2023-11-14,407.00,PAID
CLM5145,1579,2105,2023-11-14,128.00,PAID
CLM5146,1668,2122,2023-11-14,71.00,DENIED
CLM5147,2456,2064,2023-11-14,77.00,PAID
CLM5148,2171,2068,2023-11-14,1371.00,PAID
CLM5149,1902,2023,2023-11-14,39.00,PAID
CLM5150,2057,2140,2023-11-14,1790.00,DENIED
CLM5151,2031,2065,2023-11-14,148.00,PAID
CLM5152,2689,2084,2023-11-14,147.00,PAID
CLM5153,2703,2130,2023-11-14,242.00,PAID
CLM5154,2989,2066,2023-11-14,102.00,PAID
CLM5155,1024,2140,2023-11-15,241.00,PAID
CLM5156,1352,2139,2023-11-15,41.00,PAID
CLM5157,1844,2098,2023-11-15,127.00,PAID
CLM5158,3433,2120,2023-11-15,161.00,PAID
CLM5159,1162,2121,2023-11-15,1288.00,DENIED
CLM5160,3080,2020,2023-11-15,279.00,PAID
CLM5161,2960,2030,2023-11-15,42.00,PAID
CLM5162,1990,2038,2023-11-15,89.00,DENIED
CLM5163,1540,2095,2023-11-15,143.00,PAID
CLM5164,1569,2118,2023-11-15,397.00,PAID
CLM5165,3210,2091,2023-11-15,76.00,PAID
CLM5166,1303,2054,2023-11-15,128.00,PAID
CLM5167,2266,2020,2023-11-15,47.00,PAID
CLM5168,2029,2026,2023-11-15,43.00,PAID
CLM5169,1671,2111,2023-11-15,461.00,DENIED
CLM5170,3151,2009,2023-11-15,41.00,PAID
CLM5171,1828,2047,2023-11-15,50.00,PAID
CLM5172,1715,2087,2023-11-15,902.00,DENIED
CLM5173,2475,2118,2023-11-15,66.00,PAID
CLM5174,2276,2074,2023-11-15,130.00,PAID
CLM5175,2549,2127,2023-11-15,207.00,PAID
CLM5176,1236,2073,2023-11-15,62.00,PAID
CLM5177,1435,2054,2023-11-15,306.00,PAID
CLM5178,3487,2026,2023-11-15,383.00,PAID
CLM5179,1326,2106,2023-11-15,216.00,PAID
CLM5180,2368,2029,2023-11-15,148.00,DENIED
CLM5181,1428,2056,2023-11-15,453.00,DENIED
CLM5182,1999,2005,2023-11-16,352.00,PAID
CLM5183,3068,2149,2023-11-16,28.00,PAID
CLM5184,1003,2026,2023-11-16,117.00,DENIED
CLM5185,3083,2085,2023-11-16,546.00,DENIED
CLM5186,1922,2091,2023-11-16,33.00,PAID
CLM5187,1238,2029,2023-11-16,1258.00,PAID
CLM5188,3236,2097,2023-11-16,79.00,PAID
CLM5189,3333,2101,2023-11-16,38.00,PAID
CLM5190,1789,2131,2023-11-16,52.00,PAID
CLM5191,1624,2028,2023-11-16,88.00,PAID
CLM5192,1161,2102,2023-11-16,410.00,DENIED
CLM5193,1515,2017,2023-11-16,218.00,PAID
CLM5194,2209,2118,2023-11-16,58.00,PAID
CLM5195,2955,2054,2023-11-16,253.00,PAID
CLM5196,2729,2078,2023-11-16,28.00,PAID
CLM5197,1543,2145,2023-11-16,34.00,PAID
CLM5198,2450,2012,2023-11-16,486.00,DENIED
CLM5199,2902,2149,2023-11-16,32.00,PAID
CLM5200,1400,2054,2023-11-16,79.00,PAID
CLM5201,3368,2147,2023-11-16,110.00,PAID
CLM5202,1515,2078,2023-11-16,45.00,PAID
CLM5203,1910,2126,2023-11-16,580.00,PAID
CLM5204,3399,2111,2023-11-16,147.00,PAID
CLM5205,1617,2126,2023-11-16,277.00,PAID
CLM5206,3062,2011,2023-11-16,138.00,PAID
CLM5207,1924,2079,2023-11-17,172.00,PAID
CLM5208,3150,2067,2023-11-17,72.00,PAID
CLM5209,2765,2131,2023-11-17,290.00,PAID
CLM5210,1108,2105,2023-11-17,134.00,PAID
CLM5211,2317,2110,2023-11-17,32.00,PAID
CLM5212,3452,2071,2023-11-17,52.00,PAID
CLM5213,1224,2089,2023-11-17,621.00,PAID
CLM5214,2729,2029,2023-11-17,276.00,PAID
CLM5215,2121,2101,2023-11-17,247.00,PAID
CLM5216,3022,2150,2023-11-17,110.00,PAID
CLM5217,2776,2147,2023-11-17,116.00,PAID
CLM5218,1489,2024,2023-11-17,6290.00,PAID
CLM5219,3270,2121,2023-11-17,153.00,PAID
CLM5220,2081,2037,2023-11-17,196.00,PAID
CLM5221,1607,2085,2023-11-17,245.00,PAID
CLM5222,1126,2126,2023-11-17,198.00,PAID
CLM5223,3173,2042,2023-11-17,131.00,PAID
CLM5224,2294,2082,2023-11-17,56.00,PAID
CLM5225,1696,2037,2023-11-18,144.00,DENIED
CLM5226,2107,2092,2023-11-18,63.00,PAID
CLM5227,3109,2019,2023-11-18,152.00,PAID
CLM5228,2535,2106,2023-11-18,141.00,PAID
CLM5229,2198,2120,2023-11-18,30.00,PAID
CLM5230,1871,2141,2023-11-18,222.00,PAID
CLM5231,1403,2017,2023-11-18,31.00,PAID
CLM5232,1061,2105,2023-11-18,136.00,PAID
CLM5233,2350,2053,2023-11-18,278.00,PAID
CLM5234,3460,2035,2023-11-18,35.00,PAID
CLM5235,2377,2110,2023-11-18,115.00,PAID
CLM5236,2574,2002,2023-11-18,107.00,DENIED
CLM5237,2313,2060,2023-11-18,1118.00,DENIED
CLM5238,2845,2030,2023-11-19,143.00,PAID
CLM5239,2519,2025,2023-11-19,27.00,PAID
CLM5240,2735,2137,2023-11-19,105.00,DENIED
CLM5241,1631,2057,2023-11-19,32.00,PAID
CLM5242,1497,2098,2023-11-19,243.00,PAID
CLM5243,1841,2086,2023-11-19,53.00,PAID
CLM5244,1613,2096,2023-11-19,130.00,DENIED
CLM5245,1187,2068,2023-11-19,504.00,DENIED
CLM5246,1728,2044,2023-11-19,261.00,PAID
CLM5247,3404,2110,2023-11-19,249.00,PAID
CLM5248,3361,2005,2023-11-19,41.00,PAID
CLM5249,1278,2088,2023-11-19,1036.00,PAID
CLM5250,1867,2149,2023-11-19,78.00,PAID
CLM5251,2531,2137,2023-11-19,573.00,DENIED
CLM5252,3472,2015,2023-11-19,128.00,DENIED
CLM5253,1783,2113,2023-11-20,115.00,PAID
CLM5254,2240,2044,2023-11-20,131.00,PAID
CLM5255,1701,2084,2023-11-20,43.00,PAID
CLM5256,2541,2079,2023-11-20,80.00,PAID
CLM5257,2188,2012,2023-11-20,45.00,PAID
CLM5258,1485,2003,2023-11-20,122.00,PAID
CLM5259,1077,2149,2023-11-20,185.00,PAID
CLM5260,2155,2071,2023-11-20,183.00,DENIED
CLM5261,3348,2066,2023-11-20,118.00,PENDING
CLM5262,1959,2057,2023-11-20,442.00,PAID
CLM5263,1601,2085,2023-11-20,1421.00,PAID
CLM5264,3471,2144,2023-11-20,111.00,PAID
CLM5265,2556,2119,2023-11-20,177.00,PAID
CLM5266,2114,2057,2023-11-20,35.00,PAID
CLM5267,2301,2116,2023-11-20,467.00,PAID
CLM5268,2595,2137,2023-11-20,108.00,PAID
CLM5269,1259,2076,2023-11-20,154.00,PAID
CLM5270,1728,2078,2023-11-20,34.00,PAID
CLM5271,1104,2149,2023-11-20,259.00,PAID
CLM5272,2540,2013,2023-11-20,379.00,PAID
CLM5273,1243,2114,2023-11-20,62.00,PAID
CLM5274,3100,2053,2023-11-20,31.00,PAID
CLM5275,1194,2040,2023-11-20,108.00,PAID
CLM5276,2790,2084,2023-11-20,92.00,DENIED
CLM5277,1725,2079,2023-11-20,70.00,PAID
CLM5278,2386,2106,2023-11-20,32.00,PAID
CLM5279,1810,2111,2023-11-20,53.00,PAID
CLM5280,2843,2034,2023-11-20,181.00,PAID
CLM5281,1199,2024,2023-11-20,143.00,PAID
CLM5282,3208,2013,2023-11-20,359.00,PAID
CLM5283,1724,2005,2023-11-21,2449.00,PAID
CLM5284,1027,2105,2023-11-21,1454.00,DENIED
CLM5285,2586,2130,2023-11-21,199.00,PAID
CLM5286,2552,2121,2023-11-21,173.00,PAID
CLM5287,1293,2140,2023-11-21,4862.00,DENIED
CLM5288,3199,2096,2023-11-21,185.00,PAID
CLM5289,1347,2102,2023-11-21,570.00,PAID
CLM5290,2029,2083,2023-11-21,196.00,PAID
CLM5291,1887,2022,2023-11-21,174.00,PAID
CLM5292,2229,2071,2023-11-21,214.00,DENIED
CLM5293,2260,2041,2023-11-21,121.00,DENIED
CLM5294,2624,2022,2023-11-21,69.00,PAID
CLM5295,2451,2118,2023-11-21,113.00,DENIED
CLM5296,3068,2114,2023-11-21,38.00,PAID
CLM5297,2299,2088,2023-11-21,809.00,PAID
CLM5298,1754,2093,2023-11-21,61.00,PAID
CLM5299,2081,2100,2023-11-21,424.00,PAID
CLM5300,1777,2071,2023-11-21,96.00,PAID
CLM5301,2017,2075,2023-11-21,309.00,DENIED
CLM5302,1415,2088,2023-11-21,909.00,PAID
CLM5303,2810,2077,2023-11-21,174.00,DENIED
CLM5304,2065,2097,2023-11-21,330.00,PAID
CLM5305,1399,2098,2023-11-21,32.00,PAID
CLM5306,1319,2085,2023-11-21,1087.00,PAID
CLM5307,2671,2020,2023-11-21,41.00,PAID
CLM5308,2765,2137,2023-11-21,1298.00,DENIED
CLM5309,1874,2103,2023-11-21,259.00,PAID
CLM5310,2052,2044,2023-11-21,277.00,PAID
CLM5311,1775,2100,2023-11-21,130.00,PAID
CLM5312,2197,2069,2023-11-21,1258.00,PAID
CLM5313,2901,2048,2023-11-21,454.00,PAID
CLM5314,2524,2107,2023-11-21,285.00,PAID
CLM5315,3410,2092,2023-11-22,168.00,PAID
CLM5316,1650,2030,2023-11-22,219.00,PAID
CLM5317,2701,2133,2023-11-22,213.00,PAID
CLM5318,1557,2105,2023-11-22,4855.00,PAID
CLM5319,3014,2004,2023-11-22,132.00,DENIED
CLM5320,2027,2105,2023-11-22,1488.00,PAID
CLM5321,2060,2053,2023-11-22,46.00,PAID
CLM5322,3294,2073,2023-11-22,470.00,DENIED
CLM5323,1766,2031,2023-11-22,78.00,DENIED
CLM5324,2389,2140,2023-11-22,109.00,PAID
CLM5325,2722,2052,2023-11-22,352.00,PAID
CLM5326,2393,2110,2023-11-22,184.00,DENIED
CLM5327,2307,2087,2023-11-22,119.00,DENIED
CLM5328,3244,2095,2023-11-22,46.00,PAID
CLM5329,3359,2074,2023-11-22,275.00,PAID
CLM5330,2623,2091,2023-11-22,73.00,PAID
CLM5331,1408,2121,2023-11-22,836.00,PAID
CLM5332,2973,2087,2023-11-22,4410.00,DENIED
CLM5333,2949,2069,2023-11-22,1632.00,PAID
CLM5334,3188,2066,2023-11-22,380.00,PAID
CLM5335,1417,2061,2023-11-22,51.00,PAID
CLM5336,1785,2082,2023-11-22,146.00,DENIED
CLM5337,2938,2088,2023-11-22,5060.00,PAID
CLM5338,2652,2060,2023-11-22,1156.00,PAID
CLM5339,2196,2132,2023-11-22,51.00,PAID
CLM5340,1222,2067,2023-11-22,68.00,DENIED
CLM5341,1720,2150,2023-11-22,107.00,PAID
CLM5342,1317,2045,2023-11-22,120.00,PAID
CLM5343,3421,2043,2023-11-22,161.00,PAID
CLM5344,3071,2065,2023-11-23,104.00,PAID
CLM5345,3124,2030,2023-11-23,101.00,PAID
CLM5346,1283,2123,2023-11-23,142.00,DENIED
CLM5347,1702,2115,2023-11-23,186.00,PAID
CLM5348,2384,2071,2023-11-23,235.00,PAID
CLM5349,1823,2028,2023-11-23,81.00,PAID
CLM5350,2634,2096,2023-11-23,93.00,PAID
CLM5351,1922,2108,2023-11-23,444.00,PAID
CLM5352,3436,2004,2023-11-23,142.00,PAID
CLM5353,3197,2132,2023-11-23,280.00,PAID
CLM5354,1025,2124,2023-11-23,116.00,PAID
CLM5355,1478,2004,2023-11-23,138.00,PAID
CLM5356,1156,2024,2023-11-23,125.00,PAID
CLM5357,3024,2100,2023-11-23,130.00,PAID
CLM5358,2456,2044,2023-11-23,141.00,DENIED
CLM5359,2307,2013,2023-11-23,279.00,PAID
CLM5360,1053,2049,2023-11-23,435.00,PAID
CLM5361,1702,2078,2023-11-23,28.00,PAID
CLM5362,1431,2116,2023-11-23,108.00,PAID
CLM5363,3205,2144,2023-11-23,359.00,PAID
CLM5364,3062,2030,2023-11-23,50.00,PAID
CLM5365,3336,2137,2023-11-23,1321.00,PAID
CLM5366,1554,2059,2023-11-23,157.00,DENIED
CLM5367,2960,2144,2023-11-23,314.00,PAID
CLM5368,2003,2068,2023-11-23,1169.00,PAID
CLM5369,2113,2087,2023-11-24,142.00,PAID
CLM5370,1996,2091,2023-11-24,26.00,PAID
CLM5371,1674,2045,2023-11-24,136.00,PAID
CLM5372,1732,2083,2023-11-24,138.00,PAID
CLM5373,2509,2068,2023-11-24,614.00,PAID
CLM5374,2212,2106,2023-11-24,125.00,PAID
CLM5375,3456,2121,2023-11-24,299.00,PAID
CLM5376,3087,2096,2023-11-24,115.00,PAID
CLM5377,1041,2059,2023-11-24,430.00,PAID
CLM5378,2621,2139,2023-11-24,307.00,DENIED
CLM5379,3011,2082,2023-11-24,113.00,PAID
CLM5380,2864,2143,2023-11-24,560.00,PAID
CLM5381,2063,2138,2023-11-24,661.00,DENIED
CLM5382,1379,2044,2023-11-24,1230.00,DENIED
CLM5383,1764,2036,2023-11-24,181.00,PAID
CLM5384,1858,2042,2023-11-24,273.00,PAID
CLM5385,3013,2118,2023-11-24,29.00,PAID
CLM5386,1143,2086,2023-11-24,257.00,PAID
CLM5387,1744,2112,2023-11-24,57.00,PAID
CLM5388,1314,2105,2023-11-24,157.00,PAID
CLM5389,1744,2145,2023-11-24,51.00,PAID
CLM5390,2623,2037,2023-11-24,287.00,DENIED
CLM5391,3221,2092,2023-11-24,56.00,PAID
CLM5392,2138,2004,2023-11-24,146.00,PAID
CLM5393,1914,2028,2023-11-24,81.00,PAID
CLM5394,2513,2106,2023-11-24,201.00,PAID
CLM5395,1205,2122,2023-11-25,38.00,DENIED
CLM5396,3077,2102,2023-11-25,268.00,PAID
CLM5397,1493,2137,2023-11-25,411.00,DENIED
CLM5398,3031,2033,2023-11-25,328.00,PAID
CLM5399,3158,2008,2023-11-25,89.00,PAID
CLM5400,3186,2047,2023-11-25,107.00,PAID
CLM5401,1326,2120,2023-11-25,318.00,PAID
CLM5402,1868,2042,2023-11-25,41.00,PAID
CLM5403,2488,2137,2023-11-26,116.00,PAID
CLM5404,3207,2021,2023-11-26,52.00,PAID
CLM5405,1832,2064,2023-11-26,205.00,DENIED
CLM5406,2041,2068,2023-11-26,124.00,PAID
CLM5407,2826,2042,2023-11-26,70.00,PAID
CLM5408,1726,2005,2023-11-26,1088.00,PAID
CLM5409,1915,2029,2023-11-26,2314.00,PAID
CLM5410,2933,2060,2023-11-26,53.00,PAID
CLM5411,1700,2083,2023-11-26,31.00,PAID
CLM5412,2358,2006,2023-11-26,120.00,PAID
CLM5413,3420,2138,2023-11-27,209.00,PAID
CLM5414,3265,2142,2023-11-27,82.00,DENIED
CLM5415,1186,2105,2023-11-27,270.00,PAID
CLM5416,3348,2069,2023-11-27,286.00,PAID
CLM5417,1077,2112,2023-11-27,231.00,PAID
CLM5418,1703,2139,2023-11-27,176.00,PAID
CLM5419,3366,2121,2023-11-27,1141.00,PAID
CLM5420,3082,2075,2023-11-27,419.00,DENIED
CLM5421,2928,2086,2023-11-27,91.00,DENIED
CLM5422,3459,2069,2023-11-27,1180.00,PAID
CLM5423,2775,2077,2023-11-27,68.00,PAID
CLM5424,2349,2017,2023-11-27,199.00,PAID
CLM5425,1744,2105,2023-11-27,4681.00,PAID
CLM5426,1847,2040,2023-11-27,49.00,DENIED
CLM5427,1493,2126,2023-11-27,388.00,PAID
CLM5428,2529,2088,2023-11-27,138.00,DENIED
CLM5429,3421,2029,2023-11-27,919.00,PAID
CLM5430,1645,2029,2023-11-27,851.00,DENIED
CLM5431,2828,2096,2023-11-27,190.00,DENIED
CLM5432,2712,2060,2023-11-27,3601.00,PAID
CLM5433,2671,2072,2023-11-27,86.00,PAID
CLM5434,2445,2121,2023-11-27,1442.00,PAID
CLM5435,1667,2115,2023-11-27,476.00,PAID
CLM5436,1133,2063,2023-11-27,207.00,PAID
CLM5437,2562,2036,2023-11-27,113.00,PAID
CLM5438,2098,2090,2023-11-28,64.00,PAID
CLM5439,1009,2085,2023-11-28,1286.00,PAID
CLM5440,2824,2063,2023-11-28,174.00,PAID
CLM5441,2464,2064,2023-11-28,94.00,PAID
CLM5442,2870,2011,2023-11-28,62.00,PAID
CLM5443,3479,2143,2023-11-28,146.00,PAID
CLM5444,3207,2100,2023-11-28,406.00,PAID
CLM5445,2982,2118,2023-11-28,209.00,PAID
CLM5446,2089,2118,2023-11-28,125.00,PAID
CLM5447,1926,2045,2023-11-28,5369.00,DENIED
CLM5448,1667,2026,2023-11-28,149.00,PAID
CLM5449,1780,2020,2023-11-28,2417.00,PAID
CLM5450,1693,2040,2023-11-28,172.00,PAID
CLM5451,2565,2078,2023-11-28,35.00,PAID
CLM5452,1928,2019,2023-11-28,89.00,PAID
CLM5453,3038,2085,2023-11-28,124.00,PAID
CLM5454,3178,2100,2023-11-28,140.00,PAID
CLM5455,2239,2132,2023-11-28,47.00,PAID
CLM5456,2994,2115,2023-11-28,280.00,PAID
CLM5457,1148,2029,2023-11-28,146.00,PAID
CLM5458,1130,2119,2023-11-28,210.00,PAID
CLM5459,3493,2104,2023-11-28,115.00,PAID
CLM5460,1463,2058,2023-11-28,261.00,PAID
CLM5461,2896,2043,2023-11-28,28.00,PAID
CLM5462,3229,2122,2023-11-28,178.00,PAID
CLM5463,2160,2124,2023-11-28,124.00,PAID
CLM5464,1027,2001,2023-11-29,159.00,PAID
CLM5465,2336,2068,2023-11-29,154.00,PAID
CLM5466,3472,2112,2023-11-29,256.00,PAID
CLM5467,1591,2006,2023-11-29,136.00,DENIED
CLM5468,1907,2131,2023-11-29,432.00,DENIED
CLM5469,1574,2104,2023-11-29,7166.00,DENIED
CLM5470,1580,2130,2023-11-29,44.00,PAID
CLM5471,1633,2068,2023-11-29,152.00,PAID
CLM5472,1814,2124,2023-11-29,52.00,PAID
CLM5473,2695,2033,2023-11-29,209.00,PAID
CLM5474,3307,2034,2023-11-29,51.00,PAID
CLM5475,1135,2068,2023-11-29,666.00,PAID
CLM5476,1568,2109,2023-11-29,57.00,PAID
CLM5477,3252,2038,2023-11-29,124.00,PAID
CLM5478,1142,2068,2023-11-29,1040.00,PAID
CLM5479,1394,2008,2023-11-29,322.00,PAID
CLM5480,2680,2038,2023-11-29,248.00,PAID
CLM5481,2307,2068,2023-11-29,1154.00,PAID
CLM5482,2498,2137,2023-11-29,664.00,PAID
CLM5483,2996,2057,2023-11-29,556.00,PAID
CLM5484,3459,2012,2023-11-29,32.00,PAID
CLM5485,1605,2065,2023-11-29,58.00,PAID
CLM5486,1287,2043,2023-11-29,122.00,PAID
CLM5487,1305,2020,2023-11-29,399.00,PAID
CLM5488,3239,2125,2023-11-29,75.00,PAID
CLM5489,2877,2122,2023-11-29,38.00,PAID
CLM5490,2168,2055,2023-11-29,301.00,PAID
CLM5491,3031,2114,2023-11-29,95.00,PAID
CLM5492,3352,2005,2023-11-29,1204.00,PAID
CLM5493,1651,2091,2023-11-29,29.00,PAID
CLM5494,3291,2022,2023-11-29,122.00,DENIED
CLM5495,2783,2037,2023-11-29,48.00,PAID
CLM5496,1822,2027,2023-11-30,286.00,PAID
CLM5497,3292,2046,2023-11-30,303.00,PAID
CLM5498,2071,2109,2023-11-30,59.00,PAID
CLM5499,2307,2048,2023-11-30,3590.00,PAID
CLM5500,2448,2035,2023-11-30,44.00,PAID
CLM5501,1215,2085,2023-11-30,434.00,PAID
CLM5502,1601,2115,2023-11-30,606.00,PAID
CLM5503,1916,2143,2023-11-30,155.00,PAID
CLM5504,2240,2011,2023-11-30,109.00,DENIED
CLM5505,1027,2122,2023-11-30,33.00,PAID
CLM5506,1922,2074,2023-11-30,171.00,PAID
CLM5507,3147,2074,2023-11-30,207.00,DENIED
CLM5508,2719,2130,2023-11-30,109.00,PAID
CLM5509,1220,2012,2023-11-30,34.00,PAID
CLM5510,1641,2012,2023-11-30,110.00,PAID
CLM5511,2689,2061,2023-11-30,33.00,PAID
CLM5512,2225,2129,2023-11-30,90.00,PAID
CLM5513,3311,2085,2023-11-30,1066.00,PAID
CLM5514,2497,2061,2023-11-30,179.00,DENIED
CLM5515,2347,2065,2023-12-01,55.00,PAID
CLM5516,2270,2063,2023-12-01,280.00,DENIED
CLM5517,3180,2104,2023-12-01,280.00,PAID
CLM5518,2031,2060,2023-12-01,47.00,PAID
CLM5519,3230,2005,2023-12-01,52.00,PAID
CLM5520,2531,2149,2023-12-01,38.00,PENDING
CLM5521,3381,2087,2023-12-01,4474.00,PAID
CLM5522,1506,2145,2023-12-01,225.00,PAID
CLM5523,2829,2085,2023-12-01,763.00,PAID
CLM5524,2821,2068,2023-12-01,821.00,PAID
CLM5525,2607,2105,2023-12-01,119.00,DENIED
CLM5526,1614,2034,2023-12-01,83.00,PAID
CLM5527,2436,2083,2023-12-01,129.00,PAID
CLM5528,1946,2114,2023-12-01,34.00,PAID
CLM5529,2506,2129,2023-12-01,112.00,PAID
CLM5530,1083,2001,2023-12-01,58.00,PAID
CLM5531,1946,2045,2023-12-01,381.00,PAID
CLM5532,3278,2095,2023-12-02,165.00,PAID
CLM5533,1415,2041,2023-12-02,301.00,PAID
CLM5534,3246,2134,2023-12-02,135.00,PAID
CLM5535,3431,2118,2023-12-02,44.00,PAID
CLM5536,1056,2036,2023-12-02,321.00,DENIED
CLM5537,2081,2065,2023-12-02,216.00,PAID
CLM5538,1011,2085,2023-12-02,268.00,PAID
CLM5539,2852,2078,2023-12-03,104.00,PAID
CLM5540,1328,2029,2023-12-03,151.00,PAID
CLM5541,3154,2071,2023-12-03,126.00,PAID
CLM5542,1932,2088,2023-12-03,2237.00,PAID
CLM5543,1366,2008,2023-12-03,148.00,PAID
CLM5544,2852,2019,2023-12-03,278.00,PAID
CLM5545,1916,2140,2023-12-03,1699.00,PAID
CLM5546,2633,2150,2023-12-03,136.00,PAID
CLM5547,3269,2074,2023-12-03,145.00,PAID
CLM5548,1405,2132,2023-12-03,1579.00,PAID
CLM5549,2479,2137,2023-12-03,274.00,PAID
CLM5550,2966,2025,2023-12-03,246.00,PAID
CLM5551,2240,2122,2023-12-03,63.00,PAID
CLM5552,2314,2063,2023-12-03,139.00,PAID
CLM5553,1623,2091,2023-12-03,46.00,PAID
CLM5554,2210,2082,2023-12-04,147.00,PAID
CLM5555,2182,2071,2023-12-04,1596.00,PAID
CLM5556,3082,2064,2023-12-04,452.00,PAID
CLM5557,2073,2137,2023-12-04,1406.00,PAID
CLM5558,1813,2068,2023-12-04,572.00,PAID
CLM5559,3308,2013,2023-12-04,121.00,PAID
CLM5560,1038,2140,2023-12-04,233.00,DENIED
CLM5561,2490,2055,2023-12-04,318.00,PAID
CLM5562,3365,2072,2023-12-04,69.00,DENIED
CLM5563,3370,2122,2023-12-04,291.00,PAID
CLM5564,1611,2125,2023-12-04,138.00,PAID
CLM5565,3247,2042,2023-12-04,189.00,PAID
CLM5566,2623,2024,2023-12-04,137.00,PAID
CLM5567,3402,2014,2023-12-04,42.00,DENIED
CLM5568,3359,2037,2023-12-04,1425.00,PAID
CLM5569,2316,2095,2023-12-04,244.00,PAID
CLM5570,1151,2063,2023-12-04,174.00,PAID
CLM5571,2836,2044,2023-12-04,139.00,PAID
CLM5572,2158,2060,2023-12-04,42.00,PAID
CLM5573,2038,2137,2023-12-04,520.00,PAID
CLM5574,2679,2001,2023-12-04,308.00,PAID
CLM5575,2807,2001,2023-12-04,48.00,PAID
CLM5576,1871,2119,2023-12-04,37.00,PAID
CLM5577,1450,2121,2023-12-04,136.00,PAID
CLM5578,1685,2012,2023-12-04,169.00,DENIED
CLM5579,2190,2092,2023-12-04,204.00,DENIED
CLM5580,1885,2029,2023-12-04,153.00,PAID
CLM5581,1915,2121,2023-12-04,1211.00,PAID
CLM5582,2023,2017,2023-12-04,329.00,PAID
CLM5583,2706,2014,2023-12-04,101.00,PAID
CLM5584,1263,2095,2023-12-04,96.00,DENIED
CLM5585,1068,2059,2023-12-04,175.00,DENIED
CLM5586,3322,2136,2023-12-04,113.00,PAID
CLM5587,2961,2025,2023-12-04,434.00,PAID
CLM5588,2111,2073,2023-12-05,192.00,PAID
CLM5589,3166,2078,2023-12-05,34.00,PAID
CLM5590,2149,2097,2023-12-05,200.00,PAID
CLM5591,2953,2043,2023-12-05,108.00,PAID
CLM5592,1444,2087,2023-12-05,123.00,PAID
CLM5593,1552,2120,2023-12-05,278.00,PAID
CLM5594,3224,2118,2023-12-05,28.00,DENIED
CLM5595,2019,2122,2023-12-05,62.00,PAID
CLM5596,2621,2009,2023-12-05,125.00,PAID
CLM5597,2994,2037,2023-12-05,126.00,PAID
CLM5598,2118,2137,2023-12-05,1108.00,DENIED
CLM5599,2003,2137,2023-12-05,106.00,PENDING
CLM5600,2934,2137,2023-12-05,428.00,DENIED
CLM5601,2271,2037,2023-12-05,125.00,PAID
CLM5602,2518,2141,2023-12-05,228.00,PAID
CLM5603,1095,2027,2023-12-05,461.00,DENIED
CLM5604,1077,2086,2023-12-05,31.00,PAID
CLM5605,3003,2015,2023-12-05,132.00,PAID
CLM5606,2530,2069,2023-12-05,121.00,PAID
CLM5607,1185,2017,2023-12-05,398.00,PAID
CLM5608,1899,2037,2023-12-05,225.00,DENIED
CLM5609,3011,2149,2023-12-05,38.00,PAID
CLM5610,1241,2096,2023-12-05,112.00,PAID
CLM5611,1235,2033,2023-12-05,60.00,PAID
CLM5612,1701,2041,2023-12-05,457.00,PAID
CLM5613,2926,2015,2023-12-05,1657.00,PAID
CLM5614,2107,2136,2023-12-06,165.00,PAID
CLM5615,1483,2092,2023-12-06,30.00,PAID
CLM5616,2451,2102,2023-12-06,119.00,DENIED
CLM5617,3384,2039,2023-12-06,129.00,PAID
CLM5618,3386,2022,2023-12-06,25.00,PAID
CLM5619,1648,2087,2023-12-06,6054.00,DENIED
CLM5620,1002,2113,2023-12-06,208.00,PAID
CLM5621,1196,2070,2023-12-06,121.00,DENIED
CLM5622,3361,2105,2023-12-06,117.00,PAID
CLM5623,2019,2145,2023-12-06,110.00,PAID
CLM5624,2282,2011,2023-12-06,174.00,PAID
CLM5625,3330,2060,2023-12-06,244.00,PAID
CLM5626,1032,2068,2023-12-06,683.00,PAID
CLM5627,3173,2060,2023-12-06,52.00,PAID
CLM5628,1423,2076,2023-12-06,29.00,PAID
CLM5629,1057,2014,2023-12-06,132.00,PAID
CLM5630,1613,2012,2023-12-06,128.00,DENIED
CLM5631,1224,2068,2023-12-06,871.00,PAID
CLM5632,1029,2124,2023-12-06,137.00,PAID
CLM5633,2455,2133,2023-12-06,44.00,PAID
CLM5634,2333,2092,2023-12-06,187.00,PAID
CLM5635,2450,2059,2023-12-06,592.00,DENIED
CLM5636,3322,2025,2023-12-06,42.00,PAID
CLM5637,2865,2016,2023-12-06,31.00,PAID
CLM5638,2308,2059,2023-12-06,210.00,PAID
CLM5639,1477,2060,2023-12-06,47.00,PAID
CLM5640,2579,2109,2023-12-07,70.00,PAID
CLM5641,3495,2084,2023-12-07,121.00,PAID
CLM5642,2415,2029,2023-12-07,280.00,PAID
CLM5643,2966,2131,2023-12-07,2822.00,PAID
CLM5644,1668,2097,2023-12-07,28.00,PAID
CLM5645,2006,2109,2023-12-07,352.00,PAID
CLM5646,2244,2042,2023-12-07,284.00,DENIED
CLM5647,1210,2040,2023-12-07,129.00,PAID
CLM5648,1126,2021,2023-12-07,108.00,PAID
CLM5649,3041,2013,2023-12-07,223.00,DENIED
CLM5650,3031,2047,2023-12-07,231.00,PAID
CLM5651,2020,2143,2023-12-07,145.00,PAID
CLM5652,2248,2012,2023-12-07,190.00,PAID
CLM5653,2871,2022,2023-12-07,61.00,PAID
CLM5654,3141,2058,2023-12-07,449.00,PENDING
CLM5655,2275,2092,2023-12-07,156.00,DENIED
CLM5656,1966,2065,2023-12-07,190.00,PAID
CLM5657,2875,2057,2023-12-07,148.00,PAID
CLM5658,1120,2016,2023-12-07,149.00,PAID
CLM5659,2751,2122,2023-12-07,138.00,PAID
CLM5660,1518,2022,2023-12-07,63.00,PAID
CLM5661,1328,2149,2023-12-07,104.00,PAID
CLM5662,1884,2133,2023-12-07,202.00,PAID
CLM5663,2291,2025,2023-12-07,355.00,PAID
CLM5664,1368,2075,2023-12-07,56.00,PAID
CLM5665,1280,2026,2023-12-07,31.00,PAID
CLM5666,1098,2100,2023-12-07,413.00,DENIED
CLM5667,2055,2103,2023-12-08,114.00,PAID
CLM5668,3009,2086,2023-12-08,199.00,PAID
CLM5669,3456,2002,2023-12-08,168.00,PAID
CLM5670,3178,2059,2023-12-08,535.00,DENIED
CLM5671,3315,2100,2023-12-08,239.00,DENIED
CLM5672,2096,2149,2023-12-08,145.00,DENIED
CLM5673,3035,2027,2023-12-08,153.00,PAID
CLM5674,3270,2118,2023-12-08,33.00,DENIED
CLM5675,1489,2002,2023-12-08,173.00,PAID
CLM5676,3420,2013,2023-12-08,230.00,PAID
CLM5677,3042,2127,2023-12-08,34.00,PAID
CLM5678,1755,2099,2023-12-08,151.00,PAID
CLM5679,1188,2125,2023-12-08,44.00,DENIED
CLM5680,3454,2042,2023-12-08,57.00,PAID
CLM5681,2099,2088,2023-12-08,5389.00,PAID
CLM5682,2224,2058,2023-12-08,121.00,PAID
CLM5683,1384,2081,2023-12-08,324.00,DENIED
CLM5684,2893,2038,2023-12-08,322.00,PAID
CLM5685,1048,2045,2023-12-08,116.00,PAID
CLM5686,2327,2010,2023-12-08,195.00,DENIED
CLM5687,2190,2068,2023-12-08,111.00,PAID
CLM5688,2662,2002,2023-12-08,29.00,DENIED
CLM5689,2909,2130,2023-12-08,34.00,PAID
CLM5690,2008,2017,2023-12-08,134.00,PAID
CLM5691,2488,2120,2023-12-08,49.00,DENIED
CLM5692,3100,2025,2023-12-09,144.00,PAID
CLM5693,2182,2027,2023-12-09,122.00,PAID
CLM5694,3257,2129,2023-12-09,217.00,PAID
CLM5695,2277,2083,2023-12-09,226.00,DENIED
CLM5696,1818,2095,2023-12-09,1689.00,DENIED
CLM5697,2379,2100,2023-12-09,122.00,PAID
CLM5698,1570,2098,2023-12-09,190.00,DENIED
CLM5699,1118,2140,2023-12-10,233.00,DENIED
CLM5700,2092,2114,2023-12-10,31.00,PAID
CLM5701,1309,2037,2023-12-10,152.00,PAID
CLM5702,3285,2126,2023-12-10,257.00,DENIED
CLM5703,3161,2059,2023-12-10,315.00,DENIED
CLM5704,2553,2021,2023-12-10,241.00,PAID
CLM5705,2991,2074,2023-12-10,164.00,DENIED
CLM5706,1876,2034,2023-12-11,234.00,PAID
CLM5707,2926,2085,2023-12-11,106.00,PAID
CLM5708,2983,2068,2023-12-11,148.00,PAID
CLM5709,3030,2045,2023-12-11,133.00,PAID
CLM5710,1081,2040,2023-12-11,53.00,PAID
CLM5711,2388,2118,2023-12-11,227.00,DENIED
CLM5712,2096,2144,2023-12-11,112.00,PAID
CLM5713,1967,2131,2023-12-11,410.00,PAID
CLM5714,1884,2022,2023-12-11,28.00,PAID
CLM5715,3257,2027,2023-12-11,179.00,PAID
CLM5716,2456,2061,2023-12-11,28.00,PAID
CLM5717,3068,2136,2023-12-11,149.00,PAID
CLM5718,3364,2054,2023-12-11,32.00,PAID
CLM5719,1314,2132,2023-12-11,254.00,PAID
CLM5720,1220,2025,2023-12-11,124.00,PAID
CLM5721,1786,2031,2023-12-11,624.00,PAID
CLM5722,2302,2083,2023-12-11,29.00,PAID
CLM5723,2677,2059,2023-12-11,278.00,DENIED
CLM5724,1115,2057,2023-12-11,169.00,PAID
CLM5725,1744,2037,2023-12-11,109.00,PAID
CLM5726,2198,2070,2023-12-11,135.00,PAID
CLM5727,3011,2045,2023-12-11,109.00,PAID
CLM5728,2045,2140,2023-12-11,254.00,PAID
CLM5729,1445,2072,2023-12-11,242.00,PAID
CLM5730,3073,2057,2023-12-11,50.00,PAID
CLM5731,2491,2008,2023-12-11,365.00,PAID
CLM5732,1832,2008,2023-12-11,113.00,PAID
CLM5733,2969,2060,2023-12-11,246.00,PAID
CLM5734,2045,2067,2023-12-11,4202.00,PAID
CLM5735,1420,2150,2023-12-11,129.00,PAID
CLM5736,1318,2085,2023-12-11,103.00,PAID
CLM5737,1221,2062,2023-12-11,34.00,PAID
CLM5738,2325,2015,2023-12-11,1713.00,PAID
CLM5739,1505,2008,2023-12-11,337.00,DENIED
CLM5740,3152,2089,2023-12-11,575.00,DENIED
CLM5741,1317,2018,2023-12-11,347.00,PAID
CLM5742,2960,2122,2023-12-11,69.00,DENIED
CLM5743,1415,2105,2023-12-11,5024.00,PAID
CLM5744,1827,2128,2023-12-11,129.00,PAID
CLM5745,2365,2017,2023-12-11,186.00,PAID
CLM5746,1379,2118,2023-12-11,175.00,PAID
CLM5747,2901,2074,2023-12-12,308.00,PAID
CLM5748,1851,2144,2023-12-12,288.00,PAID
CLM5749,1728,2149,2023-12-12,98.00,PAID
CLM5750,3123,2004,2023-12-12,147.00,PAID
CLM5751,3431,2140,2023-12-12,116.00,PAID
CLM5752,1324,2013,2023-12-12,133.00,PAID
CLM5753,1897,2060,2023-12-12,43.00,PAID
CLM5754,2156,2110,2023-12-12,171.00,PAID
CLM5755,1048,2020,2023-12-12,46.00,PAID
CLM5756,1748,2124,2023-12-12,366.00,PAID
CLM5757,2864,2044,2023-12-12,930.00,PAID
CLM5758,2389,2020,2023-12-12,228.00,PAID
CLM5759,2598,2137,2023-12-12,462.00,PAID
CLM5760,1932,2131,2023-12-12,566.00,PAID
CLM5761,2961,2004,2023-12-12,1117.00,PAID
CLM5762,2556,2126,2023-12-12,153.00,PAID
CLM5763,2752,2149,2023-12-12,280.00,PAID
CLM5764,3440,2015,2023-12-12,130.00,DENIED
CLM5765,2610,2071,2023-12-12,55.00,PAID
CLM5766,3432,2053,2023-12-12,263.00,PAID
CLM5767,3165,2116,2023-12-12,315.00,PAID
CLM5768,1841,2095,2023-12-12,235.00,DENIED
CLM5769,1332,2130,2023-12-12,156.00,PAID
CLM5770,1357,2146,2023-12-12,315.00,PAID
CLM5771,1333,2001,2023-12-12,342.00,PENDING
CLM5772,3197,2071,2023-12-12,240.00,PAID
CLM5773,2312,2030,2023-12-12,347.00,PAID
CLM5774,3199,2008,2023-12-12,102.00,PAID
CLM5775,3411,2137,2023-12-12,1334.00,DENIED
CLM5776,1120,2011,2023-12-12,234.00,PAID
CLM5777,2714,2064,2023-12-12,196.00,PAID
CLM5778,2881,2084,2023-12-12,35.00,PAID
CLM5779,2845,2124,2023-12-13,107.00,PAID
CLM5780,3455,2034,2023-12-13,324.00,PAID
CLM5781,1847,2049,2023-12-13,410.00,PAID
CLM5782,2538,2034,2023-12-13,244.00,DENIED
CLM5783,2258,2068,2023-12-13,513.00,PAID
CLM5784,2572,2029,2023-12-13,1094.00,PAID
CLM5785,1640,2002,2023-12-13,42.00,PAID
CLM5786,2595,2004,2023-12-13,1068.00,PAID
CLM5787,3346,2077,2023-12-13,34.00,PAID
CLM5788,1546,2085,2023-12-13,1190.00,DENIED
CLM5789,1662,2037,2023-12-13,178.00,PAID
CLM5790,1344,2099,2023-12-13,91.00,PAID
CLM5791,1541,2084,2023-12-13,111.00,PAID
CLM5792,3061,2015,2023-12-13,123.00,DENIED
CLM5793,1278,2021,2023-12-13,234.00,PAID
CLM5794,3026,2075,2023-12-13,172.00,PAID
CLM5795,1780,2004,2023-12-13,1603.00,PAID
CLM5796,1618,2102,2023-12-13,133.00,PAID
CLM5797,2006,2072,2023-12-13,45.00,PAID
CLM5798,2865,2045,2023-12-13,499.00,PAID
CLM5799,2130,2031,2023-12-13,641.00,PAID
CLM5800,1458,2057,2023-12-13,122.00,PAID
CLM5801,1185,2137,2023-12-13,1132.00,DENIED
CLM5802,1619,2061,2023-12-13,120.00,PAID
CLM5803,2049,2019,2023-12-13,222.00,PAID
CLM5804,2935,2126,2023-12-13,276.00,PAID
CLM5805,2647,2056,2023-12-13,640.00,PAID
CLM5806,1138,2106,2023-12-13,338.00,PAID
CLM5807,1406,2014,2023-12-13,180.00,DENIED
CLM5808,2055,2095,2023-12-13,85.00,PAID
CLM5809,2193,2037,2023-12-13,130.00,PAID
CLM5810,2037,2008,2023-12-13,132.00,PAID
CLM5811,1314,2088,2023-12-13,133.00,PAID
CLM5812,1238,2002,2023-12-13,60.00,PAID
CLM5813,1634,2076,2023-12-13,207.00,PAID
CLM5814,1108,2044,2023-12-13,285.00,PAID
CLM5815,1586,2104,2023-12-14,475.00,PAID
CLM5816,1626,2027,2023-12-14,339.00,DENIED
CLM5817,1279,2013,2023-12-14,261.00,PAID
CLM5818,2271,2144,2023-12-14,188.00,PAID
CLM5819,3171,2137,2023-12-14,815.00,PAID
CLM5820,3404,2015,2023-12-14,5184.00,PAID
CLM5821,1152,2087,2023-12-14,6116.00,DENIED
CLM5822,1191,2078,2023-12-14,159.00,PAID
CLM5823,2665,2032,2023-12-14,269.00,DENIED
CLM5824,1585,2008,2023-12-14,35.00,PAID
CLM5825,2223,2020,2023-12-14,436.00,PAID
CLM5826,2022,2110,2023-12-14,223.00,PAID
CLM5827,2610,2113,2023-12-14,165.00,PAID
CLM5828,1280,2004,2023-12-14,1226.00,PAID
CLM5829,3454,2005,2023-12-14,1093.00,PAID
CLM5830,2704,2026,2023-12-14,233.00,PAID
CLM5831,1667,2131,2023-12-14,2662.00,PAID
CLM5832,1592,2105,2023-12-14,155.00,PAID
CLM5833,1930,2111,2023-12-14,134.00,PAID
CLM5834,2105,2087,2023-12-14,1163.00,PAID
CLM5835,3120,2088,2023-12-14,154.00,PAID
CLM5836,2860,2103,2023-12-14,173.00,PAID
CLM5837,3239,2051,2023-12-14,42.00,PAID
CLM5838,1741,2045,2023-12-14,227.00,DENIED
CLM5839,3260,2067,2023-12-14,659.00,PAID
CLM5840,1919,2013,2023-12-14,5823.00,PAID
CLM5841,1634,2075,2023-12-14,153.00,PAID
CLM5842,1789,2045,2023-12-14,131.00,PAID
CLM5843,2547,2134,2023-12-14,103.00,PAID
CLM5844,1322,2029,2023-12-15,306.00,PAID
CLM5845,2441,2137,2023-12-15,517.00,DENIED
CLM5846,2425,2082,2023-12-15,242.00,PAID
CLM5847,2358,2137,2023-12-15,1199.00,PAID
CLM5848,1069,2071,2023-12-15,1488.00,DENIED
CLM5849,1725,2065,2023-12-15,204.00,PAID
CLM5850,3134,2068,2023-12-15,1341.00,PAID
CLM5851,3404,2017,2023-12-15,42.00,PAID
CLM5852,1471,2057,2023-12-15,302.00,DENIED
CLM5853,2136,2115,2023-12-15,594.00,PAID
CLM5854,1289,2004,2023-12-15,1378.00,PENDING
CLM5855,3041,2047,2023-12-15,227.00,PAID
CLM5856,2362,2143,2023-12-15,277.00,PAID
CLM5857,1423,2133,2023-12-15,112.00,PAID
CLM5858,2807,2016,2023-12-15,75.00,PAID
CLM5859,2853,2022,2023-12-15,69.00,PAID
CLM5860,1898,2052,2023-12-15,42.00,PAID
CLM5861,1260,2040,2023-12-15,275.00,PAID
CLM5862,1317,2130,2023-12-15,34.00,PAID
CLM5863,1868,2064,2023-12-15,29.00,PAID
CLM5864,3366,2137,2023-12-15,492.00,PAID
CLM5865,2118,2069,2023-12-15,1471.00,PAID
CLM5866,2699,2108,2023-12-15,496.00,PAID
CLM5867,2949,2065,2023-12-15,162.00,PAID
CLM5868,2383,2010,2023-12-15,38.00,PAID
CLM5869,3330,2065,2023-12-15,269.00,PAID
CLM5870,2326,2026,2023-12-15,179.00,PAID
CLM5871,3401,2074,2023-12-16,487.00,PAID
CLM5872,1021,2099,2023-12-16,232.00,PAID
CLM5873,2476,2137,2023-12-16,1007.00,PAID
CLM5874,2355,2133,2023-12-16,29.00,PAID
CLM5875,2162,2091,2023-12-16,62.00,PAID
CLM5876,1943,2118,2023-12-16,28.00,PAID
CLM5877,2595,2069,2023-12-16,1671.00,PAID
CLM5878,2364,2040,2023-12-17,207.00,DENIED
CLM5879,2466,2137,2023-12-17,123.00,PAID
CLM5880,3430,2037,2023-12-17,117.00,PAID
CLM5881,1955,2103,2023-12-17,195.00,PAID
CLM5882,1130,2137,2023-12-17,129.00,PAID
CLM5883,1042,2134,2023-12-17,41.00,DENIED
CLM5884,3474,2025,2023-12-17,127.00,PAID
CLM5885,2383,2126,2023-12-18,152.00,PAID
CLM5886,3041,2022,2023-12-18,161.00,PAID
CLM5887,1404,2058,2023-12-18,164.00,PAID
CLM5888,1161,2075,2023-12-18,35.00,PAID
CLM5889,2495,2004,2023-12-18,126.00,DENIED
CLM5890,1514,2085,2023-12-18,2296.00,PAID
CLM5891,2156,2121,2023-12-18,147.00,PAID
CLM5892,2018,2015,2023-12-18,115.00,PAID
CLM5893,2377,2013,2023-12-18,229.00,PAID
CLM5894,1031,2145,2023-12-18,199.00,PAID
CLM5895,2470,2068,2023-12-18,1419.00,DENIED
CLM5896,2538,2078,2023-12-18,32.00,PAID
CLM5897,1460,2076,2023-12-18,227.00,PAID
CLM5898,3043,2085,2023-12-18,1429.00,DENIED
CLM5899,2384,2078,2023-12-18,64.00,PAID
CLM5900,2851,2042,2023-12-18,320.00,DENIED
CLM5901,3100,2025,2023-12-18,231.00,PAID
CLM5902,2164,2005,2023-12-18,44.00,PAID
CLM5903,1542,2043,2023-12-18,208.00,PAID
CLM5904,1272,2023,2023-12-18,165.00,PAID
CLM5905,1027,2150,2023-12-18,117.00,PAID
CLM5906,3254,2122,2023-12-18,237.00,PAID
CLM5907,1069,2112,2023-12-18,136.00,PAID
CLM5908,2237,2140,2023-12-18,294.00,PAID
CLM5909,3011,2095,2023-12-18,84.00,DENIED
CLM5910,1395,2122,2023-12-18,58.00,PAID
CLM5911,3218,2064,2023-12-18,33.00,PAID
CLM5912,1173,2129,2023-12-18,344.00,PAID
CLM5913,1367,2118,2023-12-18,69.00,DENIED
CLM5914,1931,2054,2023-12-19,147.00,PAID
CLM5915,2614,2116,2023-12-19,115.00,PAID
CLM5916,1536,2085,2023-12-19,118.00,PAID
CLM5917,3399,2060,2023-12-19,1280.00,PAID
CLM5918,2771,2015,2023-12-19,424.00,PAID
CLM5919,1281,2033,2023-12-19,246.00,PAID
CLM5920,1179,2029,2023-12-19,135.00,DENIED
CLM5921,3356,2091,2023-12-19,74.00,PAID
CLM5922,3098,2001,2023-12-19,125.00,PAID
CLM5923,1332,2006,2023-12-19,321.00,PAID
CLM5924,1384,2045,2023-12-19,123.00,PAID
CLM5925,3459,2068,2023-12-19,593.00,DENIED
CLM5926,2065,2132,2023-12-19,372.00,DENIED
CLM5927,2643,2037,2023-12-19,1335.00,PAID
CLM5928,1501,2014,2023-12-19,172.00,PAID
CLM5929,1642,2005,2023-12-19,51.00,PAID
CLM5930,1634,2140,2023-12-19,4939.00,DENIED
CLM5931,2369,2021,2023-12-19,145.00,PAID
CLM5932,1224,2081,2023-12-19,121.00,PAID
CLM5933,1549,2124,2023-12-19,127.00,PAID
CLM5934,2176,2077,2023-12-19,181.00,PAID
CLM5935,3174,2095,2023-12-19,229.00,DENIED
CLM5936,2227,2097,2023-12-19,122.00,PAID
CLM5937,2317,2017,2023-12-19,144.00,PAID
CLM5938,1782,2100,2023-12-19,524.00,PAID
CLM5939,1387,2033,2023-12-19,133.00,PAID
CLM5940,2647,2039,2023-12-19,81.00,PAID
CLM5941,2081,2086,2023-12-19,41.00,PAID
CLM5942,2099,2033,2023-12-19,367.00,PAID
CLM5943,1744,2058,2023-12-19,306.00,DENIED
CLM5944,3405,2085,2023-12-19,942.00,DENIED
CLM5945,2099,2026,2023-12-19,32.00,PAID
CLM5946,2285,2132,2023-12-19,406.00,DENIED
CLM5947,3467,2014,2023-12-19,334.00,DENIED
CLM5948,1937,2020,2023-12-19,1207.00,PAID
CLM5949,2543,2083,2023-12-20,296.00,PAID
CLM5950,3324,2109,2023-12-20,226.00,PAID
CLM5951,2353,2023,2023-12-20,259.00,PAID
CLM5952,2134,2109,2023-12-20,490.00,PAID
CLM5953,1917,2011,2023-12-20,172.00,PAID
CLM5954,2409,2106,2023-12-20,85.00,PAID
CLM5955,2592,2024,2023-12-20,1033.00,PAID
CLM5956,3054,2058,2023-12-20,133.00,PAID
CLM5957,2649,2067,2023-12-20,3547.00,PAID
CLM5958,3292,2102,2023-12-20,593.00,DENIED
CLM5959,2892,2045,2023-12-20,1527.00,PAID
CLM5960,3330,2024,2023-12-20,1306.00,PAID
CLM5961,1751,2040,2023-12-20,143.00,DENIED
CLM5962,1934,2058,2023-12-20,130.00,PAID
CLM5963,3173,2060,2023-12-20,1277.00,PAID
CLM5964,2274,2013,2023-12-20,1813.00,PAID
CLM5965,1380,2143,2023-12-20,189.00,PAID
CLM5966,2414,2112,2023-12-20,61.00,PAID
CLM5967,2385,2092,2023-12-20,49.00,DENIED
CLM5968,3449,2117,2023-12-20,38.00,PAID
CLM5969,3427,2115,2023-12-20,281.00,PAID
CLM5970,1732,2026,2023-12-20,223.00,PAID
CLM5971,1071,2072,2023-12-20,204.00,PAID
CLM5972,3202,2076,2023-12-20,30.00,PAID
CLM5973,1858,2132,2023-12-20,53.00,PAID
CLM5974,1558,2109,2023-12-20,271.00,PAID
CLM5975,1728,2071,2023-12-20,149.00,PAID
CLM5976,2602,2106,2023-12-20,48.00,PAID
CLM5977,2294,2071,2023-12-20,103.00,PAID
CLM5978,2256,2089,2023-12-20,617.00,DENIED
CLM5979,2596,2120,2023-12-20,119.00,PAID
CLM5980,2182,2065,2023-12-21,47.00,PAID
CLM5981,1754,2025,2023-12-21,41.00,PAID
CLM5982,2282,2074,2023-12-21,388.00,PAID
CLM5983,1602,2055,2023-12-21,149.00,PAID
CLM5984,2250,2086,2023-12-21,130.00,PAID
CLM5985,2035,2130,2023-12-21,142.00,PAID
CLM5986,3352,2147,2023-12-21,184.00,PAID
CLM5987,2572,2112,2023-12-21,252.00,PAID
CLM5988,1442,2097,2023-12-21,130.00,PAID
CLM5989,2523,2046,2023-12-21,426.00,PAID
CLM5990,1913,2069,2023-12-21,1141.00,PAID
CLM5991,3497,2129,2023-12-21,458.00,PAID
CLM5992,3441,2022,2023-12-21,188.00,PAID
CLM5993,1460,2131,2023-12-21,49.00,PAID
CLM5994,1947,2122,2023-12-21,56.00,PAID
CLM5995,2529,2037,2023-12-21,127.00,PAID
CLM5996,3119,2026,2023-12-21,28.00,DENIED
CLM5997,2561,2045,2023-12-21,1594.00,PAID
CLM5998,1696,2044,2023-12-21,128.00,PAID
CLM5999,1129,2020,2023-12-21,340.00,PAID
CLM6000,2700,2039,2023-12-21,92.00,PAID
CLM6001,1455,2095,2023-12-21,54.00,PAID
CLM6002,2378,2068,2023-12-21,1020.00,PAID
CLM6003,3237,2068,2023-12-21,1059.00,DENIED
CLM6004,1414,2082,2023-12-21,29.00,PAID
CLM6005,2506,2022,2023-12-21,38.00,PAID
CLM6006,3461,2019,2023-12-21,33.00,DENIED
CLM6007,2023,2143,2023-12-21,426.00,PAID
CLM6008,3127,2135,2023-12-21,210.00,PAID
CLM6009,1538,2060,2023-12-22,3206.00,PAID
CLM6010,2041,2064,2023-12-22,266.00,PAID
CLM6011,1700,2103,2023-12-22,27.00,DENIED
CLM6012,3106,2122,2023-12-22,39.00,PAID
CLM6013,1392,2069,2023-12-22,5067.00,PAID
CLM6014,2971,2012,2023-12-22,41.00,PAID
CLM6015,1247,2147,2023-12-22,275.00,PAID
CLM6016,1166,2084,2023-12-22,173.00,PAID
CLM6017,2515,2117,2023-12-22,79.00,PAID
CLM6018,2701,2069,2023-12-22,168.00,PAID
CLM6019,2495,2145,2023-12-22,30.00,DENIED
CLM6020,1161,2020,2023-12-22,3753.00,PAID
CLM6021,3362,2004,2023-12-22,283.00,PAID
CLM6022,2772,2136,2023-12-22,341.00,PAID
CLM6023,1917,2029,2023-12-22,288.00,PAID
CLM6024,3303,2137,2023-12-22,1410.00,PAID
CLM6025,2888,2031,2023-12-22,188.00,PAID
CLM6026,2250,2046,2023-12-22,32.00,PAID
CLM6027,3493,2100,2023-12-22,5431.00,PAID
CLM6028,2714,2044,2023-12-22,287.00,PAID
CLM6029,2786,2069,2023-12-22,1982.00,PAID
CLM6030,1294,2006,2023-12-22,174.00,PAID
CLM6031,3106,2104,2023-12-22,399.00,PAID
CLM6032,3427,2016,2023-12-22,122.00,PAID
CLM6033,3255,2100,2023-12-22,130.00,PAID
CLM6034,1200,2058,2023-12-22,119.00,PAID
CLM6035,3230,2004,2023-12-22,1044.00,PAID
CLM6036,1020,2022,2023-12-22,177.00,PAID
CLM6037,2610,2093,2023-12-22,51.00,PAID
CLM6038,1958,2104,2023-12-22,1389.00,PAID
CLM6039,2206,2122,2023-12-23,113.00,PAID
CLM6040,1666,2126,2023-12-23,433.00,DENIED
CLM6041,1936,2059,2023-12-23,162.00,PAID
CLM6042,3428,2064,2023-12-23,33.00,PAID
CLM6043,2364,2105,2023-12-23,132.00,PAID
CLM6044,1602,2085,2023-12-23,145.00,PAID
CLM6045,2318,2074,2023-12-23,304.00,PAID
CLM6046,3033,2076,2023-12-23,200.00,PAID
CLM6047,1950,2058,2023-12-23,327.00,PAID
CLM6048,2140,2137,2023-12-23,1051.00,PAID
CLM6049,1791,2049,2023-12-23,130.00,PAID
CLM6050,3199,2018,2023-12-23,32.00,PAID
CLM6051,1264,2015,2023-12-23,130.00,DENIED
CLM6052,1851,2143,2023-12-23,150.00,PAID
CLM6053,3317,2060,2023-12-23,1310.00,DENIED
CLM6054,2561,2015,2023-12-24,140.00,DENIED
CLM6055,3343,2129,2023-12-24,320.00,PAID
CLM6056,2376,2008,2023-12-24,58.00,PAID
CLM6057,1032,2087,2023-12-24,1019.00,PAID
CLM6058,1054,2029,2023-12-24,132.00,PAID
CLM6059,2176,2123,2023-12-24,36.00,PAID
CLM6060,2708,2017,2023-12-24,141.00,DENIED
CLM6061,3225,2149,2023-12-24,124.00,DENIED
CLM6062,3494,2077,2023-12-24,141.00,PAID
CLM6063,2302,2005,2023-12-24,1202.00,PAID
CLM6064,2988,2074,2023-12-25,476.00,PAID
CLM6065,1432,2061,2023-12-25,86.00,DENIED
CLM6066,1290,2038,2023-12-25,31.00,PAID
CLM6067,2798,2145,2023-12-25,52.00,PAID
CLM6068,2875,2033,2023-12-25,124.00,PAID
CLM6069,2786,2050,2023-12-25,151.00,DENIED
CLM6070,2110,2005,2023-12-25,286.00,DENIED
CLM6071,2135,2013,2023-12-25,130.00,PAID
CLM6072,3209,2018,2023-12-25,203.00,DENIED
CLM6073,2783,2001,2023-12-25,85.00,PAID
CLM6074,3459,2140,2023-12-25,2010.00,DENIED
CLM6075,1789,2027,2023-12-25,295.00,PENDING
CLM6076,1077,2023,2023-12-25,70.00,PAID
CLM6077,2067,2011,2023-12-25,235.00,PAID
CLM6078,1560,2105,2023-12-25,1118.00,PAID
CLM6079,1129,2112,2023-12-25,90.00,PAID
CLM6080,2508,2118,2023-12-25,286.00,PAID
CLM6081,2122,2063,2023-12-25,132.00,PAID
CLM6082,2171,2094,2023-12-25,122.00,PAID
CLM6083,1836,2071,2023-12-25,264.00,PAID
CLM6084,1691,2001,2023-12-25,28.00,PAID
CLM6085,1222,2100,2023-12-25,482.00,DENIED
CLM6086,2086,2135,2023-12-25,4102.00,PAID
CLM6087,2128,2047,2023-12-25,64.00,PAID
CLM6088,2250,2025,2023-12-25,269.00,DENIED
CLM6089,3177,2026,2023-12-25,47.00,PAID
CLM6090,2000,2004,2023-12-25,2089.00,PAID
CLM6091,2143,2137,2023-12-25,745.00,PAID
CLM6092,1767,2068,2023-12-25,525.00,PAID
CLM6093,1475,2130,2023-12-25,38.00,PAID
CLM6094,2567,2095,2023-12-25,160.00,PAID
CLM6095,3140,2040,2023-12-26,49.00,PAID
CLM6096,1353,2149,2023-12-26,194.00,PAID
CLM6097,2482,2102,2023-12-26,138.00,PAID
CLM6098,1537,2134,2023-12-26,34.00,PAID
CLM6099,1843,2107,2023-12-26,38.00,PAID
CLM6100,1488,2142,2023-12-26,46.00,PAID
CLM6101,1119,2009,2023-12-26,40.00,DENIED
CLM6102,2002,2090,2023-12-26,599.00,PAID
CLM6103,1408,2034,2023-12-26,114.00,PAID
CLM6104,3038,2073,2023-12-26,282.00,PAID
CLM6105,1829,2128,2023-12-26,74.00,PAID
CLM6106,1793,2119,2023-12-26,133.00,PAID
CLM6107,2328,2121,2023-12-26,1173.00,DENIED
CLM6108,3080,2143,2023-12-26,310.00,PAID
CLM6109,3372,2086,2023-12-26,55.00,PAID
CLM6110,1495,2024,2023-12-26,148.00,DENIED
CLM6111,2785,2044,2023-12-26,296.00,PAID
CLM6112,2996,2088,2023-12-26,143.00,PAID
CLM6113,3239,2119,2023-12-26,84.00,PAID
CLM6114,2610,2043,2023-12-26,67.00,PAID
CLM6115,3167,2092,2023-12-26,33.00,PAID
CLM6116,2364,2037,2023-12-26,53.00,PAID
CLM6117,2520,2143,2023-12-26,535.00,PAID
CLM6118,3289,2147,2023-12-26,286.00,DENIED
CLM6119,2280,2006,2023-12-26,186.00,PAID
CLM6120,2665,2070,2023-12-26,193.00,PAID
CLM6121,3109,2112,2023-12-26,208.00,PAID
CLM6122,3461,2064,2023-12-26,28.00,PAID
CLM6123,2767,2066,2023-12-26,475.00,PAID
CLM6124,2268,2087,2023-12-26,128.00,PAID
CLM6125,2627,2143,2023-12-26,546.00,PAID
CLM6126,2613,2091,2023-12-27,122.00,PAID
CLM6127,2386,2123,2023-12-27,81.00,PAID
CLM6128,3149,2137,2023-12-27,130.00,DENIED
CLM6129,1319,2085,2023-12-27,519.00,PAID
CLM6130,2252,2088,2023-12-27,786.00,DENIED
CLM6131,2966,2091,2023-12-27,63.00,PAID
CLM6132,1998,2095,2023-12-27,221.00,PAID
CLM6133,2558,2145,2023-12-27,208.00,PAID
CLM6134,1706,2024,2023-12-27,119.00,DENIED
CLM6135,1937,2038,2023-12-27,164.00,PAID
CLM6136,3356,2017,2023-12-27,146.00,PAID
CLM6137,2313,2020,2023-12-27,207.00,PAID
CLM6138,3352,2084,2023-12-27,58.00,PAID
CLM6139,1826,2140,2023-12-27,127.00,PAID
CLM6140,2903,2076,2023-12-27,28.00,PAID
CLM6141,2360,2130,2023-12-27,34.00,PAID
CLM6142,2639,2100,2023-12-27,123.00,PAID
CLM6143,2080,2009,2023-12-27,42.00,PAID
CLM6144,2234,2150,2023-12-27,98.00,PAID
CLM6145,3291,2100,2023-12-27,128.00,DENIED
CLM6146,3186,2069,2023-12-27,296.00,DENIED
CLM6147,1616,2103,2023-12-27,277.00,PAID
CLM6148,1127,2100,2023-12-27,6215.00,PAID
CLM6149,1972,2116,2023-12-27,51.00,PAID
CLM6150,2776,2041,2023-12-27,111.00,PAID
CLM6151,1756,2094,2023-12-27,75.00,DENIED
CLM6152,2845,2105,2023-12-28,5145.00,PAID
CLM6153,2788,2103,2023-12-28,227.00,PAID
CLM6154,1696,2077,2023-12-28,164.00,PAID
CLM6155,1533,2121,2023-12-28,5412.00,PAID
CLM6156,2848,2130,2023-12-28,62.00,PAID
CLM6157,2116,2132,2023-12-28,1455.00,DENIED
CLM6158,1034,2077,2023-12-28,208.00,PAID
CLM6159,2413,2017,2023-12-28,56.00,DENIED
CLM6160,1026,2059,2023-12-28,148.00,PAID
CLM6161,1489,2036,2023-12-28,148.00,PAID
CLM6162,1219,2085,2023-12-28,1140.00,PAID
CLM6163,3393,2034,2023-12-28,99.00,PAID
CLM6164,1502,2022,2023-12-28,58.00,PAID
CLM6165,1011,2024,2023-12-28,142.00,PAID
CLM6166,2386,2039,2023-12-28,171.00,DENIED
CLM6167,3263,2006,2023-12-28,119.00,PAID
CLM6168,3478,2111,2023-12-28,257.00,DENIED
CLM6169,3074,2106,2023-12-28,89.00,PAID
CLM6170,2968,2047,2023-12-28,43.00,PAID
CLM6171,3433,2145,2023-12-29,468.00,PAID
CLM6172,3137,2042,2023-12-29,146.00,PAID
CLM6173,3266,2137,2023-12-29,474.00,PAID
CLM6174,1563,2131,2023-12-29,4011.00,DENIED
CLM6175,3273,2037,2023-12-29,128.00,PAID
CLM6176,2630,2021,2023-12-29,30.00,PAID
CLM6177,3471,2100,2023-12-29,389.00,PAID
CLM6178,2737,2087,2023-12-29,1331.00,PAID
CLM6179,1692,2070,2023-12-29,185.00,PAID
CLM6180,2825,2143,2023-12-29,152.00,PAID
CLM6181,1057,2142,2023-12-29,63.00,PAID
CLM6182,1828,2039,2023-12-29,401.00,PAID
CLM6183,1689,2106,2023-12-29,53.00,PAID
CLM6184,2996,2001,2023-12-29,392.00,PAID
CLM6185,2248,2028,2023-12-29,139.00,PAID
CLM6186,1108,2085,2023-12-29,450.00,PAID
CLM6187,3194,2021,2023-12-29,159.00,PAID
CLM6188,1236,2011,2023-12-29,62.00,PAID
CLM6189,2790,2045,2023-12-29,506.00,PAID
CLM6190,2831,2078,2023-12-29,24.00,PAID
CLM6191,2569,2137,2023-12-29,555.00,PAID
CLM6192,2366,2085,2023-12-29,123.00,PAID
CLM6193,2125,2117,2023-12-29,36.00,PAID
CLM6194,1237,2147,2023-12-29,412.00,PAID
CLM6195,1715,2069,2023-12-30,287.00,PAID
CLM6196,1807,2004,2023-12-30,5996.00,PAID
CLM6197,1372,2085,2023-12-30,1212.00,PAID
CLM6198,3176,2131,2023-12-30,42.00,PAID
CLM6199,3084,2082,2023-12-30,137.00,PAID
CLM6200,1337,2100,2023-12-30,518.00,PAID
CLM6201,1421,2086,2023-12-30,91.00,PAID
CLM6202,2520,2124,2023-12-30,84.00,PAID
CLM6203,1746,2069,2023-12-30,1098.00,PAID
CLM6204,3372,2104,2023-12-30,136.00,DENIED
CLM6205,2225,2068,2023-12-30,108.00,PAID
CLM6206,1653,2059,2023-12-31,121.00,PAID
CLM6207,2995,2140,2023-12-31,1909.00,PAID
CLM6208,1299,2013,2023-12-31,129.00,PAID
CLM6209,2958,2057,2023-12-31,28.00,PAID
CLM6210,2703,2029,2023-12-31,136.00,PAID
CLM6211,2599,2039,2023-12-31,93.00,PAID
CLM6212,2519,2145,2023-12-31,152.00,PAID
CLM6213,1374,2140,2024-01-01,119.00,PAID
CLM6214,2415,2132,2024-01-01,253.00,PAID
CLM6215,1919,2044,2024-01-01,133.00,PAID
CLM6216,1142,2068,2024-01-01,100.00,DENIED
CLM6217,3384,2114,2024-01-01,189.00,PAID
CLM6218,2116,2033,2024-01-01,227.00,PAID
CLM6219,2795,2037,2024-01-01,287.00,PAID
CLM6220,1576,2117,2024-01-01,128.00,PAID
CLM6221,2488,2025,2024-01-01,39.00,DENIED
CLM6222,2031,2147,2024-01-01,187.00,PAID
CLM6223,1620,2008,2024-01-01,167.00,PAID
CLM6224,1360,2077,2024-01-01,54.00,PAID
CLM6225,2809,2142,2024-01-01,601.00,PAID
CLM6226,1315,2114,2024-01-01,233.00,PAID
CLM6227,1406,2105,2024-01-01,290.00,PAID
CLM6228,1067,2014,2024-01-01,344.00,PAID
CLM6229,1769,2044,2024-01-01,168.00,DENIED
CLM6230,2561,2049,2024-01-01,261.00,PAID
CLM6231,3204,2054,2024-01-01,52.00,PAID
CLM6232,2754,2128,2024-01-01,224.00,PAID
CLM6233,2279,2104,2024-01-01,115.00,PAID
CLM6234,1096,2125,2024-01-01,40.00,PAID
CLM6235,1243,2006,2024-01-01,247.00,PAID
CLM6236,3261,2137,2024-01-01,1471.00,PAID
CLM6237,3110,2061,2024-01-01,113.00,PAID
CLM6238,2809,2001,2024-01-01,321.00,PAID
CLM6239,3149,2134,2024-01-01,116.00,PAID
CLM6240,2615,2099,2024-01-01,43.00,PAID
CLM6241,1565,2097,2024-01-01,47.00,PAID
CLM6242,2718,2073,2024-01-01,47.00,PAID
CLM6243,3193,2077,2024-01-01,36.00,PAID
CLM6244,3317,2044,2024-01-01,166.00,PAID
CLM6245,1113,2111,2024-01-02,76.00,PENDING
CLM6246,3478,2102,2024-01-02,189.00,PAID
CLM6247,3153,2064,2024-01-02,40.00,PAID
CLM6248,3087,2104,2024-01-02,127.00,PAID
CLM6249,2538,2122,2024-01-02,148.00,DENIED
CLM6250,2426,2149,2024-01-02,37.00,PAID
CLM6251,2383,2117,2024-01-02,41.00,PAID
CLM6252,1816,2018,2024-01-02,33.00,PAID
CLM6253,2729,2022,2024-01-02,23.00,PAID
CLM6254,3458,2112,2024-01-02,27.00,PAID
CLM6255,2968,2146,2024-01-02,39.00,PAID
CLM6256,1619,2071,2024-01-02,126.00,PAID
CLM6257,2963,2015,2024-01-02,120.00,DENIED
CLM6258,2006,2044,2024-01-02,1375.00,DENIED
CLM6259,3456,2017,2024-01-02,73.00,PAID
CLM6260,1108,2053,2024-01-02,302.00,PAID
CLM6261,1723,2033,2024-01-02,29.00,PAID
CLM6262,1370,2119,2024-01-02,37.00,PAID
CLM6263,3060,2025,2024-01-02,31.00,PAID
CLM6264,2285,2091,2024-01-02,39.00,PAID
CLM6265,2947,2113,2024-01-02,192.00,PAID
CLM6266,1435,2025,2024-01-02,314.00,DENIED
CLM6267,2962,2088,2024-01-02,137.00,DENIED
CLM6268,3265,2110,2024-01-02,80.00,PAID
CLM6269,3436,2069,2024-01-02,124.00,PAID
CLM6270,3233,2100,2024-01-02,234.00,PAID
CLM6271,2834,2149,2024-01-03,34.00,PAID
CLM6272,1326,2087,2024-01-03,1146.00,PAID
CLM6273,2757,2058,2024-01-03,176.00,PAID
CLM6274,1986,2103,2024-01-03,115.00,PAID
CLM6275,2223,2096,2024-01-03,35.00,DENIED
CLM6276,3322,2020,2024-01-03,223.00,PAID
CLM6277,2192,2060,2024-01-03,246.00,PAID
CLM6278,2098,2018,2024-01-03,171.00,PAID
CLM6279,3092,2121,2024-01-03,1496.00,PAID
CLM6280,1048,2140,2024-01-03,117.00,PAID
CLM6281,2212,2004,2024-01-03,141.00,PAID
CLM6282,2946,2136,2024-01-03,308.00,PAID
CLM6283,1767,2065,2024-01-03,108.00,PAID
CLM6284,1639,2046,2024-01-03,130.00,DENIED
CLM6285,1463,2059,2024-01-03,396.00,DENIED
CLM6286,2619,2071,2024-01-03,181.00,PAID
CLM6287,2051,2074,2024-01-03,155.00,DENIED
CLM6288,3100,2060,2024-01-03,382.00,DENIED
CLM6289,1867,2029,2024-01-03,948.00,DENIED
CLM6290,1735,2060,2024-01-03,2208.00,PAID
CLM6291,2171,2108,2024-01-03,3735.00,PAID
CLM6292,1700,2121,2024-01-03,1120.00,PAID
CLM6293,3093,2115,2024-01-03,625.00,PAID
CLM6294,2067,2090,2024-01-03,487.00,PAID
CLM6295,3470,2139,2024-01-03,315.00,PAID
CLM6296,2081,2095,2024-01-03,51.00,PAID
CLM6297,3204,2131,2024-01-03,1078.00,PAID
CLM6298,3202,2080,2024-01-04,439.00,PAID
CLM6299,1950,2102,2024-01-04,323.00,PAID
CLM6300,1826,2039,2024-01-04,33.00,PAID
CLM6301,1558,2043,2024-01-04,156.00,PAID
CLM6302,1718,2088,2024-01-04,1336.00,DENIED
CLM6303,3048,2084,2024-01-04,52.00,PAID
CLM6304,2610,2118,2024-01-04,70.00,PAID
CLM6305,1160,2043,2024-01-04,73.00,PAID
CLM6306,1640,2120,2024-01-04,152.00,PAID
CLM6307,2511,2115,2024-01-04,564.00,PAID
CLM6308,2584,2095,2024-01-04,50.00,PAID
CLM6309,1192,2021,2024-01-04,453.00,PAID
CLM6310,2561,2137,2024-01-04,825.00,PAID
CLM6311,2531,2087,2024-01-04,163.00,PAID
CLM6312,1679,2023,2024-01-04,77.00,PAID
CLM6313,2650,2063,2024-01-04,38.00,PAID
CLM6314,1251,2015,2024-01-04,123.00,PAID
CLM6315,1936,2105,2024-01-04,932.00,PAID
CLM6316,3086,2012,2024-01-04,467.00,DENIED
CLM6317,2853,2022,2024-01-04,55.00,PAID
CLM6318,2188,2060,2024-01-04,2336.00,DENIED
CLM6319,2555,2025,2024-01-04,108.00,DENIED
CLM6320,1151,2047,2024-01-04,280.00,PAID
CLM6321,3356,2053,2024-01-04,139.00,PAID
CLM6322,2253,2037,2024-01-04,109.00,PAID
CLM6323,2457,2148,2024-01-04,33.00,PAID
CLM6324,1259,2105,2024-01-04,1310.00,PAID
CLM6325,3117,2100,2024-01-04,113.00,PAID
CLM6326,2090,2078,2024-01-04,34.00,PAID
CLM6327,2111,2076,2024-01-04,34.00,PAID
CLM6328,1150,2024,2024-01-04,162.00,PAID
CLM6329,3208,2043,2024-01-04,450.00,PAID
CLM6330,1412,2142,2024-01-04,73.00,PAID
CLM6331,1579,2072,2024-01-04,40.00,PAID
CLM6332,3279,2059,2024-01-04,311.00,DENIED
CLM6333,1931,2068,2024-01-04,121.00,PAID
CLM6334,1724,2072,2024-01-05,156.00,PAID
CLM6335,3096,2148,2024-01-05,40.00,PAID
CLM6336,2960,2115,2024-01-05,163.00,PAID
CLM6337,1563,2085,2024-01-05,1381.00,PAID
CLM6338,3024,2022,2024-01-05,83.00,PAID
CLM6339,2857,2129,2024-01-05,174.00,DENIED
CLM6340,1867,2068,2024-01-05,485.00,PAID
CLM6341,1945,2105,2024-01-05,4854.00,PAID
CLM6342,1692,2022,2024-01-05,66.00,PAID
CLM6343,2928,2001,2024-01-05,135.00,PAID
CLM6344,1813,2072,2024-01-05,531.00,PAID
CLM6345,1075,2073,2024-01-05,501.00,PAID
CLM6346,3450,2076,2024-01-05,30.00,PAID
CLM6347,2761,2024,2024-01-05,151.00,DENIED
CLM6348,2403,2102,2024-01-05,241.00,PAID
CLM6349,2204,2111,2024-01-05,104.00,PAID
CLM6350,3033,2144,2024-01-05,128.00,PAID
CLM6351,1623,2029,2024-01-05,1237.00,DENIED
CLM6352,2577,2033,2024-01-05,64.00,PENDING
CLM6353,2008,2016,2024-01-05,437.00,PAID
CLM6354,1995,2118,2024-01-05,29.00,DENIED
CLM6355,1075,2019,2024-01-05,56.00,PAID
CLM6356,2236,2085,2024-01-05,129.00,PAID
CLM6357,2388,2145,2024-01-06,105.00,DENIED
CLM6358,3139,2053,2024-01-06,191.00,DENIED
CLM6359,2206,2039,2024-01-06,198.00,DENIED
CLM6360,1157,2066,2024-01-06,57.00,PAID
CLM6361,1447,2115,2024-01-06,415.00,PAID
CLM6362,2818,2032,2024-01-06,117.00,PAID
CLM6363,3279,2088,2024-01-06,1080.00,DENIED
CLM6364,3103,2045,2024-01-06,231.00,PAID
CLM6365,2480,2094,2024-01-07,205.00,PAID
CLM6366,1359,2034,2024-01-07,238.00,PAID
CLM6367,3035,2097,2024-01-07,191.00,PAID
CLM6368,1570,2141,2024-01-07,39.00,PAID
CLM6369,1860,2136,2024-01-07,135.00,PAID
CLM6370,3311,2111,2024-01-07,61.00,DENIED
CLM6371,2537,2072,2024-01-07,30.00,PAID
CLM6372,1668,2142,2024-01-07,183.00,PAID
CLM6373,3425,2045,2024-01-07,1741.00,PAID
CLM6374,2239,2102,2024-01-07,190.00,DENIED
CLM6375,1919,2131,2024-01-08,240.00,PAID
CLM6376,1913,2059,2024-01-08,149.00,PAID
CLM6377,1841,2013,2024-01-08,115.00,PAID
CLM6378,1328,2137,2024-01-08,276.00,PAID
CLM6379,3229,2039,2024-01-08,53.00,PAID
CLM6380,1041,2020,2024-01-08,194.00,PAID
CLM6381,2646,2142,2024-01-08,392.00,DENIED
CLM6382,1059,2120,2024-01-08,488.00,PAID
CLM6383,1347,2034,2024-01-08,157.00,PAID
CLM6384,2356,2101,2024-01-08,178.00,PAID
CLM6385,3061,2039,2024-01-08,153.00,PAID
CLM6386,2171,2011,2024-01-08,45.00,PAID
CLM6387,2683,2044,2024-01-08,282.00,PAID
CLM6388,1180,2065,2024-01-08,52.00,PAID
CLM6389,1366,2024,2024-01-08,1246.00,DENIED
CLM6390,1614,2103,2024-01-08,123.00,PAID
CLM6391,2554,2011,2024-01-08,348.00,PAID
CLM6392,2377,2087,2024-01-08,148.00,PAID
CLM6393,3017,2082,2024-01-08,343.00,PAID
CLM6394,1698,2027,2024-01-08,156.00,PAID
CLM6395,2799,2070,2024-01-08,301.00,PAID
CLM6396,1668,2143,2024-01-08,175.00,PAID
CLM6397,1326,2082,2024-01-08,44.00,PAID
CLM6398,2225,2106,2024-01-08,128.00,PAID
CLM6399,1120,2046,2024-01-08,64.00,PAID
CLM6400,1323,2059,2024-01-08,253.00,PAID
CLM6401,2181,2065,2024-01-08,1814.00,DENIED
CLM6402,1634,2022,2024-01-08,40.00,PAID
CLM6403,1931,2118,2024-01-08,28.00,PAID
CLM6404,1743,2003,2024-01-08,37.00,PAID
CLM6405,1673,2085,2024-01-09,1000.00,PAID
CLM6406,3024,2037,2024-01-09,156.00,PAID
CLM6407,3332,2053,2024-01-09,273.00,PAID
CLM6408,1056,2126,2024-01-09,305.00,PAID
CLM6409,2078,2085,2024-01-09,110.00,PAID
CLM6410,2720,2126,2024-01-09,125.00,PAID
CLM6411,3285,2078,2024-01-09,123.00,PAID
CLM6412,3056,2087,2024-01-09,1092.00,PAID
CLM6413,3461,2040,2024-01-09,33.00,PAID
CLM6414,2786,2074,2024-01-09,135.00,DENIED
CLM6415,1173,2101,2024-01-09,35.00,PAID
CLM6416,1620,2068,2024-01-09,1183.00,PAID
CLM6417,1607,2039,2024-01-09,65.00,PAID
CLM6418,2519,2065,2024-01-09,49.00,PAID
CLM6419,1967,2073,2024-01-09,41.00,PAID
CLM6420,1736,2042,2024-01-09,72.00,PAID
CLM6421,1744,2072,2024-01-09,139.00,PAID
CLM6422,1221,2139,2024-01-09,204.00,PAID
CLM6423,3386,2029,2024-01-09,1523.00,DENIED
CLM6424,3420,2065,2024-01-09,149.00,PAID
CLM6425,1212,2099,2024-01-09,81.00,PAID
CLM6426,1776,2149,2024-01-09,56.00,PAID
CLM6427,3425,2095,2024-01-09,220.00,PAID
CLM6428,2567,2074,2024-01-09,144.00,DENIED
CLM6429,3363,2024,2024-01-09,869.00,PAID
CLM6430,3178,2017,2024-01-09,67.00,PAID
CLM6431,3200,2025,2024-01-09,145.00,PAID
CLM6432,1606,2147,2024-01-09,283.00,PAID
CLM6433,3119,2015,2024-01-10,1508.00,PAID
CLM6434,2039,2043,2024-01-10,424.00,PAID
CLM6435,3475,2026,2024-01-10,76.00,PAID
CLM6436,3399,2122,2024-01-10,313.00,PAID
CLM6437,3450,2070,2024-01-10,58.00,PAID
CLM6438,2908,2087,2024-01-10,175.00,PAID
CLM6439,2522,2059,2024-01-10,274.00,PAID
CLM6440,2364,2106,2024-01-10,27.00,PAID
CLM6441,1281,2131,2024-01-10,237.00,PAID
CLM6442,1326,2126,2024-01-10,165.00,PAID
CLM6443,3212,2144,2024-01-10,205.00,PAID
CLM6444,1161,2026,2024-01-10,86.00,PAID
CLM6445,2683,2090,2024-01-10,135.00,PAID
CLM6446,2110,2122,2024-01-10,270.00,PAID
CLM6447,2250,2149,2024-01-10,428.00,PAID
CLM6448,2737,2109,2024-01-10,138.00,PAID
CLM6449,2587,2068,2024-01-10,1450.00,PAID
CLM6450,2903,2029,2024-01-10,121.00,PAID
CLM6451,3472,2085,2024-01-10,558.00,PAID
CLM6452,2971,2105,2024-01-10,1220.00,PAID
CLM6453,3370,2066,2024-01-10,125.00,PAID
CLM6454,2837,2068,2024-01-10,168.00,PAID
CLM6455,2301,2022,2024-01-10,35.00,DENIED
CLM6456,1550,2043,2024-01-10,33.00,PAID
CLM6457,2848,2042,2024-01-10,65.00,PAID
CLM6458,2995,2013,2024-01-10,1756.00,DENIED
CLM6459,1304,2026,2024-01-10,231.00,PAID
CLM6460,2752,2114,2024-01-10,144.00,PAID
CLM6461,1045,2085,2024-01-10,154.00,PAID
CLM6462,1392,2131,2024-01-10,41.00,PAID
CLM6463,3394,2042,2024-01-10,242.00,PAID
CLM6464,2528,2032,2024-01-11,37.00,PAID
CLM6465,1382,2068,2024-01-11,2156.00,DENIED
CLM6466,1902,2074,2024-01-11,132.00,PAID
CLM6467,3312,2088,2024-01-11,976.00,PAID
CLM6468,3084,2069,2024-01-11,117.00,PAID
CLM6469,2672,2137,2024-01-11,1438.00,PAID
CLM6470,3363,2124,2024-01-11,146.00,PAID
CLM6471,1698,2042,2024-01-11,160.00,PAID
CLM6472,2670,2099,2024-01-11,41.00,PAID
CLM6473,1447,2076,2024-01-11,86.00,PAID
CLM6474,2237,2004,2024-01-11,145.00,PAID
CLM6475,1476,2071,2024-01-11,1584.00,PAID
CLM6476,1553,2002,2024-01-11,246.00,PAID
CLM6477,3028,2055,2024-01-11,181.00,PAID
CLM6478,2724,2059,2024-01-11,121.00,PAID
CLM6479,1506,2024,2024-01-11,1030.00,PAID
CLM6480,1640,2026,2024-01-11,28.00,PAID
CLM6481,1057,2143,2024-01-11,129.00,PAID
CLM6482,2758,2124,2024-01-11,92.00,PAID
CLM6483,2829,2024,2024-01-11,2112.00,DENIED
CLM6484,1167,2082,2024-01-11,30.00,PAID
CLM6485,2888,2102,2024-01-11,164.00,PAID
CLM6486,2079,2077,2024-01-11,93.00,PAID
CLM6487,2279,2075,2024-01-11,498.00,PAID
CLM6488,3364,2105,2024-01-11,1143.00,PAID
CLM6489,2139,2099,2024-01-11,38.00,PAID
CLM6490,1670,2149,2024-01-11,29.00,PAID
CLM6491,2761,2044,2024-01-11,156.00,PAID
CLM6492,2417,2121,2024-01-12,1384.00,PAID
CLM6493,1593,2085,2024-01-12,167.00,PAID
CLM6494,1045,2019,2024-01-12,189.00,PAID
CLM6495,2579,2068,2024-01-12,1450.00,PAID
CLM6496,1082,2104,2024-01-12,351.00,DENIED
CLM6497,2634,2035,2024-01-12,205.00,DENIED
CLM6498,3182,2068,2024-01-12,1482.00,PAID
CLM6499,3427,2037,2024-01-12,47.00,PAID
CLM6500,3348,2075,2024-01-12,164.00,PAID
CLM6501,3270,2077,2024-01-12,88.00,PAID
CLM6502,1596,2098,2024-01-12,44.00,PAID
CLM6503,1565,2089,2024-01-12,537.00,PAID
CLM6504,2430,2125,2024-01-12,122.00,PAID
CLM6505,2067,2133,2024-01-12,76.00,PAID
CLM6506,1914,2146,2024-01-12,100.00,PAID
CLM6507,1509,2016,2024-01-12,127.00,PAID
CLM6508,3468,2122,2024-01-12,137.00,PAID
CLM6509,1467,2074,2024-01-12,301.00,PAID
CLM6510,3441,2082,2024-01-12,438.00,PAID
CLM6511,1684,2037,2024-01-12,48.00,PAID
CLM6512,1777,2050,2024-01-12,48.00,PAID
CLM6513,2826,2073,2024-01-12,34.00,PAID
CLM6514,1277,2012,2024-01-12,272.00,PAID
CLM6515,2839,2043,2024-01-13,222.00,PAID
CLM6516,2596,2078,2024-01-13,37.00,PAID
CLM6517,2955,2137,2024-01-13,2700.00,PAID
CLM6518,1821,2007,2024-01-13,35.00,PAID
CLM6519,1922,2031,2024-01-13,63.00,PENDING
CLM6520,2347,2073,2024-01-13,39.00,PAID
CLM6521,3098,2073,2024-01-13,32.00,PAID
CLM6522,2408,2060,2024-01-13,1314.00,PAID
CLM6523,1723,2137,2024-01-13,475.00,PAID
CLM6524,3043,2066,2024-01-13,266.00,PAID
CLM6525,3106,2037,2024-01-13,127.00,PAID
CLM6526,3410,2120,2024-01-13,119.00,PAID
CLM6527,2701,2087,2024-01-13,1532.00,PAID
CLM6528,1662,2004,2024-01-13,1409.00,PAID
CLM6529,3440,2068,2024-01-13,472.00,PAID
CLM6530,1625,2100,2024-01-13,267.00,PAID
CLM6531,1101,2071,2024-01-13,201.00,PAID
CLM6532,3195,2150,2024-01-13,119.00,DENIED
CLM6533,3097,2053,2024-01-14,38.00,PAID
CLM6534,1936,2068,2024-01-14,107.00,PAID
CLM6535,2962,2059,2024-01-14,179.00,PAID
CLM6536,2029,2096,2024-01-14,62.00,PAID
CLM6537,1476,2041,2024-01-14,308.00,PAID
CLM6538,3057,2066,2024-01-14,160.00,PAID
CLM6539,3180,2085,2024-01-14,107.00,PAID
CLM6540,1374,2136,2024-01-14,140.00,PAID
CLM6541,3336,2031,2024-01-14,3901.00,DENIED
CLM6542,2554,2133,2024-01-14,69.00,PAID
CLM6543,2307,2071,2024-01-14,218.00,PAID
CLM6544,2089,2130,2024-01-14,584.00,PAID
CLM6545,2286,2138,2024-01-15,81.00,PAID
CLM6546,3275,2137,2024-01-15,262.00,DENIED
CLM6547,1502,2021,2024-01-15,427.00,PAID
CLM6548,1815,2071,2024-01-15,175.00,DENIED
CLM6549,3427,2103,2024-01-15,359.00,PAID
CLM6550,1143,2013,2024-01-15,1890.00,PAID
CLM6551,2056,2134,2024-01-15,32.00,PAID
CLM6552,1612,2137,2024-01-15,284.00,PAID
CLM6553,1724,2100,2024-01-15,282.00,PAID
CLM6554,3269,2089,2024-01-15,583.00,PAID
CLM6555,1933,2064,2024-01-15,64.00,PAID
CLM6556,1454,2102,2024-01-15,148.00,PAID
CLM6557,1251,2077,2024-01-15,97.00,PAID
CLM6558,2313,2049,2024-01-15,454.00,DENIED
CLM6559,2774,2029,2024-01-15,138.00,PAID
CLM6560,1264,2024,2024-01-15,1403.00,DENIED
CLM6561,2800,2133,2024-01-15,40.00,PAID
CLM6562,2366,2105,2024-01-15,140.00,DENIED
CLM6563,2120,2061,2024-01-15,180.00,PAID
CLM6564,2712,2102,2024-01-15,542.00,PAID
CLM6565,2130,2126,2024-01-15,571.00,DENIED
CLM6566,2902,2087,2024-01-15,2180.00,PAID
CLM6567,1931,2037,2024-01-15,264.00,PAID
CLM6568,1734,2029,2024-01-15,1458.00,PAID
CLM6569,1724,2047,2024-01-15,312.00,PAID
CLM6570,1616,2038,2024-01-15,110.00,PAID
CLM6571,3160,2024,2024-01-15,1594.00,PAID
CLM6572,2120,2004,2024-01-15,172.00,PAID
CLM6573,3250,2111,2024-01-15,245.00,PAID
CLM6574,3035,2127,2024-01-15,185.00,PAID
CLM6575,2743,2006,2024-01-15,405.00,PAID
CLM6576,1073,2073,2024-01-16,63.00,PAID
CLM6577,3411,2109,2024-01-16,62.00,PENDING
CLM6578,2983,2035,2024-01-16,37.00,PAID
CLM6579,2162,2025,2024-01-16,41.00,PAID
CLM6580,1760,2061,2024-01-16,163.00,PAID
CLM6581,1369,2091,2024-01-16,174.00,PAID
CLM6582,1129,2061,2024-01-16,116.00,PAID
CLM6583,1864,2137,2024-01-16,1233.00,DENIED
CLM6584,2615,2054,2024-01-16,140.00,PAID
CLM6585,3364,2050,2024-01-16,32.00,PAID
CLM6586,2792,2104,2024-01-16,109.00,PAID
CLM6587,2158,2022,2024-01-16,28.00,PAID
CLM6588,3272,2015,2024-01-16,233.00,PAID
CLM6589,2057,2042,2024-01-16,64.00,PAID
CLM6590,1555,2071,2024-01-16,143.00,DENIED
CLM6591,1113,2085,2024-01-16,289.00,PAID
CLM6592,1573,2003,2024-01-16,38.00,PAID
CLM6593,3387,2121,2024-01-16,2017.00,PAID
CLM6594,1549,2048,2024-01-16,118.00,PAID
CLM6595,1779,2068,2024-01-16,660.00,PAID
CLM6596,1668,2026,2024-01-16,96.00,PAID
CLM6597,1769,2002,2024-01-16,128.00,DENIED
CLM6598,1476,2087,2024-01-16,926.00,PAID
CLM6599,1138,2072,2024-01-16,169.00,PAID
CLM6600,1262,2097,2024-01-16,238.00,PAID
CLM6601,2209,2073,2024-01-16,137.00,PAID
CLM6602,1881,2122,2024-01-16,59.00,PAID
CLM6603,2398,2102,2024-01-16,380.00,PAID
CLM6604,2159,2125,2024-01-17,39.00,PAID
CLM6605,2643,2146,2024-01-17,127.00,PAID
CLM6606,3176,2025,2024-01-17,94.00,PAID
CLM6607,3324,2126,2024-01-17,349.00,DENIED
CLM6608,3478,2075,2024-01-17,45.00,PAID
CLM6609,1002,2048,2024-01-17,71.00,PAID
CLM6610,3124,2050,2024-01-17,198.00,PAID
CLM6611,1157,2068,2024-01-17,166.00,PAID
CLM6612,1417,2121,2024-01-17,4982.00,PAID
CLM6613,1090,2004,2024-01-17,1277.00,PENDING
CLM6614,2835,2089,2024-01-17,138.00,DENIED
CLM6615,1899,2138,2024-01-17,149.00,PAID
CLM6616,2496,2100,2024-01-17,1936.00,PAID
CLM6617,1522,2019,2024-01-17,149.00,PAID
CLM6618,2223,2028,2024-01-17,88.00,PAID
CLM6619,2777,2085,2024-01-17,173.00,PAID
CLM6620,2765,2132,2024-01-17,1084.00,PAID
CLM6621,2645,2091,2024-01-17,29.00,DENIED
CLM6622,1892,2140,2024-01-17,1747.00,DENIED
CLM6623,2468,2135,2024-01-17,71.00,PAID
CLM6624,3165,2137,2024-01-17,701.00,PAID
CLM6625,2139,2068,2024-01-17,553.00,PAID
CLM6626,1314,2004,2024-01-17,289.00,PAID
CLM6627,1689,2140,2024-01-17,111.00,PAID
CLM6628,2235,2146,2024-01-17,87.00,PAID
CLM6629,1412,2022,2024-01-17,28.00,PAID
CLM6630,1406,2043,2024-01-17,519.00,DENIED
CLM6631,1832,2114,2024-01-17,42.00,PAID
CLM6632,1138,2033,2024-01-17,214.00,PAID
CLM6633,3413,2105,2024-01-17,152.00,PAID
CLM6634,2178,2097,2024-01-18,46.00,PAID
CLM6635,2602,2120,2024-01-18,462.00,PAID
CLM6636,2791,2053,2024-01-18,74.00,PAID
CLM6637,2811,2037,2024-01-18,49.00,DENIED
CLM6638,2958,2080,2024-01-18,652.00,PAID
CLM6639,3297,2087,2024-01-18,170.00,PAID
CLM6640,1249,2043,2024-01-18,67.00,DENIED
CLM6641,2883,2089,2024-01-18,677.00,DENIED
CLM6642,2567,2097,2024-01-18,189.00,PAID
CLM6643,2188,2016,2024-01-18,30.00,PAID
CLM6644,1894,2042,2024-01-18,76.00,PAID
CLM6645,2408,2085,2024-01-18,613.00,PAID
CLM6646,3184,2106,2024-01-18,212.00,PAID
CLM6647,3464,2007,2024-01-18,161.00,PAID
CLM6648,3204,2105,2024-01-18,143.00,PAID
CLM6649,2670,2141,2024-01-18,189.00,PAID
CLM6650,2156,2085,2024-01-18,284.00,PAID
CLM6651,3447,2121,2024-01-18,142.00,PAID
CLM6652,2500,2014,2024-01-18,51.00,PAID
CLM6653,1772,2057,2024-01-18,102.00,PAID
CLM6654,1231,2087,2024-01-18,141.00,PAID
CLM6655,1736,2060,2024-01-18,233.00,PAID
CLM6656,1596,2144,2024-01-18,291.00,PAID
CLM6657,2098,2090,2024-01-18,123.00,PAID
CLM6658,2026,2085,2024-01-18,427.00,PAID
CLM6659,1630,2137,2024-01-18,616.00,PAID
CLM6660,1735,2037,2024-01-18,88.00,PAID
CLM6661,2876,2061,2024-01-18,249.00,DENIED
CLM6662,2156,2045,2024-01-18,387.00,PAID
CLM6663,3424,2050,2024-01-18,63.00,DENIED
CLM6664,2511,2019,2024-01-18,138.00,PAID
CLM6665,3391,2015,2024-01-18,136.00,DENIED
CLM6666,1332,2026,2024-01-18,180.00,PAID
CLM6667,1688,2002,2024-01-18,243.00,PAID
CLM6668,1642,2150,2024-01-18,167.00,PAID
CLM6669,2193,2130,2024-01-18,63.00,DENIED
CLM6670,1549,2078,2024-01-18,63.00,PAID
CLM6671,1614,2004,2024-01-18,143.00,PAID
CLM6672,2519,2050,2024-01-18,191.00,PAID
CLM6673,1821,2068,2024-01-18,599.00,PAID
CLM6674,2189,2098,2024-01-18,136.00,PAID
CLM6675,2371,2144,2024-01-18,129.00,PAID
CLM6676,1807,2014,2024-01-19,86.00,PAID
CLM6677,3495,2044,2024-01-19,153.00,PENDING
CLM6678,3362,2054,2024-01-19,83.00,PENDING
CLM6679,2089,2077,2024-01-19,30.00,PAID
CLM6680,3427,2085,2024-01-19,129.00,PAID
CLM6681,2848,2121,2024-01-19,162.00,PAID
CLM6682,2118,2137,2024-01-19,160.00,PAID
CLM6683,3098,2068,2024-01-19,1943.00,DENIED
CLM6684,1061,2020,2024-01-19,48.00,PAID
CLM6685,2944,2010,2024-01-19,39.00,PAID
CLM6686,2735,2011,2024-01-19,285.00,PAID
CLM6687,1525,2016,2024-01-19,32.00,PAID
CLM6688,2379,2121,2024-01-19,1335.00,PAID
CLM6689,2038,2149,2024-01-19,192.00,DENIED
CLM6690,2303,2037,2024-01-19,47.00,PAID
CLM6691,1581,2009,2024-01-19,156.00,PAID
CLM6692,2762,2012,2024-01-19,87.00,PAID
CLM6693,3177,2106,2024-01-19,428.00,PAID
CLM6694,2765,2143,2024-01-19,152.00,PAID
CLM6695,2115,2065,2024-01-19,117.00,PAID
CLM6696,1161,2050,2024-01-19,34.00,PAID
CLM6697,1603,2072,2024-01-20,236.00,PAID
CLM6698,2863,2136,2024-01-20,319.00,PAID
CLM6699,2940,2115,2024-01-20,148.00,PAID
CLM6700,2064,2097,2024-01-20,73.00,PAID
CLM6701,1059,2103,2024-01-20,194.00,PAID
CLM6702,3338,2107,2024-01-20,85.00,PAID
CLM6703,2627,2002,2024-01-20,513.00,PAID
CLM6704,1150,2043,2024-01-20,230.00,PAID
CLM6705,1495,2039,2024-01-20,122.00,PAID
CLM6706,3204,2033,2024-01-20,300.00,PAID
CLM6707,3013,2026,2024-01-20,167.00,PAID
CLM6708,3221,2059,2024-01-21,127.00,PAID
CLM6709,2598,2118,2024-01-21,47.00,PAID
CLM6710,2014,2148,2024-01-21,176.00,PAID
CLM6711,2409,2095,2024-01-21,116.00,PAID
CLM6712,2765,2121,2024-01-21,294.00,PAID
CLM6713,3242,2137,2024-01-21,125.00,DENIED
CLM6714,1358,2088,2024-01-21,1109.00,PAID
CLM6715,1575,2030,2024-01-21,113.00,PAID
CLM6716,1880,2029,2024-01-21,1084.00,PAID
CLM6717,3169,2111,2024-01-22,250.00,PAID
CLM6718,2844,2066,2024-01-22,209.00,DENIED
CLM6719,2382,2126,2024-01-22,148.00,PAID
CLM6720,2895,2020,2024-01-22,628.00,PAID
CLM6721,2089,2004,2024-01-22,173.00,PAID
CLM6722,2562,2095,2024-01-22,240.00,PAID
CLM6723,2720,2037,2024-01-22,110.00,PAID
CLM6724,2773,2086,2024-01-22,89.00,PAID
CLM6725,3193,2082,2024-01-22,84.00,PAID
CLM6726,1108,2071,2024-01-22,190.00,PAID
CLM6727,3025,2049,2024-01-22,401.00,PAID
CLM6728,3203,2072,2024-01-22,240.00,PAID
CLM6729,3309,2076,2024-01-22,35.00,PAID
CLM6730,1220,2005,2024-01-22,385.00,DENIED
CLM6731,2522,2107,2024-01-22,125.00,PAID
CLM6732,3156,2101,2024-01-22,76.00,PAID
CLM6733,1667,2088,2024-01-22,121.00,PAID
CLM6734,3236,2004,2024-01-22,305.00,PAID
CLM6735,1326,2081,2024-01-22,179.00,PAID
CLM6736,3107,2150,2024-01-22,304.00,DENIED
CLM6737,1685,2056,2024-01-22,4097.00,PAID
CLM6738,1657,2137,2024-01-22,284.00,PAID
CLM6739,3383,2147,2024-01-22,167.00,PAID
CLM6740,1673,2077,2024-01-22,82.00,DENIED
CLM6741,2117,2068,2024-01-22,152.00,PAID
CLM6742,3109,2042,2024-01-22,318.00,PAID
CLM6743,1912,2085,2024-01-22,137.00,PAID
CLM6744,1192,2015,2024-01-22,131.00,PAID
CLM6745,1090,2083,2024-01-22,335.00,PAID
CLM6746,3213,2058,2024-01-23,117.00,PAID
CLM6747,2554,2092,2024-01-23,317.00,PAID
CLM6748,1202,2143,2024-01-23,246.00,PAID
CLM6749,1648,2132,2024-01-23,354.00,PAID
CLM6750,2337,2083,2024-01-23,42.00,PAID
CLM6751,3025,2095,2024-01-23,125.00,PAID
CLM6752,1767,2143,2024-01-23,324.00,PAID
CLM6753,3147,2025,2024-01-23,254.00,DENIED
CLM6754,3466,2111,2024-01-23,48.00,PAID
CLM6755,1320,2099,2024-01-23,238.00,DENIED
CLM6756,1900,2078,2024-01-23,38.00,PAID
CLM6757,1108,2104,2024-01-23,253.00,DENIED
CLM6758,1461,2093,2024-01-23,123.00,PAID
CLM6759,2975,2114,2024-01-23,57.00,PAID
CLM6760,2837,2123,2024-01-23,45.00,PAID
CLM6761,2531,2046,2024-01-23,217.00,DENIED
CLM6762,1815,2150,2024-01-23,48.00,PAID
CLM6763,2704,2133,2024-01-23,144.00,PAID
CLM6764,3060,2074,2024-01-23,285.00,PAID
CLM6765,3499,2102,2024-01-23,292.00,DENIED
CLM6766,3052,2134,2024-01-23,186.00,PAID
CLM6767,2175,2005,2024-01-23,49.00,PAID
CLM6768,1396,2088,2024-01-23,920.00,PAID
CLM6769,2812,2053,2024-01-23,308.00,PAID
CLM6770,3455,2059,2024-01-23,147.00,PAID
CLM6771,3158,2023,2024-01-23,41.00,PAID
CLM6772,1350,2085,2024-01-24,2205.00,DENIED
CLM6773,2555,2077,2024-01-24,57.00,PAID
CLM6774,2120,2104,2024-01-24,1673.00,PAID
CLM6775,3475,2039,2024-01-24,44.00,PAID
CLM6776,2676,2137,2024-01-24,795.00,PAID
CLM6777,1196,2094,2024-01-24,605.00,PAID
CLM6778,2978,2126,2024-01-24,269.00,DENIED
CLM6779,1744,2053,2024-01-24,104.00,PAID
CLM6780,2513,2120,2024-01-24,316.00,PAID
CLM6781,1545,2047,2024-01-24,27.00,PAID
CLM6782,1303,2065,2024-01-24,54.00,PAID
CLM6783,2149,2011,2024-01-24,145.00,PAID
CLM6784,2308,2081,2024-01-24,138.00,PAID
CLM6785,1224,2095,2024-01-24,1432.00,PAID
CLM6786,2762,2085,2024-01-24,1556.00,PAID
CLM6787,2651,2092,2024-01-24,33.00,PAID
CLM6788,2357,2104,2024-01-24,273.00,PAID
CLM6789,3370,2022,2024-01-24,28.00,PAID
CLM6790,3158,2049,2024-01-24,472.00,PAID
CLM6791,1116,2025,2024-01-24,111.00,DENIED
CLM6792,2602,2087,2024-01-24,125.00,PAID
CLM6793,3164,2003,2024-01-24,73.00,PAID
CLM6794,3356,2016,2024-01-25,120.00,PAID
CLM6795,3174,2100,2024-01-25,137.00,PAID
CLM6796,3056,2087,2024-01-25,150.00,PAID
CLM6797,2778,2121,2024-01-25,1300.00,PAID
CLM6798,2987,2115,2024-01-25,130.00,PAID
CLM6799,1667,2094,2024-01-25,139.00,PAID
CLM6800,3471,2104,2024-01-25,139.00,PAID
CLM6801,1055,2039,2024-01-25,169.00,PAID
CLM6802,1014,2016,2024-01-25,29.00,PAID
CLM6803,3494,2037,2024-01-25,142.00,PAID
CLM6804,1904,2004,2024-01-25,141.00,PAID
CLM6805,2042,2068,2024-01-25,509.00,DENIED
CLM6806,3459,2149,2024-01-25,99.00,DENIED
CLM6807,1387,2069,2024-01-25,142.00,PAID
CLM6808,2988,2074,2024-01-25,146.00,PAID
CLM6809,2182,2074,2024-01-25,232.00,PAID
CLM6810,2292,2149,2024-01-25,40.00,PAID
CLM6811,2855,2090,2024-01-25,536.00,PAID
CLM6812,2047,2116,2024-01-25,174.00,PAID
CLM6813,1176,2023,2024-01-25,346.00,PAID
CLM6814,2641,2029,2024-01-25,168.00,DENIED
CLM6815,1908,2087,2024-01-25,288.00,PAID
CLM6816,3274,2100,2024-01-25,1730.00,PAID
CLM6817,3050,2085,2024-01-25,121.00,PAID
CLM6818,2166,2065,2024-01-25,193.00,DENIED
CLM6819,1787,2137,2024-01-25,1123.00,PAID
CLM6820,2358,2096,2024-01-25,125.00,PAID
CLM6821,1535,2057,2024-01-25,60.00,PAID
CLM6822,1182,2004,2024-01-25,906.00,PAID
CLM6823,2934,2086,2024-01-25,31.00,PAID
CLM6824,2607,2085,2024-01-25,634.00,PAID
CLM6825,1735,2039,2024-01-25,58.00,PAID
CLM6826,2122,2051,2024-01-25,35.00,PAID
CLM6827,1848,2013,2024-01-25,126.00,PAID
CLM6828,3088,2088,2024-01-25,162.00,DENIED
CLM6829,3404,2036,2024-01-25,131.00,DENIED
CLM6830,2087,2001,2024-01-26,115.00,PAID
CLM6831,1298,2065,2024-01-26,54.00,PENDING
CLM6832,2837,2106,2024-01-26,115.00,DENIED
CLM6833,1069,2096,2024-01-26,122.00,PAID
CLM6834,2882,2109,2024-01-26,67.00,PAID
CLM6835,1928,2102,2024-01-26,129.00,PAID
CLM6836,3013,2049,2024-01-26,171.00,PAID
CLM6837,1756,2118,2024-01-26,89.00,PAID
CLM6838,2165,2137,2024-01-26,479.00,PAID
CLM6839,2351,2046,2024-01-26,198.00,PAID
CLM6840,2116,2121,2024-01-26,942.00,DENIED
CLM6841,2735,2033,2024-01-26,217.00,PAID
CLM6842,2547,2085,2024-01-26,1158.00,PAID
CLM6843,2836,2114,2024-01-26,72.00,PAID
CLM6844,2894,2061,2024-01-26,80.00,PAID
CLM6845,1732,2070,2024-01-26,79.00,PAID
CLM6846,1553,2014,2024-01-26,456.00,DENIED
CLM6847,2003,2014,2024-01-26,96.00,PAID
CLM6848,1623,2121,2024-01-26,140.00,PAID
CLM6849,2019,2082,2024-01-26,60.00,PAID
CLM6850,1137,2112,2024-01-26,289.00,PAID
CLM6851,1059,2096,2024-01-26,32.00,PAID
CLM6852,1521,2137,2024-01-26,1244.00,DENIED
CLM6853,1822,2011,2024-01-26,45.00,DENIED
CLM6854,2307,2116,2024-01-27,370.00,PAID
CLM6855,2579,2044,2024-01-27,5572.00,PAID
CLM6856,3094,2045,2024-01-27,248.00,PAID
CLM6857,3031,2044,2024-01-27,155.00,PAID
CLM6858,2569,2002,2024-01-27,57.00,PAID
CLM6859,2738,2008,2024-01-27,78.00,PAID
CLM6860,2692,2004,2024-01-27,124.00,PAID
CLM6861,2734,2084,2024-01-27,116.00,PAID
CLM6862,2570,2065,2024-01-27,203.00,PAID
CLM6863,1617,2075,2024-01-27,268.00,PAID
CLM6864,2971,2011,2024-01-27,339.00,PAID
CLM6865,1397,2041,2024-01-27,168.00,PAID
CLM6866,2638,2130,2024-01-27,193.00,PAID
CLM6867,2219,2005,2024-01-27,442.00,DENIED
CLM6868,1967,2068,2024-01-27,1007.00,PAID
CLM6869,1822,2078,2024-01-27,43.00,PAID
CLM6870,1228,2137,2024-01-27,441.00,PAID
CLM6871,2036,2130,2024-01-28,70.00,PAID
CLM6872,1886,2009,2024-01-28,119.00,PAID
CLM6873,1999,2086,2024-01-28,253.00,DENIED
CLM6874,1112,2011,2024-01-28,38.00,PAID
CLM6875,2363,2064,2024-01-28,70.00,PAID
CLM6876,2561,2150,2024-01-28,77.00,PAID
CLM6877,2537,2060,2024-01-28,235.00,PAID
CLM6878,2027,2060,2024-01-28,274.00,PAID
CLM6879,1545,2041,2024-01-29,412.00,PAID
CLM6880,1207,2125,2024-01-29,36.00,PAID
CLM6881,3181,2015,2024-01-29,118.00,PAID
CLM6882,2226,2027,2024-01-29,125.00,PAID
CLM6883,1212,2136,2024-01-29,126.00,PAID
CLM6884,2223,2070,2024-01-29,177.00,PAID
CLM6885,1922,2133,2024-01-29,347.00,PAID
CLM6886,2677,2087,2024-01-29,1193.00,PAID
CLM6887,1115,2068,2024-01-29,616.00,PAID
CLM6888,3160,2136,2024-01-29,293.00,PAID
CLM6889,2134,2045,2024-01-29,109.00,PAID
CLM6890,3189,2069,2024-01-29,122.00,PAID
CLM6891,1664,2117,2024-01-29,192.00,PAID
CLM6892,2119,2110,2024-01-29,136.00,PAID
CLM6893,2479,2119,2024-01-29,256.00,DENIED
CLM6894,2664,2048,2024-01-29,685.00,PENDING
CLM6895,2980,2136,2024-01-29,130.00,PAID
CLM6896,2966,2121,2024-01-29,290.00,PAID
CLM6897,3388,2137,2024-01-29,608.00,PAID
CLM6898,2852,2033,2024-01-29,80.00,PAID
CLM6899,1282,2064,2024-01-29,44.00,PAID
CLM6900,3148,2083,2024-01-29,34.00,PAID
CLM6901,2997,2073,2024-01-29,197.00,PAID
CLM6902,1574,2114,2024-01-29,196.00,PAID
CLM6903,2068,2059,2024-01-29,326.00,PAID
CLM6904,1734,2020,2024-01-29,261.00,PAID
CLM6905,1350,2053,2024-01-29,45.00,PAID
CLM6906,2903,2114,2024-01-29,198.00,PAID
CLM6907,2858,2102,2024-01-29,140.00,PAID
CLM6908,2427,2107,2024-01-30,178.00,DENIED
CLM6909,2962,2065,2024-01-30,177.00,PAID
CLM6910,2276,2086,2024-01-30,108.00,PAID
CLM6911,1182,2013,2024-01-30,486.00,PAID
CLM6912,2858,2126,2024-01-30,500.00,DENIED
CLM6913,3300,2020,2024-01-30,218.00,PAID
CLM6914,2865,2129,2024-01-30,112.00,PAID
CLM6915,3473,2062,2024-01-30,132.00,DENIED
CLM6916,1844,2097,2024-01-30,116.00,PAID
CLM6917,1581,2117,2024-01-30,182.00,PAID
CLM6918,2068,2105,2024-01-30,153.00,PAID
CLM6919,1535,2068,2024-01-30,1168.00,PENDING
CLM6920,1230,2079,2024-01-30,41.00,PAID
CLM6921,2811,2040,2024-01-30,196.00,PAID
CLM6922,2599,2005,2024-01-30,197.00,PAID
CLM6923,1246,2002,2024-01-30,44.00,PAID
CLM6924,1502,2106,2024-01-30,31.00,PAID
CLM6925,3106,2104,2024-01-30,238.00,PAID
CLM6926,3143,2040,2024-01-30,245.00,PAID
CLM6927,2593,2140,2024-01-30,1795.00,PAID
CLM6928,1630,2088,2024-01-30,160.00,PAID
CLM6929,2399,2004,2024-01-31,4404.00,PAID
CLM6930,3236,2122,2024-01-31,207.00,PAID
CLM6931,2336,2143,2024-01-31,155.00,PAID
CLM6932,3166,2133,2024-01-31,91.00,PAID
CLM6933,2828,2006,2024-01-31,167.00,PAID
CLM6934,2857,2012,2024-01-31,153.00,PAID
CLM6935,2171,2004,2024-01-31,1071.00,PAID
CLM6936,1614,2100,2024-01-31,1730.00,DENIED
CLM6937,3472,2065,2024-01-31,47.00,PAID
CLM6938,2767,2034,2024-01-31,94.00,PAID
CLM6939,1200,2024,2024-01-31,867.00,DENIED
CLM6940,3031,2120,2024-01-31,140.00,DENIED
CLM6941,1980,2011,2024-01-31,41.00,PAID
CLM6942,1469,2066,2024-01-31,46.00,PAID
CLM6943,2498,2127,2024-01-31,318.00,PAID
CLM6944,2038,2085,2024-01-31,277.00,PAID
CLM6945,1403,2048,2024-01-31,131.00,DENIED
CLM6946,2680,2051,2024-01-31,79.00,PAID
CLM6947,1038,2047,2024-01-31,138.00,DENIED
CLM6948,3125,2053,2024-01-31,33.00,PAID
CLM6949,1819,2016,2024-01-31,140.00,PAID
CLM6950,1124,2127,2024-01-31,127.00,PAID
CLM6951,3292,2024,2024-01-31,1411.00,DENIED
CLM6952,1262,2061,2024-01-31,34.00,PAID
CLM6953,2009,2013,2024-02-01,136.00,PAID
CLM6954,1201,2104,2024-02-01,1676.00,PAID
CLM6955,3043,2094,2024-02-01,228.00,PAID
CLM6956,2146,2085,2024-02-01,593.00,PAID
CLM6957,2823,2049,2024-02-01,268.00,PAID
CLM6958,3205,2018,2024-02-01,87.00,PENDING
CLM6959,1249,2037,2024-02-01,48.00,PAID
CLM6960,1932,2022,2024-02-01,30.00,PAID
CLM6961,2327,2062,2024-02-01,46.00,PAID
CLM6962,1275,2044,2024-02-01,137.00,PAID
CLM6963,3416,2022,2024-02-01,95.00,PAID
CLM6964,1027,2057,2024-02-01,223.00,PAID
CLM6965,2602,2109,2024-02-01,289.00,PAID
CLM6966,3462,2131,2024-02-01,208.00,PAID
CLM6967,3411,2145,2024-02-01,208.00,PAID
CLM6968,1836,2069,2024-02-01,1129.00,PAID
CLM6969,2329,2045,2024-02-01,230.00,PAID
CLM6970,1332,2005,2024-02-01,384.00,DENIED
CLM6971,3141,2039,2024-02-01,57.00,PAID
CLM6972,2777,2104,2024-02-01,483.00,PAID
CLM6973,3280,2044,2024-02-01,272.00,PAID
CLM6974,1786,2090,2024-02-01,3292.00,PAID
CLM6975,1618,2114,2024-02-01,35.00,PAID
CLM6976,1723,2016,2024-02-01,121.00,PAID
CLM6977,2738,2001,2024-02-01,46.00,PAID
CLM6978,2587,2059,2024-02-01,212.00,PAID
CLM6979,1013,2039,2024-02-01,46.00,PAID
CLM6980,1593,2004,2024-02-01,1178.00,PAID
CLM6981,2992,2131,2024-02-01,44.00,PAID
CLM6982,1909,2063,2024-02-01,81.00,PAID
CLM6983,1576,2007,2024-02-01,110.00,PAID
CLM6984,3097,2069,2024-02-01,1169.00,PAID
CLM6985,2377,2085,2024-02-01,165.00,PAID
CLM6986,2693,2016,2024-02-01,91.00,PAID
CLM6987,3379,2139,2024-02-01,132.00,PAID
CLM6988,2244,2131,2024-02-01,53.00,PAID
CLM6989,2864,2005,2024-02-02,248.00,PAID
CLM6990,2057,2029,2024-02-02,1263.00,PAID
CLM6991,1257,2090,2024-02-02,147.00,PAID
CLM6992,1545,2140,2024-02-02,408.00,PAID
CLM6993,1075,2026,2024-02-02,32.00,PAID
CLM6994,2612,2034,2024-02-02,377.00,PAID
CLM6995,1996,2059,2024-02-02,142.00,PAID
CLM6996,2994,2092,2024-02-02,211.00,PAID
CLM6997,1291,2118,2024-02-02,45.00,DENIED
CLM6998,3261,2101,2024-02-02,136.00,PAID
CLM6999,2701,2002,2024-02-02,152.00,PAID
CLM7000,1005,2033,2024-02-02,92.00,DENIED
CLM7001,2692,2130,2024-02-02,134.00,PAID
CLM7002,3257,2030,2024-02-02,62.00,DENIED
CLM7003,2234,2106,2024-02-02,134.00,PAID
CLM7004,3276,2091,2024-02-02,45.00,PAID
CLM7005,1241,2059,2024-02-02,397.00,PAID
CLM7006,1059,2092,2024-02-02,148.00,PAID
CLM7007,2182,2074,2024-02-02,164.00,PAID
CLM7008,1680,2079,2024-02-02,242.00,PAID
CLM7009,2154,2088,2024-02-02,168.00,DENIED
CLM7010,2475,2005,2024-02-02,223.00,PAID
CLM7011,3410,2005,2024-02-02,42.00,PAID
CLM7012,2908,2050,2024-02-02,156.00,PAID
CLM7013,1468,2118,2024-02-02,90.00,PAID
CLM7014,2022,2137,2024-02-02,172.00,PAID
CLM7015,3187,2094,2024-02-02,215.00,DENIED
CLM7016,1724,2121,2024-02-02,5052.00,DENIED
CLM7017,2451,2110,2024-02-02,284.00,PAID
CLM7018,1318,2085,2024-02-02,977.00,PAID
CLM7019,2166,2124,2024-02-02,157.00,PAID
CLM7020,3238,2088,2024-02-03,1314.00,PAID
CLM7021,1033,2081,2024-02-03,388.00,PAID
CLM7022,2657,2072,2024-02-03,229.00,PAID
CLM7023,1291,2060,2024-02-03,49.00,PAID
CLM7024,2611,2085,2024-02-03,291.00,PAID
CLM7025,3117,2004,2024-02-03,276.00,PAID
CLM7026,3025,2135,2024-02-03,151.00,PAID
CLM7027,3464,2134,2024-02-03,186.00,PAID
CLM7028,2295,2042,2024-02-03,139.00,DENIED
CLM7029,1362,2142,2024-02-03,224.00,PAID
CLM7030,1429,2127,2024-02-03,33.00,PAID
CLM7031,1165,2146,2024-02-03,288.00,PAID
CLM7032,1439,2104,2024-02-03,256.00,PAID
CLM7033,2783,2044,2024-02-03,163.00,PAID
CLM7034,1979,2107,2024-02-04,200.00,DENIED
CLM7035,1915,2005,2024-02-04,671.00,PAID
CLM7036,1876,2081,2024-02-04,224.00,PAID
CLM7037,2209,2142,2024-02-04,59.00,PAID
CLM7038,1507,2047,2024-02-04,48.00,PAID
CLM7039,1596,2009,2024-02-04,32.00,PAID
CLM7040,1656,2086,2024-02-04,46.00,PAID
CLM7041,3247,2085,2024-02-04,496.00,PAID
CLM7042,3199,2083,2024-02-04,74.00,PAID
CLM7043,3293,2012,2024-02-04,406.00,PAID
CLM7044,3048,2096,2024-02-05,117.00,DENIED
CLM7045,3041,2066,2024-02-05,130.00,DENIED
CLM7046,1038,2081,2024-02-05,274.00,PAID
CLM7047,3024,2052,2024-02-05,219.00,PAID
CLM7048,1385,2058,2024-02-05,177.00,PAID
CLM7049,1957,2085,2024-02-05,118.00,PAID
CLM7050,1868,2056,2024-02-05,144.00,PAID
CLM7051,2338,2120,2024-02-05,136.00,PAID
CLM7052,2531,2131,2024-02-05,329.00,PAID
CLM7053,1867,2065,2024-02-05,156.00,DENIED
CLM7054,2560,2143,2024-02-05,489.00,PAID
CLM7055,1210,2121,2024-02-05,143.00,PAID
CLM7056,1760,2020,2024-02-05,602.00,PAID
CLM7057,1593,2053,2024-02-05,452.00,DENIED
CLM7058,2094,2039,2024-02-05,182.00,PAID
CLM7059,3440,2149,2024-02-05,47.00,PAID
CLM7060,3039,2082,2024-02-05,34.00,PAID
CLM7061,1272,2145,2024-02-05,60.00,PAID
CLM7062,2309,2140,2024-02-05,408.00,PAID
CLM7063,2540,2044,2024-02-05,291.00,DENIED
CLM7064,2656,2009,2024-02-05,93.00,PAID
CLM7065,2107,2005,2024-02-05,1204.00,PAID
CLM7066,2361,2068,2024-02-05,118.00,PAID
CLM7067,3403,2029,2024-02-05,119.00,PAID
CLM7068,2015,2087,2024-02-05,156.00,PAID
CLM7069,3381,2112,2024-02-05,89.00,PAID
CLM7070,1763,2140,2024-02-05,1512.00,PAID
CLM7071,2188,2064,2024-02-06,197.00,PAID
CLM7072,3058,2026,2024-02-06,204.00,PAID
CLM7073,1883,2081,2024-02-06,249.00,PAID
CLM7074,2257,2004,2024-02-06,1671.00,PAID
CLM7075,2111,2065,2024-02-06,46.00,PAID
CLM7076,2872,2087,2024-02-06,319.00,DENIED
CLM7077,2704,2083,2024-02-06,406.00,PAID
CLM7078,2443,2045,2024-02-06,141.00,DENIED
CLM7079,3284,2065,2024-02-06,136.00,PAID
CLM7080,2380,2126,2024-02-06,142.00,PAID
CLM7081,3153,2054,2024-02-06,74.00,PAID
CLM7082,3090,2055,2024-02-06,137.00,DENIED
CLM7083,1917,2068,2024-02-06,1345.00,DENIED
CLM7084,3063,2047,2024-02-06,306.00,PAID
CLM7085,1650,2006,2024-02-06,116.00,PAID
CLM7086,3430,2118,2024-02-06,163.00,PAID
CLM7087,1285,2091,2024-02-06,83.00,DENIED
CLM7088,3380,2002,2024-02-06,176.00,PAID
CLM7089,2799,2118,2024-02-06,135.00,PAID
CLM7090,2419,2137,2024-02-06,258.00,PAID
CLM7091,1293,2024,2024-02-06,1552.00,PAID
CLM7092,2618,2007,2024-02-06,135.00,PAID
CLM7093,2369,2137,2024-02-06,433.00,DENIED
CLM7094,2313,2115,2024-02-06,153.00,PAID
CLM7095,1327,2111,2024-02-06,86.00,PAID
CLM7096,1955,2083,2024-02-07,67.00,PAID
CLM7097,2593,2059,2024-02-07,152.00,PAID
CLM7098,3257,2029,2024-02-07,147.00,PAID
CLM7099,1359,2017,2024-02-07,137.00,PAID
CLM7100,3383,2021,2024-02-07,61.00,PAID
CLM7101,1091,2034,2024-02-07,58.00,PAID
CLM7102,2969,2005,2024-02-07,246.00,PAID
CLM7103,2835,2056,2024-02-07,80.00,PAID
CLM7104,1619,2097,2024-02-07,33.00,DENIED
CLM7105,2268,2143,2024-02-07,260.00,PAID
CLM7106,3431,2065,2024-02-07,119.00,PAID
CLM7107,1138,2005,2024-02-07,284.00,DENIED
CLM7108,2980,2052,2024-02-07,129.00,PAID
CLM7109,2128,2145,2024-02-07,87.00,PAID
CLM7110,2428,2121,2024-02-07,1157.00,DENIED
CLM7111,1185,2137,2024-02-07,556.00,PAID
CLM7112,2176,2009,2024-02-07,166.00,PAID
CLM7113,2860,2045,2024-02-07,274.00,PAID
CLM7114,3343,2025,2024-02-07,304.00,PAID
CLM7115,1934,2043,2024-02-07,45.00,PAID
CLM7116,1136,2037,2024-02-07,53.00,PAID
CLM7117,1597,2112,2024-02-07,46.00,PAID
CLM7118,2555,2074,2024-02-07,173.00,PAID
CLM7119,2803,2042,2024-02-07,129.00,DENIED
CLM7120,1443,2104,2024-02-07,126.00,PAID
CLM7121,2227,2037,2024-02-07,230.00,PAID
CLM7122,2556,2007,2024-02-07,40.00,PAID
CLM7123,2407,2106,2024-02-07,123.00,PAID
CLM7124,1267,2080,2024-02-07,599.00,PAID
CLM7125,2870,2081,2024-02-07,125.00,DENIED
CLM7126,2641,2149,2024-02-07,136.00,PAID
CLM7127,1605,2044,2024-02-07,173.00,PAID
CLM7128,2786,2024,2024-02-07,146.00,PAID
CLM7129,1853,2004,2024-02-08,286.00,PAID
CLM7130,1194,2115,2024-02-08,448.00,PAID
CLM7131,3141,2102,2024-02-08,357.00,PAID
CLM7132,2450,2100,2024-02-08,274.00,PAID
CLM7133,2914,2024,2024-02-08,302.00,PAID
CLM7134,1515,2023,2024-02-08,31.00,PAID
CLM7135,3193,2121,2024-02-08,121.00,PAID
CLM7136,2699,2041,2024-02-08,293.00,PAID
CLM7137,3137,2144,2024-02-08,266.00,PAID
CLM7138,2995,2040,2024-02-08,280.00,PAID
CLM7139,2436,2072,2024-02-08,312.00,PAID
CLM7140,1093,2015,2024-02-08,371.00,DENIED
CLM7141,3109,2071,2024-02-08,155.00,PAID
CLM7142,3285,2039,2024-02-08,143.00,PAID
CLM7143,2871,2038,2024-02-08,76.00,PAID
CLM7144,1863,2073,2024-02-08,150.00,DENIED
CLM7145,3487,2129,2024-02-08,56.00,PAID
CLM7146,1780,2044,2024-02-08,156.00,PAID
CLM7147,2641,2137,2024-02-08,1506.00,PAID
CLM7148,1321,2039,2024-02-08,93.00,PAID
CLM7149,1720,2106,2024-02-08,48.00,PAID
CLM7150,1200,2078,2024-02-08,207.00,PAID
CLM7151,3248,2035,2024-02-08,126.00,PAID
CLM7152,3193,2114,2024-02-08,37.00,PAID
CLM7153,1575,2061,2024-02-08,241.00,PAID
CLM7154,2608,2029,2024-02-08,149.00,DENIED
CLM7155,1368,2044,2024-02-08,2224.00,PAID
CLM7156,3285,2105,2024-02-08,303.00,DENIED
CLM7157,3247,2004,2024-02-08,121.00,PAID
CLM7158,2274,2045,2024-02-08,470.00,PAID
CLM7159,2670,2096,2024-02-08,33.00,PAID
CLM7160,3121,2034,2024-02-09,165.00,PAID
CLM7161,2597,2052,2024-02-09,499.00,PAID
CLM7162,2571,2092,2024-02-09,323.00,PAID
CLM7163,1185,2103,2024-02-09,110.00,PAID
CLM7164,1715,2037,2024-02-09,142.00,PAID
CLM7165,1336,2023,2024-02-09,121.00,PAID
CLM7166,1052,2087,2024-02-09,152.00,PAID
CLM7167,1525,2140,2024-02-09,139.00,PENDING
CLM7168,2831,2057,2024-02-09,46.00,PAID
CLM7169,2510,2143,2024-02-09,609.00,DENIED
CLM7170,1360,2058,2024-02-09,306.00,PAID
CLM7171,3429,2079,2024-02-09,74.00,PAID
CLM7172,1363,2024,2024-02-09,995.00,PAID
CLM7173,2307,2088,2024-02-09,127.00,PAID
CLM7174,1556,2064,2024-02-09,242.00,PAID
CLM7175,1597,2081,2024-02-09,426.00,PAID
CLM7176,2379,2053,2024-02-09,202.00,PAID
CLM7177,3451,2068,2024-02-09,1245.00,PAID
CLM7178,2370,2129,2024-02-09,153.00,PAID
CLM7179,3047,2012,2024-02-09,124.00,PAID
CLM7180,1600,2010,2024-02-09,299.00,DENIED
CLM7181,2197,2019,2024-02-09,143.00,PAID
CLM7182,1376,2068,2024-02-09,642.00,DENIED
CLM7183,2308,2116,2024-02-09,138.00,PAID
CLM7184,2544,2106,2024-02-09,94.00,PAID
CLM7185,2378,2021,2024-02-09,114.00,PAID
CLM7186,2840,2087,2024-02-09,141.00,PAID
CLM7187,1998,2098,2024-02-09,79.00,PAID
CLM7188,2806,2053,2024-02-09,199.00,PAID
CLM7189,1025,2147,2024-02-09,194.00,PAID
CLM7190,3249,2004,2024-02-09,1433.00,PAID
CLM7191,2012,2097,2024-02-09,77.00,PAID
CLM7192,2455,2131,2024-02-10,1536.00,PAID
CLM7193,1343,2098,2024-02-10,40.00,PAID
CLM7194,3082,2126,2024-02-10,125.00,PAID
CLM7195,1877,2008,2024-02-10,202.00,PAID
CLM7196,2483,2087,2024-02-10,166.00,PAID
CLM7197,1445,2053,2024-02-10,330.00,PAID
CLM7198,1447,2044,2024-02-10,149.00,PAID
CLM7199,2228,2016,2024-02-10,31.00,PAID
CLM7200,3049,2026,2024-02-10,32.00,DENIED
CLM7201,1763,2124,2024-02-10,155.00,PAID
CLM7202,3276,2091,2024-02-10,61.00,DENIED
CLM7203,2451,2049,2024-02-11,129.00,PAID
CLM7204,2367,2022,2024-02-11,24.00,PAID
CLM7205,1881,2131,2024-02-11,1119.00,PAID
CLM7206,2192,2100,2024-02-11,119.00,PAID
CLM7207,2995,2004,2024-02-11,1009.00,PAID
CLM7208,2793,2121,2024-02-11,1349.00,PAID
CLM7209,1593,2039,2024-02-11,90.00,PAID
CLM7210,1996,2137,2024-02-11,526.00,PAID
CLM7211,1771,2033,2024-02-11,45.00,PAID
CLM7212,3181,2020,2024-02-11,458.00,DENIED
CLM7213,3120,2069,2024-02-11,955.00,PAID
CLM7214,2060,2091,2024-02-11,99.00,DENIED
CLM7215,2738,2069,2024-02-11,146.00,PAID
CLM7216,2409,2029,2024-02-11,141.00,PAID
CLM7217,3403,2019,2024-02-11,35.00,PAID
CLM7218,1730,2048,2024-02-11,545.00,DENIED
CLM7219,2550,2115,2024-02-12,395.00,PAID
CLM7220,2493,2040,2024-02-12,35.00,PAID
CLM7221,2408,2114,2024-02-12,188.00,PAID
CLM7222,2530,2132,2024-02-12,42.00,DENIED
CLM7223,1678,2105,2024-02-12,968.00,PAID
CLM7224,1447,2132,2024-02-12,41.00,PAID
CLM7225,2248,2074,2024-02-12,419.00,PAID
CLM7226,3481,2098,2024-02-12,127.00,PAID
CLM7227,3074,2132,2024-02-12,48.00,PAID
CLM7228,1052,2069,2024-02-12,1078.00,PAID
CLM7229,2013,2087,2024-02-12,153.00,PAID
CLM7230,2921,2147,2024-02-12,115.00,PAID
CLM7231,1876,2023,2024-02-12,234.00,PAID
CLM7232,2428,2092,2024-02-12,107.00,DENIED
CLM7233,1417,2059,2024-02-12,358.00,DENIED
CLM7234,2996,2120,2024-02-12,64.00,PAID
CLM7235,2257,2105,2024-02-12,1258.00,PAID
CLM7236,1173,2107,2024-02-12,104.00,DENIED
CLM7237,3147,2055,2024-02-12,228.00,PAID
CLM7238,2168,2104,2024-02-12,1883.00,PAID
CLM7239,2450,2019,2024-02-12,166.00,PAID
CLM7240,2544,2034,2024-02-12,296.00,PAID
CLM7241,1863,2038,2024-02-12,59.00,PAID
CLM7242,1052,2140,2024-02-12,254.00,PAID
CLM7243,3254,2034,2024-02-12,168.00,PAID
CLM7244,2820,2076,2024-02-12,390.00,PAID
CLM7245,1743,2097,2024-02-12,81.00,PAID
CLM7246,1318,2097,2024-02-12,52.00,PAID
CLM7247,2138,2054,2024-02-12,320.00,PAID
CLM7248,1271,2021,2024-02-13,32.00,PAID
CLM7249,2703,2001,2024-02-13,34.00,PAID
CLM7250,3364,2104,2024-02-13,124.00,DENIED
CLM7251,1507,2027,2024-02-13,204.00,PAID
CLM7252,1332,2031,2024-02-13,219.00,PAID
CLM7253,1761,2107,2024-02-13,119.00,PAID
CLM7254,1069,2024,2024-02-13,1013.00,PAID
CLM7255,3044,2140,2024-02-13,238.00,PAID
CLM7256,2019,2056,2024-02-13,146.00,PAID
CLM7257,2339,2068,2024-02-13,648.00,PAID
CLM7258,1717,2095,2024-02-13,95.00,DENIED
CLM7259,3057,2067,2024-02-13,78.00,PAID
CLM7260,2734,2070,2024-02-13,215.00,PAID
CLM7261,3047,2064,2024-02-13,240.00,PAID
CLM7262,2825,2086,2024-02-13,457.00,PAID
CLM7263,1724,2068,2024-02-13,126.00,PAID
CLM7264,3372,2036,2024-02-13,296.00,PAID
CLM7265,1718,2020,2024-02-13,48.00,DENIED
CLM7266,2953,2022,2024-02-13,25.00,PENDING
CLM7267,1688,2142,2024-02-13,253.00,PAID
CLM7268,1907,2024,2024-02-13,121.00,PAID
CLM7269,2026,2088,2024-02-13,1539.00,DENIED
CLM7270,3405,2017,2024-02-13,171.00,PAID
CLM7271,1602,2015,2024-02-13,1593.00,PAID
CLM7272,2250,2078,2024-02-13,79.00,PAID
CLM7273,1913,2133,2024-02-13,423.00,PAID
CLM7274,1953,2088,2024-02-13,1230.00,DENIED
CLM7275,1558,2121,2024-02-13,883.00,PAID
CLM7276,1656,2106,2024-02-14,56.00,PAID
CLM7277,2252,2023,2024-02-14,194.00,PAID
CLM7278,1542,2106,2024-02-14,75.00,DENIED
CLM7279,1245,2088,2024-02-14,2253.00,DENIED
CLM7280,1643,2125,2024-02-14,42.00,PAID
CLM7281,2705,2076,2024-02-14,125.00,PAID
CLM7282,1121,2093,2024-02-14,254.00,DENIED
CLM7283,1766,2020,2024-02-14,273.00,PAID
CLM7284,3141,2030,2024-02-14,49.00,PAID
CLM7285,1275,2024,2024-02-14,142.00,PAID
CLM7286,2853,2132,2024-02-14,2904.00,PAID
CLM7287,3118,2094,2024-02-14,76.00,PAID
CLM7288,2167,2089,2024-02-14,63.00,DENIED
CLM7289,2680,2010,2024-02-14,221.00,PAID
CLM7290,2854,2037,2024-02-14,52.00,PAID
CLM7291,3461,2072,2024-02-14,183.00,PAID
CLM7292,2294,2022,2024-02-14,23.00,PAID
CLM7293,1175,2094,2024-02-14,222.00,PAID
CLM7294,3465,2014,2024-02-14,73.00,PAID
CLM7295,2141,2077,2024-02-14,62.00,PAID
CLM7296,3247,2013,2024-02-14,135.00,PAID
CLM7297,2317,2050,2024-02-14,43.00,PAID
CLM7298,2270,2006,2024-02-14,233.00,DENIED
CLM7299,1041,2136,2024-02-14,241.00,PAID
CLM7300,1943,2040,2024-02-15,127.00,PAID
CLM7301,2712,2085,2024-02-15,1294.00,PENDING
CLM7302,3486,2102,2024-02-15,143.00,PAID
CLM7303,2429,2147,2024-02-15,307.00,PAID
CLM7304,1910,2091,2024-02-15,29.00,PAID
CLM7305,2239,2068,2024-02-15,879.00,DENIED
CLM7306,1494,2148,2024-02-15,83.00,DENIED
CLM7307,3211,2114,2024-02-15,303.00,PAID
CLM7308,3356,2011,2024-02-15,421.00,PAID
CLM7309,2661,2136,2024-02-15,179.00,PAID
CLM7310,1270,2024,2024-02-15,142.00,PAID
CLM7311,2443,2102,2024-02-15,291.00,PAID
CLM7312,2793,2037,2024-02-15,1699.00,PAID
CLM7313,2667,2022,2024-02-15,47.00,PAID
CLM7314,1379,2131,2024-02-15,1250.00,PAID
CLM7315,1816,2113,2024-02-15,412.00,PAID
CLM7316,1470,2051,2024-02-15,44.00,PAID
CLM7317,1174,2137,2024-02-15,107.00,PAID
CLM7318,1699,2102,2024-02-16,460.00,PAID
CLM7319,2094,2076,2024-02-16,35.00,PAID
CLM7320,2002,2060,2024-02-16,2162.00,PAID
CLM7321,3068,2105,2024-02-16,2101.00,PAID
CLM7322,3487,2145,2024-02-16,214.00,PAID
CLM7323,3110,2048,2024-02-16,80.00,DENIED
CLM7324,2382,2100,2024-02-16,262.00,DENIED
CLM7325,3007,2083,2024-02-16,127.00,PAID
CLM7326,2129,2116,2024-02-16,78.00,PAID
CLM7327,2871,2087,2024-02-16,1523.00,PAID
CLM7328,2639,2019,2024-02-16,81.00,PAID
CLM7329,3194,2126,2024-02-16,465.00,DENIED
CLM7330,2882,2085,2024-02-16,1349.00,PAID
CLM7331,2554,2105,2024-02-16,137.00,PAID
CLM7332,2504,2069,2024-02-16,120.00,PAID
CLM7333,1371,2016,2024-02-16,144.00,PAID
CLM7334,3262,2140,2024-02-16,374.00,PAID
CLM7335,3247,2122,2024-02-16,76.00,PAID
CLM7336,2542,2044,2024-02-16,277.00,PAID
CLM7337,1188,2082,2024-02-16,127.00,PAID
CLM7338,2577,2092,2024-02-16,131.00,PAID
CLM7339,2451,2006,2024-02-16,436.00,PAID
CLM7340,1339,2122,2024-02-16,228.00,PAID
CLM7341,2047,2003,2024-02-16,137.00,PAID
CLM7342,2375,2002,2024-02-16,199.00,PAID
CLM7343,1248,2102,2024-02-16,328.00,DENIED
CLM7344,2436,2019,2024-02-16,35.00,PAID
CLM7345,1397,2126,2024-02-16,317.00,PAID
CLM7346,1585,2078,2024-02-16,23.00,PAID
CLM7347,1326,2002,2024-02-16,87.00,PAID
CLM7348,2592,2020,2024-02-17,2601.00,PAID
CLM7349,3375,2119,2024-02-17,36.00,PAID
CLM7350,2031,2149,2024-02-17,136.00,PAID
CLM7351,1944,2017,2024-02-17,42.00,DENIED
CLM7352,1113,2087,2024-02-17,144.00,DENIED
CLM7353,2273,2085,2024-02-17,943.00,PAID
CLM7354,3470,2068,2024-02-17,151.00,PAID
CLM7355,3373,2105,2024-02-17,161.00,PAID
CLM7356,1100,2068,2024-02-17,866.00,PAID
CLM7357,3244,2086,2024-02-18,59.00,PAID
CLM7358,2676,2063,2024-02-18,39.00,PAID
CLM7359,3171,2004,2024-02-18,1497.00,PAID
CLM7360,1763,2033,2024-02-18,535.00,PAID
CLM7361,1153,2135,2024-02-18,667.00,DENIED
CLM7362,3384,2072,2024-02-18,57.00,PAID
CLM7363,2613,2001,2024-02-18,125.00,PAID
CLM7364,1881,2015,2024-02-18,128.00,PAID
CLM7365,1309,2065,2024-02-18,58.00,PAID
CLM7366,1504,2104,2024-02-18,247.00,DENIED
CLM7367,2647,2110,2024-02-18,30.00,PAID
CLM7368,1921,2029,2024-02-19,1397.00,PAID
CLM7369,1756,2143,2024-02-19,410.00,PAID
CLM7370,1052,2073,2024-02-19,28.00,PAID
CLM7371,1335,2084,2024-02-19,441.00,PAID
CLM7372,3019,2145,2024-02-19,180.00,PAID
CLM7373,1164,2087,2024-02-19,138.00,PAID
CLM7374,1663,2143,2024-02-19,562.00,PAID
CLM7375,1041,2110,2024-02-19,84.00,PAID
CLM7376,1639,2081,2024-02-19,274.00,PAID
CLM7377,1379,2126,2024-02-19,144.00,DENIED
CLM7378,1385,2044,2024-02-19,2050.00,PAID
CLM7379,2806,2136,2024-02-19,427.00,PAID
CLM7380,2798,2148,2024-02-19,195.00,PAID
CLM7381,3300,2147,2024-02-19,182.00,PAID
CLM7382,3340,2109,2024-02-19,162.00,PAID
CLM7383,2355,2121,2024-02-19,140.00,PAID
CLM7384,1887,2020,2024-02-19,399.00,PAID
CLM7385,2465,2087,2024-02-19,973.00,DENIED
CLM7386,1560,2150,2024-02-19,85.00,PAID
CLM7387,1282,2017,2024-02-19,143.00,DENIED
CLM7388,3189,2065,2024-02-19,111.00,DENIED
CLM7389,3029,2011,2024-02-19,71.00,PAID
CLM7390,2933,2053,2024-02-19,148.00,PAID
CLM7391,3139,2065,2024-02-19,175.00,DENIED
CLM7392,2538,2059,2024-02-19,147.00,PAID
CLM7393,2581,2071,2024-02-19,57.00,PAID
CLM7394,2883,2068,2024-02-19,1035.00,PAID
CLM7395,3365,2087,2024-02-19,170.00,DENIED
CLM7396,2382,2015,2024-02-19,123.00,PAID
CLM7397,3076,2131,2024-02-19,41.00,PAID
CLM7398,1759,2101,2024-02-19,133.00,DENIED
CLM7399,1534,2065,2024-02-19,45.00,PAID
CLM7400,2777,2083,2024-02-20,328.00,PAID
CLM7401,2696,2117,2024-02-20,138.00,PAID
CLM7402,3158,2027,2024-02-20,114.00,PAID
CLM7403,1492,2088,2024-02-20,309.00,PAID
CLM7404,1634,2069,2024-02-20,1080.00,PAID
CLM7405,2403,2130,2024-02-20,125.00,PAID
CLM7406,2877,2057,2024-02-20,135.00,PAID
CLM7407,3176,2005,2024-02-20,1070.00,PAID
CLM7408,2501,2095,2024-02-20,247.00,PAID
CLM7409,1381,2100,2024-02-20,244.00,PAID
CLM7410,1128,2139,2024-02-20,118.00,PAID
CLM7411,3152,2021,2024-02-20,133.00,PAID
CLM7412,2728,2031,2024-02-20,3773.00,PAID
CLM7413,3007,2015,2024-02-20,129.00,PAID
CLM7414,2019,2060,2024-02-20,2864.00,DENIED
CLM7415,1476,2028,2024-02-20,27.00,PAID
CLM7416,2809,2126,2024-02-20,133.00,PAID
CLM7417,2651,2050,2024-02-20,60.00,DENIED
CLM7418,3218,2004,2024-02-20,5931.00,PAID
CLM7419,1553,2142,2024-02-20,50.00,PAID
CLM7420,3452,2106,2024-02-20,218.00,PAID
CLM7421,1822,2023,2024-02-20,164.00,PAID
CLM7422,2705,2034,2024-02-20,65.00,PAID
CLM7423,2335,2080,2024-02-20,563.00,PAID
CLM7424,2995,2074,2024-02-21,139.00,DENIED
CLM7425,2090,2028,2024-02-21,252.00,DENIED
CLM7426,2209,2140,2024-02-21,236.00,PAID
CLM7427,1073,2076,2024-02-21,29.00,PAID
CLM7428,2652,2124,2024-02-21,28.00,PAID
CLM7429,2286,2059,2024-02-21,166.00,PAID
CLM7430,1435,2037,2024-02-21,81.00,PAID
CLM7431,2500,2046,2024-02-21,90.00,PAID
CLM7432,1860,2048,2024-02-21,66.00,PAID
CLM7433,2816,2117,2024-02-21,303.00,PAID
CLM7434,2602,2047,2024-02-21,51.00,PAID
CLM7435,1363,2069,2024-02-21,124.00,PAID
CLM7436,1022,2032,2024-02-21,202.00,PAID
CLM7437,2086,2084,2024-02-21,129.00,PAID
CLM7438,2155,2140,2024-02-21,134.00,DENIED
CLM7439,1353,2064,2024-02-21,79.00,PAID
CLM7440,2766,2126,2024-02-21,336.00,PAID
CLM7441,3455,2065,2024-02-21,281.00,DENIED
CLM7442,2820,2052,2024-02-21,46.00,PAID
CLM7443,1478,2061,2024-02-21,108.00,PAID
CLM7444,2416,2124,2024-02-21,137.00,PAID
CLM7445,2866,2012,2024-02-21,85.00,PAID
CLM7446,1033,2016,2024-02-21,115.00,PAID
CLM7447,1259,2120,2024-02-21,149.00,DENIED
CLM7448,2751,2013,2024-02-21,1885.00,PAID
CLM7449,3432,2024,2024-02-21,4669.00,PAID
CLM7450,2584,2137,2024-02-21,168.00,PAID
CLM7451,1826,2052,2024-02-21,28.00,PAID
CLM7452,2232,2144,2024-02-22,338.00,PAID
CLM7453,3344,2008,2024-02-22,234.00,PAID
CLM7454,2329,2038,2024-02-22,118.00,PAID
CLM7455,3447,2002,2024-02-22,281.00,PAID
CLM7456,3255,2065,2024-02-22,107.00,PAID
CLM7457,1095,2065,2024-02-22,121.00,PAID
CLM7458,3434,2074,2024-02-22,338.00,PAID
CLM7459,1270,2015,2024-02-22,119.00,PAID
CLM7460,1668,2071,2024-02-22,155.00,DENIED
CLM7461,2797,2003,2024-02-22,33.00,PAID
CLM7462,1654,2115,2024-02-22,355.00,PAID
CLM7463,1517,2100,2024-02-22,132.00,PAID
CLM7464,2554,2065,2024-02-22,124.00,PAID
CLM7465,3156,2085,2024-02-22,1247.00,PAID
CLM7466,1969,2088,2024-02-22,1278.00,PAID
CLM7467,1393,2002,2024-02-22,402.00,PAID
CLM7468,1297,2102,2024-02-22,166.00,PAID
CLM7469,2890,2077,2024-02-22,171.00,PAID
CLM7470,3008,2128,2024-02-22,176.00,PAID
CLM7471,1351,2060,2024-02-22,331.00,PAID
CLM7472,2110,2017,2024-02-22,235.00,DENIED
CLM7473,3404,2039,2024-02-22,430.00,PAID
CLM7474,1694,2038,2024-02-22,237.00,PAID
CLM7475,1592,2114,2024-02-22,120.00,PAID
CLM7476,3157,2127,2024-02-22,175.00,PAID
CLM7477,1796,2026,2024-02-22,63.00,PAID
CLM7478,2231,2083,2024-02-22,39.00,PAID
CLM7479,1383,2016,2024-02-22,88.00,PAID
CLM7480,2999,2029,2024-02-22,140.00,PAID
CLM7481,2944,2146,2024-02-22,38.00,PAID
CLM7482,1234,2059,2024-02-22,302.00,DENIED
CLM7483,2844,2143,2024-02-22,469.00,PAID
CLM7484,1381,2044,2024-02-23,125.00,PAID
CLM7485,1856,2010,2024-02-23,105.00,PAID
CLM7486,2570,2015,2024-02-23,117.00,PAID
CLM7487,3132,2060,2024-02-23,52.00,DENIED
CLM7488,2913,2097,2024-02-23,60.00,PAID
CLM7489,3300,2100,2024-02-23,392.00,PAID
CLM7490,2554,2111,2024-02-23,28.00,PAID
CLM7491,3370,2116,2024-02-23,100.00,PAID
CLM7492,3436,2111,2024-02-23,175.00,DENIED
CLM7493,3395,2085,2024-02-23,154.00,PAID
CLM7494,2236,2020,2024-02-23,45.00,DENIED
CLM7495,1807,2122,2024-02-23,177.00,PAID
CLM7496,1300,2081,2024-02-23,152.00,PAID
CLM7497,2633,2082,2024-02-23,145.00,PAID
CLM7498,1287,2115,2024-02-23,150.00,DENIED
CLM7499,3315,2150,2024-02-23,164.00,PAID
CLM7500,1307,2120,2024-02-23,31.00,PAID
CLM7501,2871,2040,2024-02-23,191.00,PAID
CLM7502,3117,2083,2024-02-23,254.00,PAID
CLM7503,1518,2042,2024-02-23,27.00,PAID
CLM7504,1017,2068,2024-02-23,111.00,PAID
CLM7505,3283,2056,2024-02-23,78.00,PAID
CLM7506,2164,2044,2024-02-23,1093.00,PAID
CLM7507,1138,2095,2024-02-23,52.00,PAID
CLM7508,1790,2004,2024-02-23,997.00,PAID
CLM7509,2620,2102,2024-02-23,384.00,PAID
CLM7510,2367,2024,2024-02-23,1141.00,PAID
CLM7511,1958,2006,2024-02-23,134.00,PAID
CLM7512,2032,2111,2024-02-23,124.00,DENIED
CLM7513,2562,2105,2024-02-24,136.00,PAID
CLM7514,1314,2109,2024-02-24,327.00,PENDING
CLM7515,3117,2113,2024-02-24,183.00,PAID
CLM7516,2519,2015,2024-02-24,110.00,PAID
CLM7517,2652,2054,2024-02-24,232.00,DENIED
CLM7518,3147,2118,2024-02-24,76.00,PAID
CLM7519,2985,2125,2024-02-24,32.00,PAID
CLM7520,3068,2066,2024-02-24,242.00,PAID
CLM7521,2240,2093,2024-02-24,78.00,PAID
CLM7522,1426,2070,2024-02-24,96.00,PAID
CLM7523,2999,2082,2024-02-24,72.00,PAID
CLM7524,1296,2068,2024-02-24,529.00,DENIED
CLM7525,2961,2087,2024-02-24,145.00,DENIED
CLM7526,2079,2137,2024-02-24,273.00,PAID
CLM7527,2661,2020,2024-02-25,671.00,PAID
CLM7528,1311,2137,2024-02-25,473.00,DENIED
CLM7529,1621,2041,2024-02-25,188.00,PAID
CLM7530,1304,2121,2024-02-25,964.00,DENIED
CLM7531,2681,2052,2024-02-25,265.00,PAID
CLM7532,2651,2137,2024-02-25,512.00,PAID
CLM7533,2891,2020,2024-02-25,247.00,PAID
CLM7534,2741,2022,2024-02-25,107.00,PAID
CLM7535,2020,2039,2024-02-25,30.00,PAID
CLM7536,2863,2130,2024-02-26,408.00,DENIED
CLM7537,1104,2001,2024-02-26,181.00,PAID
CLM7538,3174,2020,2024-02-26,1530.00,PAID
CLM7539,1534,2087,2024-02-26,1264.00,PAID
CLM7540,2942,2018,2024-02-26,201.00,PAID
CLM7541,1695,2030,2024-02-26,208.00,PAID
CLM7542,2147,2088,2024-02-26,167.00,PAID
CLM7543,3205,2059,2024-02-26,350.00,DENIED
CLM7544,1279,2074,2024-02-26,343.00,PAID
CLM7545,1285,2116,2024-02-26,313.00,PAID
CLM7546,1614,2004,2024-02-26,150.00,PAID
CLM7547,1273,2077,2024-02-26,71.00,PAID
CLM7548,3284,2075,2024-02-26,56.00,PAID
CLM7549,2682,2055,2024-02-26,210.00,PAID
CLM7550,1603,2006,2024-02-26,175.00,DENIED
CLM7551,2740,2128,2024-02-26,40.00,PAID
CLM7552,1218,2058,2024-02-26,141.00,PAID
CLM7553,1129,2076,2024-02-26,35.00,PAID
CLM7554,1145,2112,2024-02-26,241.00,PAID
CLM7555,3275,2121,2024-02-26,986.00,PAID
CLM7556,1959,2150,2024-02-26,103.00,PAID
CLM7557,1344,2119,2024-02-26,171.00,PAID
CLM7558,2240,2111,2024-02-26,32.00,PAID
CLM7559,1967,2130,2024-02-26,284.00,PAID
CLM7560,2722,2112,2024-02-26,348.00,PAID
CLM7561,3022,2013,2024-02-26,251.00,PAID
CLM7562,1401,2093,2024-02-26,45.00,PAID
CLM7563,2864,2023,2024-02-26,165.00,PAID
CLM7564,2362,2037,2024-02-26,244.00,PAID
CLM7565,3315,2087,2024-02-26,153.00,PAID
CLM7566,2036,2085,2024-02-26,1287.00,PAID
CLM7567,1307,2009,2024-02-26,135.00,PAID
CLM7568,1259,2076,2024-02-27,195.00,PAID
CLM7569,2346,2009,2024-02-27,170.00,DENIED
CLM7570,3367,2122,2024-02-27,57.00,PAID
CLM7571,1404,2073,2024-02-27,65.00,PAID
CLM7572,1378,2079,2024-02-27,138.00,PAID
CLM7573,1382,2087,2024-02-27,137.00,PAID
CLM7574,3153,2041,2024-02-27,149.00,PAID
CLM7575,3386,2042,2024-02-27,156.00,PAID
CLM7576,2773,2078,2024-02-27,53.00,PAID
CLM7577,2883,2078,2024-02-27,71.00,PAID
CLM7578,3332,2075,2024-02-27,236.00,PAID
CLM7579,1674,2052,2024-02-27,234.00,PAID
CLM7580,3236,2073,2024-02-27,35.00,PAID
CLM7581,1413,2057,2024-02-27,202.00,PAID
CLM7582,1607,2088,2024-02-27,147.00,PAID
CLM7583,1461,2091,2024-02-27,25.00,PAID
CLM7584,2390,2001,2024-02-27,30.00,PAID
CLM7585,1156,2120,2024-02-27,163.00,DENIED
CLM7586,1174,2022,2024-02-27,73.00,PAID
CLM7587,2197,2096,2024-02-27,86.00,PAID
CLM7588,2159,2085,2024-02-27,121.00,PAID
CLM7589,3181,2124,2024-02-27,273.00,PAID
CLM7590,2586,2049,2024-02-27,377.00,PAID
CLM7591,1208,2024,2024-02-27,138.00,PAID
CLM7592,1943,2024,2024-02-27,1324.00,DENIED
CLM7593,1441,2033,2024-02-27,173.00,PAID
CLM7594,1912,2027,2024-02-27,424.00,PAID
CLM7595,1679,2022,2024-02-27,175.00,PENDING
CLM7596,1899,2013,2024-02-27,278.00,PAID
CLM7597,3433,2037,2024-02-27,127.00,PAID
CLM7598,1348,2099,2024-02-27,47.00,PAID
CLM7599,3167,2106,2024-02-27,152.00,PAID
CLM7600,1527,2097,2024-02-27,45.00,PAID
CLM7601,1178,2134,2024-02-28,38.00,PAID
CLM7602,1807,2039,2024-02-28,35.00,PAID
CLM7603,2048,2130,2024-02-28,459.00,PAID
CLM7604,2817,2074,2024-02-28,451.00,PAID
CLM7605,2695,2002,2024-02-28,223.00,DENIED
CLM7606,3472,2083,2024-02-28,134.00,PAID
CLM7607,1603,2118,2024-02-28,71.00,PAID
CLM7608,2433,2005,2024-02-28,47.00,DENIED
CLM7609,1811,2068,2024-02-28,105.00,PAID
CLM7610,2138,2029,2024-02-28,153.00,PAID
CLM7611,1377,2099,2024-02-28,224.00,PAID
CLM7612,1621,2028,2024-02-28,76.00,PAID
CLM7613,3190,2130,2024-02-28,351.00,DENIED
CLM7614,1642,2103,2024-02-28,27.00,PAID
CLM7615,3435,2065,2024-02-28,154.00,PAID
CLM7616,1285,2024,2024-02-28,282.00,DENIED
CLM7617,1623,2061,2024-02-28,182.00,PAID
CLM7618,3487,2066,2024-02-28,74.00,PAID
CLM7619,3384,2071,2024-02-28,49.00,PAID
CLM7620,1136,2124,2024-02-28,50.00,PAID
CLM7621,2055,2055,2024-02-28,440.00,PAID
CLM7622,1580,2088,2024-02-28,783.00,DENIED
CLM7623,1090,2129,2024-02-28,52.00,PAID
CLM7624,1319,2100,2024-02-28,263.00,PAID
CLM7625,3410,2090,2024-02-29,68.00,PAID
CLM7626,2447,2043,2024-02-29,210.00,PAID
CLM7627,3124,2073,2024-02-29,101.00,PAID
CLM7628,2257,2029,2024-02-29,801.00,DENIED
CLM7629,1220,2083,2024-02-29,243.00,PAID
CLM7630,3009,2126,2024-02-29,129.00,PAID
CLM7631,3276,2091,2024-02-29,29.00,PAID
CLM7632,2156,2024,2024-02-29,1480.00,PAID
CLM7633,2502,2149,2024-02-29,164.00,PAID
CLM7634,3160,2126,2024-02-29,436.00,PAID
CLM7635,3425,2028,2024-02-29,85.00,PAID
CLM7636,2699,2088,2024-02-29,122.00,PAID
CLM7637,2002,2026,2024-02-29,243.00,DENIED
CLM7638,2625,2040,2024-02-29,41.00,PAID
CLM7639,1199,2068,2024-02-29,574.00,PAID
CLM7640,2252,2085,2024-02-29,1211.00,PAID
CLM7641,3194,2014,2024-02-29,137.00,PAID
CLM7642,2841,2088,2024-02-29,1081.00,PAID
CLM7643,2799,2100,2024-02-29,141.00,PAID
CLM7644,1006,2078,2024-02-29,55.00,PAID
CLM7645,2065,2059,2024-02-29,136.00,PAID
CLM7646,1138,2043,2024-02-29,255.00,PAID
CLM7647,2247,2031,2024-02-29,153.00,PAID
CLM7648,1592,2077,2024-02-29,52.00,PAID
CLM7649,1193,2148,2024-02-29,32.00,PAID
CLM7650,2592,2097,2024-02-29,438.00,PAID
CLM7651,1837,2024,2024-02-29,1003.00,DENIED
CLM7652,3324,2036,2024-03-01,241.00,PAID
CLM7653,2175,2020,2024-03-01,52.00,PAID
CLM7654,2602,2071,2024-03-01,103.00,DENIED
CLM7655,1071,2012,2024-03-01,41.00,PAID
CLM7656,2716,2056,2024-03-01,431.00,PAID
CLM7657,3213,2069,2024-03-01,890.00,PAID
CLM7658,2275,2114,2024-03-01,200.00,DENIED
CLM7659,1916,2118,2024-03-01,317.00,DENIED
CLM7660,2632,2043,2024-03-01,326.00,DENIED
CLM7661,2965,2005,2024-03-01,1230.00,PAID
CLM7662,1587,2085,2024-03-01,122.00,PAID
CLM7663,2504,2012,2024-03-01,33.00,PAID
CLM7664,3081,2085,2024-03-01,990.00,PAID
CLM7665,3454,2091,2024-03-01,88.00,DENIED
CLM7666,3213,2026,2024-03-01,157.00,PAID
CLM7667,3068,2103,2024-03-01,139.00,PAID
CLM7668,1040,2094,2024-03-01,517.00,PAID
CLM7669,3091,2126,2024-03-01,147.00,PAID
CLM7670,2807,2075,2024-03-01,27.00,PAID
CLM7671,1337,2104,2024-03-01,402.00,PAID
CLM7672,1923,2001,2024-03-01,58.00,PAID
CLM7673,1654,2078,2024-03-01,27.00,PAID
CLM7674,1730,2018,2024-03-01,57.00,PAID
CLM7675,2361,2076,2024-03-01,214.00,PAID
CLM7676,1406,2075,2024-03-01,33.00,PAID
CLM7677,3188,2050,2024-03-01,416.00,PAID
CLM7678,2046,2016,2024-03-01,81.00,DENIED
CLM7679,2914,2054,2024-03-01,490.00,PAID
CLM7680,1071,2090,2024-03-01,131.00,PAID
CLM7681,1461,2115,2024-03-01,140.00,PAID
CLM7682,3152,2037,2024-03-01,151.00,PAID
CLM7683,1293,2065,2024-03-01,215.00,PAID
CLM7684,2595,2088,2024-03-02,130.00,PAID
CLM7685,2111,2085,2024-03-02,106.00,PAID
CLM7686,3110,2041,2024-03-02,169.00,DENIED
CLM7687,2290,2069,2024-03-02,149.00,PAID
CLM7688,1736,2142,2024-03-02,204.00,PAID
CLM7689,2760,2092,2024-03-02,339.00,PAID
CLM7690,2065,2070,2024-03-02,27.00,PAID
CLM7691,2043,2124,2024-03-02,339.00,PAID
CLM7692,1944,2054,2024-03-02,217.00,PAID
CLM7693,2537,2065,2024-03-02,208.00,PAID
CLM7694,2160,2054,2024-03-02,41.00,PAID
CLM7695,1011,2104,2024-03-03,247.00,PAID
CLM7696,1257,2044,2024-03-03,1127.00,PAID
CLM7697,1605,2046,2024-03-03,113.00,PAID
CLM7698,3311,2088,2024-03-03,158.00,PAID
CLM7699,2081,2104,2024-03-03,284.00,PAID
CLM7700,2117,2131,2024-03-03,570.00,DENIED
CLM7701,2316,2036,2024-03-03,344.00,PAID
CLM7702,1309,2130,2024-03-03,374.00,PAID
CLM7703,1892,2044,2024-03-03,1104.00,PAID
CLM7704,2030,2068,2024-03-03,246.00,PAID
CLM7705,2259,2069,2024-03-03,147.00,PAID
CLM7706,2048,2142,2024-03-03,183.00,PAID
CLM7707,3493,2115,2024-03-03,527.00,PAID
CLM7708,3339,2133,2024-03-04,64.00,PAID
CLM7709,3139,2015,2024-03-04,402.00,PAID
CLM7710,2126,2121,2024-03-04,965.00,PAID
CLM7711,1586,2084,2024-03-04,444.00,PAID
CLM7712,3183,2139,2024-03-04,326.00,PAID
CLM7713,2332,2132,2024-03-04,560.00,DENIED
CLM7714,3286,2070,2024-03-04,51.00,PAID
CLM7715,3200,2069,2024-03-04,1311.00,PAID
CLM7716,2201,2137,2024-03-04,995.00,PAID
CLM7717,3450,2071,2024-03-04,121.00,PAID
CLM7718,2379,2001,2024-03-04,120.00,PAID
CLM7719,3188,2142,2024-03-04,167.00,PAID
CLM7720,3173,2147,2024-03-04,178.00,PAID
CLM7721,1195,2085,2024-03-04,908.00,PAID
CLM7722,2036,2102,2024-03-04,163.00,PAID
CLM7723,2317,2126,2024-03-04,352.00,PAID
CLM7724,2513,2109,2024-03-04,29.00,PAID
CLM7725,3398,2119,2024-03-04,230.00,DENIED
CLM7726,2624,2084,2024-03-04,29.00,PAID
CLM7727,3310,2020,2024-03-04,50.00,PAID
CLM7728,2353,2071,2024-03-04,143.00,PAID
CLM7729,1980,2045,2024-03-04,134.00,PAID
CLM7730,2273,2043,2024-03-04,64.00,PAID
CLM7731,1495,2137,2024-03-04,1349.00,PAID
CLM7732,1943,2026,2024-03-04,68.00,DENIED
CLM7733,1967,2044,2024-03-04,141.00,PAID
CLM7734,1443,2078,2024-03-05,28.00,PAID
CLM7735,2442,2039,2024-03-05,32.00,PAID
CLM7736,2315,2118,2024-03-05,236.00,DENIED
CLM7737,2950,2106,2024-03-05,186.00,PAID
CLM7738,2872,2135,2024-03-05,137.00,PAID
CLM7739,2253,2060,2024-03-05,250.00,PENDING
CLM7740,1262,2131,2024-03-05,393.00,PAID
CLM7741,1919,2052,2024-03-05,84.00,PAID
CLM7742,2731,2129,2024-03-05,122.00,PAID
CLM7743,1995,2091,2024-03-05,57.00,PAID
CLM7744,1200,2082,2024-03-05,57.00,PAID
CLM7745,1625,2082,2024-03-05,120.00,PAID
CLM7746,2098,2060,2024-03-05,49.00,PAID
CLM7747,2396,2109,2024-03-05,29.00,PAID
CLM7748,1316,2148,2024-03-05,253.00,PAID
CLM7749,3460,2111,2024-03-05,270.00,PAID
CLM7750,2675,2049,2024-03-05,197.00,PAID
CLM7751,3217,2016,2024-03-05,58.00,PAID
CLM7752,2978,2077,2024-03-05,126.00,PAID
CLM7753,1933,2131,2024-03-05,43.00,PAID
CLM7754,1207,2079,2024-03-05,103.00,PAID
CLM7755,2735,2131,2024-03-05,44.00,PAID
CLM7756,1046,2079,2024-03-05,241.00,PAID
CLM7757,1869,2121,2024-03-05,164.00,PAID
CLM7758,3360,2069,2024-03-05,141.00,PAID
CLM7759,1330,2129,2024-03-05,132.00,PAID
CLM7760,1280,2120,2024-03-05,162.00,PAID
CLM7761,3100,2072,2024-03-05,206.00,PAID
CLM7762,1608,2111,2024-03-05,116.00,PAID
CLM7763,2844,2126,2024-03-06,283.00,PAID
CLM7764,1921,2109,2024-03-06,151.00,PAID
CLM7765,3428,2118,2024-03-06,85.00,PAID
CLM7766,2530,2126,2024-03-06,289.00,PAID
CLM7767,2648,2022,2024-03-06,35.00,PAID
CLM7768,1814,2076,2024-03-06,69.00,PAID
CLM7769,1068,2067,2024-03-06,671.00,PAID
CLM7770,1534,2087,2024-03-06,297.00,PAID
CLM7771,2357,2030,2024-03-06,161.00,PAID
CLM7772,1902,2131,2024-03-06,49.00,PAID
CLM7773,1142,2044,2024-03-06,157.00,PAID
CLM7774,1953,2017,2024-03-06,82.00,PAID
CLM7775,1033,2068,2024-03-06,1933.00,DENIED
CLM7776,1291,2042,2024-03-06,147.00,PAID
CLM7777,3174,2092,2024-03-06,64.00,PAID
CLM7778,1925,2085,2024-03-06,1138.00,PAID
CLM7779,1848,2037,2024-03-06,47.00,PAID
CLM7780,2463,2119,2024-03-06,131.00,DENIED
CLM7781,2650,2066,2024-03-06,120.00,PAID
CLM7782,2391,2088,2024-03-06,138.00,PAID
CLM7783,3103,2060,2024-03-06,2642.00,DENIED
CLM7784,2966,2137,2024-03-06,112.00,PAID
CLM7785,3447,2071,2024-03-06,52.00,DENIED
CLM7786,2933,2037,2024-03-06,46.00,DENIED
CLM7787,1254,2139,2024-03-06,190.00,PAID
CLM7788,2776,2037,2024-03-06,143.00,PAID
CLM7789,2316,2024,2024-03-06,148.00,PAID
CLM7790,3004,2129,2024-03-07,127.00,PAID
CLM7791,1421,2045,2024-03-07,1525.00,PAID
CLM7792,1149,2119,2024-03-07,183.00,PAID
CLM7793,1239,2078,2024-03-07,29.00,PAID
CLM7794,1634,2022,2024-03-07,134.00,PAID
CLM7795,2806,2114,2024-03-07,225.00,PAID
CLM7796,3355,2100,2024-03-07,491.00,DENIED
CLM7797,3371,2125,2024-03-07,34.00,PAID
CLM7798,2347,2144,2024-03-07,120.00,PAID
CLM7799,2271,2117,2024-03-07,283.00,PAID
CLM7800,1844,2035,2024-03-07,173.00,DENIED
CLM7801,2838,2102,2024-03-07,285.00,PAID
CLM7802,1619,2085,2024-03-07,282.00,PAID
CLM7803,2640,2044,2024-03-07,943.00,DENIED
CLM7804,2414,2071,2024-03-07,193.00,PAID
CLM7805,3436,2136,2024-03-07,141.00,PAID
CLM7806,2132,2066,2024-03-07,58.00,DENIED
CLM7807,2834,2020,2024-03-07,436.00,PAID
CLM7808,1209,2087,2024-03-07,287.00,PAID
CLM7809,2822,2122,2024-03-07,224.00,PAID
CLM7810,1091,2087,2024-03-07,155.00,PAID
CLM7811,2246,2107,2024-03-07,96.00,PAID
CLM7812,2383,2010,2024-03-07,151.00,DENIED
CLM7813,3190,2001,2024-03-07,133.00,PAID
CLM7814,1565,2084,2024-03-07,474.00,PAID
CLM7815,2695,2029,2024-03-07,1079.00,DENIED
CLM7816,1178,2038,2024-03-07,199.00,PAID
CLM7817,3403,2114,2024-03-07,44.00,PAID
CLM7818,1152,2142,2024-03-07,86.00,PAID
CLM7819,2176,2007,2024-03-07,183.00,PAID
CLM7820,1898,2146,2024-03-07,198.00,PAID
CLM7821,3348,2030,2024-03-07,107.00,PAID
CLM7822,3054,2143,2024-03-07,321.00,PAID
CLM7823,2776,2140,2024-03-08,382.00,PAID
CLM7824,1044,2146,2024-03-08,226.00,PAID
CLM7825,1038,2111,2024-03-08,124.00,PAID
CLM7826,1713,2102,2024-03-08,144.00,PAID
CLM7827,1200,2114,2024-03-08,253.00,PENDING
CLM7828,2179,2070,2024-03-08,149.00,PAID
CLM7829,1051,2011,2024-03-08,337.00,PAID
CLM7830,2717,2019,2024-03-08,29.00,PAID
CLM7831,2136,2013,2024-03-08,365.00,PAID
CLM7832,2453,2077,2024-03-08,98.00,PAID
CLM7833,1841,2132,2024-03-08,51.00,PAID
CLM7834,2950,2047,2024-03-08,116.00,PAID
CLM7835,3292,2132,2024-03-08,52.00,PAID
CLM7836,2170,2052,2024-03-08,65.00,PAID
CLM7837,3103,2034,2024-03-08,60.00,PAID
CLM7838,3306,2053,2024-03-08,406.00,PAID
CLM7839,1889,2015,2024-03-08,1887.00,PAID
CLM7840,1495,2043,2024-03-08,455.00,PAID
CLM7841,2218,2093,2024-03-08,508.00,DENIED
CLM7842,2786,2002,2024-03-08,69.00,DENIED
CLM7843,2045,2084,2024-03-08,291.00,PAID
CLM7844,2935,2105,2024-03-08,5188.00,PAID
CLM7845,1445,2133,2024-03-08,233.00,PAID
CLM7846,2191,2017,2024-03-08,153.00,PAID
CLM7847,2227,2050,2024-03-08,141.00,PAID
CLM7848,1470,2035,2024-03-08,35.00,PAID
CLM7849,3344,2029,2024-03-08,167.00,PAID
CLM7850,1095,2005,2024-03-08,47.00,DENIED
CLM7851,1113,2087,2024-03-08,1606.00,PAID
CLM7852,2185,2132,2024-03-08,240.00,DENIED
CLM7853,2254,2019,2024-03-08,45.00,PAID
CLM7854,2280,2102,2024-03-08,570.00,PAID
CLM7855,1874,2142,2024-03-08,147.00,PAID
CLM7856,3348,2074,2024-03-08,206.00,PAID
CLM7857,2442,2005,2024-03-08,211.00,DENIED
CLM7858,2679,2061,2024-03-08,28.00,PAID
CLM7859,1249,2053,2024-03-09,37.00,PAID
CLM7860,1009,2102,2024-03-09,378.00,PAID
CLM7861,1702,2017,2024-03-09,43.00,PAID
CLM7862,3250,2023,2024-03-09,219.00,PAID
CLM7863,2487,2085,2024-03-09,166.00,PAID
CLM7864,3028,2091,2024-03-09,64.00,PAID
CLM7865,1195,2044,2024-03-09,320.00,PAID
CLM7866,1945,2143,2024-03-09,300.00,PAID
CLM7867,2353,2078,2024-03-09,130.00,DENIED
CLM7868,2294,2105,2024-03-10,124.00,PAID
CLM7869,2071,2085,2024-03-10,107.00,PAID
CLM7870,1684,2022,2024-03-10,90.00,PAID
CLM7871,2218,2004,2024-03-10,161.00,PAID
CLM7872,1512,2052,2024-03-10,288.00,DENIED
CLM7873,3203,2039,2024-03-10,129.00,PAID
CLM7874,1893,2076,2024-03-10,120.00,PAID
CLM7875,2743,2004,2024-03-10,161.00,PAID
CLM7876,1038,2071,2024-03-10,158.00,PAID
CLM7877,1550,2111,2024-03-10,152.00,PAID
CLM7878,3246,2051,2024-03-10,46.00,DENIED
CLM7879,2984,2102,2024-03-10,162.00,PAID
CLM7880,3461,2029,2024-03-10,266.00,PAID
CLM7881,1278,2045,2024-03-10,115.00,PAID
CLM7882,1832,2145,2024-03-10,87.00,DENIED
CLM7883,2211,2059,2024-03-10,461.00,PAID
CLM7884,3498,2085,2024-03-11,99.00,PAID
CLM7885,2041,2026,2024-03-11,38.00,DENIED
CLM7886,2866,2020,2024-03-11,599.00,PAID
CLM7887,1005,2137,2024-03-11,301.00,PAID
CLM7888,2486,2068,2024-03-11,1226.00,DENIED
CLM7889,3226,2042,2024-03-11,278.00,PAID
CLM7890,2836,2087,2024-03-11,131.00,PAID
CLM7891,2328,2023,2024-03-11,32.00,PAID
CLM7892,1335,2120,2024-03-11,320.00,PAID
CLM7893,1912,2066,2024-03-11,149.00,PAID
CLM7894,2850,2113,2024-03-11,320.00,DENIED
CLM7895,3205,2049,2024-03-11,108.00,PAID
CLM7896,2593,2036,2024-03-11,136.00,DENIED
CLM7897,3397,2043,2024-03-11,138.00,PAID
CLM7898,1048,2002,2024-03-11,68.00,DENIED
CLM7899,3366,2121,2024-03-11,118.00,PAID
CLM7900,2316,2026,2024-03-11,72.00,PAID
CLM7901,3079,2095,2024-03-11,149.00,PAID
CLM7902,1014,2052,2024-03-11,32.00,PAID
CLM7903,1178,2119,2024-03-11,218.00,PAID
CLM7904,3340,2095,2024-03-11,138.00,PAID
CLM7905,1029,2124,2024-03-11,117.00,PAID
CLM7906,1964,2011,2024-03-12,246.00,PAID
CLM7907,2004,2076,2024-03-12,41.00,PAID
CLM7908,1111,2114,2024-03-12,69.00,PAID
CLM7909,2282,2045,2024-03-12,241.00,PAID
CLM7910,2002,2071,2024-03-12,47.00,DENIED
CLM7911,1656,2082,2024-03-12,47.00,PAID
CLM7912,2519,2105,2024-03-12,1379.00,PAID
CLM7913,2223,2073,2024-03-12,107.00,PAID
CLM7914,2230,2065,2024-03-12,110.00,PAID
CLM7915,3137,2105,2024-03-12,135.00,PAID
CLM7916,1126,2131,2024-03-12,212.00,PAID
CLM7917,2361,2043,2024-03-12,133.00,PAID
CLM7918,1607,2100,2024-03-12,126.00,PAID
CLM7919,2882,2037,2024-03-12,49.00,PAID
CLM7920,2313,2060,2024-03-12,2603.00,PAID
CLM7921,1196,2104,2024-03-12,120.00,PAID
CLM7922,2015,2053,2024-03-12,285.00,PAID
CLM7923,2762,2008,2024-03-12,65.00,PAID
CLM7924,1143,2093,2024-03-12,46.00,PAID
CLM7925,1046,2003,2024-03-12,84.00,PAID
CLM7926,1085,2063,2024-03-12,192.00,DENIED
CLM7927,1733,2040,2024-03-12,84.00,PAID
CLM7928,2278,2012,2024-03-12,289.00,DENIED
CLM7929,2133,2121,2024-03-12,290.00,PAID
CLM7930,2542,2074,2024-03-12,327.00,PAID
CLM7931,3126,2144,2024-03-12,294.00,DENIED
CLM7932,2732,2015,2024-03-12,118.00,PAID
CLM7933,1814,2069,2024-03-12,290.00,PAID
CLM7934,2611,2098,2024-03-12,44.00,PAID
CLM7935,2537,2044,2024-03-13,130.00,PAID
CLM7936,1869,2037,2024-03-13,95.00,PAID
CLM7937,1200,2132,2024-03-13,230.00,PAID
CLM7938,2067,2124,2024-03-13,135.00,PAID
CLM7939,2396,2013,2024-03-13,112.00,PAID
CLM7940,1185,2027,2024-03-13,108.00,PAID
CLM7941,1175,2085,2024-03-13,1464.00,PAID
CLM7942,2487,2021,2024-03-13,169.00,PAID
CLM7943,3323,2100,2024-03-13,362.00,PAID
CLM7944,2918,2115,2024-03-13,294.00,PAID
CLM7945,3043,2044,2024-03-13,165.00,PAID
CLM7946,3061,2084,2024-03-13,166.00,PAID
CLM7947,1480,2082,2024-03-13,45.00,PAID
CLM7948,3066,2068,2024-03-13,1504.00,PAID
CLM7949,2862,2091,2024-03-13,53.00,DENIED
CLM7950,1028,2036,2024-03-13,287.00,PAID
CLM7951,2032,2137,2024-03-13,1571.00,PAID
CLM7952,1186,2126,2024-03-13,303.00,PAID
CLM7953,1277,2096,2024-03-13,51.00,PAID
CLM7954,2980,2105,2024-03-13,279.00,PAID
CLM7955,2572,2028,2024-03-13,331.00,PAID
CLM7956,2767,2131,2024-03-13,47.00,PAID
CLM7957,2874,2072,2024-03-13,71.00,PAID
CLM7958,1977,2090,2024-03-13,78.00,PAID
CLM7959,1414,2125,2024-03-13,44.00,PAID
CLM7960,3278,2137,2024-03-14,500.00,DENIED
CLM7961,3066,2064,2024-03-14,35.00,PAID
CLM7962,2666,2085,2024-03-14,1099.00,PAID
CLM7963,1384,2059,2024-03-14,527.00,PAID
CLM7964,3265,2019,2024-03-14,121.00,PAID
CLM7965,1646,2085,2024-03-14,127.00,PAID
CLM7966,1294,2083,2024-03-14,167.00,PAID
CLM7967,2223,2121,2024-03-14,1100.00,PAID
CLM7968,2471,2044,2024-03-14,960.00,PAID
CLM7969,1368,2078,2024-03-14,150.00,PAID
CLM7970,3494,2068,2024-03-14,933.00,PAID
CLM7971,3289,2085,2024-03-14,145.00,PAID
CLM7972,1090,2017,2024-03-14,31.00,PAID
CLM7973,3297,2006,2024-03-14,139.00,PAID
CLM7974,2791,2088,2024-03-14,134.00,PAID
CLM7975,1069,2124,2024-03-14,28.00,PAID
CLM7976,3227,2075,2024-03-14,157.00,PAID
CLM7977,2811,2071,2024-03-14,111.00,PAID
CLM7978,2158,2136,2024-03-14,125.00,PENDING
CLM7979,1813,2043,2024-03-14,198.00,PAID
CLM7980,2237,2116,2024-03-14,87.00,PAID
CLM7981,3430,2020,2024-03-14,408.00,PAID
CLM7982,1894,2022,2024-03-14,65.00,PAID
CLM7983,1505,2133,2024-03-14,222.00,DENIED
CLM7984,1607,2080,2024-03-14,597.00,PAID
CLM7985,2396,2040,2024-03-14,106.00,DENIED
CLM7986,1602,2118,2024-03-14,30.00,PAID
CLM7987,1556,2024,2024-03-14,173.00,DENIED
CLM7988,3490,2028,2024-03-14,117.00,PAID
CLM7989,2110,2042,2024-03-14,189.00,PAID
CLM7990,1681,2090,2024-03-15,131.00,PAID
CLM7991,1885,2150,2024-03-15,51.00,PAID
CLM7992,1408,2109,2024-03-15,97.00,PAID
CLM7993,3166,2091,2024-03-15,53.00,PAID
CLM7994,2632,2027,2024-03-15,141.00,PENDING
CLM7995,2252,2078,2024-03-15,98.00,PAID
CLM7996,2289,2027,2024-03-15,119.00,PAID
CLM7997,2989,2028,2024-03-15,400.00,PAID
CLM7998,1326,2024,2024-03-15,1058.00,PAID
CLM7999,2149,2140,2024-03-15,127.00,PAID
CLM8000,3420,2043,2024-03-15,38.00,DENIED
CLM8001,1942,2072,2024-03-15,343.00,PAID
CLM8002,2460,2041,2024-03-15,273.00,DENIED
CLM8003,1228,2042,2024-03-15,148.00,PAID
CLM8004,2581,2087,2024-03-15,1253.00,PAID
CLM8005,3194,2059,2024-03-15,145.00,PAID
CLM8006,1215,2083,2024-03-15,28.00,PAID
CLM8007,3423,2046,2024-03-15,342.00,PAID
CLM8008,1321,2088,2024-03-15,1460.00,PAID
CLM8009,1270,2015,2024-03-15,1813.00,DENIED
CLM8010,2995,2114,2024-03-15,33.00,PAID
CLM8011,1163,2144,2024-03-15,141.00,PAID
CLM8012,2046,2143,2024-03-15,153.00,PAID
CLM8013,1587,2071,2024-03-15,143.00,DENIED
CLM8014,2285,2072,2024-03-15,64.00,PAID
CLM8015,2667,2074,2024-03-15,155.00,PAID
CLM8016,2393,2089,2024-03-15,66.00,PAID
CLM8017,1385,2131,2024-03-15,45.00,PAID
CLM8018,2372,2134,2024-03-15,92.00,PAID
CLM8019,2763,2117,2024-03-15,36.00,PAID
CLM8020,1197,2135,2024-03-15,79.00,PAID
CLM8021,1554,2102,2024-03-16,285.00,PAID
CLM8022,1199,2088,2024-03-16,1243.00,PAID
CLM8023,2379,2060,2024-03-16,1219.00,PAID
CLM8024,3077,2002,2024-03-16,221.00,PAID
CLM8025,1070,2149,2024-03-16,166.00,PAID
CLM8026,1118,2022,2024-03-16,200.00,PAID
CLM8027,2481,2030,2024-03-16,134.00,PAID
CLM8028,2681,2130,2024-03-16,47.00,PAID
CLM8029,1663,2039,2024-03-16,234.00,PAID
CLM8030,1105,2141,2024-03-16,168.00,PAID
CLM8031,1694,2131,2024-03-16,45.00,PAID
CLM8032,2850,2068,2024-03-17,1294.00,DENIED
CLM8033,1527,2064,2024-03-17,377.00,PAID
CLM8034,1580,2069,2024-03-17,277.00,PAID
CLM8035,2273,2060,2024-03-17,204.00,PAID
CLM8036,2731,2019,2024-03-17,30.00,PAID
CLM8037,1854,2145,2024-03-17,115.00,PAID
CLM8038,2808,2063,2024-03-17,46.00,PAID
CLM8039,1640,2069,2024-03-17,302.00,DENIED
CLM8040,3132,2037,2024-03-17,134.00,PAID
CLM8041,1822,2112,2024-03-18,384.00,PAID
CLM8042,3029,2093,2024-03-18,287.00,PAID
CLM8043,1777,2137,2024-03-18,114.00,PAID
CLM8044,1315,2015,2024-03-18,392.00,PAID
CLM8045,1790,2059,2024-03-18,172.00,PAID
CLM8046,2835,2039,2024-03-18,51.00,PAID
CLM8047,1387,2112,2024-03-18,44.00,PAID
CLM8048,1665,2145,2024-03-18,73.00,DENIED
CLM8049,2456,2077,2024-03-18,25.00,DENIED
CLM8050,2321,2141,2024-03-18,76.00,DENIED
CLM8051,3434,2022,2024-03-18,59.00,PAID
CLM8052,1854,2066,2024-03-18,127.00,PAID
CLM8053,3023,2105,2024-03-18,852.00,PAID
CLM8054,2728,2104,2024-03-18,117.00,PAID
CLM8055,2791,2075,2024-03-18,28.00,PAID
CLM8056,2244,2021,2024-03-18,53.00,PAID
CLM8057,1785,2030,2024-03-18,52.00,PAID
CLM8058,2290,2069,2024-03-18,125.00,PAID
CLM8059,1486,2148,2024-03-18,129.00,PAID
CLM8060,1311,2095,2024-03-19,58.00,PAID
CLM8061,2730,2002,2024-03-19,31.00,PAID
CLM8062,1936,2072,2024-03-19,66.00,PAID
CLM8063,3062,2031,2024-03-19,613.00,PAID
CLM8064,3061,2106,2024-03-19,32.00,PAID
CLM8065,1439,2087,2024-03-19,298.00,PAID
CLM8066,2915,2066,2024-03-19,155.00,PAID
CLM8067,2934,2110,2024-03-19,162.00,PAID
CLM8068,2205,2059,2024-03-19,123.00,PAID
CLM8069,2941,2020,2024-03-19,2391.00,PAID
CLM8070,1881,2024,2024-03-19,309.00,PAID
CLM8071,1902,2068,2024-03-19,486.00,PAID
CLM8072,2234,2036,2024-03-19,330.00,PAID
CLM8073,2447,2076,2024-03-19,31.00,PAID
CLM8074,2119,2091,2024-03-19,39.00,PAID
CLM8075,1223,2015,2024-03-19,510.00,PAID
CLM8076,1234,2010,2024-03-19,141.00,PAID
CLM8077,1198,2045,2024-03-19,121.00,PAID
CLM8078,3039,2012,2024-03-19,377.00,PAID
CLM8079,2584,2087,2024-03-19,1461.00,PAID
CLM8080,1930,2059,2024-03-19,513.00,DENIED
CLM8081,1542,2121,2024-03-19,290.00,PAID
CLM8082,2867,2061,2024-03-19,108.00,PAID
CLM8083,2125,2009,2024-03-19,287.00,PAID
CLM8084,1698,2111,2024-03-19,50.00,PAID
CLM8085,3295,2032,2024-03-19,258.00,PAID
CLM8086,2709,2132,2024-03-19,434.00,PAID
CLM8087,1188,2001,2024-03-19,44.00,PAID
CLM8088,1505,2110,2024-03-20,225.00,PAID
CLM8089,1958,2121,2024-03-20,155.00,PAID
CLM8090,2305,2037,2024-03-20,135.00,PAID
CLM8091,2530,2137,2024-03-20,912.00,PAID
CLM8092,1391,2012,2024-03-20,146.00,PAID
CLM8093,1630,2039,2024-03-20,105.00,PAID
CLM8094,2717,2029,2024-03-20,771.00,PAID
CLM8095,1603,2136,2024-03-20,324.00,PAID
CLM8096,1422,2050,2024-03-20,134.00,PAID
CLM8097,2336,2106,2024-03-20,153.00,DENIED
CLM8098,2012,2091,2024-03-20,55.00,PAID
CLM8099,1196,2006,2024-03-20,133.00,PAID
CLM8100,3440,2020,2024-03-20,1043.00,PAID
CLM8101,1388,2123,2024-03-20,38.00,PAID
CLM8102,2695,2046,2024-03-20,315.00,PAID
CLM8103,2601,2134,2024-03-20,39.00,PAID
CLM8104,3031,2088,2024-03-20,156.00,PAID
CLM8105,1689,2013,2024-03-20,128.00,PAID
CLM8106,3423,2121,2024-03-20,825.00,DENIED
CLM8107,2368,2005,2024-03-20,198.00,DENIED
CLM8108,1755,2035,2024-03-20,176.00,PAID
CLM8109,2827,2087,2024-03-20,133.00,PAID
CLM8110,2092,2059,2024-03-20,146.00,PAID
CLM8111,2432,2002,2024-03-20,37.00,PAID
CLM8112,2115,2001,2024-03-20,49.00,PAID
CLM8113,1756,2023,2024-03-20,236.00,PAID
CLM8114,3256,2147,2024-03-20,265.00,PAID
CLM8115,1224,2042,2024-03-21,187.00,DENIED
CLM8116,2950,2087,2024-03-21,120.00,PAID
CLM8117,2061,2003,2024-03-21,208.00,PAID
CLM8118,1784,2060,2024-03-21,209.00,PAID
CLM8119,2884,2104,2024-03-21,111.00,DENIED
CLM8120,1195,2012,2024-03-21,324.00,PAID
CLM8121,3479,2037,2024-03-21,156.00,PAID
CLM8122,1646,2084,2024-03-21,128.00,PAID
CLM8123,1035,2086,2024-03-21,50.00,PAID
CLM8124,1383,2058,2024-03-21,187.00,PAID
CLM8125,1449,2046,2024-03-21,35.00,PAID
CLM8126,3497,2126,2024-03-21,126.00,PAID
CLM8127,1676,2043,2024-03-21,133.00,PAID
CLM8128,1029,2076,2024-03-21,41.00,PAID
CLM8129,3176,2114,2024-03-21,79.00,PAID
CLM8130,2146,2083,2024-03-21,138.00,PAID
CLM8131,2513,2091,2024-03-21,54.00,PAID
CLM8132,2937,2140,2024-03-21,495.00,DENIED
CLM8133,3107,2094,2024-03-21,145.00,PAID
CLM8134,1215,2124,2024-03-21,95.00,PAID
CLM8135,2188,2034,2024-03-21,116.00,PAID
CLM8136,2247,2132,2024-03-21,2420.00,DENIED
CLM8137,2182,2097,2024-03-21,113.00,PAID
CLM8138,1314,2021,2024-03-21,117.00,PAID
CLM8139,3255,2050,2024-03-21,232.00,PAID
CLM8140,3439,2022,2024-03-21,148.00,PAID
CLM8141,1210,2039,2024-03-21,191.00,PAID
CLM8142,3186,2130,2024-03-21,32.00,PAID
CLM8143,2600,2051,2024-03-21,32.00,PAID
CLM8144,1127,2024,2024-03-21,4535.00,PAID
CLM8145,3214,2059,2024-03-21,233.00,PAID
CLM8146,2324,2141,2024-03-21,181.00,PAID
CLM8147,3093,2017,2024-03-21,409.00,PAID
CLM8148,2029,2149,2024-03-21,63.00,PAID
CLM8149,3447,2004,2024-03-21,981.00,DENIED
CLM8150,2852,2068,2024-03-21,167.00,DENIED
CLM8151,2403,2071,2024-03-22,181.00,PAID
CLM8152,1575,2054,2024-03-22,271.00,PAID
CLM8153,2792,2115,2024-03-22,524.00,PAID
CLM8154,1597,2069,2024-03-22,318.00,PAID
CLM8155,2765,2030,2024-03-22,490.00,PAID
CLM8156,2910,2109,2024-03-22,32.00,PAID
CLM8157,3489,2068,2024-03-22,278.00,DENIED
CLM8158,2773,2029,2024-03-22,150.00,DENIED
CLM8159,2493,2133,2024-03-22,32.00,PAID
CLM8160,2666,2121,2024-03-22,142.00,PAID
CLM8161,1666,2044,2024-03-22,139.00,PAID
CLM8162,2552,2024,2024-03-22,984.00,PAID
CLM8163,2724,2133,2024-03-22,39.00,PAID
CLM8164,1100,2004,2024-03-22,4533.00,PAID
CLM8165,3003,2111,2024-03-22,111.00,PAID
CLM8166,2850,2039,2024-03-22,235.00,PAID
CLM8167,2662,2049,2024-03-22,164.00,PAID
CLM8168,1445,2091,2024-03-22,60.00,PAID
CLM8169,1009,2001,2024-03-22,131.00,PAID
CLM8170,3374,2009,2024-03-22,207.00,PAID
CLM8171,1699,2068,2024-03-22,500.00,PAID
CLM8172,2695,2029,2024-03-22,1055.00,PAID
CLM8173,1281,2116,2024-03-22,64.00,PAID
CLM8174,2267,2098,2024-03-22,304.00,PAID
CLM8175,1760,2005,2024-03-22,52.00,PAID
CLM8176,2717,2081,2024-03-22,204.00,PAID
CLM8177,1326,2045,2024-03-22,128.00,PAID
CLM8178,3381,2086,2024-03-22,120.00,PAID
CLM8179,1696,2150,2024-03-22,579.00,PAID
CLM8180,2490,2127,2024-03-22,44.00,PAID
CLM8181,2045,2058,2024-03-22,128.00,PAID
CLM8182,1483,2095,2024-03-22,242.00,PAID
CLM8183,2027,2005,2024-03-22,47.00,PAID
CLM8184,1550,2018,2024-03-22,429.00,PAID
CLM8185,2005,2126,2024-03-22,145.00,DENIED
CLM8186,1494,2071,2024-03-22,49.00,PAID
CLM8187,2820,2011,2024-03-22,341.00,PAID
CLM8188,2463,2107,2024-03-23,194.00,PAID
CLM8189,1929,2137,2024-03-23,113.00,PAID
CLM8190,1526,2143,2024-03-23,164.00,PAID
CLM8191,3128,2092,2024-03-23,51.00,PAID
CLM8192,1300,2133,2024-03-23,136.00,PAID
CLM8193,2351,2021,2024-03-23,151.00,PAID
CLM8194,1910,2074,2024-03-23,193.00,PAID
CLM8195,1840,2122,2024-03-24,338.00,PAID
CLM8196,1760,2122,2024-03-24,34.00,PAID
CLM8197,2809,2076,2024-03-24,195.00,PAID
CLM8198,2332,2019,2024-03-24,52.00,PAID
CLM8199,2782,2084,2024-03-24,81.00,PAID
CLM8200,3117,2085,2024-03-24,963.00,PAID
CLM8201,3204,2072,2024-03-24,27.00,PAID
CLM8202,1555,2147,2024-03-25,449.00,PAID
CLM8203,2623,2121,2024-03-25,4073.00,PAID
CLM8204,1898,2039,2024-03-25,264.00,PAID
CLM8205,3157,2036,2024-03-25,306.00,DENIED
CLM8206,3409,2137,2024-03-25,1944.00,PAID
CLM8207,1058,2084,2024-03-25,96.00,PAID
CLM8208,3313,2133,2024-03-25,276.00,PAID
CLM8209,1748,2024,2024-03-25,127.00,PAID
CLM8210,2071,2086,2024-03-25,116.00,PAID
CLM8211,2487,2024,2024-03-25,1148.00,PAID
CLM8212,1586,2053,2024-03-25,159.00,PAID
CLM8213,3152,2069,2024-03-25,294.00,PAID
CLM8214,2414,2065,2024-03-25,139.00,PAID
CLM8215,1006,2068,2024-03-25,100.00,PAID
CLM8216,3463,2075,2024-03-25,69.00,PAID
CLM8217,1661,2121,2024-03-25,299.00,PAID
CLM8218,2735,2116,2024-03-25,183.00,PAID
CLM8219,2262,2068,2024-03-25,705.00,PAID
CLM8220,1726,2088,2024-03-25,1249.00,DENIED
CLM8221,2537,2006,2024-03-25,127.00,PAID
CLM8222,1919,2143,2024-03-25,287.00,DENIED
CLM8223,2881,2131,2024-03-25,327.00,PAID
CLM8224,2166,2037,2024-03-25,298.00,PAID
CLM8225,2503,2045,2024-03-26,7101.00,PAID
CLM8226,1306,2123,2024-03-26,93.00,PAID
CLM8227,1745,2055,2024-03-26,128.00,PAID
CLM8228,3152,2046,2024-03-26,291.00,PAID
CLM8229,2501,2045,2024-03-26,276.00,PAID
CLM8230,3408,2098,2024-03-26,421.00,PAID
CLM8231,2925,2008,2024-03-26,220.00,PAID
CLM8232,2765,2105,2024-03-26,1192.00,PAID
CLM8233,2193,2052,2024-03-26,50.00,PAID
CLM8234,2485,2084,2024-03-26,84.00,PAID
CLM8235,2986,2015,2024-03-26,268.00,PAID
CLM8236,1685,2052,2024-03-26,41.00,PAID
CLM8237,1492,2027,2024-03-26,328.00,PAID
CLM8238,1761,2101,2024-03-26,84.00,PAID
CLM8239,2595,2122,2024-03-26,383.00,PAID
CLM8240,3256,2026,2024-03-26,28.00,PAID
CLM8241,1177,2133,2024-03-26,45.00,PAID
CLM8242,3343,2118,2024-03-26,300.00,PAID
CLM8243,3046,2146,2024-03-26,208.00,PAID
CLM8244,2353,2047,2024-03-26,33.00,PAID
CLM8245,1787,2040,2024-03-26,48.00,DENIED
CLM8246,2809,2084,2024-03-26,224.00,PAID
CLM8247,2510,2020,2024-03-26,1318.00,PAID
CLM8248,1067,2104,2024-03-26,230.00,PAID
CLM8249,1437,2068,2024-03-26,1254.00,PAID
CLM8250,3435,2004,2024-03-26,1123.00,PAID
CLM8251,1773,2114,2024-03-26,39.00,PAID
CLM8252,2491,2001,2024-03-26,229.00,PAID
CLM8253,2060,2077,2024-03-27,151.00,PAID
CLM8254,2249,2099,2024-03-27,92.00,PAID
CLM8255,3204,2126,2024-03-27,137.00,PAID
CLM8256,3285,2075,2024-03-27,91.00,PAID
CLM8257,2526,2111,2024-03-27,131.00,PAID
CLM8258,2572,2066,2024-03-27,31.00,PAID
CLM8259,2978,2078,2024-03-27,70.00,PAID
CLM8260,3094,2095,2024-03-27,118.00,PAID
CLM8261,1826,2064,2024-03-27,99.00,PAID
CLM8262,1797,2060,2024-03-27,264.00,PAID
CLM8263,2132,2022,2024-03-27,27.00,DENIED
CLM8264,2358,2033,2024-03-27,396.00,PAID
CLM8265,1580,2088,2024-03-27,302.00,PAID
CLM8266,1197,2017,2024-03-27,112.00,DENIED
CLM8267,2996,2072,2024-03-27,301.00,PAID
CLM8268,1111,2018,2024-03-27,270.00,PAID
CLM8269,1344,2053,2024-03-27,298.00,PAID
CLM8270,1397,2129,2024-03-27,181.00,DENIED
CLM8271,2677,2133,2024-03-27,327.00,PAID
CLM8272,1236,2012,2024-03-27,221.00,PAID
CLM8273,2894,2004,2024-03-27,142.00,PAID
CLM8274,2002,2137,2024-03-27,557.00,PAID
CLM8275,1541,2137,2024-03-27,158.00,PAID
CLM8276,2457,2099,2024-03-27,35.00,PAID
CLM8277,2208,2019,2024-03-27,183.00,PAID
CLM8278,2836,2092,2024-03-27,181.00,PAID
CLM8279,1103,2064,2024-03-27,40.00,PAID
CLM8280,2675,2091,2024-03-27,24.00,PAID
CLM8281,2779,2012,2024-03-27,60.00,PAID
CLM8282,2819,2132,2024-03-27,429.00,PAID
CLM8283,1736,2041,2024-03-27,167.00,PAID
CLM8284,3083,2044,2024-03-27,163.00,DENIED
CLM8285,2420,2069,2024-03-28,142.00,PAID
CLM8286,2455,2057,2024-03-28,43.00,PAID
CLM8287,1197,2029,2024-03-28,150.00,PAID
CLM8288,1790,2081,2024-03-28,113.00,PAID
CLM8289,1534,2054,2024-03-28,142.00,PAID
CLM8290,2540,2004,2024-03-28,1221.00,PAID
CLM8291,1391,2089,2024-03-28,220.00,PAID
CLM8292,3103,2095,2024-03-28,1633.00,PAID
CLM8293,1596,2006,2024-03-28,204.00,PAID
CLM8294,2529,2073,2024-03-28,413.00,PAID
CLM8295,2006,2045,2024-03-28,137.00,PAID
CLM8296,1294,2068,2024-03-28,113.00,PAID
CLM8297,1458,2065,2024-03-28,104.00,PAID
CLM8298,3324,2011,2024-03-28,182.00,PAID
CLM8299,1836,2009,2024-03-28,205.00,PAID
CLM8300,1694,2029,2024-03-28,287.00,PAID
CLM8301,2496,2083,2024-03-28,336.00,PAID
CLM8302,1823,2095,2024-03-28,90.00,PAID
CLM8303,1477,2087,2024-03-28,1300.00,PAID
CLM8304,1019,2054,2024-03-28,151.00,PAID
CLM8305,2101,2058,2024-03-28,299.00,PAID
CLM8306,2852,2024,2024-03-28,139.00,PAID
CLM8307,3169,2088,2024-03-28,168.00,PAID
CLM8308,1507,2127,2024-03-28,105.00,PAID
CLM8309,2428,2060,2024-03-28,47.00,PAID
CLM8310,2630,2107,2024-03-28,373.00,PAID
CLM8311,2046,2034,2024-03-28,33.00,PAID
CLM8312,2625,2001,2024-03-28,128.00,PAID
CLM8313,1389,2076,2024-03-28,68.00,PAID
CLM8314,2010,2074,2024-03-28,208.00,PAID
CLM8315,2036,2068,2024-03-29,1015.00,PAID
CLM8316,1894,2039,2024-03-29,364.00,PAID
CLM8317,3485,2076,2024-03-29,126.00,PAID
CLM8318,1621,2149,2024-03-29,61.00,PAID
CLM8319,3043,2029,2024-03-29,254.00,PAID
CLM8320,3148,2077,2024-03-29,25.00,PAID
CLM8321,3182,2101,2024-03-29,237.00,PAID
CLM8322,1816,2136,2024-03-29,188.00,DENIED
CLM8323,2842,2137,2024-03-29,664.00,PAID
CLM8324,2610,2064,2024-03-29,328.00,PAID
CLM8325,1133,2111,2024-03-29,121.00,PAID
CLM8326,1674,2076,2024-03-29,257.00,PAID
CLM8327,1872,2126,2024-03-29,385.00,PAID
CLM8328,2365,2005,2024-03-29,1279.00,PAID
CLM8329,3462,2053,2024-03-29,123.00,PAID
CLM8330,2732,2104,2024-03-29,141.00,PAID
CLM8331,1097,2101,2024-03-29,152.00,PAID
CLM8332,2135,2053,2024-03-29,67.00,PAID
CLM8333,2802,2112,2024-03-29,317.00,PAID
CLM8334,1556,2072,2024-03-29,102.00,PAID
CLM8335,2046,2052,2024-03-29,101.00,DENIED
CLM8336,2647,2100,2024-03-29,136.00,PAID
CLM8337,1236,2004,2024-03-29,848.00,PAID
CLM8338,2738,2143,2024-03-29,416.00,PAID
CLM8339,2596,2120,2024-03-29,54.00,PAID
CLM8340,1038,2039,2024-03-29,88.00,PAID
CLM8341,1604,2060,2024-03-29,44.00,PAID
CLM8342,3292,2096,2024-03-29,42.00,PAID
CLM8343,3403,2072,2024-03-29,233.00,PAID
CLM8344,1266,2114,2024-03-30,287.00,PAID
CLM8345,3434,2054,2024-03-30,32.00,PAID
CLM8346,1780,2015,2024-03-30,535.00,PAID
CLM8347,1693,2075,2024-03-30,45.00,PAID
CLM8348,1917,2059,2024-03-30,142.00,DENIED
CLM8349,2089,2004,2024-03-30,870.00,PAID
CLM8350,1899,2088,2024-03-30,305.00,PAID
CLM8351,2010,2114,2024-03-30,216.00,DENIED
CLM8352,3069,2081,2024-03-30,250.00,PAID
CLM8353,3069,2005,2024-03-30,297.00,DENIED
CLM8354,1656,2065,2024-03-30,91.00,PAID
CLM8355,2032,2095,2024-03-30,127.00,PAID
CLM8356,1464,2103,2024-03-31,117.00,PAID
CLM8357,2037,2033,2024-03-31,197.00,PAID
CLM8358,2874,2013,2024-03-31,136.00,PAID
CLM8359,2415,2004,2024-03-31,141.00,PAID
CLM8360,1026,2077,2024-03-31,98.00,PAID
CLM8361,1891,2117,2024-03-31,147.00,PAID
CLM8362,3373,2020,2024-03-31,199.00,PAID
CLM8363,1988,2085,2024-03-31,100.00,PAID
CLM8364,1001,2087,2024-03-31,132.00,PAID
CLM8365,2842,2121,2024-03-31,168.00,PAID
CLM8366,2602,2121,2024-04-01,1143.00,DENIED
CLM8367,2190,2081,2024-04-01,349.00,PAID
CLM8368,2258,2082,2024-04-01,432.00,PAID
CLM8369,3168,2064,2024-04-01,530.00,PAID
CLM8370,3184,2029,2024-04-01,1199.00,PAID
CLM8371,2521,2005,2024-04-01,51.00,PAID
CLM8372,1251,2059,2024-04-01,301.00,PAID
CLM8373,1328,2008,2024-04-01,60.00,PAID
CLM8374,1612,2143,2024-04-01,527.00,PAID
CLM8375,1600,2125,2024-04-01,164.00,PAID
CLM8376,2384,2013,2024-04-01,385.00,PAID
CLM8377,3163,2096,2024-04-01,34.00,PAID
CLM8378,1087,2074,2024-04-01,448.00,PAID
CLM8379,1743,2085,2024-04-01,164.00,PAID
CLM8380,2767,2025,2024-04-01,219.00,DENIED
CLM8381,2251,2137,2024-04-01,932.00,PAID
CLM8382,1642,2034,2024-04-01,109.00,PAID
CLM8383,1525,2041,2024-04-01,114.00,PAID
CLM8384,2068,2135,2024-04-01,77.00,PAID
CLM8385,1884,2057,2024-04-01,44.00,DENIED
CLM8386,3414,2084,2024-04-01,102.00,PAID
CLM8387,2784,2139,2024-04-01,170.00,PAID
CLM8388,1608,2100,2024-04-01,4995.00,DENIED
CLM8389,1275,2033,2024-04-01,262.00,PAID
CLM8390,1176,2112,2024-04-01,33.00,PAID
CLM8391,3287,2083,2024-04-02,156.00,PAID
CLM8392,2803,2071,2024-04-02,161.00,DENIED
CLM8393,1112,2138,2024-04-02,599.00,PAID
CLM8394,1663,2012,2024-04-02,162.00,PAID
CLM8395,3204,2111,2024-04-02,132.00,PAID
CLM8396,3455,2029,2024-04-02,1248.00,DENIED
CLM8397,1898,2095,2024-04-02,122.00,PAID
CLM8398,1387,2150,2024-04-02,211.00,PAID
CLM8399,2197,2105,2024-04-02,317.00,PAID
CLM8400,2346,2058,2024-04-02,150.00,PAID
CLM8401,2272,2087,2024-04-02,4075.00,DENIED
CLM8402,1604,2120,2024-04-02,130.00,PAID
CLM8403,3344,2131,2024-04-02,595.00,PAID
CLM8404,2065,2044,2024-04-02,1258.00,PAID
CLM8405,3454,2147,2024-04-02,480.00,PAID
CLM8406,1963,2044,2024-04-02,5040.00,DENIED
CLM8407,2819,2026,2024-04-02,29.00,PAID
CLM8408,3082,2129,2024-04-02,155.00,PAID
CLM8409,1383,2144,2024-04-02,182.00,PAID
CLM8410,2326,2112,2024-04-02,205.00,PAID
CLM8411,1505,2109,2024-04-02,30.00,PAID
CLM8412,3404,2021,2024-04-03,202.00,PAID
CLM8413,1487,2003,2024-04-03,155.00,PAID
CLM8414,1987,2035,2024-04-03,216.00,PAID
CLM8415,1644,2128,2024-04-03,245.00,PAID
CLM8416,2974,2096,2024-04-03,421.00,DENIED
CLM8417,2399,2021,2024-04-03,144.00,PAID
CLM8418,1672,2137,2024-04-03,140.00,PAID
CLM8419,1786,2029,2024-04-03,928.00,PAID
CLM8420,1287,2126,2024-04-03,361.00,PAID
CLM8421,1634,2024,2024-04-03,4313.00,PAID
CLM8422,2715,2030,2024-04-03,219.00,PAID
CLM8423,1887,2122,2024-04-03,145.00,PAID
CLM8424,2043,2137,2024-04-03,168.00,PAID
CLM8425,2210,2050,2024-04-03,34.00,PAID
CLM8426,1624,2088,2024-04-03,156.00,PAID
CLM8427,2301,2015,2024-04-03,371.00,PENDING
CLM8428,2640,2109,2024-04-03,149.00,PAID
CLM8429,1982,2033,2024-04-03,106.00,PAID
CLM8430,3152,2022,2024-04-03,51.00,PAID
CLM8431,2041,2109,2024-04-03,128.00,PAID
CLM8432,1023,2008,2024-04-03,142.00,PAID
CLM8433,1027,2132,2024-04-03,231.00,PAID
CLM8434,2844,2073,2024-04-03,195.00,PAID
CLM8435,3310,2020,2024-04-03,632.00,PAID
CLM8436,3058,2071,2024-04-03,48.00,PAID
CLM8437,1118,2065,2024-04-03,152.00,PAID
CLM8438,2204,2040,2024-04-03,184.00,PAID
CLM8439,3376,2111,2024-04-03,104.00,DENIED
CLM8440,2013,2062,2024-04-03,32.00,PAID
CLM8441,3343,2043,2024-04-03,463.00,PAID
CLM8442,1769,2018,2024-04-03,29.00,PAID
CLM8443,2492,2129,2024-04-03,161.00,PAID
CLM8444,2119,2068,2024-04-04,1328.00,PAID
CLM8445,1832,2144,2024-04-04,118.00,PAID
CLM8446,1746,2064,2024-04-04,38.00,PAID
CLM8447,2281,2075,2024-04-04,494.00,DENIED
CLM8448,2381,2028,2024-04-04,250.00,PAID
CLM8449,1656,2126,2024-04-04,327.00,PAID
CLM8450,1247,2013,2024-04-04,378.00,PAID
CLM8451,3432,2042,2024-04-04,95.00,PAID
CLM8452,1728,2088,2024-04-04,158.00,PAID
CLM8453,2445,2022,2024-04-04,69.00,DENIED
CLM8454,1321,2066,2024-04-04,139.00,PAID
CLM8455,2930,2144,2024-04-04,313.00,PAID
CLM8456,2735,2100,2024-04-04,2053.00,DENIED
CLM8457,1406,2102,2024-04-04,487.00,PAID
CLM8458,2419,2071,2024-04-04,95.00,PAID
CLM8459,2650,2123,2024-04-04,35.00,PAID
CLM8460,1096,2079,2024-04-04,245.00,PAID
CLM8461,2799,2131,2024-04-04,53.00,PAID
CLM8462,2038,2147,2024-04-04,314.00,PAID
CLM8463,1901,2115,2024-04-04,429.00,PAID
CLM8464,2705,2108,2024-04-04,537.00,PAID
CLM8465,2708,2071,2024-04-04,152.00,PAID
CLM8466,2107,2050,2024-04-04,130.00,PAID
CLM8467,1585,2115,2024-04-04,460.00,PAID
CLM8468,3401,2034,2024-04-04,126.00,PAID
CLM8469,2314,2119,2024-04-04,170.00,PAID
CLM8470,1067,2126,2024-04-04,154.00,PAID
CLM8471,2722,2143,2024-04-04,142.00,PAID
CLM8472,1268,2020,2024-04-04,46.00,PAID
CLM8473,2857,2147,2024-04-04,253.00,PAID
CLM8474,2402,2083,2024-04-05,44.00,PAID
CLM8475,2515,2003,2024-04-05,169.00,PAID
CLM8476,2657,2005,2024-04-05,389.00,PAID
CLM8477,1074,2063,2024-04-05,84.00,PAID
CLM8478,3436,2112,2024-04-05,34.00,PAID
CLM8479,1718,2038,2024-04-05,76.00,PAID
CLM8480,1264,2028,2024-04-05,75.00,PAID
CLM8481,2001,2150,2024-04-05,182.00,PAID
CLM8482,2095,2025,2024-04-05,63.00,PAID
CLM8483,1481,2072,2024-04-05,197.00,PAID
CLM8484,1823,2111,2024-04-05,120.00,PAID
CLM8485,2950,2060,2024-04-05,1251.00,PENDING
CLM8486,1559,2134,2024-04-05,158.00,PAID
CLM8487,2240,2076,2024-04-05,30.00,PAID
CLM8488,1654,2083,2024-04-05,333.00,DENIED
CLM8489,1120,2015,2024-04-05,5111.00,PAID
CLM8490,2758,2043,2024-04-05,43.00,PAID
CLM8491,3467,2066,2024-04-05,63.00,PAID
CLM8492,3317,2024,2024-04-05,172.00,PAID
CLM8493,2435,2078,2024-04-05,124.00,PAID
CLM8494,1269,2119,2024-04-05,39.00,PAID
CLM8495,1726,2004,2024-04-05,1545.00,DENIED
CLM8496,2826,2104,2024-04-05,226.00,PAID
CLM8497,2324,2095,2024-04-05,145.00,PAID
CLM8498,2582,2028,2024-04-05,34.00,DENIED
CLM8499,3188,2044,2024-04-05,290.00,PAID
CLM8500,1645,2073,2024-04-05,163.00,PAID
CLM8501,1848,2105,2024-04-05,5332.00,PAID
CLM8502,1222,2114,2024-04-05,176.00,PAID
CLM8503,2633,2046,2024-04-05,28.00,PAID
CLM8504,2349,2093,2024-04-05,54.00,DENIED
CLM8505,1826,2014,2024-04-05,104.00,PAID
CLM8506,1605,2064,2024-04-05,360.00,PAID
CLM8507,1987,2008,2024-04-05,161.00,PAID
CLM8508,2791,2023,2024-04-05,161.00,PAID
CLM8509,2978,2077,2024-04-05,89.00,PAID
CLM8510,1648,2109,2024-04-05,35.00,PAID
CLM8511,2002,2022,2024-04-05,86.00,PAID
CLM8512,2206,2054,2024-04-05,78.00,PAID
CLM8513,1723,2024,2024-04-05,153.00,PAID
CLM8514,3270,2054,2024-04-05,62.00,PAID
CLM8515,2165,2083,2024-04-05,38.00,PAID
CLM8516,2888,2094,2024-04-06,69.00,PAID
CLM8517,1786,2092,2024-04-06,33.00,PAID
CLM8518,2812,2071,2024-04-06,235.00,PAID
CLM8519,1176,2068,2024-04-06,690.00,PAID
CLM8520,1162,2131,2024-04-07,421.00,PAID
CLM8521,2309,2088,2024-04-07,1311.00,PAID
CLM8522,2323,2088,2024-04-07,166.00,DENIED
CLM8523,3204,2136,2024-04-07,343.00,PAID
CLM8524,1908,2040,2024-04-07,34.00,PAID
CLM8525,1964,2115,2024-04-07,283.00,DENIED
CLM8526,2665,2085,2024-04-07,1048.00,PAID
CLM8527,1337,2038,2024-04-07,64.00,PAID
CLM8528,3403,2088,2024-04-07,998.00,DENIED
CLM8529,1418,2068,2024-04-07,547.00,PAID
CLM8530,1050,2016,2024-04-07,92.00,PAID
CLM8531,2211,2058,2024-04-08,306.00,PAID
CLM8532,1399,2098,2024-04-08,284.00,PAID
CLM8533,2287,2024,2024-04-08,138.00,PAID
CLM8534,2357,2031,2024-04-08,191.00,PAID
CLM8535,1953,2026,2024-04-08,128.00,PAID
CLM8536,3423,2112,2024-04-08,540.00,PAID
CLM8537,1185,2082,2024-04-08,61.00,PAID
CLM8538,1515,2020,2024-04-08,606.00,PAID
CLM8539,3307,2029,2024-04-08,140.00,PAID
CLM8540,1976,2075,2024-04-08,473.00,DENIED
CLM8541,3207,2132,2024-04-08,196.00,PAID
CLM8542,2909,2004,2024-04-08,148.00,PAID
CLM8543,2078,2040,2024-04-08,86.00,PAID
CLM8544,3391,2129,2024-04-08,322.00,PAID
CLM8545,2355,2112,2024-04-08,33.00,PAID
CLM8546,1959,2083,2024-04-08,39.00,PAID
CLM8547,1223,2147,2024-04-08,179.00,PAID
CLM8548,1603,2097,2024-04-08,274.00,PAID
CLM8549,1890,2099,2024-04-08,82.00,PAID
CLM8550,1071,2100,2024-04-08,263.00,PAID
CLM8551,2399,2069,2024-04-08,273.00,PAID
CLM8552,3254,2087,2024-04-08,147.00,PAID
CLM8553,3025,2045,2024-04-08,6011.00,PAID
CLM8554,2328,2100,2024-04-08,6059.00,PAID
CLM8555,2855,2070,2024-04-08,160.00,PAID
CLM8556,2595,2114,2024-04-08,90.00,PAID
CLM8557,3412,2105,2024-04-08,294.00,PAID
CLM8558,3454,2085,2024-04-08,103.00,PAID
CLM8559,2286,2036,2024-04-08,204.00,PAID
CLM8560,1649,2104,2024-04-08,136.00,PAID
CLM8561,2466,2086,2024-04-08,247.00,DENIED
CLM8562,2446,2145,2024-04-08,29.00,PAID
CLM8563,3150,2087,2024-04-08,157.00,PAID
CLM8564,3495,2008,2024-04-08,200.00,PAID
CLM8565,3421,2067,2024-04-08,74.00,PAID
CLM8566,2657,2137,2024-04-09,993.00,PAID
CLM8567,1919,2025,2024-04-09,176.00,PAID
CLM8568,2135,2137,2024-04-09,1247.00,PAID
CLM8569,2785,2037,2024-04-09,124.00,PAID
CLM8570,1149,2062,2024-04-09,41.00,PAID
CLM8571,1243,2078,2024-04-09,25.00,PAID
CLM8572,2636,2149,2024-04-09,150.00,DENIED
CLM8573,2583,2011,2024-04-09,231.00,PAID
CLM8574,3018,2123,2024-04-09,127.00,PAID
CLM8575,2312,2023,2024-04-09,39.00,PAID
CLM8576,1796,2045,2024-04-09,125.00,DENIED
CLM8577,1200,2053,2024-04-09,59.00,PAID
CLM8578,1151,2021,2024-04-09,84.00,PAID
CLM8579,1724,2058,2024-04-09,153.00,PAID
CLM8580,2275,2004,2024-04-09,157.00,PAID
CLM8581,1887,2133,2024-04-09,539.00,PAID
CLM8582,1326,2077,2024-04-09,35.00,PAID
CLM8583,2786,2024,2024-04-09,1168.00,PAID
CLM8584,1367,2082,2024-04-09,168.00,PAID
CLM8585,3089,2093,2024-04-09,188.00,PAID
CLM8586,1730,2023,2024-04-09,34.00,PAID
CLM8587,2554,2059,2024-04-09,288.00,PAID
CLM8588,2219,2072,2024-04-09,37.00,PAID
CLM8589,3062,2069,2024-04-09,1090.00,PAID
CLM8590,1841,2130,2024-04-09,244.00,PAID
CLM8591,1893,2070,2024-04-09,141.00,PAID
CLM8592,1642,2073,2024-04-09,498.00,PAID
CLM8593,1298,2085,2024-04-09,1721.00,PAID
CLM8594,3201,2137,2024-04-09,104.00,PAID
CLM8595,2863,2072,2024-04-09,246.00,PAID
CLM8596,3471,2074,2024-04-09,486.00,PAID
CLM8597,2966,2064,2024-04-09,168.00,PAID
CLM8598,1568,2014,2024-04-10,61.00,PAID
CLM8599,2714,2038,2024-04-10,51.00,PAID
CLM8600,1560,2050,2024-04-10,34.00,PAID
CLM8601,1066,2087,2024-04-10,2064.00,PAID
CLM8602,2933,2024,2024-04-10,146.00,PAID
CLM8603,1794,2137,2024-04-10,451.00,PAID
CLM8604,3120,2050,2024-04-10,149.00,PAID
CLM8605,1726,2013,2024-04-10,293.00,PAID
CLM8606,1264,2060,2024-04-10,3502.00,DENIED
CLM8607,2531,2071,2024-04-10,266.00,PAID
CLM8608,3448,2030,2024-04-10,96.00,PAID
CLM8609,3349,2116,2024-04-10,423.00,DENIED
CLM8610,2266,2064,2024-04-10,232.00,PAID
CLM8611,2988,2058,2024-04-10,136.00,PAID
CLM8612,3393,2109,2024-04-10,40.00,PAID
CLM8613,2260,2002,2024-04-10,100.00,DENIED
CLM8614,2015,2037,2024-04-10,297.00,DENIED
CLM8615,2503,2041,2024-04-10,161.00,PAID
CLM8616,1034,2012,2024-04-10,351.00,PAID
CLM8617,3441,2018,2024-04-10,563.00,PAID
CLM8618,1396,2043,2024-04-10,141.00,PAID
CLM8619,2535,2129,2024-04-10,122.00,DENIED
CLM8620,2488,2026,2024-04-10,185.00,PAID
CLM8621,3165,2045,2024-04-10,223.00,DENIED
CLM8622,1579,2033,2024-04-10,55.00,PAID
CLM8623,1985,2144,2024-04-10,122.00,PAID
CLM8624,1182,2046,2024-04-10,32.00,DENIED
CLM8625,1632,2045,2024-04-10,385.00,PAID
CLM8626,3106,2143,2024-04-10,260.00,PAID
CLM8627,2538,2137,2024-04-10,169.00,DENIED
CLM8628,1846,2037,2024-04-11,106.00,PAID
CLM8629,1835,2113,2024-04-11,200.00,PAID
CLM8630,2284,2078,2024-04-11,220.00,PAID
CLM8631,2390,2071,2024-04-11,104.00,DENIED
CLM8632,1504,2036,2024-04-11,324.00,PAID
CLM8633,3013,2078,2024-04-11,25.00,PAID
CLM8634,2496,2060,2024-04-11,197.00,PAID
CLM8635,1429,2095,2024-04-11,257.00,PAID
CLM8636,1863,2011,2024-04-11,163.00,PAID
CLM8637,3242,2011,2024-04-11,287.00,PAID
CLM8638,1297,2012,2024-04-11,116.00,PAID
CLM8639,2421,2072,2024-04-11,171.00,DENIED
CLM8640,2327,2139,2024-04-11,35.00,PAID
CLM8641,2870,2093,2024-04-11,117.00,PAID
CLM8642,2982,2060,2024-04-11,378.00,PAID
CLM8643,1198,2076,2024-04-11,71.00,PAID
CLM8644,3058,2122,2024-04-11,46.00,PAID
CLM8645,1965,2119,2024-04-11,242.00,PAID
CLM8646,1662,2022,2024-04-11,25.00,PAID
CLM8647,2415,2070,2024-04-11,180.00,PAID
CLM8648,3152,2083,2024-04-11,163.00,PAID
CLM8649,2447,2094,2024-04-11,187.00,PAID
CLM8650,1964,2071,2024-04-11,159.00,PAID
CLM8651,2158,2038,2024-04-12,390.00,PAID
CLM8652,2276,2096,2024-04-12,125.00,PAID
CLM8653,3495,2067,2024-04-12,223.00,DENIED
CLM8654,1966,2015,2024-04-12,5913.00,DENIED
CLM8655,3158,2044,2024-04-12,134.00,PAID
CLM8656,1202,2077,2024-04-12,24.00,PAID
CLM8657,1209,2071,2024-04-12,176.00,PAID
CLM8658,1585,2095,2024-04-12,267.00,PAID
CLM8659,1470,2137,2024-04-12,1591.00,DENIED
CLM8660,1610,2028,2024-04-12,135.00,PAID
CLM8661,2712,2113,2024-04-12,114.00,PAID
CLM8662,1288,2007,2024-04-12,309.00,PAID
CLM8663,2971,2004,2024-04-12,311.00,PAID
CLM8664,1964,2029,2024-04-12,839.00,PAID
CLM8665,2670,2007,2024-04-12,36.00,PAID
CLM8666,1604,2065,2024-04-12,56.00,PAID
CLM8667,2620,2029,2024-04-12,142.00,PAID
CLM8668,3474,2014,2024-04-12,111.00,PAID
CLM8669,3347,2085,2024-04-12,1163.00,PAID
CLM8670,2924,2018,2024-04-12,29.00,PAID
CLM8671,1518,2072,2024-04-12,45.00,PAID
CLM8672,1467,2097,2024-04-12,56.00,PAID
CLM8673,3468,2038,2024-04-12,134.00,PAID
CLM8674,1651,2126,2024-04-12,470.00,PAID
CLM8675,3316,2085,2024-04-12,290.00,DENIED
CLM8676,2190,2043,2024-04-12,35.00,PAID
CLM8677,2840,2088,2024-04-12,260.00,DENIED
CLM8678,3397,2088,2024-04-12,144.00,PAID
CLM8679,1950,2065,2024-04-12,153.00,PAID
CLM8680,2491,2081,2024-04-13,125.00,PAID
CLM8681,1224,2049,2024-04-13,271.00,PAID
CLM8682,2394,2130,2024-04-13,66.00,PAID
CLM8683,2210,2066,2024-04-13,83.00,PAID
CLM8684,2059,2095,2024-04-13,142.00,PAID
CLM8685,3153,2109,2024-04-13,143.00,PAID
CLM8686,1779,2132,2024-04-13,346.00,PAID
CLM8687,2845,2004,2024-04-13,871.00,PAID
CLM8688,1676,2083,2024-04-14,229.00,PAID
CLM8689,3169,2075,2024-04-14,347.00,PAID
CLM8690,2251,2104,2024-04-14,402.00,DENIED
CLM8691,3380,2015,2024-04-14,410.00,PAID
CLM8692,1773,2076,2024-04-14,45.00,PAID
CLM8693,3083,2045,2024-04-14,473.00,PAID
CLM8694,1857,2106,2024-04-14,266.00,PAID
CLM8695,2455,2085,2024-04-14,145.00,PAID
CLM8696,1604,2018,2024-04-14,28.00,PAID
CLM8697,1807,2137,2024-04-14,127.00,PAID
CLM8698,2392,2036,2024-04-14,439.00,PAID
CLM8699,1302,2020,2024-04-14,256.00,PAID
CLM8700,2578,2085,2024-04-14,267.00,PAID
CLM8701,2223,2109,2024-04-15,47.00,PAID
CLM8702,2688,2029,2024-04-15,129.00,PAID
CLM8703,3391,2057,2024-04-15,99.00,DENIED
CLM8704,1430,2132,2024-04-15,220.00,DENIED
CLM8705,2722,2104,2024-04-15,1804.00,PAID
CLM8706,1625,2115,2024-04-15,227.00,DENIED
CLM8707,2319,2054,2024-04-15,278.00,PAID
CLM8708,3250,2121,2024-04-15,1526.00,DENIED
CLM8709,2360,2083,2024-04-15,43.00,PAID
CLM8710,2451,2088,2024-04-15,152.00,PAID
CLM8711,2024,2069,2024-04-15,139.00,PAID
CLM8712,1774,2120,2024-04-15,89.00,PAID
CLM8713,3413,2033,2024-04-15,276.00,PAID
CLM8714,3380,2042,2024-04-15,114.00,PAID
CLM8715,2829,2002,2024-04-15,55.00,PAID
CLM8716,1835,2022,2024-04-15,26.00,PAID
CLM8717,2525,2074,2024-04-15,155.00,PAID
CLM8718,2908,2069,2024-04-15,123.00,PAID
CLM8719,1243,2045,2024-04-15,110.00,PAID
CLM8720,1470,2021,2024-04-15,152.00,PAID
CLM8721,1735,2116,2024-04-16,87.00,PAID
CLM8722,1426,2037,2024-04-16,327.00,PAID
CLM8723,3445,2060,2024-04-16,190.00,PAID
CLM8724,3281,2121,2024-04-16,310.00,PAID
CLM8725,1195,2081,2024-04-16,184.00,PAID
CLM8726,1322,2131,2024-04-16,664.00,PAID
CLM8727,2666,2115,2024-04-16,212.00,DENIED
CLM8728,2380,2112,2024-04-16,199.00,PAID
CLM8729,1112,2045,2024-04-16,264.00,PAID
CLM8730,1477,2087,2024-04-16,1364.00,DENIED
CLM8731,1077,2143,2024-04-16,163.00,PAID
CLM8732,2382,2039,2024-04-16,50.00,PAID
CLM8733,1047,2040,2024-04-16,92.00,PAID
CLM8734,2338,2088,2024-04-16,147.00,DENIED
CLM8735,2809,2111,2024-04-16,92.00,PAID
CLM8736,2141,2145,2024-04-16,33.00,PAID
CLM8737,2841,2116,2024-04-16,163.00,PAID
CLM8738,2204,2023,2024-04-16,271.00,PAID
CLM8739,2363,2049,2024-04-17,132.00,PAID
CLM8740,2259,2076,2024-04-17,35.00,PAID
CLM8741,1164,2077,2024-04-17,162.00,PAID
CLM8742,3153,2017,2024-04-17,522.00,DENIED
CLM8743,2987,2131,2024-04-17,363.00,PAID
CLM8744,1920,2008,2024-04-17,148.00,PAID
CLM8745,1586,2028,2024-04-17,88.00,PAID
CLM8746,3440,2027,2024-04-17,108.00,PAID
CLM8747,2224,2020,2024-04-17,210.00,PAID
CLM8748,3426,2141,2024-04-17,204.00,PENDING
CLM8749,1073,2029,2024-04-17,5420.00,PAID
CLM8750,3307,2142,2024-04-17,102.00,PAID
CLM8751,2900,2116,2024-04-17,76.00,PAID
CLM8752,1176,2022,2024-04-17,44.00,PAID
CLM8753,2857,2091,2024-04-17,89.00,PAID
CLM8754,3273,2041,2024-04-17,458.00,PAID
CLM8755,1679,2102,2024-04-17,143.00,DENIED
CLM8756,2414,2064,2024-04-17,144.00,PAID
CLM8757,1493,2133,2024-04-17,36.00,PAID
CLM8758,2001,2102,2024-04-17,153.00,PAID
CLM8759,3056,2084,2024-04-17,113.00,PAID
CLM8760,3492,2059,2024-04-17,285.00,DENIED
CLM8761,2177,2077,2024-04-17,58.00,PAID
CLM8762,1387,2129,2024-04-17,278.00,PAID
CLM8763,2650,2035,2024-04-17,33.00,PAID
CLM8764,3480,2068,2024-04-17,445.00,DENIED
CLM8765,2483,2028,2024-04-17,119.00,PAID
CLM8766,3176,2068,2024-04-17,117.00,PAID
CLM8767,2474,2084,2024-04-17,185.00,PAID
CLM8768,3436,2020,2024-04-17,373.00,PAID
CLM8769,3110,2133,2024-04-17,495.00,DENIED
CLM8770,3138,2009,2024-04-17,46.00,DENIED
CLM8771,1275,2018,2024-04-17,105.00,PAID
CLM8772,3409,2127,2024-04-17,189.00,PAID
CLM8773,1118,2140,2024-04-17,140.00,PAID
CLM8774,1056,2140,2024-04-17,122.00,PAID
CLM8775,1802,2012,2024-04-17,113.00,PAID
CLM8776,1793,2106,2024-04-17,51.00,PAID
CLM8777,1152,2091,2024-04-17,59.00,DENIED
CLM8778,2162,2113,2024-04-17,164.00,PAID
CLM8779,2544,2071,2024-04-18,162.00,DENIED
CLM8780,2979,2126,2024-04-18,171.00,PAID
CLM8781,1784,2069,2024-04-18,154.00,DENIED
CLM8782,3431,2039,2024-04-18,281.00,PAID
CLM8783,2872,2129,2024-04-18,116.00,DENIED
CLM8784,3447,2077,2024-04-18,24.00,PAID
CLM8785,1839,2071,2024-04-18,154.00,PAID
CLM8786,1280,2018,2024-04-18,67.00,PAID
CLM8787,2839,2150,2024-04-18,61.00,PAID
CLM8788,2995,2120,2024-04-18,118.00,PAID
CLM8789,2985,2012,2024-04-18,225.00,PAID
CLM8790,3488,2137,2024-04-18,162.00,PENDING
CLM8791,1885,2093,2024-04-18,214.00,PAID
CLM8792,3084,2066,2024-04-18,132.00,PAID
CLM8793,1040,2042,2024-04-18,179.00,DENIED
CLM8794,1812,2045,2024-04-18,6207.00,PAID
CLM8795,1124,2125,2024-04-18,133.00,PAID
CLM8796,2996,2110,2024-04-18,115.00,PAID
CLM8797,2626,2103,2024-04-18,49.00,PAID
CLM8798,2403,2008,2024-04-18,298.00,PAID
CLM8799,2315,2033,2024-04-18,192.00,PAID
CLM8800,3390,2131,2024-04-18,51.00,PAID
CLM8801,1777,2013,2024-04-18,248.00,PAID
CLM8802,1318,2006,2024-04-18,138.00,PAID
CLM8803,2175,2126,2024-04-18,139.00,PAID
CLM8804,1999,2150,2024-04-18,144.00,PAID
CLM8805,2850,2121,2024-04-18,120.00,PAID
CLM8806,2018,2102,2024-04-18,304.00,PAID
CLM8807,3430,2059,2024-04-18,118.00,PAID
CLM8808,1811,2137,2024-04-18,1031.00,PAID
CLM8809,3488,2137,2024-04-18,152.00,PAID
CLM8810,3402,2119,2024-04-18,85.00,PAID
CLM8811,1374,2014,2024-04-19,106.00,PAID
CLM8812,1249,2064,2024-04-19,143.00,PAID
CLM8813,3397,2004,2024-04-19,128.00,PAID
CLM8814,2063,2074,2024-04-19,153.00,DENIED
CLM8815,1887,2080,2024-04-19,145.00,PAID
CLM8816,1750,2023,2024-04-19,66.00,PAID
CLM8817,2955,2044,2024-04-19,4331.00,PAID
CLM8818,3404,2100,2024-04-19,109.00,PAID
CLM8819,2948,2140,2024-04-19,262.00,DENIED
CLM8820,2863,2137,2024-04-19,149.00,PAID
CLM8821,1374,2131,2024-04-19,457.00,PAID
CLM8822,1040,2068,2024-04-19,128.00,PAID
CLM8823,2713,2038,2024-04-19,86.00,PAID
CLM8824,1267,2115,2024-04-19,301.00,PAID
CLM8825,3137,2108,2024-04-19,406.00,PAID
CLM8826,2500,2044,2024-04-19,1101.00,PAID
CLM8827,2858,2041,2024-04-19,125.00,PAID
CLM8828,2723,2131,2024-04-19,49.00,PAID
CLM8829,1967,2078,2024-04-19,65.00,PAID
CLM8830,2918,2070,2024-04-19,111.00,PAID
CLM8831,2997,2033,2024-04-19,104.00,PENDING
CLM8832,2916,2068,2024-04-19,637.00,DENIED
CLM8833,2942,2137,2024-04-19,1201.00,PAID
CLM8834,3100,2108,2024-04-19,3748.00,DENIED
CLM8835,1164,2026,2024-04-19,45.00,PAID
CLM8836,2380,2014,2024-04-20,51.00,PAID
CLM8837,2169,2077,2024-04-20,58.00,PAID
CLM8838,1667,2071,2024-04-20,93.00,DENIED
CLM8839,3188,2104,2024-04-20,109.00,PAID
CLM8840,1867,2023,2024-04-20,47.00,DENIED
CLM8841,3484,2143,2024-04-20,313.00,PAID
CLM8842,3039,2129,2024-04-20,372.00,PAID
CLM8843,2567,2124,2024-04-20,76.00,PAID
CLM8844,1506,2093,2024-04-20,76.00,PAID
CLM8845,1687,2077,2024-04-20,60.00,DENIED
CLM8846,3465,2001,2024-04-20,382.00,PAID
CLM8847,2006,2084,2024-04-20,176.00,DENIED
CLM8848,2991,2017,2024-04-20,133.00,PAID
CLM8849,2552,2078,2024-04-20,71.00,PAID
CLM8850,1973,2032,2024-04-21,40.00,PAID
CLM8851,1632,2132,2024-04-21,369.00,PAID
CLM8852,2078,2086,2024-04-21,148.00,PAID
CLM8853,3239,2051,2024-04-21,163.00,PENDING
CLM8854,2328,2041,2024-04-21,117.00,PAID
CLM8855,1662,2085,2024-04-21,617.00,PAID
CLM8856,2577,2131,2024-04-21,2477.00,PAID
CLM8857,1698,2017,2024-04-21,175.00,PAID
CLM8858,1912,2052,2024-04-21,321.00,PAID
CLM8859,1353,2083,2024-04-21,34.00,PAID
CLM8860,3112,2139,2024-04-21,41.00,PAID
CLM8861,3022,2041,2024-04-22,287.00,PAID
CLM8862,3414,2019,2024-04-22,33.00,PAID
CLM8863,1855,2041,2024-04-22,108.00,PAID
CLM8864,2789,2015,2024-04-22,140.00,PAID
CLM8865,3118,2026,2024-04-22,40.00,PAID
CLM8866,1597,2030,2024-04-22,55.00,PAID
CLM8867,2417,2091,2024-04-22,88.00,PAID
CLM8868,3344,2110,2024-04-22,115.00,PAID
CLM8869,1704,2024,2024-04-22,135.00,PAID
CLM8870,1148,2132,2024-04-22,1416.00,PAID
CLM8871,2495,2004,2024-04-22,856.00,PAID
CLM8872,2866,2059,2024-04-22,129.00,PAID
CLM8873,2706,2026,2024-04-22,318.00,DENIED
CLM8874,2393,2036,2024-04-22,141.00,PAID
CLM8875,1317,2131,2024-04-22,1155.00,DENIED
CLM8876,1468,2025,2024-04-22,227.00,PAID
CLM8877,3189,2068,2024-04-22,464.00,DENIED
CLM8878,1263,2112,2024-04-22,69.00,DENIED
CLM8879,2700,2068,2024-04-22,1244.00,DENIED
CLM8880,1097,2003,2024-04-23,167.00,PAID
CLM8881,3428,2053,2024-04-23,136.00,PAID
CLM8882,2437,2095,2024-04-23,99.00,PAID
CLM8883,3012,2110,2024-04-23,29.00,PAID
CLM8884,1287,2015,2024-04-23,6197.00,PAID
CLM8885,1562,2125,2024-04-23,165.00,PAID
CLM8886,1967,2004,2024-04-23,1528.00,PAID
CLM8887,3069,2015,2024-04-23,5644.00,DENIED
CLM8888,3347,2043,2024-04-23,47.00,PAID
CLM8889,1610,2106,2024-04-23,50.00,PAID
CLM8890,1527,2111,2024-04-23,234.00,PAID
CLM8891,3432,2088,2024-04-23,174.00,PAID
CLM8892,1185,2068,2024-04-23,947.00,PAID
CLM8893,1253,2141,2024-04-23,140.00,PAID
CLM8894,2325,2121,2024-04-23,292.00,DENIED
CLM8895,1763,2005,2024-04-23,49.00,PAID
CLM8896,2700,2105,2024-04-23,1475.00,PAID
CLM8897,2176,2107,2024-04-23,78.00,PAID
CLM8898,2865,2076,2024-04-23,61.00,PAID
CLM8899,2934,2037,2024-04-23,139.00,PAID
CLM8900,2884,2094,2024-04-23,433.00,DENIED
CLM8901,2006,2105,2024-04-23,784.00,DENIED
CLM8902,1056,2059,2024-04-23,127.00,PAID
CLM8903,1043,2142,2024-04-23,145.00,PAID
CLM8904,2029,2025,2024-04-23,75.00,DENIED
CLM8905,2160,2044,2024-04-23,1075.00,PAID
CLM8906,1452,2033,2024-04-23,34.00,PAID
CLM8907,2252,2100,2024-04-24,112.00,PAID
CLM8908,2150,2140,2024-04-24,481.00,DENIED
CLM8909,2125,2081,2024-04-24,276.00,PAID
CLM8910,1743,2123,2024-04-24,146.00,PAID
CLM8911,1849,2008,2024-04-24,64.00,PENDING
CLM8912,2303,2133,2024-04-24,150.00,PAID
CLM8913,2554,2018,2024-04-24,201.00,PAID
CLM8914,1697,2005,2024-04-24,218.00,PAID
CLM8915,2802,2138,2024-04-24,75.00,PAID
CLM8916,1336,2015,2024-04-24,113.00,PAID
CLM8917,2394,2053,2024-04-24,281.00,PAID
CLM8918,2502,2126,2024-04-24,137.00,PAID
CLM8919,1405,2005,2024-04-24,47.00,PAID
CLM8920,1627,2059,2024-04-24,430.00,PAID
CLM8921,2744,2103,2024-04-24,116.00,PAID
CLM8922,2335,2130,2024-04-24,34.00,PAID
CLM8923,2602,2012,2024-04-24,343.00,PAID
CLM8924,1540,2073,2024-04-24,106.00,PAID
CLM8925,1301,2085,2024-04-25,105.00,PAID
CLM8926,1225,2091,2024-04-25,77.00,DENIED
CLM8927,1208,2091,2024-04-25,177.00,PAID
CLM8928,3292,2075,2024-04-25,55.00,PAID
CLM8929,1400,2149,2024-04-25,64.00,PAID
CLM8930,3448,2086,2024-04-25,82.00,PENDING
CLM8931,1236,2046,2024-04-25,75.00,PAID
CLM8932,2827,2077,2024-04-25,197.00,PAID
CLM8933,2726,2035,2024-04-25,164.00,PAID
CLM8934,2658,2091,2024-04-25,87.00,PAID
CLM8935,1001,2110,2024-04-25,32.00,PAID
CLM8936,1923,2036,2024-04-25,128.00,PAID
CLM8937,1297,2076,2024-04-25,76.00,PAID
CLM8938,3310,2131,2024-04-25,349.00,PAID
CLM8939,2962,2077,2024-04-25,65.00,PAID
CLM8940,1760,2137,2024-04-25,1210.00,DENIED
CLM8941,2153,2015,2024-04-25,1513.00,PAID
CLM8942,1864,2015,2024-04-25,6814.00,PAID
CLM8943,2203,2065,2024-04-25,180.00,DENIED
CLM8944,1502,2061,2024-04-25,143.00,DENIED
CLM8945,2079,2088,2024-04-25,1240.00,PAID
CLM8946,1298,2069,2024-04-25,146.00,PAID
CLM8947,3486,2064,2024-04-25,220.00,DENIED
CLM8948,3208,2137,2024-04-25,1270.00,PAID
CLM8949,2673,2104,2024-04-25,132.00,PAID
CLM8950,2824,2093,2024-04-25,117.00,PAID
CLM8951,3368,2072,2024-04-26,44.00,PAID
CLM8952,1368,2069,2024-04-26,317.00,PAID
CLM8953,1746,2086,2024-04-26,29.00,PAID
CLM8954,1564,2017,2024-04-26,66.00,PAID
CLM8955,3255,2071,2024-04-26,104.00,PAID
CLM8956,1278,2068,2024-04-26,1123.00,DENIED
CLM8957,3433,2022,2024-04-26,95.00,PAID
CLM8958,3471,2056,2024-04-26,4084.00,PAID
CLM8959,1779,2013,2024-04-26,116.00,PAID
CLM8960,3276,2088,2024-04-26,1379.00,DENIED
CLM8961,3117,2006,2024-04-26,278.00,PAID
CLM8962,2800,2029,2024-04-26,176.00,PAID
CLM8963,2204,2086,2024-04-26,84.00,PAID
CLM8964,3430,2028,2024-04-26,65.00,PAID
CLM8965,1790,2086,2024-04-26,462.00,PAID
CLM8966,2339,2011,2024-04-26,164.00,PAID
CLM8967,1443,2065,2024-04-26,171.00,PAID
CLM8968,1267,2108,2024-04-26,219.00,PAID
CLM8969,3322,2020,2024-04-26,202.00,PAID
CLM8970,2627,2044,2024-04-26,1073.00,PAID
CLM8971,3323,2129,2024-04-26,161.00,PAID
CLM8972,1010,2072,2024-04-26,33.00,DENIED
CLM8973,2621,2085,2024-04-26,176.00,PAID
CLM8974,1807,2130,2024-04-26,366.00,PAID
CLM8975,3154,2045,2024-04-26,353.00,PENDING
CLM8976,1380,2120,2024-04-26,27.00,PAID
CLM8977,1480,2025,2024-04-26,46.00,PAID
CLM8978,3442,2075,2024-04-26,303.00,DENIED
CLM8979,2508,2085,2024-04-26,1573.00,PAID
CLM8980,1788,2032,2024-04-26,36.00,DENIED
CLM8981,3356,2109,2024-04-26,44.00,PAID
CLM8982,2094,2110,2024-04-26,191.00,PAID
CLM8983,1931,2145,2024-04-26,186.00,PAID
CLM8984,2771,2149,2024-04-27,333.00,PAID
CLM8985,2175,2008,2024-04-27,111.00,PAID
CLM8986,2935,2077,2024-04-27,33.00,PAID
CLM8987,2587,2091,2024-04-27,52.00,PAID
CLM8988,2519,2045,2024-04-27,110.00,PAID
CLM8989,3073,2075,2024-04-27,27.00,PAID
CLM8990,2948,2085,2024-04-27,1481.00,PAID
CLM8991,3443,2002,2024-04-27,346.00,PAID
CLM8992,2156,2048,2024-04-27,77.00,PAID
CLM8993,2909,2068,2024-04-27,443.00,PAID
CLM8994,1695,2044,2024-04-27,1431.00,DENIED
CLM8995,2000,2066,2024-04-27,35.00,PAID
CLM8996,3083,2115,2024-04-27,329.00,PAID
CLM8997,2604,2072,2024-04-27,59.00,PAID
CLM8998,2144,2141,2024-04-27,81.00,PAID
CLM8999,2360,2024,2024-04-27,960.00,PAID
CLM9000,3324,2074,2024-04-27,311.00,PAID
CLM9001,1934,2075,2024-04-28,38.00,PAID
CLM9002,2990,2075,2024-04-28,106.00,PAID
CLM9003,1878,2132,2024-04-28,1327.00,PAID
CLM9004,2393,2088,2024-04-28,4289.00,PAID
CLM9005,3482,2072,2024-04-28,71.00,PAID
CLM9006,3312,2122,2024-04-28,185.00,PAID
CLM9007,3288,2015,2024-04-28,129.00,PAID
CLM9008,1607,2064,2024-04-28,28.00,PAID
CLM9009,1739,2124,2024-04-28,84.00,PAID
CLM9010,3385,2042,2024-04-28,44.00,PAID
CLM9011,2564,2071,2024-04-28,1356.00,PAID
CLM9012,1786,2069,2024-04-29,279.00,DENIED
CLM9013,2385,2136,2024-04-29,346.00,DENIED
CLM9014,1437,2026,2024-04-29,44.00,PAID
CLM9015,3261,2003,2024-04-29,303.00,DENIED
CLM9016,2463,2014,2024-04-29,51.00,PAID
CLM9017,3102,2076,2024-04-29,41.00,PAID
CLM9018,2120,2080,2024-04-29,128.00,PAID
CLM9019,1336,2145,2024-04-29,297.00,PAID
CLM9020,1307,2028,2024-04-29,129.00,PAID
CLM9021,1623,2001,2024-04-29,41.00,PAID
CLM9022,1768,2022,2024-04-29,30.00,PAID
CLM9023,1107,2127,2024-04-29,40.00,PAID
CLM9024,1900,2045,2024-04-29,470.00,PAID
CLM9025,1876,2070,2024-04-29,77.00,PAID
CLM9026,3418,2020,2024-04-29,1066.00,PAID
CLM9027,3474,2077,2024-04-29,33.00,PAID
CLM9028,3288,2115,2024-04-29,142.00,PAID
CLM9029,2169,2091,2024-04-29,151.00,DENIED
CLM9030,1029,2004,2024-04-29,928.00,PAID
CLM9031,1499,2144,2024-04-29,177.00,PAID
CLM9032,1793,2099,2024-04-29,34.00,PAID
CLM9033,2024,2121,2024-04-29,155.00,PAID
CLM9034,2836,2054,2024-04-29,48.00,PAID
CLM9035,1247,2112,2024-04-29,40.00,PAID
CLM9036,2722,2118,2024-04-29,29.00,PAID
CLM9037,1110,2140,2024-04-30,132.00,PAID
CLM9038,2895,2046,2024-04-30,111.00,PAID
CLM9039,1904,2133,2024-04-30,45.00,PAID
CLM9040,3096,2003,2024-04-30,173.00,PAID
CLM9041,1170,2019,2024-04-30,169.00,PAID
CLM9042,1926,2126,2024-04-30,278.00,PAID
CLM9043,1281,2038,2024-04-30,444.00,PAID
CLM9044,2360,2137,2024-04-30,159.00,PAID
CLM9045,1144,2102,2024-04-30,146.00,PAID
CLM9046,1780,2055,2024-04-30,314.00,PAID
CLM9047,3181,2122,2024-04-30,122.00,PAID
CLM9048,1197,2022,2024-04-30,136.00,PAID
CLM9049,3163,2126,2024-04-30,187.00,PAID
CLM9050,3334,2142,2024-04-30,167.00,PAID
CLM9051,1601,2015,2024-04-30,5187.00,DENIED
CLM9052,1863,2022,2024-04-30,29.00,PAID
CLM9053,2508,2118,2024-04-30,115.00,PAID
CLM9054,1073,2126,2024-04-30,189.00,PAID
CLM9055,1257,2036,2024-04-30,378.00,PAID
CLM9056,1879,2014,2024-04-30,74.00,PAID
CLM9057,3366,2106,2024-04-30,34.00,PAID
CLM9058,2045,2087,2024-04-30,121.00,PAID
CLM9059,2714,2073,2024-04-30,380.00,DENIED
CLM9060,1507,2107,2024-04-30,78.00,PAID
CLM9061,2608,2140,2024-04-30,273.00,PAID
CLM9062,2852,2017,2024-04-30,198.00,PAID
CLM9063,3495,2115,2024-04-30,118.00,PAID
CLM9064,1634,2014,2024-04-30,209.00,PAID
CLM9065,1461,2046,2024-04-30,77.00,DENIED
CLM9066,2403,2118,2024-04-30,126.00,DENIED
CLM9067,2305,2084,2024-04-30,145.00,PAID
CLM9068,2903,2045,2024-04-30,136.00,PAID
CLM9069,2891,2097,2024-04-30,60.00,DENIED
CLM9070,1921,2016,2024-04-30,197.00,PAID
CLM9071,2377,2126,2024-05-01,326.00,PAID
CLM9072,2196,2083,2024-05-01,45.00,PAID
CLM9073,2886,2059,2024-05-01,139.00,PAID
CLM9074,1737,2109,2024-05-01,38.00,PAID
CLM9075,2336,2147,2024-05-01,448.00,PAID
CLM9076,1206,2137,2024-05-01,439.00,DENIED
CLM9077,1200,2013,2024-05-01,1977.00,PAID
CLM9078,3389,2013,2024-05-01,378.00,PAID
CLM9079,2182,2137,2024-05-01,1098.00,PAID
CLM9080,1776,2132,2024-05-01,263.00,PAID
CLM9081,2765,2043,2024-05-01,272.00,PAID
CLM9082,1980,2111,2024-05-01,41.00,PAID
CLM9083,2267,2062,2024-05-01,44.00,DENIED
CLM9084,1501,2141,2024-05-01,101.00,PAID
CLM9085,1594,2095,2024-05-01,1778.00,PAID
CLM9086,3360,2013,2024-05-01,504.00,PAID
CLM9087,1874,2022,2024-05-01,42.00,PAID
CLM9088,1400,2006,2024-05-01,131.00,PAID
CLM9089,2799,2060,2024-05-01,1688.00,PAID
CLM9090,3049,2020,2024-05-01,1065.00,DENIED
CLM9091,2456,2077,2024-05-01,76.00,PAID
CLM9092,2803,2053,2024-05-01,66.00,PAID
CLM9093,2949,2060,2024-05-02,382.00,PAID
CLM9094,1953,2023,2024-05-02,106.00,PAID
CLM9095,1816,2109,2024-05-02,166.00,PAID
CLM9096,3004,2137,2024-05-02,1287.00,DENIED
CLM9097,2954,2073,2024-05-02,44.00,PAID
CLM9098,3031,2109,2024-05-02,70.00,PAID
CLM9099,2369,2105,2024-05-02,1592.00,PAID
CLM9100,2726,2009,2024-05-02,144.00,PAID
CLM9101,1752,2100,2024-05-02,251.00,PAID
CLM9102,1176,2078,2024-05-02,32.00,PAID
CLM9103,3462,2038,2024-05-02,44.00,PAID
CLM9104,1395,2087,2024-05-02,1498.00,PAID
CLM9105,1177,2066,2024-05-02,290.00,PAID
CLM9106,1651,2071,2024-05-02,97.00,PAID
CLM9107,3110,2111,2024-05-02,56.00,PAID
CLM9108,1129,2054,2024-05-02,133.00,DENIED
CLM9109,3194,2041,2024-05-02,294.00,DENIED
CLM9110,3382,2068,2024-05-02,2324.00,PAID
CLM9111,2641,2005,2024-05-02,391.00,PAID
CLM9112,2535,2045,2024-05-02,556.00,DENIED
CLM9113,3440,2083,2024-05-02,61.00,PAID
CLM9114,3003,2136,2024-05-02,188.00,PAID
CLM9115,1777,2124,2024-05-02,57.00,PAID
CLM9116,2042,2137,2024-05-02,448.00,DENIED
CLM9117,1138,2022,2024-05-02,99.00,PAID
CLM9118,3062,2006,2024-05-02,175.00,PAID
CLM9119,3455,2120,2024-05-02,30.00,PAID
CLM9120,2599,2149,2024-05-02,28.00,PENDING
CLM9121,2865,2112,2024-05-02,125.00,PAID
CLM9122,1670,2088,2024-05-02,135.00,PAID
CLM9123,1468,2129,2024-05-02,120.00,PAID
CLM9124,2269,2141,2024-05-03,320.00,PAID
CLM9125,1607,2085,2024-05-03,1074.00,PAID
CLM9126,3190,2081,2024-05-03,150.00,PAID
CLM9127,1818,2060,2024-05-03,48.00,PAID
CLM9128,1760,2088,2024-05-03,143.00,PAID
CLM9129,2390,2042,2024-05-03,63.00,PAID
CLM9130,3313,2018,2024-05-03,73.00,PAID
CLM9131,2305,2044,2024-05-03,1046.00,DENIED
CLM9132,2502,2044,2024-05-03,306.00,DENIED
CLM9133,1616,2088,2024-05-03,1455.00,DENIED
CLM9134,3242,2067,2024-05-03,149.00,PAID
CLM9135,2539,2112,2024-05-03,359.00,PAID
CLM9136,3001,2123,2024-05-03,37.00,PAID
CLM9137,3016,2065,2024-05-03,52.00,PAID
CLM9138,1423,2096,2024-05-03,185.00,PAID
CLM9139,2995,2093,2024-05-03,237.00,PAID
CLM9140,3129,2104,2024-05-03,114.00,PAID
CLM9141,3415,2011,2024-05-03,258.00,PAID
CLM9142,1910,2068,2024-05-03,104.00,PAID
CLM9143,3071,2091,2024-05-03,38.00,DENIED
CLM9144,1355,2145,2024-05-03,74.00,PAID
CLM9145,3378,2058,2024-05-03,160.00,DENIED
CLM9146,1449,2109,2024-05-03,67.00,PENDING
CLM9147,1329,2074,2024-05-03,181.00,PAID
CLM9148,1346,2122,2024-05-03,63.00,PAID
CLM9149,2032,2130,2024-05-03,146.00,PAID
CLM9150,3203,2017,2024-05-03,188.00,PAID
CLM9151,1780,2060,2024-05-03,51.00,PAID
CLM9152,1477,2131,2024-05-03,406.00,PAID
CLM9153,1430,2077,2024-05-03,156.00,PAID
CLM9154,1518,2144,2024-05-04,284.00,PAID
CLM9155,3223,2041,2024-05-04,284.00,DENIED
CLM9156,2720,2104,2024-05-04,108.00,PAID
CLM9157,1298,2024,2024-05-04,5282.00,DENIED
CLM9158,3106,2085,2024-05-04,1321.00,PAID
CLM9159,2351,2010,2024-05-04,33.00,PAID
CLM9160,1843,2143,2024-05-04,448.00,PAID
CLM9161,2866,2104,2024-05-04,256.00,PAID
CLM9162,2786,2097,2024-05-04,28.00,PAID
CLM9163,3359,2068,2024-05-04,1003.00,PAID
CLM9164,2822,2091,2024-05-05,58.00,PAID
CLM9165,3048,2140,2024-05-05,375.00,PAID
CLM9166,2599,2103,2024-05-05,32.00,PAID
CLM9167,2955,2132,2024-05-05,438.00,PAID
CLM9168,2793,2102,2024-05-05,442.00,PAID
CLM9169,2359,2115,2024-05-05,297.00,PAID
CLM9170,3481,2035,2024-05-05,40.00,PAID
CLM9171,2020,2069,2024-05-05,4618.00,PAID
CLM9172,2063,2071,2024-05-05,214.00,PAID
CLM9173,2623,2040,2024-05-05,44.00,PAID
CLM9174,1938,2122,2024-05-05,136.00,PAID
CLM9175,2493,2049,2024-05-05,451.00,PAID
CLM9176,3459,2103,2024-05-05,123.00,PAID
CLM9177,3100,2060,2024-05-05,1453.00,DENIED
CLM9178,3150,2087,2024-05-06,1308.00,PAID
CLM9179,1727,2088,2024-05-06,797.00,PAID
CLM9180,2575,2108,2024-05-06,619.00,PAID
CLM9181,1812,2087,2024-05-06,1443.00,PAID
CLM9182,2390,2022,2024-05-06,40.00,PAID
CLM9183,1278,2065,2024-05-06,149.00,PAID
CLM9184,1912,2078,2024-05-06,23.00,PAID
CLM9185,3028,2126,2024-05-06,127.00,PAID
CLM9186,2679,2052,2024-05-06,303.00,PAID
CLM9187,2944,2141,2024-05-06,33.00,PAID
CLM9188,2498,2139,2024-05-06,175.00,PAID
CLM9189,2248,2022,2024-05-06,73.00,PAID
CLM9190,2786,2020,2024-05-06,48.00,DENIED
CLM9191,2442,2074,2024-05-06,307.00,PAID
CLM9192,1540,2039,2024-05-06,394.00,PAID
CLM9193,1753,2073,2024-05-06,263.00,PAID
CLM9194,2664,2050,2024-05-06,33.00,PAID
CLM9195,1540,2024,2024-05-06,1488.00,PAID
CLM9196,1653,2091,2024-05-06,167.00,DENIED
CLM9197,3167,2077,2024-05-06,29.00,PAID
CLM9198,1479,2066,2024-05-06,33.00,PAID
CLM9199,2991,2126,2024-05-06,441.00,PAID
CLM9200,2177,2011,2024-05-06,175.00,DENIED
CLM9201,1238,2065,2024-05-06,128.00,PAID
CLM9202,2581,2102,2024-05-06,460.00,PAID
CLM9203,2881,2059,2024-05-06,594.00,PAID
CLM9204,2263,2146,2024-05-06,301.00,PAID
CLM9205,2419,2091,2024-05-06,124.00,PAID
CLM9206,3459,2045,2024-05-06,1732.00,PAID
CLM9207,3316,2068,2024-05-06,474.00,PAID
CLM9208,1904,2096,2024-05-06,230.00,PAID
CLM9209,1745,2015,2024-05-06,1975.00,DENIED
CLM9210,3189,2018,2024-05-06,40.00,PAID
CLM9211,3256,2067,2024-05-06,208.00,PAID
CLM9212,1409,2119,2024-05-06,174.00,PAID
CLM9213,1078,2100,2024-05-06,7974.00,DENIED
CLM9214,1035,2115,2024-05-06,454.00,PAID
CLM9215,1608,2054,2024-05-07,51.00,PAID
CLM9216,2895,2102,2024-05-07,144.00,PAID
CLM9217,3308,2004,2024-05-07,5350.00,PAID
CLM9218,2285,2137,2024-05-07,146.00,PAID
CLM9219,2555,2076,2024-05-07,32.00,PAID
CLM9220,1736,2112,2024-05-07,31.00,PAID
CLM9221,2067,2111,2024-05-07,243.00,PAID
CLM9222,2031,2069,2024-05-07,909.00,PAID
CLM9223,2783,2033,2024-05-07,112.00,PAID
CLM9224,3440,2114,2024-05-07,67.00,PAID
CLM9225,1094,2016,2024-05-07,146.00,PAID
CLM9226,2474,2013,2024-05-07,118.00,DENIED
CLM9227,1598,2053,2024-05-07,103.00,PAID
CLM9228,2259,2114,2024-05-07,38.00,PAID
CLM9229,2828,2029,2024-05-07,5205.00,DENIED
CLM9230,1008,2013,2024-05-07,1530.00,DENIED
CLM9231,2042,2015,2024-05-07,259.00,DENIED
CLM9232,1257,2082,2024-05-07,264.00,PAID
CLM9233,1545,2083,2024-05-07,282.00,PAID
CLM9234,2350,2016,2024-05-07,195.00,PAID
CLM9235,2152,2087,2024-05-07,136.00,PAID
CLM9236,2579,2011,2024-05-07,169.00,PAID
CLM9237,2966,2121,2024-05-07,816.00,DENIED
CLM9238,1344,2084,2024-05-07,193.00,PAID
CLM9239,2011,2080,2024-05-07,68.00,PAID
CLM9240,2006,2014,2024-05-07,161.00,PAID
CLM9241,1392,2043,2024-05-07,278.00,PAID
CLM9242,2284,2024,2024-05-07,997.00,PAID
CLM9243,3380,2020,2024-05-08,2510.00,PAID
CLM9244,2491,2092,2024-05-08,183.00,PAID
CLM9245,3027,2098,2024-05-08,32.00,PAID
CLM9246,1454,2131,2024-05-08,1205.00,DENIED
CLM9247,3013,2013,2024-05-08,1748.00,PAID
CLM9248,2203,2085,2024-05-08,257.00,PAID
CLM9249,1989,2035,2024-05-08,38.00,PAID
CLM9250,2995,2078,2024-05-08,69.00,PAID
CLM9251,3109,2053,2024-05-08,192.00,PAID
CLM9252,2908,2109,2024-05-08,126.00,PAID
CLM9253,1593,2091,2024-05-08,193.00,DENIED
CLM9254,1794,2071,2024-05-08,111.00,DENIED
CLM9255,1447,2133,2024-05-08,172.00,DENIED
CLM9256,2027,2137,2024-05-08,945.00,DENIED
CLM9257,1779,2088,2024-05-08,5187.00,PAID
CLM9258,2347,2112,2024-05-08,139.00,PAID
CLM9259,3096,2032,2024-05-08,342.00,PAID
CLM9260,2437,2074,2024-05-08,150.00,PAID
CLM9261,2378,2104,2024-05-08,536.00,PAID
CLM9262,1036,2045,2024-05-08,5753.00,PAID
CLM9263,3084,2074,2024-05-08,435.00,DENIED
CLM9264,3363,2143,2024-05-08,571.00,DENIED
CLM9265,3273,2110,2024-05-08,173.00,PAID
CLM9266,2562,2121,2024-05-08,5810.00,PAID
CLM9267,1376,2109,2024-05-08,357.00,PAID
CLM9268,2641,2137,2024-05-08,1374.00,PAID
CLM9269,1838,2057,2024-05-08,142.00,PAID
CLM9270,1838,2076,2024-05-08,150.00,PAID
CLM9271,2012,2050,2024-05-09,91.00,PAID
CLM9272,3134,2133,2024-05-09,441.00,PAID
CLM9273,1455,2048,2024-05-09,4092.00,PAID
CLM9274,1405,2013,2024-05-09,6034.00,DENIED
CLM9275,1300,2026,2024-05-09,185.00,PAID
CLM9276,1418,2012,2024-05-09,83.00,PAID
CLM9277,1602,2044,2024-05-09,131.00,PAID
CLM9278,1883,2008,2024-05-09,31.00,PAID
CLM9279,2254,2045,2024-05-09,133.00,PAID
CLM9280,3109,2068,2024-05-09,143.00,PAID
CLM9281,2761,2052,2024-05-09,115.00,PAID
CLM9282,1139,2014,2024-05-09,108.00,PAID
CLM9283,3073,2110,2024-05-09,158.00,PAID
CLM9284,2521,2065,2024-05-09,121.00,DENIED
CLM9285,1813,2103,2024-05-09,156.00,PAID
CLM9286,2942,2121,2024-05-09,143.00,PAID
CLM9287,3450,2043,2024-05-09,56.00,PAID
CLM9288,3022,2120,2024-05-09,212.00,DENIED
CLM9289,3350,2137,2024-05-09,436.00,DENIED
CLM9290,2564,2039,2024-05-09,61.00,PAID
CLM9291,1983,2098,2024-05-09,377.00,PAID
CLM9292,1541,2019,2024-05-09,207.00,DENIED
CLM9293,2830,2050,2024-05-09,186.00,PAID
CLM9294,2681,2133,2024-05-09,344.00,PAID
CLM9295,3191,2149,2024-05-09,281.00,PAID
CLM9296,1514,2070,2024-05-09,64.00,PAID
CLM9297,2491,2068,2024-05-09,273.00,PAID
CLM9298,1965,2123,2024-05-09,122.00,PAID
CLM9299,1555,2044,2024-05-09,302.00,PAID
CLM9300,3142,2068,2024-05-09,145.00,PAID
CLM9301,2144,2007,2024-05-09,43.00,PAID
CLM9302,2728,2042,2024-05-10,169.00,PAID
CLM9303,1410,2003,2024-05-10,136.00,PAID
CLM9304,1587,2075,2024-05-10,46.00,PAID
CLM9305,2530,2085,2024-05-10,129.00,PAID
CLM9306,2546,2003,2024-05-10,287.00,PAID
CLM9307,1184,2020,2024-05-10,48.00,PAID
CLM9308,3121,2063,2024-05-10,82.00,PAID
CLM9309,3394,2082,2024-05-10,297.00,PAID
CLM9310,3194,2013,2024-05-10,124.00,PAID
CLM9311,3167,2002,2024-05-10,346.00,PAID
CLM9312,3247,2068,2024-05-10,263.00,PAID
CLM9313,1308,2076,2024-05-10,30.00,PAID
CLM9314,1028,2076,2024-05-10,210.00,PAID
CLM9315,2009,2095,2024-05-10,117.00,DENIED
CLM9316,1592,2078,2024-05-10,23.00,PAID
CLM9317,1917,2017,2024-05-10,329.00,PAID
CLM9318,1518,2137,2024-05-10,771.00,PAID
CLM9319,1947,2040,2024-05-10,413.00,PAID
CLM9320,3193,2108,2024-05-10,137.00,PAID
CLM9321,3361,2097,2024-05-10,289.00,DENIED
CLM9322,1063,2024,2024-05-10,1000.00,PAID
CLM9323,2981,2009,2024-05-10,41.00,PAID
CLM9324,2935,2129,2024-05-10,208.00,PAID
CLM9325,3297,2109,2024-05-10,172.00,PAID
CLM9326,1354,2057,2024-05-10,29.00,DENIED
CLM9327,2068,2059,2024-05-11,163.00,PAID
CLM9328,2483,2071,2024-05-11,150.00,PAID
CLM9329,2564,2029,2024-05-11,2098.00,PAID
CLM9330,2608,2019,2024-05-11,62.00,PAID
CLM9331,1678,2095,2024-05-11,104.00,DENIED
CLM9332,1614,2145,2024-05-11,127.00,PAID
CLM9333,2758,2017,2024-05-12,404.00,PAID
CLM9334,2835,2061,2024-05-12,42.00,PAID
CLM9335,1204,2144,2024-05-12,125.00,PAID
CLM9336,3258,2042,2024-05-12,176.00,DENIED
CLM9337,2322,2103,2024-05-12,45.00,PAID
CLM9338,3405,2149,2024-05-12,76.00,PAID
CLM9339,3422,2137,2024-05-13,119.00,DENIED
CLM9340,1710,2057,2024-05-13,149.00,PAID
CLM9341,1143,2018,2024-05-13,32.00,PAID
CLM9342,1563,2137,2024-05-13,944.00,PAID
CLM9343,3236,2084,2024-05-13,514.00,PAID
CLM9344,1680,2038,2024-05-13,122.00,PAID
CLM9345,2913,2074,2024-05-13,291.00,PAID
CLM9346,1769,2103,2024-05-13,247.00,PAID
CLM9347,2303,2085,2024-05-13,429.00,PAID
CLM9348,1976,2096,2024-05-13,82.00,PAID
CLM9349,2872,2088,2024-05-13,1357.00,DENIED
CLM9350,1982,2133,2024-05-13,225.00,DENIED
CLM9351,3276,2120,2024-05-13,159.00,PAID
CLM9352,2791,2026,2024-05-13,38.00,PAID
CLM9353,1980,2093,2024-05-13,271.00,PAID
CLM9354,2441,2045,2024-05-13,1947.00,PAID
CLM9355,1760,2073,2024-05-13,71.00,PAID
CLM9356,1791,2116,2024-05-13,45.00,PAID
CLM9357,1605,2014,2024-05-13,43.00,PAID
CLM9358,2204,2060,2024-05-13,45.00,DENIED
CLM9359,2480,2106,2024-05-13,32.00,PAID
CLM9360,1455,2102,2024-05-13,128.00,PAID
CLM9361,1479,2006,2024-05-13,479.00,PAID
CLM9362,2223,2019,2024-05-13,133.00,PAID
CLM9363,1176,2129,2024-05-13,35.00,PAID
CLM9364,2086,2087,2024-05-13,176.00,PAID
CLM9365,3459,2087,2024-05-14,1392.00,DENIED
CLM9366,2986,2137,2024-05-14,107.00,PAID
CLM9367,1343,2039,2024-05-14,189.00,PAID
CLM9368,1417,2037,2024-05-14,99.00,PAID
CLM9369,2980,2085,2024-05-14,295.00,PAID
CLM9370,2683,2069,2024-05-14,980.00,PAID
CLM9371,2867,2004,2024-05-14,923.00,PAID
CLM9372,3456,2044,2024-05-14,117.00,PAID
CLM9373,1281,2105,2024-05-14,1371.00,DENIED
CLM9374,1998,2141,2024-05-14,81.00,PAID
CLM9375,1402,2072,2024-05-14,35.00,PAID
CLM9376,1128,2098,2024-05-14,37.00,PAID
CLM9377,1737,2071,2024-05-14,106.00,PAID
CLM9378,3495,2137,2024-05-14,135.00,PAID
CLM9379,2783,2093,2024-05-14,184.00,PAID
CLM9380,3154,2089,2024-05-14,64.00,PAID
CLM9381,1026,2008,2024-05-14,80.00,PAID
CLM9382,1403,2004,2024-05-14,4689.00,PAID
CLM9383,3007,2070,2024-05-14,236.00,PAID
CLM9384,1763,2005,2024-05-14,430.00,PAID
CLM9385,1647,2109,2024-05-14,118.00,PAID
CLM9386,1290,2146,2024-05-14,135.00,PAID
CLM9387,2599,2045,2024-05-14,262.00,PAID
CLM9388,1778,2071,2024-05-14,50.00,PAID
CLM9389,2399,2082,2024-05-14,113.00,PAID
CLM9390,3048,2100,2024-05-14,503.00,PAID
CLM9391,1629,2121,2024-05-15,1577.00,DENIED
CLM9392,1637,2057,2024-05-15,81.00,PAID
CLM9393,2571,2061,2024-05-15,170.00,PAID
CLM9394,2623,2137,2024-05-15,269.00,PAID
CLM9395,1897,2142,2024-05-15,112.00,PAID
CLM9396,2540,2081,2024-05-15,225.00,PAID
CLM9397,3112,2137,2024-05-15,640.00,PAID
CLM9398,1098,2083,2024-05-15,43.00,PAID
CLM9399,3441,2004,2024-05-15,120.00,DENIED
CLM9400,1693,2028,2024-05-15,231.00,PAID
CLM9401,2297,2060,2024-05-15,1517.00,PAID
CLM9402,1958,2065,2024-05-15,92.00,PAID
CLM9403,2767,2085,2024-05-15,456.00,PAID
CLM9404,3172,2115,2024-05-15,445.00,DENIED
CLM9405,2883,2049,2024-05-15,250.00,PAID
CLM9406,2495,2131,2024-05-15,233.00,PAID
CLM9407,1450,2004,2024-05-15,143.00,PAID
CLM9408,2262,2134,2024-05-15,110.00,PAID
CLM9409,2337,2072,2024-05-15,148.00,PAID
CLM9410,3416,2004,2024-05-15,1067.00,PAID
CLM9411,3175,2131,2024-05-15,1109.00,DENIED
CLM9412,1775,2045,2024-05-15,109.00,DENIED
CLM9413,1507,2019,2024-05-15,126.00,PAID
CLM9414,2989,2015,2024-05-15,252.00,DENIED
CLM9415,1472,2068,2024-05-15,173.00,PAID
CLM9416,3009,2045,2024-05-15,119.00,DENIED
CLM9417,1878,2001,2024-05-15,239.00,PAID
CLM9418,1463,2105,2024-05-15,794.00,PAID
CLM9419,1393,2082,2024-05-16,144.00,PAID
CLM9420,2171,2118,2024-05-16,218.00,PAID
CLM9421,2865,2033,2024-05-16,181.00,PAID
CLM9422,2971,2150,2024-05-16,81.00,PAID
CLM9423,1298,2131,2024-05-16,396.00,PAID
CLM9424,2918,2059,2024-05-16,185.00,DENIED
CLM9425,2329,2132,2024-05-16,1392.00,PAID
CLM9426,1377,2111,2024-05-16,117.00,PAID
CLM9427,3158,2072,2024-05-16,59.00,DENIED
CLM9428,2557,2052,2024-05-16,169.00,PAID
CLM9429,2216,2107,2024-05-16,166.00,PAID
CLM9430,3449,2009,2024-05-16,90.00,PAID
CLM9431,1891,2003,2024-05-16,44.00,PAID
CLM9432,2679,2136,2024-05-16,124.00,PAID
CLM9433,2802,2110,2024-05-16,383.00,DENIED
CLM9434,1054,2079,2024-05-16,224.00,PAID
CLM9435,2287,2023,2024-05-16,59.00,PAID
CLM9436,2783,2040,2024-05-16,48.00,DENIED
CLM9437,1061,2077,2024-05-16,33.00,PAID
CLM9438,1010,2011,2024-05-16,30.00,PAID
CLM9439,2377,2045,2024-05-16,271.00,PAID
CLM9440,2506,2103,2024-05-16,85.00,PAID
CLM9441,2099,2085,2024-05-16,517.00,PAID
CLM9442,3045,2054,2024-05-16,63.00,PAID
CLM9443,1070,2015,2024-05-16,282.00,PAID
CLM9444,2297,2094,2024-05-16,220.00,PAID
CLM9445,3167,2023,2024-05-17,145.00,PAID
CLM9446,3390,2130,2024-05-17,41.00,PAID
CLM9447,1348,2010,2024-05-17,365.00,PAID
CLM9448,2383,2021,2024-05-17,48.00,PAID
CLM9449,3154,2067,2024-05-17,648.00,PAID
CLM9450,2537,2028,2024-05-17,51.00,PAID
CLM9451,2043,2042,2024-05-17,238.00,PAID
CLM9452,2974,2037,2024-05-17,244.00,PAID
CLM9453,2657,2100,2024-05-17,518.00,PAID
CLM9454,1963,2024,2024-05-17,162.00,PENDING
CLM9455,1680,2079,2024-05-17,142.00,PAID
CLM9456,1945,2076,2024-05-17,32.00,PAID
CLM9457,1810,2130,2024-05-17,42.00,PAID
CLM9458,3381,2029,2024-05-17,1130.00,PAID
CLM9459,2097,2050,2024-05-17,325.00,PAID
CLM9460,3284,2077,2024-05-17,27.00,PAID
CLM9461,1173,2038,2024-05-17,108.00,PAID
CLM9462,1556,2059,2024-05-17,150.00,PAID
CLM9463,1204,2136,2024-05-17,129.00,PENDING
CLM9464,2550,2132,2024-05-17,281.00,PAID
CLM9465,1430,2122,2024-05-17,375.00,PAID
CLM9466,1773,2104,2024-05-17,1449.00,PAID
CLM9467,2274,2075,2024-05-17,254.00,DENIED
CLM9468,3499,2014,2024-05-18,47.00,PAID
CLM9469,3368,2008,2024-05-18,78.00,PAID
CLM9470,3408,2057,2024-05-18,49.00,PAID
CLM9471,1025,2002,2024-05-18,410.00,PAID
CLM9472,2863,2093,2024-05-18,51.00,PAID
CLM9473,1322,2144,2024-05-18,137.00,PAID
CLM9474,2948,2109,2024-05-18,166.00,PAID
CLM9475,2712,2052,2024-05-18,121.00,PAID
CLM9476,2472,2122,2024-05-18,37.00,PAID
CLM9477,2417,2021,2024-05-19,146.00,PAID
CLM9478,1383,2015,2024-05-19,1555.00,PAID
CLM9479,1907,2011,2024-05-19,383.00,PAID
CLM9480,1779,2088,2024-05-19,1132.00,DENIED
CLM9481,2616,2100,2024-05-19,130.00,PAID
CLM9482,2110,2026,2024-05-19,140.00,PAID
CLM9483,1623,2083,2024-05-19,332.00,PAID
CLM9484,2313,2040,2024-05-19,53.00,PAID
CLM9485,1619,2076,2024-05-19,159.00,PAID
CLM9486,1932,2135,2024-05-19,494.00,PAID
CLM9487,3274,2091,2024-05-20,37.00,PAID
CLM9488,3373,2017,2024-05-20,201.00,PAID
CLM9489,2254,2054,2024-05-20,54.00,PAID
CLM9490,3307,2088,2024-05-20,135.00,PAID
CLM9491,3380,2132,2024-05-20,1343.00,PAID
CLM9492,1828,2094,2024-05-20,3898.00,PAID
CLM9493,3156,2145,2024-05-20,47.00,PAID
CLM9494,3203,2131,2024-05-20,1438.00,PAID
CLM9495,1233,2009,2024-05-20,381.00,PAID
CLM9496,1813,2029,2024-05-20,5909.00,DENIED
CLM9497,3204,2046,2024-05-20,32.00,DENIED
CLM9498,1061,2023,2024-05-20,110.00,PAID
CLM9499,1400,2036,2024-05-20,191.00,DENIED
CLM9500,1546,2105,2024-05-20,172.00,PAID
CLM9501,2459,2104,2024-05-20,4830.00,PAID
CLM9502,2511,2074,2024-05-20,275.00,PAID
CLM9503,1649,2115,2024-05-20,180.00,PAID
CLM9504,1301,2087,2024-05-20,117.00,PAID
CLM9505,2049,2118,2024-05-20,45.00,PAID
CLM9506,1584,2133,2024-05-20,40.00,PAID
CLM9507,3244,2081,2024-05-20,120.00,PAID
CLM9508,2001,2017,2024-05-20,44.00,DENIED
CLM9509,2708,2059,2024-05-20,130.00,PAID
CLM9510,2425,2106,2024-05-20,30.00,PAID
CLM9511,2010,2017,2024-05-20,231.00,DENIED
CLM9512,1291,2033,2024-05-20,189.00,PAID
CLM9513,2783,2131,2024-05-20,625.00,PAID
CLM9514,3084,2028,2024-05-20,71.00,PAID
CLM9515,3406,2027,2024-05-20,139.00,PAID
CLM9516,2226,2137,2024-05-20,175.00,PAID
CLM9517,2357,2130,2024-05-21,245.00,PAID
CLM9518,1132,2043,2024-05-21,136.00,PAID
CLM9519,1660,2039,2024-05-21,89.00,PAID
CLM9520,2584,2076,2024-05-21,276.00,PAID
CLM9521,1552,2060,2024-05-21,353.00,PAID
CLM9522,2516,2085,2024-05-21,1556.00,PAID
CLM9523,2374,2074,2024-05-21,576.00,PAID
CLM9524,1573,2010,2024-05-21,311.00,PAID
CLM9525,2995,2072,2024-05-21,75.00,DENIED
CLM9526,2769,2063,2024-05-21,40.00,DENIED
CLM9527,1008,2120,2024-05-21,93.00,PAID
CLM9528,1081,2119,2024-05-21,97.00,PENDING
CLM9529,3291,2040,2024-05-21,32.00,PAID
CLM9530,3341,2093,2024-05-21,80.00,PAID
CLM9531,2775,2087,2024-05-21,172.00,PAID
CLM9532,2338,2071,2024-05-21,53.00,PAID
CLM9533,2049,2020,2024-05-21,378.00,PAID
CLM9534,2034,2027,2024-05-21,341.00,DENIED
CLM9535,2560,2123,2024-05-21,244.00,PAID
CLM9536,1106,2110,2024-05-21,137.00,PAID
CLM9537,2732,2049,2024-05-21,152.00,PAID
CLM9538,1908,2085,2024-05-21,261.00,PAID
CLM9539,2285,2114,2024-05-21,343.00,PAID
CLM9540,3278,2077,2024-05-21,52.00,PAID
CLM9541,3370,2078,2024-05-21,33.00,PAID
CLM9542,1695,2140,2024-05-22,352.00,PAID
CLM9543,2958,2001,2024-05-22,56.00,PAID
CLM9544,1983,2063,2024-05-22,70.00,PAID
CLM9545,2455,2071,2024-05-22,1508.00,PAID
CLM9546,1091,2070,2024-05-22,76.00,PAID
CLM9547,2054,2103,2024-05-22,116.00,PAID
CLM9548,2024,2105,2024-05-22,120.00,PAID
CLM9549,3368,2018,2024-05-22,86.00,PAID
CLM9550,2921,2143,2024-05-22,135.00,DENIED
CLM9551,2831,2028,2024-05-22,97.00,PAID
CLM9552,3254,2024,2024-05-22,5449.00,PAID
CLM9553,2136,2045,2024-05-22,5992.00,PAID
CLM9554,1358,2131,2024-05-22,317.00,DENIED
CLM9555,1545,2082,2024-05-22,82.00,PAID
CLM9556,1365,2145,2024-05-22,33.00,PAID
CLM9557,1427,2110,2024-05-22,309.00,PAID
CLM9558,1489,2071,2024-05-22,151.00,PAID
CLM9559,1491,2099,2024-05-22,111.00,PAID
CLM9560,1305,2137,2024-05-22,1515.00,PAID
CLM9561,1904,2075,2024-05-22,427.00,PAID
CLM9562,1697,2050,2024-05-22,159.00,PAID
CLM9563,1058,2095,2024-05-22,239.00,PAID
CLM9564,3055,2013,2024-05-22,236.00,PAID
CLM9565,1837,2069,2024-05-22,167.00,PAID
CLM9566,2833,2145,2024-05-22,82.00,PAID
CLM9567,3406,2131,2024-05-22,47.00,PAID
CLM9568,3018,2035,2024-05-22,205.00,PAID
CLM9569,1028,2025,2024-05-22,34.00,DENIED
CLM9570,3069,2105,2024-05-22,269.00,PAID
CLM9571,1863,2085,2024-05-23,1179.00,PAID
CLM9572,3002,2135,2024-05-23,81.00,PAID
CLM9573,1947,2069,2024-05-23,277.00,DENIED
CLM9574,2872,2121,2024-05-23,994.00,PAID
CLM9575,3203,2066,2024-05-23,109.00,PAID
CLM9576,1149,2029,2024-05-23,1141.00,PAID
CLM9577,1250,2004,2024-05-23,6231.00,PAID
CLM9578,2192,2118,2024-05-23,386.00,PAID
CLM9579,2365,2074,2024-05-23,279.00,PAID
CLM9580,3240,2035,2024-05-23,37.00,PAID
CLM9581,3485,2029,2024-05-23,1131.00,DENIED
CLM9582,2021,2126,2024-05-23,307.00,PAID
CLM9583,3189,2005,2024-05-23,49.00,PAID
CLM9584,2529,2029,2024-05-23,965.00,PAID
CLM9585,2353,2060,2024-05-23,1225.00,PAID
CLM9586,1314,2015,2024-05-23,112.00,PAID
CLM9587,3379,2141,2024-05-23,47.00,PAID
CLM9588,2466,2043,2024-05-23,39.00,PAID
CLM9589,1930,2018,2024-05-23,43.00,PAID
CLM9590,2771,2140,2024-05-23,376.00,PAID
CLM9591,3291,2026,2024-05-23,97.00,PAID
CLM9592,1023,2001,2024-05-23,78.00,PAID
CLM9593,3389,2033,2024-05-23,344.00,PAID
CLM9594,2003,2072,2024-05-23,349.00,PAID
CLM9595,3159,2137,2024-05-23,756.00,PAID
CLM9596,1823,2058,2024-05-23,139.00,PAID
CLM9597,1148,2088,2024-05-23,169.00,PAID
CLM9598,3011,2094,2024-05-24,82.00,PAID
CLM9599,1014,2091,2024-05-24,62.00,DENIED
CLM9600,2785,2109,2024-05-24,389.00,DENIED
CLM9601,2300,2044,2024-05-24,127.00,PAID
CLM9602,2375,2025,2024-05-24,514.00,PAID
CLM9603,2090,2140,2024-05-24,243.00,PAID
CLM9604,2276,2106,2024-05-24,220.00,PAID
CLM9605,1502,2124,2024-05-24,161.00,PAID
CLM9606,1498,2129,2024-05-24,232.00,PAID
CLM9607,3252,2053,2024-05-24,30.00,PAID
CLM9608,3229,2100,2024-05-24,116.00,PAID
CLM9609,1810,2037,2024-05-24,1434.00,PAID
CLM9610,1990,2057,2024-05-24,91.00,PAID
CLM9611,3139,2037,2024-05-24,138.00,PAID
CLM9612,2861,2085,2024-05-24,1162.00,DENIED
CLM9613,2993,2033,2024-05-24,32.00,DENIED
CLM9614,2399,2047,2024-05-24,76.00,PAID
CLM9615,1363,2059,2024-05-24,538.00,PAID
CLM9616,1637,2121,2024-05-24,153.00,PAID
CLM9617,2118,2020,2024-05-24,41.00,PAID
CLM9618,2257,2054,2024-05-24,120.00,DENIED
CLM9619,3188,2034,2024-05-25,51.00,PAID
CLM9620,2291,2030,2024-05-25,186.00,PAID
CLM9621,2161,2088,2024-05-25,894.00,DENIED
CLM9622,3403,2005,2024-05-25,345.00,PAID
CLM9623,2688,2036,2024-05-25,111.00,PAID
CLM9624,2317,2002,2024-05-25,151.00,PAID
CLM9625,2408,2076,2024-05-25,28.00,PAID
CLM9626,1466,2062,2024-05-26,317.00,PAID
CLM9627,3133,2086,2024-05-26,55.00,PAID
CLM9628,1885,2088,2024-05-26,276.00,PENDING
CLM9629,1546,2016,2024-05-26,44.00,PAID
CLM9630,3045,2008,2024-05-26,31.00,PAID
CLM9631,1148,2132,2024-05-26,193.00,PAID
CLM9632,1088,2147,2024-05-26,182.00,PAID
CLM9633,3055,2049,2024-05-26,139.00,DENIED
CLM9634,1709,2045,2024-05-26,130.00,DENIED
CLM9635,2992,2091,2024-05-26,65.00,DENIED
CLM9636,2463,2099,2024-05-26,43.00,PAID
CLM9637,2101,2054,2024-05-26,47.00,PAID
CLM9638,1733,2085,2024-05-27,961.00,PAID
CLM9639,3391,2067,2024-05-27,411.00,PAID
CLM9640,2290,2115,2024-05-27,130.00,PAID
CLM9641,3372,2120,2024-05-27,52.00,PAID
CLM9642,1157,2010,2024-05-27,133.00,PAID
CLM9643,1783,2046,2024-05-27,457.00,PAID
CLM9644,2879,2052,2024-05-27,29.00,PAID
CLM9645,2964,2066,2024-05-27,28.00,PAID
CLM9646,1650,2020,2024-05-27,2585.00,PAID
CLM9647,2853,2118,2024-05-27,56.00,PAID
CLM9648,2595,2085,2024-05-27,114.00,PAID
CLM9649,2966,2091,2024-05-27,58.00,DENIED
CLM9650,2540,2059,2024-05-27,491.00,PAID
CLM9651,3471,2056,2024-05-27,489.00,PAID
CLM9652,1169,2018,2024-05-27,171.00,PAID
CLM9653,3229,2015,2024-05-27,133.00,DENIED
CLM9654,2329,2028,2024-05-27,57.00,PAID
CLM9655,1712,2085,2024-05-27,142.00,PAID
CLM9656,1942,2042,2024-05-27,62.00,PAID
CLM9657,1308,2093,2024-05-27,47.00,PAID
CLM9658,1474,2126,2024-05-27,329.00,PAID
CLM9659,2002,2149,2024-05-27,96.00,PAID
CLM9660,1067,2015,2024-05-27,1697.00,PAID
CLM9661,2350,2068,2024-05-28,705.00,PAID
CLM9662,1157,2137,2024-05-28,1709.00,PAID
CLM9663,2903,2029,2024-05-28,1305.00,PAID
CLM9664,3058,2020,2024-05-28,247.00,DENIED
CLM9665,1108,2121,2024-05-28,5155.00,PAID
CLM9666,2541,2003,2024-05-28,399.00,PAID
CLM9667,2590,2005,2024-05-28,411.00,PAID
CLM9668,2926,2104,2024-05-28,111.00,PAID
CLM9669,2081,2042,2024-05-28,105.00,PAID
CLM9670,3236,2014,2024-05-28,140.00,PAID
CLM9671,2583,2073,2024-05-28,29.00,PAID
CLM9672,3126,2094,2024-05-28,71.00,PAID
CLM9673,1992,2052,2024-05-28,309.00,PAID
CLM9674,2437,2140,2024-05-28,1634.00,PAID
CLM9675,2049,2109,2024-05-28,532.00,PAID
CLM9676,2898,2115,2024-05-28,132.00,PAID
CLM9677,3300,2029,2024-05-28,168.00,PAID
CLM9678,1176,2131,2024-05-28,592.00,PAID
CLM9679,3061,2005,2024-05-28,45.00,PAID
CLM9680,3298,2135,2024-05-28,80.00,PAID
CLM9681,3150,2121,2024-05-28,5180.00,DENIED
CLM9682,2604,2105,2024-05-28,283.00,PAID
CLM9683,1731,2069,2024-05-29,4632.00,PAID
CLM9684,1959,2068,2024-05-29,755.00,PAID
CLM9685,1406,2068,2024-05-29,1289.00,PAID
CLM9686,2975,2092,2024-05-29,125.00,PAID
CLM9687,3266,2029,2024-05-29,148.00,PAID
CLM9688,2996,2065,2024-05-29,1764.00,PAID
CLM9689,3050,2110,2024-05-29,239.00,DENIED
CLM9690,2267,2134,2024-05-29,46.00,PAID
CLM9691,1069,2118,2024-05-29,247.00,PAID
CLM9692,2020,2130,2024-05-29,203.00,PAID
CLM9693,2666,2017,2024-05-29,100.00,PAID
CLM9694,1823,2049,2024-05-29,285.00,PAID
CLM9695,2870,2121,2024-05-29,1064.00,PAID
CLM9696,2705,2142,2024-05-29,119.00,PAID
CLM9697,3157,2063,2024-05-29,204.00,PAID
CLM9698,1509,2064,2024-05-29,193.00,PAID
CLM9699,1610,2105,2024-05-29,1181.00,PAID
CLM9700,2138,2030,2024-05-29,103.00,PAID
CLM9701,3348,2042,2024-05-29,39.00,PAID
CLM9702,3316,2011,2024-05-29,30.00,PAID
CLM9703,2563,2059,2024-05-29,369.00,DENIED
CLM9704,2770,2137,2024-05-29,572.00,PAID
CLM9705,2389,2100,2024-05-29,245.00,PAID
CLM9706,3434,2020,2024-05-29,1208.00,PAID
CLM9707,1518,2005,2024-05-30,196.00,PAID
CLM9708,1754,2041,2024-05-30,135.00,PAID
CLM9709,1417,2020,2024-05-30,246.00,PAID
CLM9710,1607,2022,2024-05-30,38.00,PAID
CLM9711,3352,2002,2024-05-30,46.00,PAID
CLM9712,2407,2083,2024-05-30,43.00,PAID
CLM9713,2104,2113,2024-05-30,153.00,PAID
CLM9714,1808,2144,2024-05-30,276.00,PAID
CLM9715,1998,2123,2024-05-30,71.00,PAID
CLM9716,2381,2113,2024-05-30,436.00,PAID
CLM9717,1900,2091,2024-05-30,62.00,PAID
CLM9718,1933,2137,2024-05-30,113.00,PAID
CLM9719,2718,2088,2024-05-30,935.00,PAID
CLM9720,2218,2001,2024-05-30,127.00,PAID
CLM9721,1610,2002,2024-05-30,341.00,PAID
CLM9722,3411,2068,2024-05-30,171.00,PAID
CLM9723,3033,2029,2024-05-30,162.00,PAID
CLM9724,2018,2046,2024-05-30,128.00,PAID
CLM9725,3296,2010,2024-05-30,205.00,PAID
CLM9726,2577,2082,2024-05-30,378.00,PAID
CLM9727,1142,2037,2024-05-30,50.00,PAID
CLM9728,2893,2074,2024-05-30,140.00,DENIED
CLM9729,2355,2011,2024-05-30,209.00,PAID
CLM9730,1071,2076,2024-05-30,45.00,PAID
CLM9731,2687,2091,2024-05-30,38.00,DENIED
CLM9732,2323,2088,2024-05-30,1265.00,DENIED
CLM9733,1014,2021,2024-05-30,150.00,PAID
CLM9734,3317,2028,2024-05-30,146.00,PAID
CLM9735,2327,2142,2024-05-30,150.00,PAID
CLM9736,3344,2021,2024-05-30,190.00,PAID
CLM9737,2958,2050,2024-05-30,112.00,PAID
CLM9738,1547,2077,2024-05-31,133.00,DENIED
CLM9739,2834,2129,2024-05-31,111.00,PAID
CLM9740,1280,2059,2024-05-31,275.00,PAID
CLM9741,1156,2090,2024-05-31,68.00,PAID
CLM9742,1435,2087,2024-05-31,1252.00,PAID
CLM9743,1272,2033,2024-05-31,61.00,PAID
CLM9744,2634,2009,2024-05-31,148.00,PAID
CLM9745,1275,2096,2024-05-31,173.00,PAID
CLM9746,1419,2137,2024-05-31,150.00,PAID
CLM9747,1060,2011,2024-05-31,135.00,PAID
CLM9748,1820,2063,2024-05-31,100.00,PAID
CLM9749,2692,2078,2024-05-31,28.00,PAID
CLM9750,2841,2045,2024-05-31,271.00,PAID
CLM9751,3119,2046,2024-05-31,266.00,PAID
CLM9752,3300,2013,2024-05-31,135.00,DENIED
CLM9753,1139,2105,2024-05-31,282.00,PAID
CLM9754,2640,2068,2024-05-31,673.00,PAID
CLM9755,2168,2069,2024-05-31,1510.00,PAID
CLM9756,3167,2137,2024-05-31,110.00,PAID
CLM9757,2273,2002,2024-05-31,40.00,PAID
CLM9758,2332,2049,2024-05-31,212.00,PAID
CLM9759,1138,2132,2024-05-31,3383.00,DENIED
CLM9760,2807,2089,2024-05-31,117.00,PAID
CLM9761,1826,2050,2024-05-31,170.00,PAID
CLM9762,2204,2017,2024-05-31,148.00,DENIED
CLM9763,1094,2121,2024-05-31,150.00,PAID
CLM9764,3107,2108,2024-05-31,145.00,PAID
CLM9765,2430,2107,2024-05-31,36.00,PAID
CLM9766,2650,2010,2024-05-31,143.00,PAID
CLM9767,3417,2130,2024-05-31,320.00,PAID
CLM9768,1427,2075,2024-06-01,348.00,PAID
CLM9769,1187,2031,2024-06-01,117.00,DENIED
CLM9770,1930,2004,2024-06-01,161.00,PAID
CLM9771,3230,2013,2024-06-01,5206.00,PAID
CLM9772,1610,2068,2024-06-01,1404.00,DENIED
CLM9773,3058,2110,2024-06-01,108.00,PAID
CLM9774,2325,2044,2024-06-01,136.00,PAID
CLM9775,2367,2118,2024-06-01,31.00,DENIED
CLM9776,2669,2055,2024-06-01,293.00,PAID
CLM9777,2435,2028,2024-06-01,30.00,PAID
CLM9778,2808,2003,2024-06-02,34.00,PAID
CLM9779,1389,2068,2024-06-02,266.00,PAID
CLM9780,3361,2083,2024-06-02,37.00,PAID
CLM9781,2902,2029,2024-06-02,156.00,PAID
CLM9782,3257,2001,2024-06-02,237.00,DENIED
CLM9783,1919,2044,2024-06-02,302.00,PAID
CLM9784,1405,2132,2024-06-02,3040.00,PAID
CLM9785,2369,2105,2024-06-02,145.00,PAID
CLM9786,2294,2008,2024-06-02,58.00,PAID
CLM9787,2423,2118,2024-06-02,69.00,PAID
CLM9788,2709,2031,2024-06-03,77.00,PAID
CLM9789,2270,2062,2024-06-03,37.00,DENIED
CLM9790,1313,2063,2024-06-03,41.00,PAID
CLM9791,2669,2073,2024-06-03,47.00,PAID
CLM9792,2895,2038,2024-06-03,139.00,PAID
CLM9793,2910,2064,2024-06-03,361.00,DENIED
CLM9794,1191,2077,2024-06-03,55.00,PAID
CLM9795,3398,2125,2024-06-03,32.00,PAID
CLM9796,3494,2091,2024-06-03,39.00,PAID
CLM9797,2522,2063,2024-06-03,162.00,PAID
CLM9798,2171,2076,2024-06-03,45.00,PAID
CLM9799,1376,2150,2024-06-03,45.00,PAID
CLM9800,3046,2119,2024-06-03,124.00,PAID
CLM9801,1426,2132,2024-06-03,440.00,PAID
CLM9802,1066,2150,2024-06-03,58.00,PAID
CLM9803,1379,2140,2024-06-03,396.00,DENIED
CLM9804,3334,2077,2024-06-03,40.00,PAID
CLM9805,1648,2145,2024-06-03,31.00,PAID
CLM9806,2318,2075,2024-06-03,91.00,DENIED
CLM9807,1803,2085,2024-06-03,114.00,PAID
CLM9808,2393,2116,2024-06-03,63.00,PAID
CLM9809,1713,2045,2024-06-03,379.00,PAID
CLM9810,1082,2030,2024-06-03,388.00,PAID
CLM9811,1904,2091,2024-06-03,98.00,PAID
CLM9812,1230,2062,2024-06-04,125.00,PAID
CLM9813,1053,2104,2024-06-04,129.00,DENIED
CLM9814,2909,2085,2024-06-04,161.00,PAID
CLM9815,1692,2015,2024-06-04,5050.00,PAID
CLM9816,3491,2125,2024-06-04,93.00,PAID
CLM9817,3422,2013,2024-06-04,111.00,PAID
CLM9818,1574,2013,2024-06-04,111.00,PAID
CLM9819,2506,2029,2024-06-04,1144.00,DENIED
CLM9820,3174,2027,2024-06-04,483.00,PAID
CLM9821,3241,2077,2024-06-04,29.00,DENIED
CLM9822,1540,2122,2024-06-04,578.00,PAID
CLM9823,2644,2137,2024-06-04,102.00,PAID
CLM9824,1300,2024,2024-06-04,294.00,DENIED
CLM9825,2611,2046,2024-06-04,35.00,PAID
CLM9826,1064,2095,2024-06-04,139.00,PAID
CLM9827,1001,2064,2024-06-04,165.00,PAID
CLM9828,2350,2137,2024-06-04,270.00,PAID
CLM9829,2211,2115,2024-06-04,326.00,PAID
CLM9830,2930,2147,2024-06-04,335.00,PAID
CLM9831,1054,2062,2024-06-04,37.00,PAID
CLM9832,1670,2082,2024-06-05,277.00,PAID
CLM9833,1597,2042,2024-06-05,151.00,PAID
CLM9834,2035,2076,2024-06-05,54.00,PAID
CLM9835,2551,2144,2024-06-05,116.00,PAID
CLM9836,1502,2095,2024-06-05,1587.00,PAID
CLM9837,2786,2097,2024-06-05,241.00,PAID
CLM9838,2313,2122,2024-06-05,302.00,PAID
CLM9839,1767,2024,2024-06-05,152.00,PAID
CLM9840,1819,2086,2024-06-05,174.00,PAID
CLM9841,3374,2051,2024-06-05,44.00,PAID
CLM9842,2038,2065,2024-06-05,245.00,PAID
CLM9843,1863,2073,2024-06-05,133.00,PAID
CLM9844,3383,2036,2024-06-05,315.00,PAID
CLM9845,2742,2005,2024-06-05,46.00,PAID
CLM9846,1806,2078,2024-06-05,25.00,PAID
CLM9847,1753,2059,2024-06-05,327.00,PAID
CLM9848,3390,2008,2024-06-05,195.00,PAID
CLM9849,2897,2094,2024-06-05,406.00,PENDING
CLM9850,3363,2020,2024-06-05,1314.00,DENIED
CLM9851,2285,2137,2024-06-05,1820.00,PAID
CLM9852,2029,2026,2024-06-05,157.00,PAID
CLM9853,1737,2085,2024-06-05,276.00,PAID
CLM9854,2543,2095,2024-06-05,149.00,PAID
CLM9855,1823,2131,2024-06-05,211.00,PAID
CLM9856,2569,2076,2024-06-05,57.00,PAID
CLM9857,2658,2130,2024-06-05,383.00,PAID
CLM9858,1467,2016,2024-06-05,160.00,PAID
CLM9859,1220,2022,2024-06-05,76.00,PAID
CLM9860,2358,2054,2024-06-05,63.00,PAID
CLM9861,3038,2017,2024-06-05,346.00,PAID
CLM9862,1402,2142,2024-06-05,28.00,PAID
CLM9863,1709,2061,2024-06-05,118.00,PAID
CLM9864,1553,2033,2024-06-05,177.00,PAID
CLM9865,3255,2109,2024-06-05,342.00,PAID
CLM9866,2781,2010,2024-06-05,45.00,PAID
CLM9867,1740,2079,2024-06-06,47.00,PAID
CLM9868,2335,2137,2024-06-06,1460.00,DENIED
CLM9869,1100,2069,2024-06-06,277.00,PAID
CLM9870,1603,2138,2024-06-06,78.00,PAID
CLM9871,1688,2012,2024-06-06,31.00,PAID
CLM9872,2225,2059,2024-06-06,578.00,PAID
CLM9873,2114,2081,2024-06-06,112.00,DENIED
CLM9874,3097,2144,2024-06-06,480.00,PAID
CLM9875,2915,2006,2024-06-06,148.00,PAID
CLM9876,2845,2130,2024-06-06,72.00,PAID
CLM9877,2742,2097,2024-06-06,164.00,PAID
CLM9878,2110,2111,2024-06-06,72.00,PAID
CLM9879,1210,2104,2024-06-06,1732.00,PAID
CLM9880,3404,2028,2024-06-06,271.00,PAID
CLM9881,3356,2088,2024-06-06,155.00,PAID
CLM9882,2625,2143,2024-06-06,421.00,PAID
CLM9883,2526,2085,2024-06-06,108.00,PAID
CLM9884,2076,2143,2024-06-06,122.00,PAID
CLM9885,1612,2084,2024-06-06,91.00,PAID
CLM9886,1150,2105,2024-06-06,821.00,PAID
CLM9887,2892,2097,2024-06-06,259.00,PAID
CLM9888,2155,2073,2024-06-06,319.00,PAID
CLM9889,2311,2039,2024-06-06,35.00,PAID
CLM9890,1093,2071,2024-06-07,109.00,PAID
CLM9891,1395,2097,2024-06-07,89.00,PAID
CLM9892,2734,2011,2024-06-07,226.00,PAID
CLM9893,3496,2059,2024-06-07,283.00,PAID
CLM9894,2534,2027,2024-06-07,427.00,PAID
CLM9895,2152,2077,2024-06-07,25.00,PAID
CLM9896,3150,2004,2024-06-07,280.00,PAID
CLM9897,3228,2059,2024-06-07,146.00,PAID
CLM9898,2311,2060,2024-06-07,660.00,DENIED
CLM9899,2900,2082,2024-06-07,85.00,PAID
CLM9900,1768,2127,2024-06-07,86.00,PAID
CLM9901,2255,2048,2024-06-07,696.00,PAID
CLM9902,2692,2077,2024-06-07,55.00,PAID
CLM9903,1704,2075,2024-06-07,32.00,PAID
CLM9904,1040,2004,2024-06-07,142.00,PAID
CLM9905,3303,2143,2024-06-07,142.00,PAID
CLM9906,2640,2045,2024-06-07,262.00,PAID
CLM9907,1091,2065,2024-06-07,122.00,PAID
CLM9908,2137,2034,2024-06-07,206.00,DENIED
CLM9909,1923,2111,2024-06-07,30.00,PAID
CLM9910,2026,2122,2024-06-07,134.00,PAID
CLM9911,1851,2106,2024-06-07,239.00,PAID
CLM9912,3031,2004,2024-06-08,120.00,PAID
CLM9913,3367,2149,2024-06-08,137.00,DENIED
CLM9914,2383,2086,2024-06-08,185.00,PAID
CLM9915,2740,2148,2024-06-08,39.00,PAID
CLM9916,3359,2133,2024-06-08,46.00,PAID
CLM9917,2906,2011,2024-06-08,36.00,PAID
CLM9918,2649,2121,2024-06-08,1474.00,DENIED
CLM9919,1594,2085,2024-06-08,456.00,PAID
CLM9920,1735,2052,2024-06-08,118.00,PAID
CLM9921,3306,2131,2024-06-08,290.00,PAID
CLM9922,3191,2130,2024-06-08,34.00,DENIED
CLM9923,3480,2146,2024-06-08,42.00,PAID
CLM9924,2332,2036,2024-06-09,126.00,PAID
CLM9925,2599,2018,2024-06-09,213.00,PAID
CLM9926,1910,2074,2024-06-09,137.00,PAID
CLM9927,3292,2116,2024-06-09,120.00,PAID
CLM9928,1944,2020,2024-06-09,251.00,PAID
CLM9929,3224,2021,2024-06-09,73.00,PAID
CLM9930,2881,2074,2024-06-09,372.00,PAID
CLM9931,3270,2052,2024-06-09,33.00,PAID
CLM9932,2192,2135,2024-06-09,218.00,PAID
CLM9933,1423,2002,2024-06-09,205.00,PAID
CLM9934,1816,2030,2024-06-09,56.00,PAID
CLM9935,2048,2040,2024-06-09,55.00,PAID
CLM9936,3482,2036,2024-06-10,141.00,PAID
CLM9937,2504,2066,2024-06-10,160.00,PAID
CLM9938,2761,2018,2024-06-10,57.00,PAID
CLM9939,3427,2069,2024-06-10,119.00,PAID
CLM9940,1402,2145,2024-06-10,63.00,PAID
CLM9941,2838,2007,2024-06-10,104.00,PAID
CLM9942,2788,2017,2024-06-10,59.00,PAID
CLM9943,2814,2014,2024-06-10,43.00,PAID
CLM9944,2594,2010,2024-06-10,223.00,PAID
CLM9945,2115,2119,2024-06-10,89.00,PAID
CLM9946,2173,2019,2024-06-10,51.00,PAID
CLM9947,1533,2097,2024-06-10,104.00,PAID
CLM9948,1091,2072,2024-06-10,34.00,PAID
CLM9949,1771,2077,2024-06-10,24.00,DENIED
CLM9950,2709,2138,2024-06-10,648.00,PAID
CLM9951,1786,2050,2024-06-10,243.00,PAID
CLM9952,3120,2115,2024-06-10,136.00,DENIED
CLM9953,2445,2037,2024-06-10,101.00,PAID
CLM9954,2038,2100,2024-06-10,138.00,DENIED
CLM9955,2071,2012,2024-06-10,63.00,PAID
CLM9956,3316,2006,2024-06-10,258.00,PAID
CLM9957,2550,2024,2024-06-10,1390.00,PAID
CLM9958,2421,2137,2024-06-10,1316.00,PAID
CLM9959,2342,2037,2024-06-10,263.00,PAID
CLM9960,3098,2124,2024-06-10,172.00,PAID
CLM9961,2360,2087,2024-06-10,792.00,PAID
CLM9962,2105,2091,2024-06-10,47.00,DENIED
CLM9963,1979,2068,2024-06-10,170.00,PAID
CLM9964,1230,2137,2024-06-10,1333.00,PAID
CLM9965,1789,2149,2024-06-11,198.00,PAID
CLM9966,1087,2061,2024-06-11,116.00,DENIED
CLM9967,2575,2075,2024-06-11,269.00,PAID
CLM9968,3141,2149,2024-06-11,417.00,PAID
CLM9969,1287,2065,2024-06-11,299.00,PAID
CLM9970,1228,2070,2024-06-11,93.00,PAID
CLM9971,3207,2088,2024-06-11,149.00,PAID
CLM9972,1259,2011,2024-06-11,33.00,PAID
CLM9973,1459,2118,2024-06-11,47.00,PAID
CLM9974,2386,2127,2024-06-11,147.00,PAID
CLM9975,3119,2095,2024-06-11,95.00,PAID
CLM9976,3474,2121,2024-06-11,1136.00,PAID
CLM9977,1026,2074,2024-06-11,587.00,DENIED
CLM9978,2857,2011,2024-06-11,153.00,DENIED
CLM9979,2034,2035,2024-06-11,141.00,PAID
CLM9980,3127,2087,2024-06-11,1545.00,PAID
CLM9981,1676,2085,2024-06-11,2319.00,PAID
CLM9982,2155,2078,2024-06-11,23.00,PAID
CLM9983,2796,2046,2024-06-11,159.00,PAID
CLM9984,2579,2077,2024-06-11,54.00,PAID
CLM9985,3154,2021,2024-06-11,111.00,PAID
CLM9986,2509,2008,2024-06-12,110.00,PAID
CLM9987,1678,2106,2024-06-12,336.00,PAID
CLM9988,3376,2148,2024-06-12,141.00,PAID
CLM9989,1469,2111,2024-06-12,87.00,PAID
CLM9990,2019,2053,2024-06-12,32.00,PAID
CLM9991,2253,2074,2024-06-12,295.00,PAID
CLM9992,3482,2100,2024-06-12,1770.00,PAID
CLM9993,2092,2142,2024-06-12,352.00,DENIED
CLM9994,1591,2011,2024-06-12,233.00,PAID
CLM9995,1054,2101,2024-06-12,41.00,PAID
CLM9996,1392,2085,2024-06-12,412.00,PAID
CLM9997,1841,2052,2024-06-12,122.00,PAID
CLM9998,1385,2038,2024-06-12,129.00,PAID
CLM9999,2198,2012,2024-06-12,54.00,PAID
CLM10000,2045,2068,2024-06-12,1100.00,PAID
CLM10001,2531,2071,2024-06-12,196.00,PAID
CLM10002,3121,2009,2024-06-12,41.00,PAID
CLM10003,1503,2075,2024-06-12,83.00,PAID
CLM10004,2453,2083,2024-06-12,236.00,PAID
CLM10005,1228,2147,2024-06-13,345.00,PAID
CLM10006,2840,2092,2024-06-13,245.00,PAID
CLM10007,2267,2099,2024-06-13,123.00,PAID
CLM10008,2804,2119,2024-06-13,168.00,PAID
CLM10009,1619,2068,2024-06-13,1279.00,PAID
CLM10010,1070,2057,2024-06-13,42.00,PAID
CLM10011,2850,2103,2024-06-13,143.00,PAID
CLM10012,2497,2068,2024-06-13,100.00,PAID
CLM10013,2300,2131,2024-06-13,422.00,DENIED
CLM10014,1587,2024,2024-06-13,950.00,PAID
CLM10015,1367,2030,2024-06-13,93.00,PAID
CLM10016,1147,2002,2024-06-13,131.00,PAID
CLM10017,2355,2077,2024-06-13,29.00,PAID
CLM10018,1893,2048,2024-06-13,497.00,PAID
CLM10019,2701,2088,2024-06-13,151.00,PAID
CLM10020,2136,2049,2024-06-13,428.00,PAID
CLM10021,2323,2011,2024-06-13,140.00,PAID
CLM10022,2061,2119,2024-06-13,44.00,DENIED
CLM10023,1303,2074,2024-06-13,500.00,PAID
CLM10024,1011,2145,2024-06-13,52.00,PAID
CLM10025,2546,2009,2024-06-13,119.00,DENIED
CLM10026,1387,2109,2024-06-13,160.00,PAID
CLM10027,3238,2041,2024-06-13,110.00,PAID
CLM10028,1656,2042,2024-06-13,33.00,PAID
CLM10029,2613,2068,2024-06-13,172.00,PAID
CLM10030,2266,2104,2024-06-13,1605.00,PAID
CLM10031,1006,2068,2024-06-13,119.00,DENIED
CLM10032,2536,2088,2024-06-14,2228.00,PAID
CLM10033,1928,2090,2024-06-14,73.00,PAID
CLM10034,1982,2110,2024-06-14,43.00,PAID
CLM10035,1760,2068,2024-06-14,104.00,PAID
CLM10036,1203,2068,2024-06-14,1284.00,PAID
CLM10037,1795,2088,2024-06-14,146.00,DENIED
CLM10038,3441,2047,2024-06-14,139.00,PAID
CLM10039,2074,2089,2024-06-14,3529.00,DENIED
CLM10040,2633,2018,2024-06-14,508.00,PAID
CLM10041,2822,2008,2024-06-14,150.00,PAID
CLM10042,1302,2087,2024-06-14,142.00,PAID
CLM10043,2780,2121,2024-06-14,1296.00,PAID
CLM10044,1381,2024,2024-06-14,122.00,PAID
CLM10045,1751,2081,2024-06-14,131.00,DENIED
CLM10046,1033,2017,2024-06-14,257.00,PAID
CLM10047,1475,2023,2024-06-14,316.00,DENIED
CLM10048,1546,2111,2024-06-14,88.00,DENIED
CLM10049,3475,2149,2024-06-14,218.00,PAID
CLM10050,2029,2073,2024-06-14,194.00,PAID
CLM10051,1634,2040,2024-06-14,158.00,PAID
CLM10052,1990,2030,2024-06-14,35.00,PAID
CLM10053,3180,2137,2024-06-14,517.00,DENIED
CLM10054,3296,2003,2024-06-14,43.00,PAID
CLM10055,1847,2143,2024-06-14,571.00,PAID
CLM10056,2075,2053,2024-06-14,35.00,PAID
CLM10057,1751,2082,2024-06-14,32.00,PAID
CLM10058,3276,2083,2024-06-14,99.00,DENIED
CLM10059,2740,2051,2024-06-14,144.00,PAID
CLM10060,2695,2116,2024-06-15,234.00,PAID
CLM10061,2009,2138,2024-06-15,74.00,PAID
CLM10062,3388,2049,2024-06-15,108.00,PAID
CLM10063,3474,2095,2024-06-15,153.00,PAID
CLM10064,2175,2025,2024-06-15,471.00,PAID
CLM10065,1791,2144,2024-06-16,302.00,PAID
CLM10066,3119,2131,2024-06-16,2710.00,PAID
CLM10067,1503,2137,2024-06-16,1254.00,PAID
CLM10068,2027,2097,2024-06-16,152.00,PAID
CLM10069,3434,2004,2024-06-16,141.00,PAID
CLM10070,1780,2026,2024-06-16,524.00,PAID
CLM10071,1249,2089,2024-06-16,136.00,PAID
CLM10072,2620,2004,2024-06-16,1083.00,PAID
CLM10073,2257,2069,2024-06-16,4247.00,DENIED
CLM10074,1062,2137,2024-06-16,1071.00,PAID
CLM10075,2970,2102,2024-06-16,490.00,PAID
CLM10076,1397,2064,2024-06-17,181.00,PAID
CLM10077,1579,2004,2024-06-17,1341.00,PAID
CLM10078,1685,2046,2024-06-17,121.00,PAID
CLM10079,1877,2138,2024-06-17,3465.00,PAID
CLM10080,2554,2131,2024-06-17,49.00,PAID
CLM10081,2065,2131,2024-06-17,265.00,PAID
CLM10082,3162,2105,2024-06-17,144.00,PAID
CLM10083,1586,2020,2024-06-17,1278.00,PAID
CLM10084,2825,2070,2024-06-17,132.00,PAID
CLM10085,2627,2088,2024-06-17,283.00,PAID
CLM10086,1919,2106,2024-06-17,51.00,PAID
CLM10087,2609,2043,2024-06-17,309.00,PAID
CLM10088,1764,2073,2024-06-17,229.00,PAID
CLM10089,1310,2050,2024-06-17,129.00,PAID
CLM10090,2133,2039,2024-06-17,197.00,PAID
CLM10091,2328,2069,2024-06-17,145.00,PAID
CLM10092,1222,2118,2024-06-17,240.00,PAID
CLM10093,1563,2020,2024-06-17,41.00,PAID
CLM10094,2777,2069,2024-06-17,151.00,PAID
CLM10095,1560,2092,2024-06-17,34.00,PAID
CLM10096,2666,2024,2024-06-17,172.00,PAID
CLM10097,2209,2022,2024-06-17,155.00,PAID
CLM10098,1907,2029,2024-06-17,151.00,DENIED
CLM10099,2117,2022,2024-06-18,151.00,PAID
CLM10100,2766,2127,2024-06-18,238.00,PAID
CLM10101,2483,2132,2024-06-18,262.00,PAID
CLM10102,2127,2047,2024-06-18,173.00,PAID
CLM10103,3418,2100,2024-06-18,142.00,PAID
CLM10104,3418,2100,2024-06-18,257.00,PAID
CLM10105,3203,2091,2024-06-18,27.00,PAID
CLM10106,1259,2052,2024-06-18,375.00,PAID
CLM10107,2773,2030,2024-06-18,35.00,PAID
CLM10108,1784,2058,2024-06-18,110.00,PAID
CLM10109,2572,2115,2024-06-18,191.00,PAID
CLM10110,3423,2034,2024-06-18,296.00,PAID
CLM10111,2671,2121,2024-06-18,172.00,PAID
CLM10112,2251,2065,2024-06-18,109.00,PAID
CLM10113,2950,2029,2024-06-18,310.00,PAID
CLM10114,1939,2130,2024-06-18,88.00,PAID
CLM10115,1009,2069,2024-06-18,1550.00,PAID
CLM10116,2877,2014,2024-06-18,329.00,PAID
CLM10117,1676,2140,2024-06-18,399.00,PAID
CLM10118,1395,2024,2024-06-18,165.00,PAID
CLM10119,3069,2065,2024-06-18,116.00,PAID
CLM10120,1257,2024,2024-06-18,4926.00,DENIED
CLM10121,1162,2002,2024-06-18,195.00,PAID
CLM10122,1533,2013,2024-06-19,133.00,PAID
CLM10123,2038,2004,2024-06-19,307.00,PAID
CLM10124,2741,2064,2024-06-19,275.00,PAID
CLM10125,2230,2092,2024-06-19,188.00,PAID
CLM10126,1504,2075,2024-06-19,46.00,PAID
CLM10127,2969,2078,2024-06-19,40.00,PAID
CLM10128,3000,2062,2024-06-19,134.00,PAID
CLM10129,3102,2130,2024-06-19,343.00,PAID
CLM10130,1066,2087,2024-06-19,134.00,PAID
CLM10131,1416,2119,2024-06-19,98.00,PAID
CLM10132,1982,2059,2024-06-19,293.00,PAID
CLM10133,1860,2110,2024-06-19,122.00,PAID
CLM10134,1796,2020,2024-06-19,50.00,PAID
CLM10135,3179,2099,2024-06-19,41.00,PAID
CLM10136,3286,2106,2024-06-19,101.00,PAID
CLM10137,2783,2087,2024-06-19,121.00,PAID
CLM10138,1400,2091,2024-06-19,58.00,PAID
CLM10139,1869,2122,2024-06-19,287.00,PAID
CLM10140,2875,2060,2024-06-19,598.00,DENIED
CLM10141,2209,2142,2024-06-19,130.00,PAID
CLM10142,1774,2088,2024-06-19,1488.00,DENIED
CLM10143,3127,2133,2024-06-19,368.00,PAID
CLM10144,2131,2119,2024-06-19,192.00,PAID
CLM10145,2328,2145,2024-06-19,185.00,PAID
CLM10146,2817,2139,2024-06-19,37.00,PAID
CLM10147,3295,2136,2024-06-19,113.00,PAID
CLM10148,2990,2084,2024-06-19,363.00,PENDING
CLM10149,1545,2065,2024-06-19,47.00,PAID
CLM10150,1087,2023,2024-06-19,106.00,PAID
CLM10151,1506,2115,2024-06-20,535.00,DENIED
CLM10152,1696,2072,2024-06-20,42.00,PAID
CLM10153,2646,2041,2024-06-20,483.00,PAID
CLM10154,2004,2088,2024-06-20,160.00,PAID
CLM10155,2367,2059,2024-06-20,184.00,PAID
CLM10156,3059,2120,2024-06-20,135.00,PAID
CLM10157,2918,2105,2024-06-20,1488.00,PAID
CLM10158,1771,2057,2024-06-20,188.00,PAID
CLM10159,2667,2060,2024-06-20,239.00,PAID
CLM10160,2871,2104,2024-06-20,118.00,DENIED
CLM10161,1966,2092,2024-06-20,387.00,PAID
CLM10162,2325,2069,2024-06-20,135.00,DENIED
CLM10163,3484,2112,2024-06-20,201.00,DENIED
CLM10164,2120,2017,2024-06-20,345.00,PAID
CLM10165,2474,2019,2024-06-20,165.00,PAID
CLM10166,1965,2127,2024-06-20,45.00,PAID
CLM10167,2888,2042,2024-06-20,224.00,PAID
CLM10168,1167,2020,2024-06-20,197.00,PAID
CLM10169,2343,2138,2024-06-20,146.00,PAID
CLM10170,1693,2095,2024-06-20,82.00,PAID
CLM10171,1588,2082,2024-06-20,53.00,PAID
CLM10172,1019,2085,2024-06-20,914.00,PAID
CLM10173,1447,2093,2024-06-20,28.00,PAID
CLM10174,2464,2053,2024-06-20,43.00,PAID
CLM10175,2403,2105,2024-06-20,156.00,PAID
CLM10176,3127,2015,2024-06-21,131.00,DENIED
CLM10177,1872,2004,2024-06-21,5329.00,PAID
CLM10178,3028,2052,2024-06-21,50.00,PAID
CLM10179,1666,2104,2024-06-21,115.00,PAID
CLM10180,3174,2029,2024-06-21,142.00,DENIED
CLM10181,1816,2074,2024-06-21,297.00,PAID
CLM10182,3495,2011,2024-06-21,39.00,PAID
CLM10183,1390,2026,2024-06-21,352.00,PAID
CLM10184,1893,2073,2024-06-21,90.00,PAID
CLM10185,2366,2073,2024-06-21,224.00,PAID
CLM10186,1329,2001,2024-06-21,243.00,PAID
CLM10187,2493,2109,2024-06-21,149.00,PAID
CLM10188,3015,2003,2024-06-21,32.00,PAID
CLM10189,1332,2071,2024-06-21,258.00,PAID
CLM10190,3368,2029,2024-06-21,155.00,PAID
CLM10191,2791,2065,2024-06-21,103.00,PAID
CLM10192,2120,2145,2024-06-21,72.00,PAID
CLM10193,2182,2052,2024-06-21,147.00,PAID
CLM10194,1581,2139,2024-06-21,92.00,DENIED
CLM10195,1336,2044,2024-06-21,1693.00,PAID
CLM10196,1518,2087,2024-06-21,1292.00,PAID
CLM10197,3477,2103,2024-06-21,127.00,PAID
CLM10198,2793,2129,2024-06-21,41.00,PAID
CLM10199,1097,2146,2024-06-21,221.00,PAID
CLM10200,3006,2140,2024-06-21,252.00,DENIED
CLM10201,1303,2001,2024-06-21,34.00,PAID
CLM10202,3488,2044,2024-06-21,279.00,PAID
CLM10203,1323,2021,2024-06-21,132.00,PAID
CLM10204,2221,2061,2024-06-21,82.00,DENIED
CLM10205,2639,2100,2024-06-21,110.00,PAID
CLM10206,1183,2004,2024-06-21,925.00,PAID
CLM10207,1460,2069,2024-06-22,129.00,PAID
CLM10208,3336,2031,2024-06-22,81.00,PAID
CLM10209,1061,2102,2024-06-22,280.00,PAID
CLM10210,2851,2044,2024-06-22,5405.00,PAID
CLM10211,1354,2137,2024-06-22,167.00,PAID
CLM10212,2163,2141,2024-06-22,213.00,PAID
CLM10213,2888,2004,2024-06-23,298.00,PAID
CLM10214,2915,2020,2024-06-23,244.00,DENIED
CLM10215,2507,2106,2024-06-23,151.00,PAID
CLM10216,2160,2058,2024-06-23,109.00,PAID
CLM10217,3134,2064,2024-06-23,244.00,PAID
CLM10218,3277,2134,2024-06-23,242.00,PAID
CLM10219,2355,2072,2024-06-23,30.00,PAID
CLM10220,2616,2110,2024-06-24,33.00,PAID
CLM10221,1004,2076,2024-06-24,34.00,PAID
CLM10222,1665,2115,2024-06-24,442.00,DENIED
CLM10223,1108,2118,2024-06-24,323.00,PAID
CLM10224,1439,2115,2024-06-24,526.00,PAID
CLM10225,3030,2136,2024-06-24,432.00,PAID
CLM10226,2135,2126,2024-06-24,484.00,PAID
CLM10227,1305,2015,2024-06-24,130.00,PAID
CLM10228,1785,2011,2024-06-24,306.00,PAID
CLM10229,1815,2037,2024-06-24,148.00,PAID
CLM10230,2456,2147,2024-06-24,169.00,PAID
CLM10231,1519,2066,2024-06-24,42.00,PAID
CLM10232,1130,2107,2024-06-24,96.00,PAID
CLM10233,2796,2038,2024-06-24,28.00,PAID
CLM10234,2277,2122,2024-06-24,68.00,PAID
CLM10235,2266,2068,2024-06-24,977.00,DENIED
CLM10236,2641,2078,2024-06-24,26.00,PAID
CLM10237,2122,2003,2024-06-24,71.00,PENDING
CLM10238,1047,2028,2024-06-24,91.00,PAID
CLM10239,1056,2075,2024-06-24,59.00,PAID
CLM10240,1032,2087,2024-06-24,150.00,PAID
CLM10241,1452,2019,2024-06-24,30.00,PAID
CLM10242,3300,2070,2024-06-24,86.00,PAID
CLM10243,3293,2081,2024-06-24,126.00,PAID
CLM10244,1994,2065,2024-06-24,45.00,PAID
CLM10245,1127,2075,2024-06-24,35.00,PAID
CLM10246,2282,2078,2024-06-24,127.00,PAID
CLM10247,1162,2022,2024-06-24,31.00,PAID
CLM10248,1266,2129,2024-06-24,132.00,PAID
CLM10249,1174,2023,2024-06-24,113.00,PAID
CLM10250,2954,2027,2024-06-24,139.00,PAID
CLM10251,1145,2084,2024-06-24,260.00,PAID
CLM10252,1828,2055,2024-06-24,128.00,PAID
CLM10253,3491,2097,2024-06-25,51.00,PAID
CLM10254,1202,2124,2024-06-25,128.00,PAID
CLM10255,3478,2038,2024-06-25,92.00,PAID
CLM10256,2898,2112,2024-06-25,189.00,PAID
CLM10257,3085,2096,2024-06-25,32.00,PAID
CLM10258,1496,2074,2024-06-25,304.00,DENIED
CLM10259,1207,2125,2024-06-25,138.00,PAID
CLM10260,3006,2106,2024-06-25,145.00,PAID
CLM10261,1956,2052,2024-06-25,187.00,PAID
CLM10262,2854,2053,2024-06-25,174.00,PAID
CLM10263,3140,2095,2024-06-25,55.00,PAID
CLM10264,3045,2055,2024-06-25,448.00,PAID
CLM10265,3397,2065,2024-06-25,84.00,PAID
CLM10266,1291,2020,2024-06-25,298.00,PAID
CLM10267,2217,2042,2024-06-25,34.00,PAID
CLM10268,3372,2005,2024-06-25,197.00,PAID
CLM10269,1170,2067,2024-06-25,130.00,PAID
CLM10270,2953,2067,2024-06-25,373.00,PAID
CLM10271,2740,2101,2024-06-25,178.00,PAID
CLM10272,1461,2121,2024-06-25,159.00,PAID
CLM10273,1932,2132,2024-06-25,262.00,DENIED
CLM10274,3345,2125,2024-06-25,176.00,PAID
CLM10275,1059,2077,2024-06-25,128.00,PAID
CLM10276,1361,2089,2024-06-25,3592.00,PAID
CLM10277,2150,2049,2024-06-25,120.00,PAID
CLM10278,2807,2122,2024-06-25,88.00,PAID
CLM10279,1202,2011,2024-06-25,136.00,PAID
CLM10280,1949,2117,2024-06-25,82.00,PAID
CLM10281,3245,2106,2024-06-26,35.00,PAID
CLM10282,2499,2031,2024-06-26,489.00,PAID
CLM10283,2847,2037,2024-06-26,148.00,PAID
CLM10284,3447,2130,2024-06-26,34.00,DENIED
CLM10285,2650,2101,2024-06-26,267.00,PAID
CLM10286,1519,2122,2024-06-26,217.00,PAID
CLM10287,1469,2021,2024-06-26,234.00,PAID
CLM10288,2614,2144,2024-06-26,324.00,PAID
CLM10289,2148,2128,2024-06-26,230.00,PAID
CLM10290,2353,2015,2024-06-26,238.00,DENIED
CLM10291,1767,2030,2024-06-26,88.00,PAID
CLM10292,1076,2143,2024-06-26,149.00,PAID
CLM10293,2177,2037,2024-06-26,57.00,PAID
CLM10294,1426,2049,2024-06-26,276.00,PAID
CLM10295,2482,2065,2024-06-26,100.00,PAID
CLM10296,3111,2111,2024-06-26,73.00,PAID
CLM10297,1373,2066,2024-06-26,371.00,PAID
CLM10298,1604,2076,2024-06-26,64.00,PAID
CLM10299,2752,2050,2024-06-26,35.00,PAID
CLM10300,3293,2006,2024-06-26,114.00,PAID
CLM10301,2440,2127,2024-06-26,36.00,PAID
CLM10302,2641,2115,2024-06-26,434.00,PAID
CLM10303,3480,2041,2024-06-26,187.00,PAID
CLM10304,1586,2115,2024-06-26,255.00,PAID
CLM10305,3229,2004,2024-06-26,123.00,PAID
CLM10306,2273,2071,2024-06-26,183.00,PAID
CLM10307,2316,2058,2024-06-26,339.00,PAID
CLM10308,1691,2068,2024-06-26,170.00,PAID
CLM10309,1716,2048,2024-06-26,77.00,PAID
CLM10310,2173,2039,2024-06-27,51.00,PAID
CLM10311,1041,2020,2024-06-27,45.00,PAID
CLM10312,1488,2060,2024-06-27,242.00,PAID
CLM10313,2152,2024,2024-06-27,1360.00,PAID
CLM10314,1805,2049,2024-06-27,200.00,DENIED
CLM10315,3317,2076,2024-06-27,229.00,PAID
CLM10316,3082,2097,2024-06-27,28.00,PAID
CLM10317,2994,2045,2024-06-27,1752.00,PAID
CLM10318,2364,2130,2024-06-27,142.00,PAID
CLM10319,3191,2018,2024-06-27,151.00,PAID
CLM10320,2386,2137,2024-06-27,1178.00,PAID
CLM10321,1393,2095,2024-06-27,99.00,PAID
CLM10322,2464,2093,2024-06-27,465.00,PAID
CLM10323,2500,2058,2024-06-27,193.00,PAID
CLM10324,2031,2140,2024-06-27,117.00,PAID
CLM10325,3156,2003,2024-06-27,138.00,PAID
CLM10326,2610,2112,2024-06-27,77.00,PAID
CLM10327,2953,2046,2024-06-27,291.00,PAID
CLM10328,1947,2121,2024-06-27,1225.00,DENIED
CLM10329,1294,2026,2024-06-27,207.00,PAID
CLM10330,3292,2085,2024-06-27,110.00,PAID
CLM10331,1713,2135,2024-06-27,140.00,PAID
CLM10332,2978,2018,2024-06-27,43.00,PAID
CLM10333,2535,2144,2024-06-28,250.00,PAID
CLM10334,2154,2083,2024-06-28,233.00,PAID
CLM10335,3249,2004,2024-06-28,135.00,PAID
CLM10336,2003,2004,2024-06-28,293.00,DENIED
CLM10337,2237,2047,2024-06-28,114.00,PAID
CLM10338,1286,2037,2024-06-28,89.00,PAID
CLM10339,2850,2140,2024-06-28,404.00,PAID
CLM10340,1332,2057,2024-06-28,104.00,PAID
CLM10341,2158,2015,2024-06-28,504.00,DENIED
CLM10342,1196,2085,2024-06-28,145.00,PAID
CLM10343,1554,2065,2024-06-28,51.00,PAID
CLM10344,2429,2069,2024-06-28,265.00,PAID
CLM10345,1017,2100,2024-06-28,1405.00,PAID
CLM10346,3381,2041,2024-06-28,139.00,PAID
CLM10347,2183,2132,2024-06-28,53.00,PAID
CLM10348,3194,2084,2024-06-28,138.00,PAID
CLM10349,2976,2026,2024-06-28,41.00,PAID
CLM10350,3346,2131,2024-06-28,218.00,PAID
CLM10351,1112,2044,2024-06-28,293.00,PAID
CLM10352,1087,2047,2024-06-28,60.00,PAID
CLM10353,1572,2120,2024-06-28,81.00,PAID
CLM10354,1570,2062,2024-06-28,39.00,PAID
CLM10355,2554,2077,2024-06-28,26.00,DENIED
CLM10356,2188,2043,2024-06-28,312.00,PAID
CLM10357,1555,2028,2024-06-28,75.00,PAID
CLM10358,1052,2068,2024-06-28,1414.00,PAID
CLM10359,2995,2037,2024-06-28,217.00,PAID
CLM10360,1665,2100,2024-06-28,114.00,PAID
CLM10361,1108,2069,2024-06-28,1207.00,PAID
CLM10362,2402,2066,2024-06-29,118.00,PAID
CLM10363,3233,2012,2024-06-29,365.00,DENIED
CLM10364,3272,2060,2024-06-29,383.00,PAID
CLM10365,1225,2057,2024-06-29,154.00,PAID
CLM10366,1285,2065,2024-06-29,81.00,PAID
CLM10367,1403,2130,2024-06-29,230.00,PAID
CLM10368,3170,2050,2024-06-29,63.00,PAID
CLM10369,2250,2077,2024-06-29,133.00,PAID
CLM10370,2353,2008,2024-06-30,53.00,PAID
CLM10371,2605,2009,2024-06-30,41.00,DENIED
CLM10372,1626,2137,2024-06-30,171.00,PAID
CLM10373,2744,2039,2024-06-30,30.00,PAID
CLM10374,3442,2133,2024-07-01,43.00,PAID
CLM10375,1125,2020,2024-07-01,380.00,PAID
CLM10376,1887,2005,2024-07-01,1614.00,DENIED
CLM10377,1297,2088,2024-07-01,1532.00,DENIED
CLM10378,1469,2044,2024-07-01,137.00,PAID
CLM10379,1691,2144,2024-07-01,331.00,PAID
CLM10380,1612,2147,2024-07-01,183.00,PENDING
CLM10381,1986,2067,2024-07-01,126.00,PAID
CLM10382,1833,2085,2024-07-01,300.00,PAID
CLM10383,2360,2092,2024-07-01,125.00,PAID
CLM10384,2851,2023,2024-07-01,121.00,PAID
CLM10385,1313,2068,2024-07-01,170.00,PAID
CLM10386,1308,2089,2024-07-01,126.00,DENIED
CLM10387,2254,2037,2024-07-01,137.00,PAID
CLM10388,1737,2086,2024-07-01,148.00,PAID
CLM10389,1985,2059,2024-07-01,150.00,PAID
CLM10390,1246,2120,2024-07-01,155.00,PENDING
CLM10391,1079,2077,2024-07-01,37.00,PAID
CLM10392,2419,2041,2024-07-01,474.00,PAID
CLM10393,2446,2145,2024-07-01,208.00,PAID
CLM10394,1433,2093,2024-07-01,55.00,PAID
CLM10395,1273,2132,2024-07-01,51.00,DENIED
CLM10396,3049,2015,2024-07-01,1664.00,DENIED
CLM10397,2451,2130,2024-07-02,222.00,PAID
CLM10398,1145,2017,2024-07-02,184.00,PAID
CLM10399,2366,2071,2024-07-02,46.00,PAID
CLM10400,2153,2149,2024-07-02,32.00,DENIED
CLM10401,1873,2018,2024-07-02,181.00,PAID
CLM10402,1633,2105,2024-07-02,283.00,DENIED
CLM10403,1724,2014,2024-07-02,31.00,PAID
CLM10404,3422,2034,2024-07-02,307.00,DENIED
CLM10405,1535,2106,2024-07-02,241.00,PAID
CLM10406,1674,2084,2024-07-02,200.00,PAID
CLM10407,1701,2097,2024-07-02,178.00,PAID
CLM10408,3110,2077,2024-07-02,27.00,PAID
CLM10409,2539,2042,2024-07-02,138.00,DENIED
CLM10410,1273,2045,2024-07-02,133.00,PAID
CLM10411,1912,2142,2024-07-02,150.00,PAID
CLM10412,1615,2008,2024-07-02,139.00,PAID
CLM10413,1604,2005,2024-07-02,195.00,PAID
CLM10414,2091,2090,2024-07-02,76.00,PAID
CLM10415,2584,2001,2024-07-02,31.00,PAID
CLM10416,3286,2044,2024-07-02,167.00,PAID
CLM10417,2415,2031,2024-07-02,388.00,PAID
CLM10418,2219,2088,2024-07-02,970.00,DENIED
CLM10419,1287,2092,2024-07-02,207.00,PAID
CLM10420,2349,2034,2024-07-02,234.00,PAID
CLM10421,3256,2056,2024-07-02,3949.00,PAID
CLM10422,3200,2001,2024-07-02,77.00,PAID
CLM10423,2826,2042,2024-07-02,30.00,PAID
CLM10424,2037,2049,2024-07-02,305.00,PAID
CLM10425,1106,2114,2024-07-02,228.00,PAID
CLM10426,1461,2044,2024-07-02,129.00,DENIED
CLM10427,3084,2071,2024-07-03,92.00,PAID
CLM10428,3488,2043,2024-07-03,239.00,PAID
CLM10429,2661,2111,2024-07-03,34.00,PAID
CLM10430,1605,2015,2024-07-03,114.00,DENIED
CLM10431,1483,2077,2024-07-03,177.00,PAID
CLM10432,1431,2143,2024-07-03,145.00,PAID
CLM10433,2654,2022,2024-07-03,30.00,PAID
CLM10434,2828,2140,2024-07-03,267.00,PAID
CLM10435,2002,2067,2024-07-03,645.00,PAID
CLM10436,2791,2043,2024-07-03,532.00,PAID
CLM10437,1661,2069,2024-07-03,810.00,DENIED
CLM10438,2863,2074,2024-07-03,209.00,PAID
CLM10439,3485,2105,2024-07-03,139.00,PAID
CLM10440,2625,2027,2024-07-03,117.00,PAID
CLM10441,1070,2095,2024-07-03,302.00,PAID
CLM10442,1938,2105,2024-07-03,138.00,PAID
CLM10443,2789,2044,2024-07-03,316.00,PAID
CLM10444,1478,2065,2024-07-03,181.00,PAID
CLM10445,1802,2068,2024-07-03,539.00,PAID
CLM10446,2839,2087,2024-07-03,1429.00,PAID
CLM10447,2036,2025,2024-07-03,44.00,PAID
CLM10448,3430,2034,2024-07-03,227.00,PAID
CLM10449,2231,2149,2024-07-03,294.00,PAID
CLM10450,2636,2074,2024-07-03,228.00,DENIED
CLM10451,1957,2071,2024-07-03,184.00,DENIED
CLM10452,3241,2091,2024-07-03,101.00,PAID
CLM10453,1898,2141,2024-07-04,45.00,PAID
CLM10454,1471,2077,2024-07-04,45.00,DENIED
CLM10455,2019,2022,2024-07-04,35.00,PAID
CLM10456,1289,2059,2024-07-04,444.00,DENIED
CLM10457,1954,2015,2024-07-04,392.00,PAID
CLM10458,1201,2054,2024-07-04,293.00,PAID
CLM10459,1281,2086,2024-07-04,75.00,PAID
CLM10460,1894,2100,2024-07-04,237.00,PAID
CLM10461,3404,2068,2024-07-04,2402.00,PAID
CLM10462,1690,2147,2024-07-04,122.00,PAID
CLM10463,2006,2143,2024-07-04,330.00,DENIED
CLM10464,1888,2029,2024-07-04,283.00,PAID
CLM10465,3244,2114,2024-07-04,143.00,PAID
CLM10466,1972,2003,2024-07-04,39.00,PAID
CLM10467,3204,2113,2024-07-04,115.00,PAID
CLM10468,2960,2104,2024-07-04,245.00,PAID
CLM10469,2658,2077,2024-07-04,27.00,DENIED
CLM10470,3256,2131,2024-07-04,428.00,PAID
CLM10471,1196,2072,2024-07-04,33.00,PAID
CLM10472,2031,2039,2024-07-04,166.00,PAID
CLM10473,2874,2075,2024-07-04,137.00,PAID
CLM10474,1568,2085,2024-07-04,970.00,PAID
CLM10475,1379,2077,2024-07-04,45.00,PAID
CLM10476,3194,2085,2024-07-04,535.00,PAID
CLM10477,1814,2044,2024-07-04,164.00,PAID
CLM10478,1679,2022,2024-07-04,123.00,PAID
CLM10479,2720,2039,2024-07-04,414.00,DENIED
CLM10480,2791,2004,2024-07-04,137.00,DENIED
CLM10481,3120,2020,2024-07-04,1231.00,PAID
CLM10482,1409,2003,2024-07-04,318.00,PAID
CLM10483,1137,2131,2024-07-05,318.00,PAID
CLM10484,1573,2030,2024-07-05,121.00,PAID
CLM10485,2268,2020,2024-07-05,203.00,PAID
CLM10486,1499,2005,2024-07-05,1071.00,DENIED
CLM10487,2064,2063,2024-07-05,138.00,PAID
CLM10488,3279,2140,2024-07-05,1714.00,DENIED
CLM10489,1699,2131,2024-07-05,261.00,PAID
CLM10490,2481,2133,2024-07-05,243.00,PAID
CLM10491,1396,2121,2024-07-05,840.00,PAID
CLM10492,1592,2065,2024-07-05,222.00,PAID
CLM10493,3135,2006,2024-07-05,115.00,PAID
CLM10494,2342,2137,2024-07-05,514.00,PAID
CLM10495,1266,2048,2024-07-05,138.00,PAID
CLM10496,2420,2105,2024-07-05,1452.00,PAID
CLM10497,2593,2133,2024-07-05,221.00,PAID
CLM10498,2149,2055,2024-07-05,134.00,DENIED
CLM10499,2152,2082,2024-07-05,49.00,PAID
CLM10500,2963,2118,2024-07-05,396.00,PAID
CLM10501,2487,2005,2024-07-05,49.00,PAID
CLM10502,1649,2050,2024-07-05,128.00,PAID
CLM10503,1043,2097,2024-07-05,79.00,PAID
CLM10504,3173,2054,2024-07-05,35.00,PAID
CLM10505,2203,2150,2024-07-05,189.00,PAID
CLM10506,1461,2091,2024-07-05,73.00,PAID
CLM10507,1450,2116,2024-07-05,76.00,PAID
CLM10508,1992,2035,2024-07-05,215.00,PAID
CLM10509,1365,2105,2024-07-05,138.00,PAID
CLM10510,2735,2054,2024-07-05,111.00,PAID
CLM10511,2840,2055,2024-07-05,476.00,PAID
CLM10512,2939,2053,2024-07-06,39.00,PAID
CLM10513,1109,2124,2024-07-06,185.00,PAID
CLM10514,3055,2013,2024-07-06,116.00,DENIED
CLM10515,1040,2120,2024-07-06,221.00,PAID
CLM10516,1211,2102,2024-07-06,141.00,PAID
CLM10517,1126,2121,2024-07-06,4546.00,PAID
CLM10518,2150,2016,2024-07-06,163.00,DENIED
CLM10519,2980,2039,2024-07-06,201.00,PAID
CLM10520,1135,2104,2024-07-06,1738.00,PAID
CLM10521,1807,2014,2024-07-06,27.00,PAID
CLM10522,1078,2012,2024-07-06,109.00,PAID
CLM10523,1417,2002,2024-07-06,135.00,PAID
CLM10524,3009,2085,2024-07-06,116.00,PAID
CLM10525,2451,2013,2024-07-06,126.00,PAID
CLM10526,1391,2082,2024-07-07,137.00,PAID
CLM10527,1906,2118,2024-07-07,232.00,PAID
CLM10528,1680,2051,2024-07-07,265.00,PAID
CLM10529,1052,2040,2024-07-07,77.00,PAID
CLM10530,3311,2088,2024-07-07,1042.00,DENIED
CLM10531,2052,2086,2024-07-07,260.00,PAID
CLM10532,1508,2058,2024-07-07,282.00,PAID
CLM10533,3038,2037,2024-07-08,165.00,PAID
CLM10534,3095,2057,2024-07-08,137.00,PAID
CLM10535,1101,2013,2024-07-08,257.00,PAID
CLM10536,1298,2088,2024-07-08,132.00,PAID
CLM10537,1023,2008,2024-07-08,104.00,PAID
CLM10538,2790,2093,2024-07-08,122.00,PAID
CLM10539,1273,2115,2024-07-08,276.00,PAID
CLM10540,2737,2091,2024-07-08,144.00,PAID
CLM10541,2653,2079,2024-07-08,72.00,PAID
CLM10542,2864,2103,2024-07-08,79.00,PAID
CLM10543,1773,2020,2024-07-08,375.00,PAID
CLM10544,1900,2037,2024-07-08,51.00,PAID
CLM10545,2948,2069,2024-07-08,1369.00,PAID
CLM10546,1911,2094,2024-07-08,581.00,PAID
CLM10547,1177,2016,2024-07-08,89.00,PAID
CLM10548,1616,2105,2024-07-08,275.00,PAID
CLM10549,3443,2068,2024-07-08,803.00,PAID
CLM10550,3418,2075,2024-07-08,34.00,PAID
CLM10551,3191,2044,2024-07-08,296.00,PAID
CLM10552,1279,2129,2024-07-08,42.00,PAID
CLM10553,2495,2114,2024-07-08,173.00,PAID
CLM10554,2496,2029,2024-07-08,1113.00,PAID
CLM10555,2216,2010,2024-07-08,166.00,PAID
CLM10556,1929,2091,2024-07-08,121.00,PAID
CLM10557,1350,2135,2024-07-08,70.00,PAID
CLM10558,2827,2143,2024-07-09,207.00,PAID
CLM10559,2894,2130,2024-07-09,147.00,PAID
CLM10560,1004,2013,2024-07-09,1716.00,PAID
CLM10561,2826,2131,2024-07-09,2734.00,PAID
CLM10562,1597,2070,2024-07-09,124.00,PAID
CLM10563,2331,2071,2024-07-09,146.00,DENIED
CLM10564,2899,2085,2024-07-09,114.00,PAID
CLM10565,1106,2020,2024-07-09,2332.00,PAID
CLM10566,1885,2100,2024-07-09,365.00,PAID
CLM10567,3081,2068,2024-07-09,1142.00,PAID
CLM10568,2439,2063,2024-07-09,33.00,PAID
CLM10569,1638,2106,2024-07-09,74.00,PAID
CLM10570,2027,2029,2024-07-09,118.00,DENIED
CLM10571,1200,2104,2024-07-09,482.00,DENIED
CLM10572,3461,2037,2024-07-09,204.00,PAID
CLM10573,2120,2094,2024-07-09,82.00,PAID
CLM10574,2589,2024,2024-07-09,1061.00,PAID
CLM10575,1142,2024,2024-07-09,1530.00,PAID
CLM10576,3100,2106,2024-07-09,131.00,PAID
CLM10577,2922,2031,2024-07-09,126.00,PAID
CLM10578,2029,2109,2024-07-09,146.00,PAID
CLM10579,3199,2033,2024-07-09,85.00,PAID
CLM10580,2442,2070,2024-07-09,313.00,PAID
CLM10581,2962,2142,2024-07-10,163.00,PAID
CLM10582,2582,2120,2024-07-10,80.00,PAID
CLM10583,1564,2038,2024-07-10,139.00,PAID
CLM10584,2825,2052,2024-07-10,101.00,PAID
CLM10585,2553,2028,2024-07-10,50.00,PAID
CLM10586,2215,2114,2024-07-10,60.00,PAID
CLM10587,2423,2046,2024-07-10,28.00,PAID
CLM10588,1980,2060,2024-07-10,43.00,PAID
CLM10589,3352,2083,2024-07-10,173.00,PAID
CLM10590,1327,2107,2024-07-10,46.00,PAID
CLM10591,1576,2015,2024-07-10,114.00,PAID
CLM10592,1418,2093,2024-07-10,32.00,PAID
CLM10593,3044,2077,2024-07-10,35.00,PAID
CLM10594,2700,2077,2024-07-10,127.00,PAID
CLM10595,1155,2022,2024-07-10,64.00,PAID
CLM10596,2201,2039,2024-07-10,338.00,PAID
CLM10597,1560,2103,2024-07-10,134.00,PAID
CLM10598,2589,2095,2024-07-10,84.00,PAID
CLM10599,2961,2142,2024-07-10,347.00,PAID
CLM10600,1590,2118,2024-07-10,260.00,PAID
CLM10601,3094,2082,2024-07-10,27.00,PAID
CLM10602,2451,2004,2024-07-10,5575.00,PAID
CLM10603,3292,2033,2024-07-10,126.00,PAID
CLM10604,1848,2083,2024-07-11,378.00,DENIED
CLM10605,1514,2029,2024-07-11,989.00,DENIED
CLM10606,1657,2139,2024-07-11,32.00,PAID
CLM10607,1079,2005,2024-07-11,41.00,PAID
CLM10608,2934,2058,2024-07-11,132.00,PAID
CLM10609,1258,2056,2024-07-11,658.00,PAID
CLM10610,1075,2144,2024-07-11,130.00,PAID
CLM10611,1315,2006,2024-07-11,307.00,PAID
CLM10612,1803,2120,2024-07-11,78.00,PAID
CLM10613,2630,2148,2024-07-11,104.00,DENIED
CLM10614,1677,2143,2024-07-11,421.00,PAID
CLM10615,1275,2012,2024-07-11,130.00,DENIED
CLM10616,1295,2010,2024-07-11,176.00,DENIED
CLM10617,3344,2130,2024-07-11,221.00,PAID
CLM10618,3465,2066,2024-07-11,57.00,PAID
CLM10619,2451,2030,2024-07-11,74.00,PAID
CLM10620,1011,2027,2024-07-11,247.00,PAID
CLM10621,3465,2043,2024-07-11,168.00,PAID
CLM10622,1779,2028,2024-07-11,123.00,PAID
CLM10623,3024,2080,2024-07-11,74.00,PAID
CLM10624,2727,2026,2024-07-11,36.00,PAID
CLM10625,3447,2096,2024-07-11,117.00,PAID
CLM10626,2007,2093,2024-07-11,92.00,PAID
CLM10627,2045,2087,2024-07-11,293.00,PAID
CLM10628,3014,2078,2024-07-11,144.00,PAID
CLM10629,2891,2065,2024-07-11,1712.00,PAID
CLM10630,1978,2126,2024-07-11,323.00,DENIED
CLM10631,3233,2096,2024-07-12,31.00,PAID
CLM10632,3477,2045,2024-07-12,137.00,PAID
CLM10633,1633,2002,2024-07-12,349.00,PAID
CLM10634,2012,2008,2024-07-12,33.00,PAID
CLM10635,2396,2075,2024-07-12,64.00,DENIED
CLM10636,1942,2046,2024-07-12,165.00,PAID
CLM10637,3366,2065,2024-07-12,148.00,DENIED
CLM10638,2338,2005,2024-07-12,47.00,PAID
CLM10639,2140,2137,2024-07-12,1369.00,PAID
CLM10640,2240,2078,2024-07-12,31.00,PAID
CLM10641,1604,2092,2024-07-12,117.00,PAID
CLM10642,2871,2072,2024-07-12,131.00,PAID
CLM10643,1806,2085,2024-07-12,265.00,PAID
CLM10644,1139,2145,2024-07-12,82.00,PAID
CLM10645,2954,2095,2024-07-12,183.00,PAID
CLM10646,3184,2022,2024-07-12,84.00,PAID
CLM10647,3303,2114,2024-07-12,196.00,PAID
CLM10648,3418,2037,2024-07-12,102.00,PAID
CLM10649,2705,2121,2024-07-12,1095.00,PAID
CLM10650,2752,2027,2024-07-12,137.00,PAID
CLM10651,2272,2149,2024-07-12,38.00,PAID
CLM10652,2055,2143,2024-07-12,557.00,PAID
CLM10653,1560,2100,2024-07-12,1981.00,PAID
CLM10654,1392,2085,2024-07-12,103.00,PAID
CLM10655,3221,2129,2024-07-12,75.00,PAID
CLM10656,1744,2131,2024-07-13,47.00,PAID
CLM10657,1847,2075,2024-07-13,362.00,DENIED
CLM10658,1769,2044,2024-07-13,5720.00,PAID
CLM10659,1260,2105,2024-07-13,6013.00,DENIED
CLM10660,1492,2116,2024-07-13,170.00,PAID
CLM10661,2485,2123,2024-07-13,91.00,PAID
CLM10662,1433,2061,2024-07-13,41.00,PENDING
CLM10663,3431,2066,2024-07-13,98.00,PAID
CLM10664,2051,2032,2024-07-13,100.00,PAID
CLM10665,1709,2052,2024-07-13,251.00,PAID
CLM10666,2365,2112,2024-07-13,155.00,PAID
CLM10667,1848,2001,2024-07-13,30.00,PAID
CLM10668,2206,2085,2024-07-13,1414.00,PAID
CLM10669,2562,2075,2024-07-14,57.00,DENIED
CLM10670,2687,2071,2024-07-14,59.00,PAID
CLM10671,3120,2066,2024-07-14,58.00,PAID
CLM10672,2417,2120,2024-07-14,333.00,PAID
CLM10673,2697,2070,2024-07-14,65.00,PAID
CLM10674,3137,2070,2024-07-14,134.00,PAID
CLM10675,1635,2073,2024-07-14,319.00,PAID
CLM10676,3462,2050,2024-07-15,103.00,PAID
CLM10677,2640,2015,2024-07-15,285.00,PAID
CLM10678,1460,2145,2024-07-15,46.00,PAID
CLM10679,2287,2065,2024-07-15,1713.00,PAID
CLM10680,2280,2110,2024-07-15,157.00,PAID
CLM10681,1350,2055,2024-07-15,148.00,PAID
CLM10682,2761,2137,2024-07-15,1018.00,PAID
CLM10683,2620,2130,2024-07-15,292.00,PAID
CLM10684,1940,2129,2024-07-15,74.00,PAID
CLM10685,3067,2104,2024-07-15,354.00,DENIED
CLM10686,3489,2029,2024-07-15,287.00,PAID
CLM10687,2094,2015,2024-07-15,119.00,PAID
CLM10688,2292,2078,2024-07-15,79.00,PAID
CLM10689,2896,2088,2024-07-15,930.00,PAID
CLM10690,1422,2024,2024-07-15,1236.00,PAID
CLM10691,1043,2043,2024-07-15,41.00,PAID
CLM10692,2839,2140,2024-07-15,1779.00,DENIED
CLM10693,1711,2131,2024-07-15,653.00,PAID
CLM10694,2599,2068,2024-07-15,1340.00,PAID
CLM10695,1214,2149,2024-07-15,142.00,DENIED
CLM10696,3461,2060,2024-07-16,245.00,DENIED
CLM10697,1382,2086,2024-07-16,145.00,PAID
CLM10698,2182,2037,2024-07-16,100.00,PAID
CLM10699,1989,2123,2024-07-16,100.00,PAID
CLM10700,3163,2087,2024-07-16,145.00,PAID
CLM10701,3116,2025,2024-07-16,202.00,PAID
CLM10702,3414,2140,2024-07-16,1922.00,PAID
CLM10703,1633,2122,2024-07-16,126.00,PAID
CLM10704,2019,2016,2024-07-16,133.00,PAID
CLM10705,1184,2039,2024-07-16,169.00,PAID
CLM10706,3306,2150,2024-07-16,43.00,PAID
CLM10707,2579,2071,2024-07-16,89.00,PAID
CLM10708,3296,2085,2024-07-16,140.00,PAID
CLM10709,3069,2050,2024-07-16,322.00,PAID
CLM10710,1269,2062,2024-07-16,283.00,PAID
CLM10711,1636,2061,2024-07-16,93.00,PAID
CLM10712,1148,2089,2024-07-16,443.00,PAID
CLM10713,2714,2144,2024-07-16,123.00,PAID
CLM10714,2752,2039,2024-07-16,166.00,PAID
CLM10715,2657,2145,2024-07-16,121.00,PAID
CLM10716,2248,2087,2024-07-16,136.00,DENIED
CLM10717,2882,2070,2024-07-16,105.00,PENDING
CLM10718,1605,2132,2024-07-16,2824.00,DENIED
CLM10719,2531,2076,2024-07-16,330.00,PAID
CLM10720,1517,2091,2024-07-17,65.00,DENIED
CLM10721,1555,2110,2024-07-17,122.00,PAID
CLM10722,1904,2042,2024-07-17,174.00,PAID
CLM10723,3442,2042,2024-07-17,350.00,PAID
CLM10724,1411,2060,2024-07-17,2710.00,DENIED
CLM10725,3462,2038,2024-07-17,111.00,PAID
CLM10726,2531,2066,2024-07-17,349.00,PAID
CLM10727,2351,2032,2024-07-17,43.00,PAID
CLM10728,2585,2141,2024-07-17,32.00,PAID
CLM10729,2364,2097,2024-07-17,56.00,PAID
CLM10730,3094,2078,2024-07-17,88.00,PAID
CLM10731,2579,2132,2024-07-17,269.00,DENIED
CLM10732,2598,2095,2024-07-17,53.00,PAID
CLM10733,1155,2088,2024-07-17,150.00,PAID
CLM10734,1575,2133,2024-07-17,70.00,PAID
CLM10735,1601,2072,2024-07-17,161.00,PAID
CLM10736,3096,2141,2024-07-17,87.00,PAID
CLM10737,1809,2050,2024-07-17,362.00,PAID
CLM10738,3212,2068,2024-07-17,155.00,PAID
CLM10739,2339,2088,2024-07-17,261.00,PAID
CLM10740,3080,2024,2024-07-17,144.00,DENIED
CLM10741,2167,2046,2024-07-17,139.00,PAID
CLM10742,3485,2126,2024-07-17,420.00,DENIED
CLM10743,1635,2108,2024-07-17,138.00,PAID
CLM10744,1283,2107,2024-07-17,170.00,PAID
CLM10745,1975,2010,2024-07-17,38.00,PAID
CLM10746,1320,2143,2024-07-17,149.00,PAID
CLM10747,1895,2059,2024-07-17,264.00,PAID
CLM10748,1950,2053,2024-07-18,119.00,PAID
CLM10749,2828,2085,2024-07-18,2355.00,PAID
CLM10750,1345,2007,2024-07-18,76.00,DENIED
CLM10751,2539,2097,2024-07-18,28.00,PAID
CLM10752,2850,2100,2024-07-18,233.00,PAID
CLM10753,2957,2076,2024-07-18,68.00,PAID
CLM10754,2454,2038,2024-07-18,363.00,PAID
CLM10755,1618,2042,2024-07-18,212.00,PAID
CLM10756,1273,2105,2024-07-18,159.00,PAID
CLM10757,1156,2026,2024-07-18,308.00,DENIED
CLM10758,1001,2014,2024-07-18,221.00,PAID
CLM10759,2953,2061,2024-07-18,50.00,PAID
CLM10760,3259,2068,2024-07-18,138.00,DENIED
CLM10761,2167,2105,2024-07-18,148.00,PAID
CLM10762,1617,2018,2024-07-18,184.00,PAID
CLM10763,2041,2042,2024-07-18,351.00,PAID
CLM10764,3031,2026,2024-07-18,30.00,PAID
CLM10765,3019,2001,2024-07-18,49.00,PAID
CLM10766,2360,2088,2024-07-18,154.00,PAID
CLM10767,2290,2150,2024-07-18,52.00,PAID
CLM10768,1894,2087,2024-07-18,124.00,PAID
CLM10769,1568,2147,2024-07-18,178.00,PAID
CLM10770,1594,2087,2024-07-18,4388.00,PAID
CLM10771,2301,2011,2024-07-18,188.00,PAID
CLM10772,1192,2004,2024-07-19,1691.00,PAID
CLM10773,2294,2074,2024-07-19,262.00,PAID
CLM10774,1796,2071,2024-07-19,322.00,PAID
CLM10775,3346,2052,2024-07-19,182.00,PAID
CLM10776,2317,2137,2024-07-19,463.00,DENIED
CLM10777,3078,2070,2024-07-19,31.00,PAID
CLM10778,3076,2077,2024-07-19,70.00,PAID
CLM10779,2844,2069,2024-07-19,141.00,PAID
CLM10780,3118,2131,2024-07-19,264.00,PAID
CLM10781,3053,2145,2024-07-19,137.00,DENIED
CLM10782,2020,2059,2024-07-19,167.00,PAID
CLM10783,2130,2118,2024-07-19,217.00,DENIED
CLM10784,2770,2017,2024-07-19,359.00,PAID
CLM10785,3226,2038,2024-07-19,103.00,PAID
CLM10786,1310,2105,2024-07-19,137.00,PAID
CLM10787,1448,2047,2024-07-19,32.00,PAID
CLM10788,2279,2025,2024-07-19,45.00,DENIED
CLM10789,2700,2042,2024-07-19,171.00,PAID
CLM10790,2284,2055,2024-07-19,171.00,PAID
CLM10791,2001,2036,2024-07-19,136.00,PAID
CLM10792,3167,2037,2024-07-19,49.00,PAID
CLM10793,3443,2137,2024-07-19,1186.00,PAID
CLM10794,1891,2003,2024-07-19,172.00,PAID
CLM10795,1665,2120,2024-07-19,50.00,PAID
CLM10796,2520,2038,2024-07-19,342.00,PAID
CLM10797,3124,2011,2024-07-19,33.00,PAID
CLM10798,3043,2089,2024-07-19,3229.00,DENIED
CLM10799,1066,2095,2024-07-19,244.00,DENIED
CLM10800,1328,2121,2024-07-19,1378.00,PAID
CLM10801,2653,2139,2024-07-20,88.00,PAID
CLM10802,2689,2043,2024-07-20,195.00,PAID
CLM10803,2391,2049,2024-07-20,186.00,PAID
CLM10804,2026,2072,2024-07-20,197.00,PAID
CLM10805,2289,2124,2024-07-20,125.00,PAID
CLM10806,2933,2065,2024-07-20,1431.00,PAID
CLM10807,1567,2138,2024-07-20,124.00,PAID
CLM10808,1788,2092,2024-07-20,145.00,PAID
CLM10809,2338,2020,2024-07-20,540.00,DENIED
CLM10810,1306,2046,2024-07-21,328.00,PAID
CLM10811,3047,2014,2024-07-21,31.00,PAID
CLM10812,2966,2021,2024-07-21,153.00,PAID
CLM10813,1733,2107,2024-07-21,81.00,PAID
CLM10814,2723,2024,2024-07-21,996.00,DENIED
CLM10815,1598,2026,2024-07-21,34.00,PAID
CLM10816,2810,2110,2024-07-21,29.00,PAID
CLM10817,2829,2078,2024-07-21,36.00,PAID
CLM10818,2544,2095,2024-07-21,126.00,DENIED
CLM10819,2920,2130,2024-07-21,33.00,PAID
CLM10820,1848,2068,2024-07-21,273.00,DENIED
CLM10821,2852,2028,2024-07-22,76.00,PAID
CLM10822,3101,2109,2024-07-22,131.00,PAID
CLM10823,1538,2061,2024-07-22,153.00,PAID
CLM10824,3140,2126,2024-07-22,427.00,PAID
CLM10825,2018,2077,2024-07-22,126.00,DENIED
CLM10826,3408,2085,2024-07-22,1470.00,PAID
CLM10827,2808,2097,2024-07-22,74.00,PAID
CLM10828,1643,2117,2024-07-22,34.00,PAID
CLM10829,1012,2137,2024-07-22,99.00,PAID
CLM10830,1251,2054,2024-07-22,142.00,PAID
CLM10831,2188,2136,2024-07-22,198.00,PAID
CLM10832,2866,2056,2024-07-22,618.00,DENIED
CLM10833,3233,2039,2024-07-22,152.00,DENIED
CLM10834,2099,2023,2024-07-22,138.00,PAID
CLM10835,2175,2047,2024-07-22,128.00,PAID
CLM10836,3050,2091,2024-07-22,27.00,PAID
CLM10837,2644,2137,2024-07-22,126.00,DENIED
CLM10838,2470,2017,2024-07-22,141.00,PAID
CLM10839,1365,2008,2024-07-22,316.00,PAID
CLM10840,2474,2004,2024-07-22,303.00,PAID
CLM10841,2727,2084,2024-07-22,209.00,DENIED
CLM10842,2917,2075,2024-07-22,38.00,PAID
CLM10843,3160,2132,2024-07-22,53.00,PAID
CLM10844,2369,2004,2024-07-22,171.00,PAID
CLM10845,1238,2121,2024-07-22,5147.00,DENIED
CLM10846,2830,2054,2024-07-22,34.00,PAID
CLM10847,1921,2073,2024-07-22,125.00,PAID
CLM10848,2316,2131,2024-07-22,43.00,PAID
CLM10849,3433,2122,2024-07-23,317.00,PAID
CLM10850,2708,2087,2024-07-23,932.00,PAID
CLM10851,1429,2016,2024-07-23,192.00,PAID
CLM10852,2875,2104,2024-07-23,400.00,DENIED
CLM10853,2186,2118,2024-07-23,75.00,PAID
CLM10854,2436,2056,2024-07-23,73.00,PAID
CLM10855,1469,2044,2024-07-23,4613.00,DENIED
CLM10856,2502,2077,2024-07-23,67.00,PAID
CLM10857,1503,2077,2024-07-23,61.00,PAID
CLM10858,2593,2030,2024-07-23,128.00,PAID
CLM10859,3370,2017,2024-07-23,539.00,PAID
CLM10860,1688,2070,2024-07-23,119.00,PAID
CLM10861,1481,2091,2024-07-23,79.00,PAID
CLM10862,3391,2137,2024-07-23,284.00,DENIED
CLM10863,2657,2037,2024-07-23,230.00,PAID
CLM10864,1769,2046,2024-07-23,88.00,PAID
CLM10865,2024,2088,2024-07-23,1194.00,DENIED
CLM10866,3212,2075,2024-07-23,168.00,PAID
CLM10867,2031,2106,2024-07-23,113.00,PAID
CLM10868,3195,2031,2024-07-23,80.00,PAID
CLM10869,1518,2012,2024-07-23,137.00,PAID
CLM10870,1569,2068,2024-07-23,445.00,PAID
CLM10871,1444,2040,2024-07-23,59.00,PAID
CLM10872,2921,2038,2024-07-23,92.00,PAID
CLM10873,3150,2068,2024-07-23,624.00,PAID
CLM10874,2352,2131,2024-07-24,45.00,PAID
CLM10875,2445,2059,2024-07-24,127.00,PAID
CLM10876,1649,2053,2024-07-24,112.00,PAID
CLM10877,2961,2120,2024-07-24,135.00,PAID
CLM10878,2506,2059,2024-07-24,269.00,PAID
CLM10879,3231,2142,2024-07-24,181.00,PAID
CLM10880,3011,2080,2024-07-24,81.00,PAID
CLM10881,3219,2050,2024-07-24,274.00,DENIED
CLM10882,3381,2126,2024-07-24,257.00,PAID
CLM10883,3172,2045,2024-07-24,289.00,PAID
CLM10884,1689,2029,2024-07-24,134.00,PAID
CLM10885,3331,2037,2024-07-24,81.00,PAID
CLM10886,3118,2071,2024-07-24,331.00,PAID
CLM10887,3173,2060,2024-07-24,2355.00,DENIED
CLM10888,3312,2086,2024-07-24,86.00,PAID
CLM10889,2705,2088,2024-07-24,993.00,PAID
CLM10890,1400,2133,2024-07-24,39.00,PAID
CLM10891,2639,2102,2024-07-24,186.00,PAID
CLM10892,2352,2013,2024-07-24,138.00,PAID
CLM10893,2346,2085,2024-07-24,1168.00,PAID
CLM10894,2519,2137,2024-07-24,121.00,PAID
CLM10895,2889,2068,2024-07-24,173.00,PAID
CLM10896,3200,2038,2024-07-24,45.00,PAID
CLM10897,2299,2124,2024-07-24,91.00,PAID
CLM10898,2819,2085,2024-07-25,1506.00,PAID
CLM10899,1864,2122,2024-07-25,169.00,PAID
CLM10900,3412,2004,2024-07-25,139.00,PAID
CLM10901,2028,2144,2024-07-25,172.00,PAID
CLM10902,1897,2077,2024-07-25,41.00,PAID
CLM10903,1232,2021,2024-07-25,125.00,PAID
CLM10904,1461,2091,2024-07-25,186.00,PAID
CLM10905,3269,2071,2024-07-25,1324.00,PAID
CLM10906,3184,2122,2024-07-25,239.00,PAID
CLM10907,1666,2124,2024-07-25,150.00,PAID
CLM10908,3161,2029,2024-07-25,144.00,PAID
CLM10909,1623,2115,2024-07-25,315.00,PAID
CLM10910,2853,2015,2024-07-25,135.00,PAID
CLM10911,1874,2078,2024-07-25,29.00,PAID
CLM10912,1559,2143,2024-07-25,288.00,PENDING
CLM10913,1243,2001,2024-07-25,129.00,PAID
CLM10914,1767,2024,2024-07-25,782.00,PAID
CLM10915,2337,2111,2024-07-25,383.00,PAID
CLM10916,2879,2140,2024-07-25,384.00,PAID
CLM10917,2366,2150,2024-07-25,59.00,PAID
CLM10918,2042,2050,2024-07-25,191.00,PAID
CLM10919,1198,2105,2024-07-25,1474.00,PAID
CLM10920,1504,2142,2024-07-25,188.00,PAID
CLM10921,1604,2142,2024-07-25,226.00,PAID
CLM10922,3393,2006,2024-07-25,332.00,PAID
CLM10923,2747,2101,2024-07-25,139.00,PAID
CLM10924,1967,2018,2024-07-25,147.00,PAID
CLM10925,3093,2008,2024-07-25,89.00,PAID
CLM10926,3371,2010,2024-07-25,119.00,PAID
CLM10927,2638,2085,2024-07-26,499.00,PAID
CLM10928,3472,2064,2024-07-26,151.00,PAID
CLM10929,1043,2083,2024-07-26,215.00,DENIED
CLM10930,1102,2068,2024-07-26,139.00,PAID
CLM10931,3495,2042,2024-07-26,61.00,PAID
CLM10932,3340,2084,2024-07-26,78.00,PAID
CLM10933,2572,2058,2024-07-26,124.00,PAID
CLM10934,1322,2124,2024-07-26,125.00,PAID
CLM10935,2898,2068,2024-07-26,275.00,PAID
CLM10936,1031,2015,2024-07-26,1722.00,PAID
CLM10937,3295,2068,2024-07-26,125.00,PAID
CLM10938,1174,2104,2024-07-26,491.00,PAID
CLM10939,2008,2008,2024-07-26,146.00,PAID
CLM10940,3168,2096,2024-07-26,126.00,PAID
CLM10941,2955,2029,2024-07-26,120.00,PAID
CLM10942,3159,2014,2024-07-26,28.00,PAID
CLM10943,2079,2071,2024-07-26,105.00,PAID
CLM10944,1780,2008,2024-07-26,30.00,PAID
CLM10945,1449,2105,2024-07-26,6031.00,PAID
CLM10946,1897,2129,2024-07-26,315.00,PAID
CLM10947,2799,2095,2024-07-26,145.00,PAID
CLM10948,2507,2053,2024-07-26,235.00,PAID
CLM10949,1559,2137,2024-07-26,283.00,PENDING
CLM10950,2790,2131,2024-07-26,598.00,PAID
CLM10951,1598,2004,2024-07-26,304.00,PAID
CLM10952,2871,2121,2024-07-26,1295.00,PAID
CLM10953,1777,2033,2024-07-26,56.00,PAID
CLM10954,1007,2137,2024-07-26,119.00,PAID
CLM10955,1110,2081,2024-07-26,130.00,PAID
CLM10956,2542,2114,2024-07-26,247.00,PAID
CLM10957,1893,2088,2024-07-27,128.00,PAID
CLM10958,1545,2043,2024-07-27,34.00,PAID
CLM10959,2355,2104,2024-07-27,122.00,PAID
CLM10960,2552,2024,2024-07-27,1501.00,PAID
CLM10961,1646,2109,2024-07-27,44.00,PAID
CLM10962,2006,2131,2024-07-27,547.00,PAID
CLM10963,1534,2087,2024-07-27,158.00,PENDING
CLM10964,2770,2110,2024-07-27,32.00,PAID
CLM10965,2938,2144,2024-07-27,305.00,PAID
CLM10966,1899,2071,2024-07-27,56.00,PAID
CLM10967,1099,2049,2024-07-27,195.00,PAID
CLM10968,1465,2068,2024-07-28,141.00,PAID
CLM10969,1489,2042,2024-07-28,351.00,PAID
CLM10970,3133,2096,2024-07-28,383.00,PAID
CLM10971,1104,2091,2024-07-28,29.00,PAID
CLM10972,2920,2140,2024-07-28,523.00,PAID
CLM10973,2618,2111,2024-07-28,133.00,PAID
CLM10974,3452,2045,2024-07-28,266.00,PAID
CLM10975,2611,2101,2024-07-28,197.00,PAID
CLM10976,1259,2060,2024-07-28,1244.00,PAID
CLM10977,2359,2091,2024-07-28,84.00,PAID
CLM10978,2395,2044,2024-07-29,1144.00,PAID
CLM10979,2791,2132,2024-07-29,1337.00,PAID
CLM10980,2897,2044,2024-07-29,1373.00,PAID
CLM10981,1911,2080,2024-07-29,71.00,PAID
CLM10982,2819,2120,2024-07-29,189.00,PAID
CLM10983,2830,2091,2024-07-29,64.00,PAID
CLM10984,3459,2091,2024-07-29,43.00,PAID
CLM10985,1574,2016,2024-07-29,125.00,PAID
CLM10986,2367,2049,2024-07-29,296.00,DENIED
CLM10987,1783,2002,2024-07-29,30.00,DENIED
CLM10988,1104,2013,2024-07-29,1575.00,DENIED
CLM10989,1820,2119,2024-07-29,38.00,PAID
CLM10990,1939,2104,2024-07-29,291.00,PAID
CLM10991,1596,2051,2024-07-29,147.00,PAID
CLM10992,3413,2115,2024-07-29,438.00,PAID
CLM10993,3389,2040,2024-07-29,430.00,PAID
CLM10994,2291,2091,2024-07-29,61.00,PAID
CLM10995,1823,2137,2024-07-29,269.00,PAID
CLM10996,3094,2102,2024-07-29,268.00,DENIED
CLM10997,1073,2111,2024-07-30,175.00,PAID
CLM10998,1661,2053,2024-07-30,199.00,PAID
CLM10999,3101,2025,2024-07-30,31.00,PAID
CLM11000,3022,2041,2024-07-30,445.00,DENIED
CLM11001,2294,2073,2024-07-30,34.00,PAID
CLM11002,2353,2094,2024-07-30,396.00,PAID
CLM11003,1210,2137,2024-07-30,508.00,DENIED
CLM11004,3446,2020,2024-07-30,329.00,PAID
CLM11005,2275,2068,2024-07-30,123.00,PAID
CLM11006,3011,2104,2024-07-30,112.00,PAID
CLM11007,2543,2020,2024-07-30,52.00,PAID
CLM11008,2347,2136,2024-07-30,120.00,PAID
CLM11009,1806,2134,2024-07-30,187.00,PAID
CLM11010,3433,2129,2024-07-30,254.00,PAID
CLM11011,2917,2018,2024-07-30,96.00,PAID
CLM11012,3343,2074,2024-07-30,146.00,PAID
CLM11013,1918,2063,2024-07-30,45.00,PAID
CLM11014,1150,2071,2024-07-30,84.00,PAID
CLM11015,2083,2024,2024-07-30,1347.00,DENIED
CLM11016,1113,2118,2024-07-30,70.00,PAID
CLM11017,1227,2115,2024-07-30,511.00,DENIED
CLM11018,2224,2143,2024-07-30,168.00,PAID
CLM11019,2318,2109,2024-07-30,129.00,PAID
CLM11020,2708,2044,2024-07-30,1416.00,DENIED
CLM11021,3277,2074,2024-07-30,310.00,PAID
CLM11022,3136,2099,2024-07-31,100.00,PAID
CLM11023,2214,2078,2024-07-31,65.00,PAID
CLM11024,3497,2071,2024-07-31,119.00,PAID
CLM11025,2560,2051,2024-07-31,83.00,PAID
CLM11026,1191,2104,2024-07-31,535.00,PAID
CLM11027,2569,2030,2024-07-31,31.00,PAID
CLM11028,1435,2144,2024-07-31,338.00,PAID
CLM11029,2360,2075,2024-07-31,139.00,DENIED
CLM11030,1307,2032,2024-07-31,180.00,PAID
CLM11031,1723,2045,2024-07-31,124.00,PAID
CLM11032,3255,2022,2024-07-31,33.00,PAID
CLM11033,3115,2101,2024-07-31,41.00,PAID
CLM11034,1860,2126,2024-07-31,141.00,DENIED
CLM11035,1335,2020,2024-07-31,241.00,PAID
CLM11036,1781,2072,2024-07-31,40.00,PAID
CLM11037,3100,2104,2024-07-31,290.00,PAID
CLM11038,2521,2004,2024-07-31,138.00,PAID
CLM11039,1594,2088,2024-07-31,1165.00,PAID
CLM11040,1565,2066,2024-07-31,190.00,PAID
CLM11041,2576,2072,2024-07-31,194.00,PAID
CLM11042,2925,2041,2024-07-31,417.00,PAID
CLM11043,2996,2018,2024-07-31,187.00,PAID
CLM11044,1079,2001,2024-07-31,393.00,PAID
CLM11045,2765,2012,2024-07-31,325.00,PAID
CLM11046,2015,2052,2024-07-31,50.00,PAID
CLM11047,1913,2054,2024-07-31,32.00,PAID
CLM11048,2120,2060,2024-08-01,669.00,DENIED
CLM11049,3195,2083,2024-08-01,159.00,DENIED
CLM11050,1732,2136,2024-08-01,204.00,DENIED
CLM11051,3255,2116,2024-08-01,313.00,PAID
CLM11052,2264,2143,2024-08-01,414.00,DENIED
CLM11053,2839,2023,2024-08-01,44.00,PENDING
CLM11054,2289,2144,2024-08-01,169.00,PAID
CLM11055,1249,2056,2024-08-01,136.00,PAID
CLM11056,2045,2047,2024-08-01,210.00,PAID
CLM11057,2771,2087,2024-08-01,281.00,DENIED
CLM11058,2291,2027,2024-08-01,136.00,PAID
CLM11059,1303,2071,2024-08-01,55.00,PAID
CLM11060,2741,2049,2024-08-01,328.00,DENIED
CLM11061,2565,2071,2024-08-01,50.00,PAID
CLM11062,2279,2020,2024-08-01,3060.00,DENIED
CLM11063,1939,2065,2024-08-01,95.00,PAID
CLM11064,2216,2123,2024-08-01,115.00,PAID
CLM11065,1460,2091,2024-08-01,107.00,PAID
CLM11066,2258,2033,2024-08-01,276.00,PAID
CLM11067,1995,2089,2024-08-01,616.00,PAID
CLM11068,3380,2074,2024-08-01,132.00,PAID
CLM11069,1403,2049,2024-08-01,110.00,PAID
CLM11070,3152,2004,2024-08-01,4267.00,DENIED
CLM11071,2889,2118,2024-08-01,28.00,PAID
CLM11072,1053,2150,2024-08-01,112.00,PAID
CLM11073,2207,2132,2024-08-01,274.00,PAID
CLM11074,2348,2109,2024-08-01,58.00,PAID
CLM11075,3205,2058,2024-08-02,132.00,PAID
CLM11076,2323,2137,2024-08-02,1172.00,PAID
CLM11077,2071,2102,2024-08-02,152.00,PAID
CLM11078,2456,2115,2024-08-02,141.00,PAID
CLM11079,2017,2131,2024-08-02,413.00,PAID
CLM11080,1873,2017,2024-08-02,30.00,PAID
CLM11081,2673,2150,2024-08-02,146.00,PAID
CLM11082,2265,2120,2024-08-02,31.00,PAID
CLM11083,3218,2113,2024-08-02,113.00,PAID
CLM11084,1649,2038,2024-08-02,118.00,PAID
CLM11085,3496,2001,2024-08-02,217.00,PAID
CLM11086,2844,2140,2024-08-02,270.00,PAID
CLM11087,1722,2072,2024-08-02,310.00,PAID
CLM11088,1786,2040,2024-08-02,182.00,DENIED
CLM11089,2111,2025,2024-08-02,31.00,PAID
CLM11090,3068,2071,2024-08-02,1766.00,PAID
CLM11091,2320,2099,2024-08-02,355.00,PAID
CLM11092,1127,2097,2024-08-02,43.00,PAID
CLM11093,1078,2110,2024-08-02,48.00,PAID
CLM11094,2884,2025,2024-08-02,44.00,PAID
CLM11095,2188,2045,2024-08-02,1775.00,DENIED
CLM11096,1376,2096,2024-08-02,33.00,PAID
CLM11097,1370,2062,2024-08-02,36.00,PAID
CLM11098,1635,2085,2024-08-02,111.00,PAID
CLM11099,2759,2065,2024-08-02,58.00,PAID
CLM11100,2426,2061,2024-08-02,128.00,PAID
CLM11101,1215,2121,2024-08-02,996.00,PAID
CLM11102,1216,2039,2024-08-02,360.00,PAID
CLM11103,2913,2020,2024-08-03,43.00,PAID
CLM11104,1336,2118,2024-08-03,46.00,PAID
CLM11105,2285,2020,2024-08-03,1079.00,PAID
CLM11106,2532,2117,2024-08-03,211.00,PAID
CLM11107,2788,2049,2024-08-03,482.00,PAID
CLM11108,3173,2104,2024-08-03,252.00,DENIED
CLM11109,1441,2055,2024-08-03,158.00,PAID
CLM11110,1729,2053,2024-08-03,199.00,PAID
CLM11111,3007,2085,2024-08-03,1330.00,PAID
CLM11112,1391,2085,2024-08-03,1209.00,PAID
CLM11113,1257,2065,2024-08-04,126.00,PAID
CLM11114,3455,2047,2024-08-04,272.00,PAID
CLM11115,2995,2060,2024-08-04,2770.00,DENIED
CLM11116,1411,2023,2024-08-04,44.00,PAID
CLM11117,2043,2025,2024-08-04,244.00,PAID
CLM11118,1546,2015,2024-08-04,5062.00,DENIED
CLM11119,3465,2026,2024-08-04,45.00,PAID
CLM11120,2049,2104,2024-08-04,124.00,PAID
CLM11121,1406,2059,2024-08-04,404.00,PAID
CLM11122,1058,2035,2024-08-05,45.00,PAID
CLM11123,3380,2028,2024-08-05,191.00,PAID
CLM11124,2929,2036,2024-08-05,398.00,PAID
CLM11125,1698,2037,2024-08-05,1480.00,PAID
CLM11126,1766,2027,2024-08-05,194.00,PAID
CLM11127,2247,2025,2024-08-05,29.00,PAID
CLM11128,2620,2118,2024-08-05,32.00,PAID
CLM11129,2004,2057,2024-08-05,425.00,PAID
CLM11130,2996,2124,2024-08-05,158.00,PAID
CLM11131,1722,2017,2024-08-05,270.00,PAID
CLM11132,2853,2115,2024-08-05,186.00,PAID
CLM11133,2603,2130,2024-08-05,41.00,PAID
CLM11134,2717,2042,2024-08-05,326.00,PAID
CLM11135,1061,2104,2024-08-05,247.00,PAID
CLM11136,2089,2150,2024-08-05,31.00,PAID
CLM11137,2421,2069,2024-08-05,1400.00,PAID
CLM11138,2866,2061,2024-08-05,232.00,PAID
CLM11139,2384,2109,2024-08-05,605.00,PAID
CLM11140,3325,2004,2024-08-05,992.00,PAID
CLM11141,3215,2025,2024-08-05,276.00,PAID
CLM11142,2716,2044,2024-08-05,961.00,DENIED
CLM11143,3403,2086,2024-08-05,57.00,PAID
CLM11144,2298,2065,2024-08-05,1775.00,PAID
CLM11145,1571,2128,2024-08-05,242.00,PAID
CLM11146,3473,2050,2024-08-05,34.00,PAID
CLM11147,3111,2045,2024-08-05,135.00,DENIED
CLM11148,2922,2103,2024-08-05,259.00,PAID
CLM11149,2810,2073,2024-08-05,190.00,PAID
CLM11150,2467,2014,2024-08-05,89.00,DENIED
CLM11151,1027,2103,2024-08-05,28.00,PAID
CLM11152,1429,2063,2024-08-05,46.00,DENIED
CLM11153,1155,2140,2024-08-05,394.00,PAID
CLM11154,1273,2042,2024-08-05,34.00,PAID
CLM11155,2428,2020,2024-08-05,2224.00,PAID
CLM11156,2343,2086,2024-08-05,122.00,PAID
CLM11157,2081,2005,2024-08-05,52.00,PAID
CLM11158,2895,2082,2024-08-05,160.00,PAID
CLM11159,2853,2066,2024-08-05,188.00,PENDING
CLM11160,2449,2109,2024-08-06,34.00,PAID
CLM11161,2459,2064,2024-08-06,70.00,PAID
CLM11162,2220,2104,2024-08-06,268.00,PENDING
CLM11163,1339,2102,2024-08-06,236.00,PAID
CLM11164,3206,2140,2024-08-06,481.00,PAID
CLM11165,3351,2074,2024-08-06,139.00,PAID
CLM11166,2454,2026,2024-08-06,126.00,PAID
CLM11167,1822,2038,2024-08-06,240.00,PAID
CLM11168,2506,2021,2024-08-06,159.00,PAID
CLM11169,3041,2147,2024-08-06,122.00,PAID
CLM11170,2775,2137,2024-08-06,274.00,PAID
CLM11171,1041,2061,2024-08-06,108.00,PAID
CLM11172,2168,2045,2024-08-06,514.00,PAID
CLM11173,2995,2095,2024-08-06,130.00,PAID
CLM11174,3423,2102,2024-08-06,425.00,PAID
CLM11175,3162,2078,2024-08-06,31.00,PAID
CLM11176,3129,2084,2024-08-06,192.00,DENIED
CLM11177,2430,2062,2024-08-06,177.00,PAID
CLM11178,2070,2064,2024-08-06,202.00,PAID
CLM11179,2368,2013,2024-08-06,412.00,PAID
CLM11180,2971,2041,2024-08-06,390.00,PAID
CLM11181,1110,2002,2024-08-06,62.00,PAID
CLM11182,2920,2020,2024-08-06,692.00,PAID
CLM11183,1614,2072,2024-08-06,63.00,PENDING
CLM11184,3365,2057,2024-08-06,136.00,PAID
CLM11185,2577,2106,2024-08-06,138.00,PAID
CLM11186,1492,2088,2024-08-07,142.00,DENIED
CLM11187,2081,2100,2024-08-07,255.00,PAID
CLM11188,1161,2085,2024-08-07,523.00,PAID
CLM11189,2126,2029,2024-08-07,172.00,PAID
CLM11190,2643,2139,2024-08-07,102.00,PAID
CLM11191,1853,2010,2024-08-07,129.00,PAID
CLM11192,2088,2071,2024-08-07,139.00,PAID
CLM11193,1324,2143,2024-08-07,132.00,PAID
CLM11194,1478,2084,2024-08-07,179.00,PAID
CLM11195,1792,2102,2024-08-07,132.00,PAID
CLM11196,3308,2071,2024-08-07,118.00,DENIED
CLM11197,1310,2053,2024-08-07,388.00,PAID
CLM11198,1352,2009,2024-08-07,32.00,PAID
CLM11199,3213,2133,2024-08-07,28.00,PAID
CLM11200,1790,2137,2024-08-07,1323.00,PAID
CLM11201,1528,2014,2024-08-07,265.00,PAID
CLM11202,2654,2039,2024-08-07,353.00,DENIED
CLM11203,3407,2068,2024-08-07,1677.00,DENIED
CLM11204,2800,2068,2024-08-07,1177.00,PAID
CLM11205,2584,2046,2024-08-07,183.00,PAID
CLM11206,2474,2034,2024-08-07,129.00,PAID
CLM11207,2411,2062,2024-08-07,113.00,PAID
CLM11208,1499,2059,2024-08-07,505.00,DENIED
CLM11209,1215,2118,2024-08-07,123.00,PAID
CLM11210,3215,2137,2024-08-07,116.00,PAID
CLM11211,2433,2081,2024-08-07,119.00,PAID
CLM11212,3466,2020,2024-08-07,43.00,PAID
CLM11213,2985,2032,2024-08-07,213.00,PAID
CLM11214,2992,2075,2024-08-07,289.00,PAID
CLM11215,1251,2124,2024-08-08,187.00,PAID
CLM11216,1058,2117,2024-08-08,33.00,PAID
CLM11217,3204,2071,2024-08-08,129.00,PAID
CLM11218,3268,2104,2024-08-08,566.00,DENIED
CLM11219,1499,2015,2024-08-08,1626.00,PAID
CLM11220,2699,2067,2024-08-08,585.00,DENIED
CLM11221,2195,2044,2024-08-08,137.00,DENIED
CLM11222,1013,2116,2024-08-08,185.00,PAID
CLM11223,2342,2145,2024-08-08,33.00,PAID
CLM11224,1123,2143,2024-08-08,378.00,PAID
CLM11225,2466,2076,2024-08-08,159.00,PAID
CLM11226,1668,2061,2024-08-08,28.00,PAID
CLM11227,1938,2150,2024-08-08,180.00,DENIED
CLM11228,3395,2068,2024-08-08,1800.00,PAID
CLM11229,2835,2132,2024-08-08,339.00,PAID
CLM11230,2975,2113,2024-08-08,262.00,PAID
CLM11231,1733,2119,2024-08-08,210.00,PAID
CLM11232,3485,2005,2024-08-08,411.00,PAID
CLM11233,2403,2014,2024-08-09,202.00,PAID
CLM11234,3224,2091,2024-08-09,44.00,PAID
CLM11235,1095,2069,2024-08-09,161.00,PAID
CLM11236,1102,2137,2024-08-09,100.00,PAID
CLM11237,1874,2076,2024-08-09,47.00,PAID
CLM11238,1605,2073,2024-08-09,75.00,PAID
CLM11239,1434,2139,2024-08-09,38.00,PAID
CLM11240,1938,2105,2024-08-09,271.00,PAID
CLM11241,1083,2115,2024-08-09,578.00,DENIED
CLM11242,1112,2126,2024-08-09,351.00,PAID
CLM11243,1888,2045,2024-08-09,1779.00,PAID
CLM11244,2474,2085,2024-08-09,274.00,PAID
CLM11245,1941,2047,2024-08-09,111.00,PAID
CLM11246,1503,2116,2024-08-09,150.00,PAID
CLM11247,1974,2116,2024-08-09,83.00,PAID
CLM11248,1910,2085,2024-08-09,1055.00,PAID
CLM11249,2072,2006,2024-08-09,125.00,PAID
CLM11250,1691,2149,2024-08-09,28.00,PAID
CLM11251,1033,2004,2024-08-09,4881.00,DENIED
CLM11252,3234,2132,2024-08-09,259.00,PAID
CLM11253,3272,2120,2024-08-09,414.00,PAID
CLM11254,1241,2083,2024-08-09,55.00,PAID
CLM11255,1208,2013,2024-08-09,117.00,PAID
CLM11256,2348,2054,2024-08-09,139.00,PAID
CLM11257,1721,2065,2024-08-09,53.00,PAID
CLM11258,2398,2115,2024-08-09,560.00,PAID
CLM11259,3324,2026,2024-08-09,320.00,PAID
CLM11260,1407,2129,2024-08-09,188.00,DENIED
CLM11261,1960,2034,2024-08-09,107.00,PAID
CLM11262,1439,2017,2024-08-09,385.00,PAID
CLM11263,3380,2015,2024-08-09,1532.00,PAID
CLM11264,3301,2137,2024-08-09,158.00,PAID
CLM11265,1031,2004,2024-08-10,146.00,PAID
CLM11266,2706,2097,2024-08-10,75.00,PAID
CLM11267,2151,2101,2024-08-10,297.00,PAID
CLM11268,2253,2140,2024-08-10,281.00,PAID
CLM11269,1314,2104,2024-08-10,380.00,PAID
CLM11270,3154,2069,2024-08-10,293.00,PAID
CLM11271,3283,2130,2024-08-10,201.00,DENIED
CLM11272,2235,2137,2024-08-10,162.00,PAID
CLM11273,1531,2076,2024-08-10,117.00,PAID
CLM11274,2997,2002,2024-08-10,324.00,PAID
CLM11275,3141,2068,2024-08-10,507.00,DENIED
CLM11276,3189,2085,2024-08-10,566.00,PAID
CLM11277,1499,2026,2024-08-10,34.00,PAID
CLM11278,2211,2013,2024-08-11,1698.00,PAID
CLM11279,2442,2011,2024-08-11,134.00,PAID
CLM11280,1389,2075,2024-08-11,143.00,PAID
CLM11281,1415,2005,2024-08-12,43.00,PAID
CLM11282,1260,2022,2024-08-12,108.00,PAID
CLM11283,2937,2132,2024-08-12,45.00,PAID
CLM11284,2408,2131,2024-08-12,53.00,PAID
CLM11285,2624,2044,2024-08-12,2246.00,PAID
CLM11286,1973,2085,2024-08-12,842.00,PAID
CLM11287,1212,2008,2024-08-12,54.00,PAID
CLM11288,2192,2028,2024-08-12,129.00,PAID
CLM11289,1219,2016,2024-08-12,139.00,PAID
CLM11290,1435,2017,2024-08-12,46.00,PAID
CLM11291,1678,2023,2024-08-12,68.00,PAID
CLM11292,3196,2058,2024-08-12,186.00,DENIED
CLM11293,3060,2043,2024-08-12,277.00,PAID
CLM11294,1249,2013,2024-08-12,401.00,PAID
CLM11295,1246,2011,2024-08-12,306.00,PAID
CLM11296,2813,2124,2024-08-12,137.00,PAID
CLM11297,1416,2143,2024-08-12,332.00,PAID
CLM11298,2646,2029,2024-08-12,1067.00,PAID
CLM11299,3380,2095,2024-08-12,142.00,PAID
CLM11300,3011,2105,2024-08-12,147.00,PAID
CLM11301,2399,2087,2024-08-12,1129.00,DENIED
CLM11302,2355,2110,2024-08-12,52.00,PAID
CLM11303,2164,2140,2024-08-12,242.00,PAID
CLM11304,2599,2086,2024-08-12,135.00,PAID
CLM11305,2990,2023,2024-08-12,79.00,PAID
CLM11306,1625,2077,2024-08-12,30.00,PAID
CLM11307,1371,2065,2024-08-12,144.00,PAID
CLM11308,1891,2125,2024-08-12,313.00,PAID
CLM11309,2874,2011,2024-08-12,285.00,PAID
CLM11310,1894,2114,2024-08-12,306.00,PAID
CLM11311,1195,2114,2024-08-12,138.00,PAID
CLM11312,1860,2045,2024-08-12,2079.00,PAID
CLM11313,1627,2004,2024-08-13,173.00,PAID
CLM11314,2346,2144,2024-08-13,208.00,PAID
CLM11315,2376,2086,2024-08-13,85.00,PAID
CLM11316,2012,2074,2024-08-13,293.00,PAID
CLM11317,2346,2096,2024-08-13,35.00,PAID
CLM11318,1665,2077,2024-08-13,41.00,PAID
CLM11319,1810,2095,2024-08-13,1456.00,PAID
CLM11320,3039,2042,2024-08-13,32.00,PAID
CLM11321,1455,2027,2024-08-13,174.00,PENDING
CLM11322,3285,2124,2024-08-13,256.00,DENIED
CLM11323,2066,2011,2024-08-13,71.00,PAID
CLM11324,1612,2017,2024-08-13,98.00,PAID
CLM11325,1648,2018,2024-08-13,28.00,PAID
CLM11326,1948,2088,2024-08-13,818.00,DENIED
CLM11327,1937,2137,2024-08-13,1326.00,PAID
CLM11328,2751,2038,2024-08-13,166.00,PAID
CLM11329,2377,2015,2024-08-13,121.00,PAID
CLM11330,1029,2086,2024-08-13,127.00,PAID
CLM11331,2826,2064,2024-08-13,45.00,PAID
CLM11332,2900,2073,2024-08-13,38.00,PAID
CLM11333,1624,2102,2024-08-13,428.00,DENIED
CLM11334,2476,2107,2024-08-13,79.00,PAID
CLM11335,2302,2126,2024-08-13,143.00,PAID
CLM11336,3224,2150,2024-08-13,154.00,PAID
CLM11337,1957,2076,2024-08-13,27.00,PAID
CLM11338,1080,2144,2024-08-13,315.00,PAID
CLM11339,3339,2013,2024-08-13,119.00,PAID
CLM11340,2205,2133,2024-08-14,215.00,PAID
CLM11341,2561,2020,2024-08-14,50.00,PAID
CLM11342,1281,2075,2024-08-14,135.00,PAID
CLM11343,2883,2022,2024-08-14,29.00,PAID
CLM11344,2088,2150,2024-08-14,73.00,PENDING
CLM11345,1987,2079,2024-08-14,121.00,PAID
CLM11346,3056,2109,2024-08-14,132.00,PAID
CLM11347,2735,2104,2024-08-14,1496.00,PAID
CLM11348,2003,2065,2024-08-14,261.00,PAID
CLM11349,2196,2018,2024-08-14,34.00,PAID
CLM11350,2984,2023,2024-08-14,43.00,PAID
CLM11351,1834,2087,2024-08-14,1104.00,PAID
CLM11352,1354,2143,2024-08-14,174.00,PAID
CLM11353,2227,2071,2024-08-14,130.00,PAID
CLM11354,2540,2072,2024-08-14,125.00,PAID
CLM11355,1710,2050,2024-08-14,34.00,PAID
CLM11356,2940,2073,2024-08-14,252.00,PAID
CLM11357,1633,2076,2024-08-14,406.00,DENIED
CLM11358,2331,2078,2024-08-14,63.00,PAID
CLM11359,2790,2021,2024-08-14,177.00,PAID
CLM11360,1433,2096,2024-08-15,80.00,PAID
CLM11361,2540,2118,2024-08-15,210.00,PAID
CLM11362,3178,2091,2024-08-15,28.00,PAID
CLM11363,1354,2001,2024-08-15,181.00,PAID
CLM11364,1968,2036,2024-08-15,181.00,PAID
CLM11365,2741,2111,2024-08-15,150.00,PAID
CLM11366,3231,2070,2024-08-15,111.00,PAID
CLM11367,2181,2018,2024-08-15,193.00,PAID
CLM11368,2522,2035,2024-08-15,122.00,PAID
CLM11369,2965,2097,2024-08-15,29.00,PAID
CLM11370,1673,2143,2024-08-15,408.00,PAID
CLM11371,1141,2096,2024-08-15,309.00,PAID
CLM11372,2906,2024,2024-08-15,120.00,PAID
CLM11373,2183,2140,2024-08-15,111.00,DENIED
CLM11374,1966,2068,2024-08-15,162.00,PAID
CLM11375,2367,2021,2024-08-15,186.00,PAID
CLM11376,2773,2083,2024-08-15,239.00,PAID
CLM11377,1407,2024,2024-08-15,136.00,PAID
CLM11378,3204,2044,2024-08-15,170.00,PAID
CLM11379,1337,2046,2024-08-15,32.00,PAID
CLM11380,1075,2122,2024-08-15,354.00,PAID
CLM11381,3364,2149,2024-08-15,214.00,PAID
CLM11382,1593,2078,2024-08-15,63.00,PAID
CLM11383,1739,2075,2024-08-15,279.00,DENIED
CLM11384,1640,2080,2024-08-15,117.00,DENIED
CLM11385,1896,2015,2024-08-15,139.00,PAID
CLM11386,1716,2118,2024-08-15,445.00,PAID
CLM11387,1938,2020,2024-08-15,259.00,PAID
CLM11388,1285,2138,2024-08-15,519.00,DENIED
CLM11389,2567,2115,2024-08-15,184.00,PAID
CLM11390,2285,2085,2024-08-15,135.00,PAID
CLM11391,2272,2082,2024-08-15,32.00,PAID
CLM11392,2861,2010,2024-08-16,126.00,PAID
CLM11393,1234,2062,2024-08-16,286.00,DENIED
CLM11394,3290,2023,2024-08-16,71.00,PAID
CLM11395,1296,2137,2024-08-16,623.00,PAID
CLM11396,1812,2137,2024-08-16,1502.00,PAID
CLM11397,1988,2024,2024-08-16,1397.00,PAID
CLM11398,2418,2145,2024-08-16,28.00,DENIED
CLM11399,2356,2006,2024-08-16,147.00,PAID
CLM11400,1815,2109,2024-08-16,35.00,PAID
CLM11401,2065,2091,2024-08-16,34.00,PAID
CLM11402,1800,2099,2024-08-16,213.00,PAID
CLM11403,3497,2022,2024-08-16,72.00,PAID
CLM11404,3151,2137,2024-08-16,414.00,DENIED
CLM11405,3389,2031,2024-08-16,153.00,PAID
CLM11406,1576,2141,2024-08-16,184.00,DENIED
CLM11407,3237,2012,2024-08-16,179.00,DENIED
CLM11408,2811,2001,2024-08-16,28.00,PAID
CLM11409,1574,2024,2024-08-16,145.00,DENIED
CLM11410,1645,2029,2024-08-16,142.00,PAID
CLM11411,1966,2050,2024-08-16,134.00,PAID
CLM11412,1922,2059,2024-08-16,423.00,PAID
CLM11413,2603,2104,2024-08-16,6693.00,PAID
CLM11414,1847,2072,2024-08-16,28.00,PAID
CLM11415,1330,2137,2024-08-16,1165.00,PAID
CLM11416,1720,2115,2024-08-16,282.00,PAID
CLM11417,2807,2026,2024-08-16,254.00,PAID
CLM11418,2035,2054,2024-08-16,178.00,PAID
CLM11419,1428,2043,2024-08-16,102.00,PAID
CLM11420,2179,2118,2024-08-17,135.00,PAID
CLM11421,2358,2061,2024-08-17,135.00,PAID
CLM11422,3000,2019,2024-08-17,42.00,PAID
CLM11423,2057,2150,2024-08-17,33.00,PAID
CLM11424,2212,2150,2024-08-17,50.00,DENIED
CLM11425,1752,2041,2024-08-17,247.00,DENIED
CLM11426,1280,2069,2024-08-17,802.00,DENIED
CLM11427,2712,2105,2024-08-17,881.00,PAID
CLM11428,1328,2052,2024-08-17,35.00,PAID
CLM11429,2554,2065,2024-08-17,192.00,PAID
CLM11430,1928,2100,2024-08-17,533.00,PAID
CLM11431,1533,2068,2024-08-18,1673.00,PAID
CLM11432,2364,2004,2024-08-18,1134.00,PAID
CLM11433,2914,2147,2024-08-18,184.00,PAID
CLM11434,1285,2068,2024-08-18,102.00,PAID
CLM11435,1844,2096,2024-08-18,32.00,PAID
CLM11436,1731,2131,2024-08-18,50.00,PAID
CLM11437,2584,2084,2024-08-18,92.00,DENIED
CLM11438,1378,2142,2024-08-18,420.00,PAID
CLM11439,2295,2011,2024-08-19,164.00,PAID
CLM11440,1367,2065,2024-08-19,54.00,PAID
CLM11441,2520,2140,2024-08-19,137.00,PAID
CLM11442,1623,2133,2024-08-19,164.00,DENIED
CLM11443,2990,2136,2024-08-19,130.00,PAID
CLM11444,2963,2084,2024-08-19,350.00,DENIED
CLM11445,2766,2128,2024-08-19,35.00,PAID
CLM11446,2119,2122,2024-08-19,298.00,DENIED
CLM11447,3093,2023,2024-08-19,372.00,DENIED
CLM11448,2864,2122,2024-08-19,94.00,PAID
CLM11449,3255,2074,2024-08-19,141.00,PAID
CLM11450,1186,2091,2024-08-19,126.00,PAID
CLM11451,2288,2149,2024-08-19,326.00,PAID
CLM11452,2913,2021,2024-08-19,200.00,PAID
CLM11453,1975,2057,2024-08-19,119.00,PAID
CLM11454,2067,2069,2024-08-19,960.00,PAID
CLM11455,3307,2078,2024-08-19,71.00,PAID
CLM11456,1251,2025,2024-08-19,27.00,DENIED
CLM11457,2128,2012,2024-08-19,72.00,PAID
CLM11458,2251,2045,2024-08-19,246.00,PAID
CLM11459,1436,2088,2024-08-19,291.00,PAID
CLM11460,2328,2064,2024-08-19,153.00,PAID
CLM11461,3203,2006,2024-08-19,177.00,PAID
CLM11462,1087,2045,2024-08-19,243.00,DENIED
CLM11463,1893,2073,2024-08-19,207.00,PAID
CLM11464,1711,2005,2024-08-20,52.00,PAID
CLM11465,1905,2027,2024-08-20,187.00,PAID
CLM11466,2290,2085,2024-08-20,144.00,PAID
CLM11467,1603,2089,2024-08-20,650.00,PAID
CLM11468,2008,2060,2024-08-20,341.00,PAID
CLM11469,1297,2115,2024-08-20,475.00,DENIED
CLM11470,3340,2068,2024-08-20,149.00,PAID
CLM11471,1938,2008,2024-08-20,344.00,DENIED
CLM11472,2009,2072,2024-08-20,75.00,PAID
CLM11473,1727,2092,2024-08-20,224.00,PAID
CLM11474,1138,2142,2024-08-20,164.00,DENIED
CLM11475,1010,2022,2024-08-20,70.00,PAID
CLM11476,1680,2091,2024-08-20,57.00,PAID
CLM11477,1633,2112,2024-08-20,62.00,PAID
CLM11478,1086,2104,2024-08-20,133.00,PAID
CLM11479,3220,2054,2024-08-20,323.00,PAID
CLM11480,1783,2122,2024-08-20,314.00,DENIED
CLM11481,1577,2039,2024-08-20,170.00,PAID
CLM11482,2641,2053,2024-08-20,33.00,PAID
CLM11483,1884,2150,2024-08-20,152.00,PAID
CLM11484,2922,2042,2024-08-20,180.00,PAID
CLM11485,3212,2022,2024-08-20,25.00,PAID
CLM11486,1358,2044,2024-08-20,1076.00,DENIED
CLM11487,2026,2105,2024-08-20,4873.00,PAID
CLM11488,2209,2132,2024-08-20,41.00,PAID
CLM11489,1721,2043,2024-08-20,33.00,PAID
CLM11490,2423,2013,2024-08-20,126.00,PAID
CLM11491,1640,2095,2024-08-20,45.00,PAID
CLM11492,2769,2065,2024-08-20,272.00,PAID
CLM11493,3298,2100,2024-08-20,5717.00,PAID
CLM11494,2745,2058,2024-08-20,320.00,PAID
CLM11495,3293,2026,2024-08-20,128.00,DENIED
CLM11496,1976,2005,2024-08-21,48.00,PAID
CLM11497,2946,2068,2024-08-21,1815.00,PAID
CLM11498,1908,2049,2024-08-21,158.00,PAID
CLM11499,2669,2015,2024-08-21,124.00,DENIED
CLM11500,1751,2020,2024-08-21,999.00,PAID
CLM11501,2560,2098,2024-08-21,321.00,PAID
CLM11502,2767,2059,2024-08-21,571.00,PAID
CLM11503,3431,2005,2024-08-21,323.00,PAID
CLM11504,2049,2018,2024-08-21,40.00,PAID
CLM11505,2168,2096,2024-08-21,30.00,PAID
CLM11506,1383,2083,2024-08-21,71.00,PAID
CLM11507,2717,2014,2024-08-21,128.00,PAID
CLM11508,1888,2078,2024-08-21,34.00,PAID
CLM11509,2796,2059,2024-08-21,151.00,PAID
CLM11510,2927,2010,2024-08-21,41.00,PAID
CLM11511,2712,2044,2024-08-21,1171.00,DENIED
CLM11512,1160,2116,2024-08-21,101.00,PAID
CLM11513,2604,2045,2024-08-21,347.00,PAID
CLM11514,3406,2137,2024-08-21,104.00,PAID
CLM11515,1916,2046,2024-08-21,150.00,PAID
CLM11516,3242,2108,2024-08-21,660.00,PAID
CLM11517,2543,2137,2024-08-21,143.00,PAID
CLM11518,1328,2034,2024-08-21,202.00,PAID
CLM11519,3004,2092,2024-08-21,131.00,PAID
CLM11520,1214,2137,2024-08-21,149.00,DENIED
CLM11521,1967,2053,2024-08-21,350.00,PAID
CLM11522,2616,2110,2024-08-21,44.00,PAID
CLM11523,1083,2024,2024-08-21,143.00,DENIED
CLM11524,2951,2114,2024-08-21,160.00,PAID
CLM11525,1019,2052,2024-08-21,28.00,PAID
CLM11526,1538,2129,2024-08-21,309.00,PAID
CLM11527,2949,2030,2024-08-21,350.00,PAID
CLM11528,1156,2048,2024-08-22,3444.00,DENIED
CLM11529,2294,2112,2024-08-22,63.00,PAID
CLM11530,1812,2104,2024-08-22,356.00,PAID
CLM11531,2452,2015,2024-08-22,281.00,PAID
CLM11532,3359,2131,2024-08-22,49.00,PAID
CLM11533,1337,2113,2024-08-22,121.00,PAID
CLM11534,1372,2137,2024-08-22,122.00,PENDING
CLM11535,2870,2081,2024-08-22,136.00,DENIED
CLM11536,1057,2014,2024-08-22,33.00,PAID
CLM11537,1183,2020,2024-08-22,53.00,PAID
CLM11538,3042,2098,2024-08-22,39.00,PAID
CLM11539,1269,2119,2024-08-22,122.00,PAID
CLM11540,3315,2095,2024-08-22,238.00,DENIED
CLM11541,1219,2130,2024-08-22,420.00,PAID
CLM11542,2204,2025,2024-08-22,34.00,PAID
CLM11543,1506,2090,2024-08-22,3931.00,PAID
CLM11544,2120,2052,2024-08-22,180.00,PAID
CLM11545,3381,2086,2024-08-22,170.00,PAID
CLM11546,2813,2066,2024-08-22,138.00,PAID
CLM11547,1467,2082,2024-08-22,31.00,PAID
CLM11548,3275,2022,2024-08-22,37.00,PAID
CLM11549,2603,2082,2024-08-22,137.00,PAID
CLM11550,2611,2065,2024-08-22,153.00,PAID
CLM11551,3007,2073,2024-08-22,278.00,DENIED
CLM11552,2187,2053,2024-08-22,38.00,PAID
CLM11553,2015,2059,2024-08-22,284.00,PAID
CLM11554,1314,2072,2024-08-22,261.00,PAID
CLM11555,2871,2097,2024-08-23,140.00,DENIED
CLM11556,1527,2091,2024-08-23,65.00,PENDING
CLM11557,1034,2005,2024-08-23,638.00,PAID
CLM11558,3291,2126,2024-08-23,444.00,DENIED
CLM11559,1006,2066,2024-08-23,203.00,PAID
CLM11560,2562,2114,2024-08-23,448.00,PAID
CLM11561,1572,2123,2024-08-23,222.00,PAID
CLM11562,2796,2093,2024-08-23,165.00,PAID
CLM11563,3398,2009,2024-08-23,39.00,PAID
CLM11564,3212,2085,2024-08-23,116.00,PAID
CLM11565,1110,2076,2024-08-23,46.00,PAID
CLM11566,3175,2143,2024-08-23,345.00,DENIED
CLM11567,2500,2046,2024-08-23,189.00,PAID
CLM11568,1666,2039,2024-08-23,232.00,PAID
CLM11569,3252,2072,2024-08-23,147.00,PAID
CLM11570,1025,2037,2024-08-23,207.00,PAID
CLM11571,2433,2056,2024-08-23,201.00,PAID
CLM11572,1868,2058,2024-08-23,286.00,PENDING
CLM11573,1339,2048,2024-08-23,71.00,PAID
CLM11574,2353,2114,2024-08-23,206.00,PAID
CLM11575,1242,2013,2024-08-23,108.00,PAID
CLM11576,1708,2115,2024-08-23,630.00,PAID
CLM11577,1725,2010,2024-08-23,39.00,PAID
CLM11578,2391,2092,2024-08-23,263.00,PAID
CLM11579,2664,2105,2024-08-23,154.00,PAID
CLM11580,2627,2092,2024-08-24,169.00,PAID
CLM11581,1723,2068,2024-08-24,503.00,PAID
CLM11582,3381,2110,2024-08-24,154.00,PAID
CLM11583,2128,2132,2024-08-24,47.00,PENDING
CLM11584,2108,2004,2024-08-24,1098.00,PAID
CLM11585,3339,2103,2024-08-24,209.00,PAID
CLM11586,2263,2141,2024-08-24,33.00,PAID
CLM11587,1003,2060,2024-08-24,1005.00,PAID
CLM11588,3234,2042,2024-08-24,40.00,PAID
CLM11589,2448,2078,2024-08-24,143.00,PAID
CLM11590,2019,2019,2024-08-24,46.00,PAID
CLM11591,3226,2030,2024-08-24,31.00,PAID
CLM11592,2891,2096,2024-08-25,92.00,PAID
CLM11593,1984,2142,2024-08-25,122.00,DENIED
CLM11594,1945,2039,2024-08-25,43.00,PAID
CLM11595,1681,2022,2024-08-25,76.00,PAID
CLM11596,1887,2028,2024-08-25,76.00,PAID
CLM11597,2208,2029,2024-08-25,152.00,PAID
CLM11598,1830,2068,2024-08-25,949.00,PAID
CLM11599,1024,2034,2024-08-25,132.00,PAID
CLM11600,1885,2005,2024-08-25,247.00,PAID
CLM11601,1568,2083,2024-08-26,172.00,PAID
CLM11602,1747,2107,2024-08-26,430.00,PAID
CLM11603,1349,2002,2024-08-26,35.00,PAID
CLM11604,3009,2100,2024-08-26,1441.00,DENIED
CLM11605,3451,2107,2024-08-26,198.00,PAID
CLM11606,1180,2127,2024-08-26,40.00,PAID
CLM11607,2565,2095,2024-08-26,111.00,PAID
CLM11608,3484,2037,2024-08-26,148.00,PAID
CLM11609,2352,2090,2024-08-26,3887.00,PAID
CLM11610,1574,2031,2024-08-26,527.00,PAID
CLM11611,1631,2091,2024-08-26,37.00,PAID
CLM11612,2550,2121,2024-08-26,5296.00,PAID
CLM11613,3478,2068,2024-08-26,1147.00,PAID
CLM11614,2531,2046,2024-08-26,34.00,PAID
CLM11615,2145,2148,2024-08-26,141.00,PAID
CLM11616,2422,2024,2024-08-26,1416.00,DENIED
CLM11617,2817,2021,2024-08-26,115.00,PAID
CLM11618,2337,2045,2024-08-26,140.00,PAID
CLM11619,3312,2090,2024-08-26,117.00,PAID
CLM11620,2079,2021,2024-08-26,46.00,PAID
CLM11621,1769,2037,2024-08-26,87.00,PAID
CLM11622,1880,2044,2024-08-26,5003.00,PAID
CLM11623,3280,2096,2024-08-26,29.00,PAID
CLM11624,2227,2066,2024-08-26,153.00,PAID
CLM11625,1095,2145,2024-08-26,120.00,PAID
CLM11626,2854,2120,2024-08-26,49.00,PAID
CLM11627,3084,2118,2024-08-26,348.00,PAID
CLM11628,3230,2031,2024-08-26,4066.00,PAID
CLM11629,3135,2144,2024-08-26,344.00,PAID
CLM11630,1035,2066,2024-08-26,46.00,PAID
CLM11631,1160,2011,2024-08-27,187.00,PAID
CLM11632,2326,2052,2024-08-27,86.00,PAID
CLM11633,1802,2034,2024-08-27,116.00,PAID
CLM11634,2472,2130,2024-08-27,29.00,PAID
CLM11635,1444,2018,2024-08-27,209.00,PAID
CLM11636,3069,2100,2024-08-27,291.00,PAID
CLM11637,2276,2131,2024-08-27,49.00,DENIED
CLM11638,1286,2105,2024-08-27,119.00,PAID
CLM11639,1528,2055,2024-08-27,148.00,PAID
CLM11640,3030,2133,2024-08-27,60.00,PAID
CLM11641,1901,2069,2024-08-27,890.00,PAID
CLM11642,2854,2121,2024-08-27,1459.00,PAID
CLM11643,1990,2114,2024-08-27,256.00,PAID
CLM11644,2828,2069,2024-08-27,1049.00,DENIED
CLM11645,1237,2142,2024-08-27,214.00,PAID
CLM11646,2409,2054,2024-08-27,117.00,PAID
CLM11647,2361,2069,2024-08-27,134.00,PAID
CLM11648,2312,2105,2024-08-27,152.00,PAID
CLM11649,1166,2065,2024-08-27,126.00,PAID
CLM11650,1464,2104,2024-08-27,137.00,PAID
CLM11651,2169,2131,2024-08-27,4360.00,PAID
CLM11652,1287,2140,2024-08-27,227.00,PAID
CLM11653,2011,2047,2024-08-27,83.00,PAID
CLM11654,1835,2014,2024-08-27,89.00,DENIED
CLM11655,2965,2088,2024-08-27,276.00,DENIED
CLM11656,1170,2067,2024-08-27,4221.00,PAID
CLM11657,3039,2074,2024-08-27,140.00,PAID
CLM11658,3402,2148,2024-08-27,174.00,DENIED
CLM11659,3348,2071,2024-08-27,113.00,PAID
CLM11660,3306,2005,2024-08-27,42.00,PAID
CLM11661,3199,2120,2024-08-27,396.00,PAID
CLM11662,2828,2065,2024-08-27,150.00,PAID
CLM11663,1052,2028,2024-08-27,172.00,PAID
CLM11664,3134,2138,2024-08-27,650.00,PAID
CLM11665,1819,2143,2024-08-27,568.00,DENIED
CLM11666,3270,2095,2024-08-28,47.00,PAID
CLM11667,3119,2126,2024-08-28,133.00,PAID
CLM11668,1196,2130,2024-08-28,198.00,PAID
CLM11669,3051,2018,2024-08-28,31.00,PENDING
CLM11670,2539,2024,2024-08-28,144.00,PAID
CLM11671,1783,2137,2024-08-28,110.00,PAID
CLM11672,2587,2041,2024-08-28,134.00,DENIED
CLM11673,1794,2087,2024-08-28,147.00,PAID
CLM11674,2364,2026,2024-08-28,34.00,PAID
CLM11675,1441,2068,2024-08-28,141.00,PAID
CLM11676,3244,2131,2024-08-28,424.00,PAID
CLM11677,2940,2023,2024-08-28,120.00,PAID
CLM11678,2155,2112,2024-08-28,33.00,PAID
CLM11679,2276,2091,2024-08-28,148.00,PAID
CLM11680,1058,2063,2024-08-28,297.00,PAID
CLM11681,2664,2144,2024-08-28,134.00,PAID
CLM11682,1793,2003,2024-08-28,37.00,DENIED
CLM11683,2450,2024,2024-08-28,165.00,DENIED
CLM11684,2623,2036,2024-08-28,337.00,PAID
CLM11685,1160,2044,2024-08-28,1237.00,DENIED
CLM11686,2860,2100,2024-08-28,412.00,PAID
CLM11687,3079,2137,2024-08-28,1380.00,PAID
CLM11688,2280,2143,2024-08-28,245.00,DENIED
CLM11689,1461,2120,2024-08-28,46.00,PAID
CLM11690,3007,2073,2024-08-29,43.00,PAID
CLM11691,1285,2150,2024-08-29,317.00,PAID
CLM11692,2982,2059,2024-08-29,450.00,DENIED
CLM11693,2331,2080,2024-08-29,68.00,PAID
CLM11694,2017,2133,2024-08-29,42.00,PAID
CLM11695,2966,2104,2024-08-29,126.00,PAID
CLM11696,2699,2071,2024-08-29,283.00,DENIED
CLM11697,2149,2029,2024-08-29,147.00,PAID
CLM11698,1321,2043,2024-08-29,46.00,PAID
CLM11699,1754,2039,2024-08-29,132.00,PAID
CLM11700,2333,2149,2024-08-29,27.00,PAID
CLM11701,1776,2102,2024-08-29,191.00,PAID
CLM11702,1658,2032,2024-08-29,43.00,PAID
CLM11703,3172,2091,2024-08-29,54.00,PAID
CLM11704,2700,2088,2024-08-29,1049.00,PENDING
CLM11705,1944,2122,2024-08-29,170.00,PAID
CLM11706,2728,2078,2024-08-29,97.00,PAID
CLM11707,2206,2077,2024-08-29,54.00,PAID
CLM11708,2206,2124,2024-08-29,295.00,PAID
CLM11709,1030,2149,2024-08-29,197.00,PAID
CLM11710,2045,2057,2024-08-29,152.00,DENIED
CLM11711,3174,2018,2024-08-29,138.00,PAID
CLM11712,1107,2014,2024-08-29,124.00,PAID
CLM11713,2800,2078,2024-08-29,60.00,PAID
CLM11714,1200,2027,2024-08-30,190.00,DENIED
CLM11715,1503,2149,2024-08-30,40.00,PAID
CLM11716,1419,2020,2024-08-30,1367.00,PENDING
CLM11717,3000,2117,2024-08-30,43.00,PAID
CLM11718,1924,2079,2024-08-30,76.00,PAID
CLM11719,2288,2076,2024-08-30,310.00,PAID
CLM11720,2270,2051,2024-08-30,257.00,PAID
CLM11721,2466,2122,2024-08-30,299.00,PAID
CLM11722,2496,2036,2024-08-30,300.00,PAID
CLM11723,3343,2142,2024-08-30,44.00,PAID
CLM11724,1017,2083,2024-08-30,54.00,PAID
CLM11725,3404,2104,2024-08-30,252.00,PAID
CLM11726,2064,2063,2024-08-30,46.00,PAID
CLM11727,1811,2122,2024-08-30,133.00,PAID
CLM11728,2673,2137,2024-08-30,711.00,PAID
CLM11729,2294,2074,2024-08-30,154.00,PAID
CLM11730,1865,2116,2024-08-30,430.00,PAID
CLM11731,3434,2137,2024-08-30,253.00,PAID
CLM11732,2046,2059,2024-08-30,119.00,PAID
CLM11733,1652,2054,2024-08-30,285.00,PAID
CLM11734,2017,2109,2024-08-30,165.00,PAID
CLM11735,2616,2002,2024-08-30,31.00,PAID
CLM11736,1526,2025,2024-08-30,153.00,DENIED
CLM11737,3068,2059,2024-08-30,210.00,DENIED
CLM11738,1129,2137,2024-08-30,106.00,PAID
CLM11739,1641,2142,2024-08-30,31.00,PAID
CLM11740,2390,2071,2024-08-30,211.00,DENIED
CLM11741,1266,2104,2024-08-30,111.00,PAID
CLM11742,3378,2031,2024-08-30,75.00,PAID
CLM11743,1622,2106,2024-08-31,324.00,PAID
CLM11744,1707,2089,2024-08-31,131.00,DENIED
CLM11745,2265,2124,2024-08-31,176.00,PAID
CLM11746,2737,2022,2024-08-31,33.00,PAID
CLM11747,1952,2123,2024-08-31,124.00,PAID
CLM11748,3174,2091,2024-08-31,195.00,DENIED
CLM11749,1934,2012,2024-08-31,156.00,PAID
CLM11750,2804,2015,2024-09-01,540.00,DENIED
CLM11751,2342,2006,2024-09-01,326.00,PAID
CLM11752,2802,2126,2024-09-01,162.00,DENIED
CLM11753,2315,2050,2024-09-01,389.00,PAID
CLM11754,2037,2137,2024-09-01,423.00,PAID
CLM11755,2347,2045,2024-09-01,121.00,PAID
CLM11756,1253,2117,2024-09-01,37.00,PAID
CLM11757,1809,2115,2024-09-01,522.00,PAID
CLM11758,2713,2087,2024-09-01,175.00,PAID
CLM11759,3263,2052,2024-09-02,118.00,PAID
CLM11760,1880,2137,2024-09-02,284.00,PAID
CLM11761,1383,2034,2024-09-02,50.00,PAID
CLM11762,1887,2140,2024-09-02,391.00,DENIED
CLM11763,1190,2150,2024-09-02,286.00,PAID
CLM11764,1400,2103,2024-09-02,64.00,PAID
CLM11765,1192,2064,2024-09-02,248.00,PAID
CLM11766,3222,2013,2024-09-02,115.00,PAID
CLM11767,1134,2027,2024-09-02,285.00,DENIED
CLM11768,2393,2012,2024-09-02,139.00,PAID
CLM11769,2376,2024,2024-09-02,1086.00,PAID
CLM11770,1874,2040,2024-09-02,33.00,DENIED
CLM11771,1483,2095,2024-09-02,121.00,PAID
CLM11772,2623,2084,2024-09-02,146.00,DENIED
CLM11773,1289,2060,2024-09-02,197.00,PAID
CLM11774,1798,2140,2024-09-02,1488.00,DENIED
CLM11775,2273,2077,2024-09-02,27.00,PAID
CLM11776,3107,2045,2024-09-02,136.00,PAID
CLM11777,2651,2027,2024-09-02,229.00,DENIED
CLM11778,2899,2065,2024-09-02,190.00,PAID
CLM11779,1640,2025,2024-09-02,306.00,PAID
CLM11780,3190,2085,2024-09-02,570.00,PAID
CLM11781,2316,2129,2024-09-02,158.00,PAID
CLM11782,3311,2149,2024-09-02,306.00,PAID
CLM11783,3095,2065,2024-09-02,160.00,PAID
CLM11784,2680,2074,2024-09-03,148.00,PAID
CLM11785,1851,2149,2024-09-03,324.00,PAID
CLM11786,2031,2004,2024-09-03,1015.00,PAID
CLM11787,3175,2112,2024-09-03,323.00,PAID
CLM11788,2958,2042,2024-09-03,333.00,PAID
CLM11789,2044,2043,2024-09-03,145.00,PAID
CLM11790,3485,2028,2024-09-03,232.00,PAID
CLM11791,1934,2087,2024-09-03,175.00,PAID
CLM11792,1281,2050,2024-09-03,129.00,PAID
CLM11793,1910,2142,2024-09-03,382.00,DENIED
CLM11794,3266,2046,2024-09-03,142.00,PAID
CLM11795,3427,2073,2024-09-03,32.00,PAID
CLM11796,2508,2006,2024-09-03,343.00,PAID
CLM11797,1935,2004,2024-09-03,939.00,PAID
CLM11798,3111,2037,2024-09-03,101.00,DENIED
CLM11799,1546,2047,2024-09-03,317.00,DENIED
CLM11800,3062,2014,2024-09-03,240.00,PAID
CLM11801,1643,2098,2024-09-03,40.00,PAID
CLM11802,2999,2089,2024-09-03,200.00,PAID
CLM11803,1898,2051,2024-09-03,137.00,PAID
CLM11804,2026,2133,2024-09-03,349.00,PAID
CLM11805,1482,2008,2024-09-03,171.00,PAID
CLM11806,2163,2085,2024-09-04,123.00,PAID
CLM11807,1918,2143,2024-09-04,336.00,PAID
CLM11808,3083,2021,2024-09-04,261.00,PAID
CLM11809,1053,2130,2024-09-04,277.00,DENIED
CLM11810,1657,2007,2024-09-04,162.00,PAID
CLM11811,1606,2038,2024-09-04,232.00,PAID
CLM11812,2900,2121,2024-09-04,1004.00,DENIED
CLM11813,2266,2105,2024-09-04,1163.00,DENIED
CLM11814,2147,2042,2024-09-04,173.00,PAID
CLM11815,2720,2024,2024-09-04,1530.00,PAID
CLM11816,1633,2092,2024-09-04,84.00,DENIED
CLM11817,3005,2085,2024-09-04,2164.00,PAID
CLM11818,2493,2025,2024-09-04,31.00,PAID
CLM11819,1527,2088,2024-09-04,1098.00,PAID
CLM11820,2116,2046,2024-09-04,299.00,PAID
CLM11821,2537,2103,2024-09-04,78.00,PAID
CLM11822,1391,2028,2024-09-04,60.00,PAID
CLM11823,3422,2083,2024-09-04,63.00,PAID
CLM11824,2794,2133,2024-09-04,116.00,PAID
CLM11825,3303,2091,2024-09-04,27.00,PAID
CLM11826,2788,2016,2024-09-04,335.00,PAID
CLM11827,2127,2011,2024-09-04,63.00,PAID
CLM11828,2937,2114,2024-09-04,70.00,PAID
CLM11829,1464,2011,2024-09-04,234.00,PAID
CLM11830,2290,2023,2024-09-04,32.00,PAID
CLM11831,2726,2006,2024-09-04,280.00,PAID
CLM11832,1689,2044,2024-09-05,126.00,DENIED
CLM11833,1079,2064,2024-09-05,139.00,PAID
CLM11834,1065,2024,2024-09-05,288.00,PAID
CLM11835,1578,2072,2024-09-05,381.00,PAID
CLM11836,2504,2059,2024-09-05,287.00,DENIED
CLM11837,2150,2082,2024-09-05,79.00,PAID
CLM11838,2803,2045,2024-09-05,132.00,DENIED
CLM11839,2827,2093,2024-09-05,109.00,PAID
CLM11840,3334,2135,2024-09-05,475.00,PAID
CLM11841,2958,2105,2024-09-05,1037.00,PAID
CLM11842,1555,2045,2024-09-05,371.00,PAID
CLM11843,2339,2111,2024-09-05,84.00,PAID
CLM11844,3313,2118,2024-09-05,86.00,PAID
CLM11845,2976,2068,2024-09-05,1460.00,PAID
CLM11846,1772,2005,2024-09-05,276.00,PAID
CLM11847,1327,2001,2024-09-05,286.00,PAID
CLM11848,1469,2046,2024-09-05,35.00,PAID
CLM11849,2737,2022,2024-09-05,39.00,PAID
CLM11850,2954,2043,2024-09-05,196.00,PAID
CLM11851,1570,2148,2024-09-05,36.00,PAID
CLM11852,1896,2025,2024-09-05,77.00,PAID
CLM11853,1200,2020,2024-09-05,2353.00,PAID
CLM11854,1053,2029,2024-09-05,1176.00,PAID
CLM11855,2903,2005,2024-09-05,406.00,PAID
CLM11856,2727,2066,2024-09-05,81.00,PAID
CLM11857,3188,2046,2024-09-05,346.00,PAID
CLM11858,1398,2068,2024-09-05,2542.00,PAID
CLM11859,1376,2114,2024-09-05,164.00,PAID
CLM11860,2909,2047,2024-09-05,92.00,PAID
CLM11861,1412,2057,2024-09-05,120.00,PAID
CLM11862,1941,2032,2024-09-05,147.00,PAID
CLM11863,2478,2030,2024-09-05,45.00,PAID
CLM11864,3436,2133,2024-09-06,103.00,DENIED
CLM11865,2290,2004,2024-09-06,260.00,DENIED
CLM11866,3087,2071,2024-09-06,1582.00,PAID
CLM11867,1350,2137,2024-09-06,1280.00,PAID
CLM11868,2744,2113,2024-09-06,336.00,PAID
CLM11869,1460,2149,2024-09-06,59.00,PAID
CLM11870,2095,2084,2024-09-06,463.00,PAID
CLM11871,2046,2041,2024-09-06,167.00,DENIED
CLM11872,1607,2149,2024-09-06,321.00,PAID
CLM11873,2225,2015,2024-09-06,134.00,PAID
CLM11874,3458,2095,2024-09-06,1504.00,PAID
CLM11875,3310,2115,2024-09-06,617.00,PAID
CLM11876,1941,2079,2024-09-06,258.00,PAID
CLM11877,2431,2143,2024-09-06,184.00,PAID
CLM11878,2211,2113,2024-09-06,183.00,DENIED
CLM11879,1241,2112,2024-09-06,34.00,PAID
CLM11880,3148,2013,2024-09-06,1730.00,PAID
CLM11881,2132,2070,2024-09-06,120.00,PAID
CLM11882,1154,2004,2024-09-06,996.00,DENIED
CLM11883,2829,2071,2024-09-06,122.00,PAID
CLM11884,3094,2095,2024-09-06,144.00,PAID
CLM11885,1753,2092,2024-09-06,57.00,PAID
CLM11886,1630,2143,2024-09-06,172.00,PAID
CLM11887,3241,2026,2024-09-06,46.00,PAID
CLM11888,3272,2019,2024-09-06,43.00,PAID
CLM11889,2495,2088,2024-09-06,148.00,PAID
CLM11890,3163,2073,2024-09-06,72.00,PAID
CLM11891,2645,2083,2024-09-06,137.00,PAID
CLM11892,2819,2018,2024-09-06,142.00,PAID
CLM11893,2043,2012,2024-09-06,27.00,PAID
CLM11894,3111,2147,2024-09-06,344.00,PAID
CLM11895,3159,2131,2024-09-07,50.00,PAID
CLM11896,1459,2068,2024-09-07,276.00,PAID
CLM11897,1303,2046,2024-09-07,212.00,PAID
CLM11898,2515,2134,2024-09-07,35.00,PAID
CLM11899,1645,2126,2024-09-07,136.00,PAID
CLM11900,1189,2120,2024-09-07,29.00,PAID
CLM11901,1575,2100,2024-09-08,6150.00,PAID
CLM11902,1023,2025,2024-09-08,244.00,DENIED
CLM11903,3068,2041,2024-09-08,128.00,PAID
CLM11904,2860,2097,2024-09-08,94.00,PAID
CLM11905,3454,2042,2024-09-08,163.00,PAID
CLM11906,2657,2072,2024-09-08,73.00,PAID
CLM11907,3368,2088,2024-09-08,960.00,DENIED
CLM11908,1378,2009,2024-09-08,34.00,PAID
CLM11909,1753,2024,2024-09-09,153.00,PAID
CLM11910,3131,2071,2024-09-09,47.00,PAID
CLM11911,1990,2068,2024-09-09,641.00,PAID
CLM11912,1721,2115,2024-09-09,392.00,DENIED
CLM11913,3159,2069,2024-09-09,275.00,PAID
CLM11914,2251,2111,2024-09-09,130.00,PAID
CLM11915,2274,2103,2024-09-09,88.00,PAID
CLM11916,1692,2029,2024-09-09,170.00,PAID
CLM11917,1718,2116,2024-09-09,124.00,PAID
CLM11918,2866,2054,2024-09-09,141.00,PAID
CLM11919,1746,2065,2024-09-09,121.00,PAID
CLM11920,1412,2122,2024-09-09,184.00,DENIED
CLM11921,2396,2008,2024-09-09,29.00,PAID
CLM11922,1225,2049,2024-09-09,180.00,DENIED
CLM11923,1526,2093,2024-09-09,131.00,DENIED
CLM11924,1268,2012,2024-09-09,121.00,PAID
CLM11925,1031,2055,2024-09-09,117.00,PAID
CLM11926,3333,2093,2024-09-09,129.00,DENIED
CLM11927,2852,2064,2024-09-10,349.00,PAID
CLM11928,2785,2033,2024-09-10,356.00,PAID
CLM11929,2805,2052,2024-09-10,146.00,PAID
CLM11930,3080,2014,2024-09-10,102.00,PAID
CLM11931,1156,2024,2024-09-10,941.00,PAID
CLM11932,3344,2037,2024-09-10,101.00,PAID
CLM11933,1914,2127,2024-09-10,34.00,PAID
CLM11934,1757,2102,2024-09-10,433.00,PAID
CLM11935,2626,2086,2024-09-10,41.00,PENDING
CLM11936,1108,2044,2024-09-10,1554.00,PAID
CLM11937,3453,2079,2024-09-10,120.00,PAID
CLM11938,2843,2086,2024-09-10,306.00,DENIED
CLM11939,2790,2121,2024-09-10,140.00,DENIED
CLM11940,2693,2102,2024-09-10,140.00,PAID
CLM11941,3087,2070,2024-09-10,53.00,PAID
CLM11942,1189,2113,2024-09-10,253.00,PAID
CLM11943,2742,2012,2024-09-10,295.00,PAID
CLM11944,2810,2053,2024-09-10,209.00,PAID
CLM11945,1507,2148,2024-09-10,47.00,PAID
CLM11946,2240,2065,2024-09-10,106.00,PENDING
CLM11947,2544,2038,2024-09-10,55.00,PAID
CLM11948,2006,2020,2024-09-11,50.00,PAID
CLM11949,2530,2092,2024-09-11,141.00,PAID
CLM11950,2311,2023,2024-09-11,271.00,PAID
CLM11951,2055,2078,2024-09-11,28.00,PAID
CLM11952,2121,2062,2024-09-11,45.00,PAID
CLM11953,1988,2105,2024-09-11,131.00,DENIED
CLM11954,2653,2085,2024-09-11,135.00,PAID
CLM11955,2977,2024,2024-09-11,1390.00,PAID
CLM11956,1809,2104,2024-09-11,364.00,PAID
CLM11957,1100,2054,2024-09-11,32.00,PAID
CLM11958,1334,2104,2024-09-11,1641.00,DENIED
CLM11959,2088,2116,2024-09-11,164.00,PAID
CLM11960,2328,2111,2024-09-11,361.00,PAID
CLM11961,2396,2104,2024-09-11,131.00,PAID
CLM11962,2466,2024,2024-09-11,165.00,PAID
CLM11963,1652,2126,2024-09-11,212.00,PAID
CLM11964,2137,2044,2024-09-11,138.00,DENIED
CLM11965,1104,2059,2024-09-11,409.00,DENIED
CLM11966,1239,2003,2024-09-11,32.00,DENIED
CLM11967,2920,2131,2024-09-11,381.00,PAID
CLM11968,2421,2029,2024-09-11,1409.00,DENIED
CLM11969,2410,2100,2024-09-11,1716.00,PAID
CLM11970,2007,2105,2024-09-11,152.00,PAID
CLM11971,2564,2041,2024-09-11,125.00,PAID
CLM11972,2771,2133,2024-09-11,30.00,PAID
CLM11973,1414,2010,2024-09-11,174.00,DENIED
CLM11974,1519,2126,2024-09-11,171.00,PAID
CLM11975,2696,2009,2024-09-11,124.00,PAID
CLM11976,2253,2140,2024-09-11,344.00,PAID
CLM11977,3173,2088,2024-09-11,2149.00,DENIED
CLM11978,3285,2145,2024-09-11,51.00,PAID
CLM11979,2322,2133,2024-09-11,250.00,PAID
CLM11980,1362,2074,2024-09-11,591.00,DENIED
CLM11981,1772,2046,2024-09-11,129.00,DENIED
CLM11982,2867,2084,2024-09-11,101.00,PAID
CLM11983,2303,2131,2024-09-11,245.00,DENIED
CLM11984,1878,2026,2024-09-12,288.00,PAID
CLM11985,2132,2075,2024-09-12,242.00,PAID
CLM11986,2055,2057,2024-09-12,35.00,PAID
CLM11987,1929,2097,2024-09-12,179.00,PAID
CLM11988,3235,2007,2024-09-12,32.00,PAID
CLM11989,3284,2029,2024-09-12,310.00,PAID
CLM11990,1751,2019,2024-09-12,46.00,PAID
CLM11991,2615,2012,2024-09-12,59.00,PAID
CLM11992,1632,2045,2024-09-12,5605.00,PAID
CLM11993,2276,2135,2024-09-12,213.00,PAID
CLM11994,2331,2097,2024-09-12,292.00,PAID
CLM11995,1663,2053,2024-09-12,62.00,PAID
CLM11996,2326,2086,2024-09-12,321.00,PAID
CLM11997,1462,2083,2024-09-12,184.00,PAID
CLM11998,1033,2030,2024-09-12,183.00,DENIED
CLM11999,1091,2122,2024-09-12,270.00,PAID
CLM12000,3395,2110,2024-09-12,255.00,PAID
CLM12001,1277,2030,2024-09-12,109.00,PAID
CLM12002,2206,2136,2024-09-12,164.00,PAID
CLM12003,2797,2085,2024-09-12,1134.00,PAID
CLM12004,2231,2053,2024-09-12,60.00,PAID
CLM12005,1822,2015,2024-09-12,126.00,PAID
CLM12006,2982,2033,2024-09-12,110.00,PAID
CLM12007,2998,2002,2024-09-12,111.00,PAID
CLM12008,2789,2037,2024-09-12,218.00,PAID
CLM12009,1960,2011,2024-09-12,42.00,PAID
CLM12010,1214,2013,2024-09-12,229.00,PAID
CLM12011,3102,2064,2024-09-12,190.00,PAID
CLM12012,3232,2105,2024-09-12,4920.00,PAID
CLM12013,2862,2012,2024-09-12,57.00,PAID
CLM12014,2660,2101,2024-09-12,33.00,PAID
CLM12015,2116,2080,2024-09-13,454.00,PAID
CLM12016,2346,2142,2024-09-13,86.00,DENIED
CLM12017,2521,2137,2024-09-13,261.00,PAID
CLM12018,1250,2068,2024-09-13,161.00,PAID
CLM12019,2858,2043,2024-09-13,45.00,PAID
CLM12020,2601,2010,2024-09-13,36.00,DENIED
CLM12021,2186,2024,2024-09-13,1548.00,PAID
CLM12022,1922,2038,2024-09-13,74.00,PAID
CLM12023,3463,2124,2024-09-13,46.00,PAID
CLM12024,1673,2137,2024-09-13,605.00,PAID
CLM12025,3463,2037,2024-09-13,176.00,PAID
CLM12026,1837,2105,2024-09-13,910.00,PAID
CLM12027,2453,2121,2024-09-13,966.00,PAID
CLM12028,2498,2032,2024-09-13,120.00,PAID
CLM12029,1763,2069,2024-09-13,139.00,PAID
CLM12030,1649,2073,2024-09-13,29.00,PAID
CLM12031,1191,2045,2024-09-13,109.00,PAID
CLM12032,1952,2119,2024-09-13,44.00,PAID
CLM12033,3488,2016,2024-09-13,113.00,PAID
CLM12034,1464,2050,2024-09-13,352.00,PAID
CLM12035,2671,2096,2024-09-13,28.00,PAID
CLM12036,1224,2147,2024-09-13,181.00,PAID
CLM12037,2248,2150,2024-09-13,216.00,PAID
CLM12038,2809,2024,2024-09-13,1121.00,DENIED
CLM12039,3172,2029,2024-09-13,5011.00,PAID
CLM12040,1803,2040,2024-09-13,313.00,PAID
CLM12041,3311,2059,2024-09-14,276.00,PAID
CLM12042,1082,2089,2024-09-14,79.00,DENIED
CLM12043,1368,2111,2024-09-14,108.00,PAID
CLM12044,2537,2087,2024-09-14,943.00,DENIED
CLM12045,2986,2068,2024-09-14,1180.00,PAID
CLM12046,1729,2075,2024-09-14,385.00,PAID
CLM12047,1538,2087,2024-09-14,171.00,DENIED
CLM12048,3455,2142,2024-09-14,113.00,PAID
CLM12049,1502,2115,2024-09-14,415.00,DENIED
CLM12050,1179,2078,2024-09-14,30.00,PAID
CLM12051,1784,2137,2024-09-14,585.00,PAID
CLM12052,1982,2071,2024-09-14,57.00,PAID
CLM12053,1661,2064,2024-09-15,43.00,PAID
CLM12054,1455,2034,2024-09-15,28.00,PENDING
CLM12055,1762,2073,2024-09-15,348.00,PAID
CLM12056,2901,2104,2024-09-15,394.00,PAID
CLM12057,1316,2123,2024-09-16,37.00,PAID
CLM12058,2787,2034,2024-09-16,225.00,PAID
CLM12059,2719,2122,2024-09-16,365.00,PAID
CLM12060,1608,2091,2024-09-16,33.00,PAID
CLM12061,1012,2024,2024-09-16,162.00,PAID
CLM12062,2718,2018,2024-09-16,382.00,PAID
CLM12063,3430,2044,2024-09-16,289.00,PAID
CLM12064,1893,2078,2024-09-16,72.00,PAID
CLM12065,2230,2001,2024-09-16,89.00,PAID
CLM12066,3194,2131,2024-09-16,2862.00,PAID
CLM12067,2312,2027,2024-09-16,134.00,PAID
CLM12068,2826,2069,2024-09-16,146.00,DENIED
CLM12069,1982,2064,2024-09-16,196.00,PAID
CLM12070,1151,2146,2024-09-16,125.00,PAID
CLM12071,1022,2086,2024-09-16,74.00,PAID
CLM12072,1481,2061,2024-09-16,356.00,PAID
CLM12073,3494,2047,2024-09-16,187.00,PAID
CLM12074,2603,2104,2024-09-16,1797.00,PAID
CLM12075,1668,2078,2024-09-16,57.00,PAID
CLM12076,2501,2074,2024-09-16,145.00,PAID
CLM12077,2998,2047,2024-09-16,157.00,PAID
CLM12078,1396,2122,2024-09-16,233.00,PAID
CLM12079,3439,2040,2024-09-16,117.00,PAID
CLM12080,3089,2068,2024-09-16,722.00,PAID
CLM12081,1809,2130,2024-09-16,204.00,DENIED
CLM12082,3183,2128,2024-09-16,38.00,PAID
CLM12083,3089,2078,2024-09-16,95.00,PAID
CLM12084,1022,2143,2024-09-16,553.00,PAID
CLM12085,2774,2136,2024-09-16,316.00,PAID
CLM12086,2752,2027,2024-09-16,498.00,PAID
CLM12087,1617,2096,2024-09-17,223.00,PAID
CLM12088,2059,2109,2024-09-17,164.00,PAID
CLM12089,3488,2068,2024-09-17,288.00,PAID
CLM12090,1724,2004,2024-09-17,148.00,PAID
CLM12091,2034,2009,2024-09-17,100.00,PAID
CLM12092,1089,2027,2024-09-17,131.00,PAID
CLM12093,1564,2045,2024-09-17,109.00,PAID
CLM12094,3083,2024,2024-09-17,807.00,PAID
CLM12095,3230,2060,2024-09-17,568.00,DENIED
CLM12096,1643,2128,2024-09-17,41.00,PAID
CLM12097,3024,2121,2024-09-17,918.00,DENIED
CLM12098,3420,2026,2024-09-17,323.00,PAID
CLM12099,3453,2146,2024-09-17,252.00,PAID
CLM12100,2282,2076,2024-09-17,130.00,PAID
CLM12101,2624,2026,2024-09-17,68.00,PAID
CLM12102,2353,2026,2024-09-17,244.00,PAID
CLM12103,2146,2140,2024-09-17,353.00,PAID
CLM12104,2456,2097,2024-09-17,143.00,PAID
CLM12105,3273,2046,2024-09-17,57.00,PAID
CLM12106,2989,2024,2024-09-17,133.00,PAID
CLM12107,3084,2070,2024-09-18,56.00,PAID
CLM12108,1498,2130,2024-09-18,63.00,PAID
CLM12109,1327,2125,2024-09-18,185.00,PAID
CLM12110,1219,2068,2024-09-18,1425.00,PAID
CLM12111,1710,2099,2024-09-18,32.00,PAID
CLM12112,2470,2078,2024-09-18,56.00,PAID
CLM12113,3365,2015,2024-09-18,120.00,PAID
CLM12114,1113,2131,2024-09-18,48.00,PAID
CLM12115,2198,2069,2024-09-18,285.00,DENIED
CLM12116,2472,2044,2024-09-18,1185.00,PAID
CLM12117,3058,2122,2024-09-18,138.00,PAID
CLM12118,3474,2068,2024-09-18,113.00,PAID
CLM12119,3203,2052,2024-09-18,185.00,PAID
CLM12120,1980,2071,2024-09-18,303.00,PAID
CLM12121,2221,2016,2024-09-18,126.00,PAID
CLM12122,3438,2038,2024-09-18,32.00,PAID
CLM12123,1043,2091,2024-09-18,123.00,PAID
CLM12124,1794,2002,2024-09-18,363.00,DENIED
CLM12125,1686,2084,2024-09-18,144.00,PAID
CLM12126,3153,2033,2024-09-18,112.00,PAID
CLM12127,3044,2100,2024-09-18,259.00,PENDING
CLM12128,2848,2112,2024-09-18,41.00,PAID
CLM12129,1709,2124,2024-09-18,339.00,PAID
CLM12130,1604,2114,2024-09-18,70.00,PAID
CLM12131,1774,2131,2024-09-18,1007.00,PAID
CLM12132,1986,2088,2024-09-18,962.00,PAID
CLM12133,3250,2109,2024-09-18,44.00,PAID
CLM12134,1649,2036,2024-09-19,125.00,PAID
CLM12135,2158,2130,2024-09-19,46.00,PAID
CLM12136,1944,2019,2024-09-19,121.00,PAID
CLM12137,3174,2076,2024-09-19,173.00,PAID
CLM12138,2221,2104,2024-09-19,5458.00,PAID
CLM12139,1241,2077,2024-09-19,29.00,PAID
CLM12140,2242,2117,2024-09-19,176.00,PAID
CLM12141,2089,2061,2024-09-19,257.00,PAID
CLM12142,2695,2094,2024-09-19,153.00,PAID
CLM12143,1374,2093,2024-09-19,82.00,PAID
CLM12144,3465,2118,2024-09-19,44.00,PAID
CLM12145,2091,2060,2024-09-19,668.00,PAID
CLM12146,1897,2142,2024-09-19,361.00,DENIED
CLM12147,1966,2072,2024-09-19,200.00,PAID
CLM12148,1568,2068,2024-09-19,161.00,PAID
CLM12149,2537,2004,2024-09-19,969.00,DENIED
CLM12150,1704,2044,2024-09-19,5856.00,DENIED
CLM12151,3045,2150,2024-09-19,53.00,DENIED
CLM12152,1101,2039,2024-09-19,126.00,PAID
CLM12153,1487,2123,2024-09-19,37.00,PAID
CLM12154,2708,2043,2024-09-19,132.00,PAID
CLM12155,1767,2043,2024-09-19,45.00,PAID
CLM12156,1046,2071,2024-09-19,1485.00,PAID
CLM12157,1807,2038,2024-09-19,53.00,PAID
CLM12158,2809,2084,2024-09-19,83.00,PAID
CLM12159,1323,2053,2024-09-19,206.00,PAID
CLM12160,1087,2078,2024-09-19,29.00,PAID
CLM12161,3439,2147,2024-09-19,199.00,PAID
CLM12162,2399,2135,2024-09-19,195.00,DENIED
CLM12163,1849,2007,2024-09-20,102.00,PAID
CLM12164,1331,2003,2024-09-20,89.00,DENIED
CLM12165,1086,2060,2024-09-20,52.00,PAID
CLM12166,1078,2143,2024-09-20,332.00,PAID
CLM12167,2221,2112,2024-09-20,45.00,PAID
CLM12168,3478,2073,2024-09-20,65.00,PAID
CLM12169,3293,2052,2024-09-20,101.00,PAID
CLM12170,1152,2068,2024-09-20,280.00,PAID
CLM12171,2322,2021,2024-09-20,54.00,PAID
CLM12172,2426,2034,2024-09-20,57.00,PAID
CLM12173,3048,2112,2024-09-20,140.00,PAID
CLM12174,3120,2005,2024-09-20,4089.00,PAID
CLM12175,1299,2121,2024-09-20,1228.00,PAID
CLM12176,1632,2140,2024-09-20,406.00,PAID
CLM12177,1889,2095,2024-09-20,106.00,PAID
CLM12178,3124,2041,2024-09-20,315.00,PAID
CLM12179,2941,2130,2024-09-20,238.00,PAID
CLM12180,1156,2084,2024-09-20,315.00,PAID
CLM12181,1096,2139,2024-09-20,187.00,PAID
CLM12182,2938,2044,2024-09-20,260.00,PAID
CLM12183,2600,2115,2024-09-20,151.00,PAID
CLM12184,2429,2085,2024-09-20,739.00,PAID
CLM12185,2138,2132,2024-09-20,252.00,PAID
CLM12186,1900,2022,2024-09-20,222.00,PAID
CLM12187,1281,2131,2024-09-20,1198.00,PAID
CLM12188,1415,2015,2024-09-20,528.00,DENIED
CLM12189,2242,2059,2024-09-20,122.00,PAID
CLM12190,2953,2029,2024-09-20,283.00,PAID
CLM12191,2980,2121,2024-09-20,1536.00,PENDING
CLM12192,3359,2088,2024-09-20,280.00,DENIED
CLM12193,3466,2137,2024-09-21,137.00,PAID
CLM12194,2079,2112,2024-09-21,77.00,PAID
CLM12195,1745,2132,2024-09-21,51.00,PAID
CLM12196,2546,2093,2024-09-21,177.00,PAID
CLM12197,1109,2130,2024-09-21,214.00,PAID
CLM12198,3186,2046,2024-09-21,211.00,DENIED
CLM12199,3368,2025,2024-09-21,34.00,PAID
CLM12200,1504,2118,2024-09-22,33.00,PAID
CLM12201,3027,2075,2024-09-22,284.00,PAID
CLM12202,1728,2066,2024-09-22,30.00,PAID
CLM12203,1813,2087,2024-09-22,1253.00,DENIED
CLM12204,1448,2116,2024-09-22,362.00,PAID
CLM12205,2420,2089,2024-09-22,394.00,PAID
CLM12206,3472,2025,2024-09-22,68.00,DENIED
CLM12207,1406,2043,2024-09-22,266.00,PAID
CLM12208,2084,2134,2024-09-22,120.00,PAID
CLM12209,2569,2001,2024-09-22,97.00,PAID
CLM12210,3287,2100,2024-09-22,272.00,DENIED
CLM12211,1723,2027,2024-09-22,136.00,PAID
CLM12212,2350,2121,2024-09-22,1089.00,PAID
CLM12213,2408,2033,2024-09-23,42.00,PAID
CLM12214,3117,2057,2024-09-23,88.00,PAID
CLM12215,2744,2109,2024-09-23,321.00,PAID
CLM12216,2635,2055,2024-09-23,187.00,DENIED
CLM12217,3020,2107,2024-09-23,40.00,PAID
CLM12218,3118,2104,2024-09-23,125.00,PAID
CLM12219,2645,2025,2024-09-23,486.00,DENIED
CLM12220,2059,2096,2024-09-23,266.00,DENIED
CLM12221,2830,2060,2024-09-23,585.00,PAID
CLM12222,1482,2120,2024-09-23,187.00,PAID
CLM12223,2848,2065,2024-09-23,235.00,PAID
CLM12224,1251,2071,2024-09-23,105.00,PAID
CLM12225,2354,2084,2024-09-23,110.00,PAID
CLM12226,3446,2143,2024-09-23,131.00,DENIED
CLM12227,1012,2142,2024-09-23,53.00,DENIED
CLM12228,2175,2121,2024-09-23,164.00,DENIED
CLM12229,2393,2077,2024-09-23,71.00,PAID
CLM12230,1246,2133,2024-09-23,423.00,PAID
CLM12231,1601,2093,2024-09-23,61.00,PAID
CLM12232,2452,2030,2024-09-23,116.00,PAID
CLM12233,1662,2065,2024-09-23,221.00,PAID
CLM12234,3104,2142,2024-09-23,92.00,PAID
CLM12235,2221,2149,2024-09-23,131.00,DENIED
CLM12236,2970,2127,2024-09-23,124.00,PAID
CLM12237,3356,2004,2024-09-23,1217.00,DENIED
CLM12238,2371,2140,2024-09-23,360.00,PAID
CLM12239,3120,2040,2024-09-24,177.00,PAID
CLM12240,2732,2137,2024-09-24,446.00,PAID
CLM12241,2248,2005,2024-09-24,49.00,PAID
CLM12242,1979,2117,2024-09-24,37.00,DENIED
CLM12243,2109,2071,2024-09-24,58.00,DENIED
CLM12244,1588,2019,2024-09-24,30.00,PAID
CLM12245,1927,2048,2024-09-24,448.00,PAID
CLM12246,2137,2121,2024-09-24,1096.00,PAID
CLM12247,1130,2141,2024-09-24,43.00,PAID
CLM12248,2475,2001,2024-09-24,48.00,DENIED
CLM12249,2647,2100,2024-09-24,125.00,PAID
CLM12250,3223,2130,2024-09-24,165.00,PAID
CLM12251,2123,2019,2024-09-24,139.00,PAID
CLM12252,3097,2026,2024-09-24,190.00,PAID
CLM12253,2008,2059,2024-09-24,257.00,PAID
CLM12254,2015,2023,2024-09-24,31.00,PAID
CLM12255,1461,2037,2024-09-24,124.00,PAID
CLM12256,1494,2085,2024-09-24,263.00,PAID
CLM12257,1136,2056,2024-09-24,4522.00,PAID
CLM12258,2819,2005,2024-09-24,2726.00,DENIED
CLM12259,2159,2109,2024-09-24,214.00,PENDING
CLM12260,3084,2121,2024-09-24,153.00,PAID
CLM12261,2962,2045,2024-09-24,229.00,PAID
CLM12262,1013,2072,2024-09-24,34.00,PAID
CLM12263,1734,2137,2024-09-24,1376.00,PAID
CLM12264,1196,2143,2024-09-24,479.00,PAID
CLM12265,2218,2022,2024-09-24,103.00,PAID
CLM12266,2761,2013,2024-09-24,258.00,PAID
CLM12267,2530,2105,2024-09-24,278.00,PAID
CLM12268,3486,2002,2024-09-24,196.00,PAID
CLM12269,1649,2132,2024-09-25,335.00,PAID
CLM12270,1371,2121,2024-09-25,890.00,DENIED
CLM12271,3276,2088,2024-09-25,4612.00,DENIED
CLM12272,3376,2007,2024-09-25,87.00,PAID
CLM12273,2762,2058,2024-09-25,171.00,PAID
CLM12274,1813,2144,2024-09-25,234.00,PAID
CLM12275,2482,2089,2024-09-25,4121.00,PAID
CLM12276,1376,2088,2024-09-25,5253.00,PAID
CLM12277,1259,2142,2024-09-25,33.00,DENIED
CLM12278,2484,2038,2024-09-25,28.00,PAID
CLM12279,2423,2121,2024-09-25,5634.00,PAID
CLM12280,2771,2077,2024-09-25,71.00,PAID
CLM12281,2432,2149,2024-09-25,47.00,PAID
CLM12282,1045,2037,2024-09-25,45.00,PAID
CLM12283,1698,2088,2024-09-25,134.00,PAID
CLM12284,1055,2085,2024-09-25,1092.00,PAID
CLM12285,1911,2019,2024-09-25,334.00,PAID
CLM12286,2403,2078,2024-09-25,61.00,PAID
CLM12287,3336,2089,2024-09-25,79.00,PAID
CLM12288,3452,2029,2024-09-25,139.00,DENIED
CLM12289,2657,2022,2024-09-25,53.00,PAID
CLM12290,2244,2019,2024-09-25,29.00,DENIED
CLM12291,2279,2109,2024-09-25,199.00,PAID
CLM12292,1127,2126,2024-09-25,142.00,DENIED
CLM12293,1618,2026,2024-09-25,411.00,PAID
CLM12294,2611,2044,2024-09-25,276.00,DENIED
CLM12295,2738,2130,2024-09-25,341.00,PAID
CLM12296,2677,2069,2024-09-26,1255.00,PAID
CLM12297,2044,2015,2024-09-26,366.00,DENIED
CLM12298,2506,2143,2024-09-26,266.00,PAID
CLM12299,1308,2106,2024-09-26,34.00,PAID
CLM12300,1548,2140,2024-09-26,242.00,DENIED
CLM12301,3315,2082,2024-09-26,127.00,PAID
CLM12302,1280,2085,2024-09-26,916.00,PAID
CLM12303,3159,2086,2024-09-26,170.00,PAID
CLM12304,1006,2039,2024-09-26,226.00,PAID
CLM12305,1479,2129,2024-09-26,44.00,PAID
CLM12306,1529,2100,2024-09-26,246.00,PAID
CLM12307,2641,2057,2024-09-26,162.00,PAID
CLM12308,3047,2081,2024-09-26,138.00,PAID
CLM12309,2724,2102,2024-09-26,130.00,PAID
CLM12310,2191,2076,2024-09-26,69.00,PAID
CLM12311,2509,2095,2024-09-26,151.00,PAID
CLM12312,1245,2069,2024-09-26,1089.00,PAID
CLM12313,1269,2010,2024-09-26,104.00,DENIED
CLM12314,1759,2007,2024-09-26,209.00,PAID
CLM12315,3438,2133,2024-09-26,314.00,PAID
CLM12316,3111,2137,2024-09-26,528.00,PAID
CLM12317,2704,2077,2024-09-26,73.00,PAID
CLM12318,1121,2105,2024-09-26,128.00,PAID
CLM12319,2765,2142,2024-09-26,117.00,PAID
CLM12320,1842,2085,2024-09-26,165.00,PAID
CLM12321,2124,2023,2024-09-26,427.00,DENIED
CLM12322,2523,2112,2024-09-26,102.00,PAID
CLM12323,3355,2137,2024-09-26,145.00,DENIED
CLM12324,3489,2023,2024-09-26,31.00,PAID
CLM12325,1438,2030,2024-09-26,132.00,PENDING
CLM12326,1369,2004,2024-09-27,1666.00,DENIED
CLM12327,2423,2011,2024-09-27,393.00,PAID
CLM12328,3118,2013,2024-09-27,1462.00,DENIED
CLM12329,3378,2037,2024-09-27,144.00,PAID
CLM12330,3318,2101,2024-09-27,120.00,PAID
CLM12331,2950,2121,2024-09-27,286.00,DENIED
CLM12332,1728,2027,2024-09-27,171.00,PAID
CLM12333,2301,2136,2024-09-27,245.00,PAID
CLM12334,3397,2129,2024-09-27,121.00,PAID
CLM12335,1488,2058,2024-09-27,444.00,DENIED
CLM12336,2651,2059,2024-09-27,536.00,DENIED
CLM12337,3252,2054,2024-09-27,34.00,PAID
CLM12338,2600,2127,2024-09-27,32.00,PAID
CLM12339,2554,2060,2024-09-27,2288.00,DENIED
CLM12340,3486,2140,2024-09-27,134.00,PAID
CLM12341,2990,2061,2024-09-27,294.00,PAID
CLM12342,1736,2046,2024-09-27,147.00,PAID
CLM12343,2089,2092,2024-09-27,218.00,PAID
CLM12344,2977,2004,2024-09-27,1203.00,PAID
CLM12345,1653,2150,2024-09-27,33.00,PAID
CLM12346,3409,2054,2024-09-27,27.00,DENIED
CLM12347,3432,2024,2024-09-27,281.00,DENIED
CLM12348,2989,2130,2024-09-27,194.00,PAID
CLM12349,3432,2106,2024-09-27,183.00,PAID
CLM12350,2026,2021,2024-09-27,48.00,PAID
CLM12351,3249,2121,2024-09-27,120.00,PAID
CLM12352,3102,2121,2024-09-27,140.00,PAID
CLM12353,3087,2093,2024-09-27,78.00,PAID
CLM12354,1726,2074,2024-09-27,201.00,PAID
CLM12355,2019,2015,2024-09-27,6507.00,DENIED
CLM12356,2491,2144,2024-09-27,154.00,PAID
CLM12357,2393,2085,2024-09-27,1282.00,PAID
CLM12358,1734,2002,2024-09-27,94.00,PAID
CLM12359,1024,2065,2024-09-27,47.00,PAID
CLM12360,2729,2074,2024-09-27,271.00,DENIED
CLM12361,1668,2025,2024-09-27,28.00,PAID
CLM12362,1067,2150,2024-09-28,236.00,PAID
CLM12363,1258,2012,2024-09-28,56.00,DENIED
CLM12364,2000,2044,2024-09-28,1022.00,DENIED
CLM12365,2218,2082,2024-09-28,108.00,PAID
CLM12366,1918,2041,2024-09-28,511.00,PAID
CLM12367,2674,2039,2024-09-28,153.00,PAID
CLM12368,1748,2068,2024-09-29,819.00,DENIED
CLM12369,1289,2100,2024-09-29,120.00,PAID
CLM12370,1398,2054,2024-09-29,81.00,PAID
CLM12371,3477,2069,2024-09-29,1280.00,DENIED
CLM12372,1278,2038,2024-09-29,89.00,PAID
CLM12373,2197,2013,2024-09-29,537.00,PAID
CLM12374,1484,2032,2024-09-29,89.00,PAID
CLM12375,1645,2075,2024-09-29,170.00,DENIED
CLM12376,2336,2068,2024-09-29,1052.00,PAID
CLM12377,1316,2052,2024-09-30,47.00,PAID
CLM12378,1397,2024,2024-09-30,139.00,PAID
CLM12379,1514,2071,2024-09-30,153.00,PAID
CLM12380,1808,2134,2024-09-30,72.00,PAID
CLM12381,1669,2109,2024-09-30,217.00,PAID
CLM12382,2788,2091,2024-09-30,33.00,PAID
CLM12383,2186,2013,2024-09-30,362.00,PAID
CLM12384,1382,2015,2024-09-30,141.00,PAID
CLM12385,1287,2064,2024-09-30,74.00,PAID
CLM12386,1920,2145,2024-09-30,122.00,PAID
CLM12387,1015,2150,2024-09-30,117.00,PAID
CLM12388,3159,2132,2024-09-30,205.00,PAID
CLM12389,1412,2145,2024-09-30,473.00,PAID
CLM12390,1041,2025,2024-09-30,47.00,PAID
CLM12391,3451,2127,2024-09-30,124.00,PAID
CLM12392,2631,2094,2024-09-30,217.00,PENDING
CLM12393,1280,2077,2024-09-30,83.00,PAID
CLM12394,2809,2069,2024-09-30,789.00,DENIED
CLM12395,2371,2087,2024-09-30,142.00,DENIED
CLM12396,3438,2028,2024-09-30,52.00,PAID
CLM12397,2080,2065,2024-09-30,113.00,PAID
CLM12398,2600,2062,2024-09-30,337.00,PAID
CLM12399,1627,2016,2024-09-30,32.00,PAID
CLM12400,3391,2149,2024-10-01,168.00,PAID
CLM12401,2225,2050,2024-10-01,151.00,PAID
CLM12402,2834,2097,2024-10-01,75.00,PAID
CLM12403,1425,2145,2024-10-01,152.00,DENIED
CLM12404,3257,2066,2024-10-01,109.00,DENIED
CLM12405,1414,2063,2024-10-01,187.00,PAID
CLM12406,2512,2113,2024-10-01,204.00,PAID
CLM12407,2391,2088,2024-10-01,315.00,DENIED
CLM12408,1896,2066,2024-10-01,62.00,PAID
CLM12409,1042,2065,2024-10-01,105.00,DENIED
CLM12410,1746,2013,2024-10-01,130.00,DENIED
CLM12411,2242,2106,2024-10-01,207.00,PAID
CLM12412,1632,2020,2024-10-01,317.00,PAID
CLM12413,2878,2089,2024-10-01,118.00,PAID
CLM12414,1803,2073,2024-10-01,137.00,DENIED
CLM12415,3406,2103,2024-10-01,47.00,PAID
CLM12416,1736,2069,2024-10-01,136.00,DENIED
CLM12417,2160,2144,2024-10-01,323.00,PAID
CLM12418,2608,2059,2024-10-01,469.00,PAID
CLM12419,1255,2038,2024-10-01,141.00,PAID
CLM12420,1405,2052,2024-10-01,111.00,PAID
CLM12421,2677,2113,2024-10-01,112.00,DENIED
CLM12422,2767,2081,2024-10-01,323.00,PAID
CLM12423,2597,2092,2024-10-01,191.00,DENIED
CLM12424,1701,2137,2024-10-01,283.00,PAID
CLM12425,3265,2085,2024-10-01,831.00,PAID
CLM12426,1263,2016,2024-10-01,137.00,PAID
CLM12427,2020,2026,2024-10-01,156.00,PAID
CLM12428,2397,2135,2024-10-01,82.00,DENIED
CLM12429,2509,2022,2024-10-01,92.00,PAID
CLM12430,1260,2081,2024-10-01,116.00,PAID
CLM12431,2751,2143,2024-10-02,388.00,PAID
CLM12432,3181,2069,2024-10-02,1135.00,PAID
CLM12433,1982,2029,2024-10-02,163.00,PAID
CLM12434,3389,2111,2024-10-02,86.00,DENIED
CLM12435,2957,2015,2024-10-02,6044.00,DENIED
CLM12436,2407,2130,2024-10-02,306.00,PAID
CLM12437,2745,2005,2024-10-02,206.00,PAID
CLM12438,1518,2015,2024-10-02,133.00,PAID
CLM12439,3424,2068,2024-10-02,136.00,PAID
CLM12440,2172,2113,2024-10-02,302.00,PAID
CLM12441,1626,2146,2024-10-02,114.00,PAID
CLM12442,2038,2083,2024-10-02,96.00,PAID
CLM12443,2323,2028,2024-10-02,172.00,PAID
CLM12444,2961,2002,2024-10-02,191.00,PAID
CLM12445,1194,2071,2024-10-02,292.00,PAID
CLM12446,2987,2135,2024-10-02,132.00,PAID
CLM12447,2663,2079,2024-10-02,117.00,PAID
CLM12448,1165,2068,2024-10-02,957.00,PAID
CLM12449,2706,2086,2024-10-02,130.00,PAID
CLM12450,1164,2142,2024-10-02,123.00,PAID
CLM12451,1022,2063,2024-10-02,36.00,PAID
CLM12452,1513,2020,2024-10-02,3108.00,DENIED
CLM12453,2827,2013,2024-10-02,545.00,PAID
CLM12454,2470,2043,2024-10-02,156.00,PAID
CLM12455,2097,2050,2024-10-02,119.00,DENIED
CLM12456,2847,2131,2024-10-02,1602.00,DENIED
CLM12457,1072,2035,2024-10-02,171.00,PAID
CLM12458,2353,2120,2024-10-02,48.00,PAID
CLM12459,2388,2085,2024-10-02,1407.00,PAID
CLM12460,3410,2137,2024-10-02,114.00,PAID
CLM12461,1333,2037,2024-10-02,105.00,PAID
CLM12462,2101,2101,2024-10-02,130.00,PAID
CLM12463,1685,2004,2024-10-02,141.00,PAID
CLM12464,2302,2115,2024-10-02,323.00,DENIED
CLM12465,3065,2074,2024-10-03,350.00,DENIED
CLM12466,1750,2144,2024-10-03,272.00,PAID
CLM12467,1285,2124,2024-10-03,123.00,PAID
CLM12468,1173,2137,2024-10-03,1088.00,PAID
CLM12469,1326,2061,2024-10-03,108.00,PAID
CLM12470,1469,2024,2024-10-03,141.00,PAID
CLM12471,2177,2029,2024-10-03,123.00,DENIED
CLM12472,2800,2109,2024-10-03,34.00,PAID
CLM12473,1918,2116,2024-10-03,134.00,PAID
CLM12474,2787,2116,2024-10-03,78.00,PAID
CLM12475,2550,2118,2024-10-03,476.00,PAID
CLM12476,1708,2131,2024-10-03,49.00,PAID
CLM12477,3018,2106,2024-10-03,48.00,PAID
CLM12478,2254,2087,2024-10-03,891.00,DENIED
CLM12479,2654,2147,2024-10-03,134.00,PAID
CLM12480,1904,2144,2024-10-03,131.00,PAID
CLM12481,3152,2004,2024-10-03,264.00,PAID
CLM12482,2439,2144,2024-10-03,285.00,PAID
CLM12483,2752,2088,2024-10-03,2225.00,DENIED
CLM12484,2259,2137,2024-10-03,158.00,PAID
CLM12485,1086,2115,2024-10-03,154.00,PAID
CLM12486,1767,2088,2024-10-03,289.00,PAID
CLM12487,3444,2072,2024-10-03,200.00,PAID
CLM12488,1954,2052,2024-10-03,31.00,PAID
CLM12489,1878,2068,2024-10-03,297.00,PAID
CLM12490,3009,2149,2024-10-03,27.00,PAID
CLM12491,3276,2023,2024-10-03,270.00,PAID
CLM12492,1800,2098,2024-10-03,167.00,PAID
CLM12493,1922,2094,2024-10-03,487.00,PAID
CLM12494,1701,2065,2024-10-03,109.00,DENIED
CLM12495,1902,2006,2024-10-03,120.00,PAID
CLM12496,2877,2086,2024-10-03,85.00,PAID
CLM12497,2863,2118,2024-10-03,234.00,PAID
CLM12498,2002,2105,2024-10-04,140.00,PENDING
CLM12499,1302,2124,2024-10-04,185.00,PAID
CLM12500,1704,2026,2024-10-04,184.00,PAID
CLM12501,3383,2102,2024-10-04,274.00,PAID
CLM12502,2987,2137,2024-10-04,1311.00,PAID
CLM12503,3356,2020,2024-10-04,51.00,PAID
CLM12504,2049,2070,2024-10-04,75.00,PAID
CLM12505,1138,2039,2024-10-04,144.00,PAID
CLM12506,2631,2074,2024-10-04,134.00,PAID
CLM12507,3298,2085,2024-10-04,524.00,PAID
CLM12508,1106,2122,2024-10-04,58.00,PAID
CLM12509,2222,2044,2024-10-04,135.00,PAID
CLM12510,2355,2077,2024-10-04,51.00,PAID
CLM12511,1185,2013,2024-10-04,243.00,DENIED
CLM12512,2712,2078,2024-10-04,181.00,PAID
CLM12513,2746,2115,2024-10-04,367.00,DENIED
CLM12514,1795,2013,2024-10-04,122.00,PAID
CLM12515,2735,2087,2024-10-04,120.00,PAID
CLM12516,2692,2096,2024-10-04,28.00,PAID
CLM12517,1651,2102,2024-10-04,206.00,PAID
CLM12518,3084,2137,2024-10-04,176.00,PAID
CLM12519,1376,2075,2024-10-04,167.00,PAID
CLM12520,1163,2061,2024-10-04,55.00,PAID
CLM12521,2203,2085,2024-10-04,828.00,PAID
CLM12522,1110,2021,2024-10-04,198.00,PAID
CLM12523,1250,2133,2024-10-04,69.00,PAID
CLM12524,2249,2139,2024-10-04,38.00,DENIED
CLM12525,1521,2059,2024-10-04,147.00,DENIED
CLM12526,1841,2145,2024-10-04,109.00,PAID
CLM12527,2301,2004,2024-10-04,156.00,PAID
CLM12528,2387,2068,2024-10-04,783.00,PAID
CLM12529,2434,2033,2024-10-04,118.00,PAID
CLM12530,1538,2021,2024-10-04,111.00,PAID
CLM12531,1894,2097,2024-10-05,135.00,PAID
CLM12532,2435,2106,2024-10-05,283.00,PAID
CLM12533,1917,2057,2024-10-05,449.00,PAID
CLM12534,1299,2015,2024-10-05,1838.00,PAID
CLM12535,3417,2131,2024-10-05,218.00,PAID
CLM12536,1147,2100,2024-10-05,395.00,PAID
CLM12537,2300,2064,2024-10-05,378.00,PAID
CLM12538,3338,2003,2024-10-05,110.00,PAID
CLM12539,1088,2134,2024-10-05,119.00,PAID
CLM12540,3138,2059,2024-10-05,148.00,PAID
CLM12541,1463,2104,2024-10-06,1393.00,DENIED
CLM12542,2060,2126,2024-10-06,120.00,PAID
CLM12543,2774,2130,2024-10-06,156.00,PAID
CLM12544,2911,2028,2024-10-06,111.00,PAID
CLM12545,1722,2105,2024-10-06,1195.00,PAID
CLM12546,2705,2140,2024-10-06,275.00,PAID
CLM12547,3330,2130,2024-10-06,128.00,PAID
CLM12548,3033,2076,2024-10-06,30.00,PAID
CLM12549,2158,2142,2024-10-06,83.00,PAID
CLM12550,1679,2065,2024-10-06,145.00,PAID
CLM12551,1638,2085,2024-10-07,1617.00,PAID
CLM12552,2472,2017,2024-10-07,187.00,PAID
CLM12553,2967,2115,2024-10-07,569.00,PAID
CLM12554,1894,2085,2024-10-07,648.00,PAID
CLM12555,2295,2138,2024-10-07,375.00,PAID
CLM12556,1211,2011,2024-10-07,140.00,PAID
CLM12557,1284,2107,2024-10-07,84.00,PAID
CLM12558,1273,2045,2024-10-07,258.00,PAID
CLM12559,2651,2024,2024-10-07,304.00,DENIED
CLM12560,3009,2147,2024-10-07,172.00,PAID
CLM12561,2364,2109,2024-10-07,345.00,PAID
CLM12562,1332,2068,2024-10-07,826.00,DENIED
CLM12563,2429,2022,2024-10-07,129.00,PAID
CLM12564,2046,2089,2024-10-07,77.00,PAID
CLM12565,3095,2091,2024-10-07,68.00,DENIED
CLM12566,2441,2081,2024-10-07,290.00,PAID
CLM12567,2235,2139,2024-10-07,81.00,PAID
CLM12568,2662,2102,2024-10-07,473.00,PAID
CLM12569,3495,2104,2024-10-07,6028.00,PAID
CLM12570,3358,2136,2024-10-07,131.00,PAID
CLM12571,3371,2137,2024-10-07,872.00,PAID
CLM12572,2465,2040,2024-10-07,77.00,PAID
CLM12573,3422,2105,2024-10-07,846.00,DENIED
CLM12574,3070,2142,2024-10-07,33.00,PAID
CLM12575,3250,2131,2024-10-07,236.00,PAID
CLM12576,1068,2140,2024-10-07,357.00,DENIED
CLM12577,1553,2022,2024-10-07,53.00,PAID
CLM12578,2244,2065,2024-10-07,104.00,PAID
CLM12579,1611,2085,2024-10-07,547.00,PAID
CLM12580,1915,2083,2024-10-07,128.00,PAID
CLM12581,1631,2086,2024-10-07,155.00,PAID
CLM12582,1343,2053,2024-10-07,471.00,PAID
CLM12583,1871,2007,2024-10-07,40.00,PAID
CLM12584,2627,2137,2024-10-07,149.00,PAID
CLM12585,1009,2014,2024-10-07,129.00,PAID
CLM12586,3272,2132,2024-10-07,2745.00,DENIED
CLM12587,1760,2005,2024-10-07,353.00,PAID
CLM12588,2019,2019,2024-10-07,186.00,PAID
CLM12589,1734,2047,2024-10-07,79.00,PAID
CLM12590,1688,2025,2024-10-07,311.00,PAID
CLM12591,3384,2055,2024-10-07,320.00,DENIED
CLM12592,2780,2011,2024-10-07,275.00,PAID
CLM12593,1831,2015,2024-10-07,109.00,PAID
CLM12594,1028,2144,2024-10-07,191.00,PAID
CLM12595,1602,2053,2024-10-07,148.00,PAID
CLM12596,2317,2095,2024-10-07,46.00,PAID
CLM12597,2266,2045,2024-10-07,368.00,PAID
CLM12598,2995,2137,2024-10-07,145.00,PAID
CLM12599,1966,2091,2024-10-07,151.00,PAID
CLM12600,3380,2017,2024-10-07,107.00,PAID
CLM12601,2662,2145,2024-10-07,88.00,PAID
CLM12602,2153,2023,2024-10-08,91.00,PAID
CLM12603,3293,2088,2024-10-08,1114.00,DENIED
CLM12604,2209,2106,2024-10-08,303.00,PAID
CLM12605,1240,2081,2024-10-08,289.00,PAID
CLM12606,1095,2014,2024-10-08,127.00,PAID
CLM12607,2484,2029,2024-10-08,1653.00,PAID
CLM12608,1999,2116,2024-10-08,126.00,PAID
CLM12609,3323,2106,2024-10-08,106.00,PAID
CLM12610,3232,2111,2024-10-08,54.00,PAID
CLM12611,2812,2076,2024-10-08,512.00,PAID
CLM12612,1056,2005,2024-10-08,2747.00,PAID
CLM12613,2046,2100,2024-10-08,109.00,PAID
CLM12614,2305,2058,2024-10-08,289.00,PAID
CLM12615,1007,2121,2024-10-08,2348.00,DENIED
CLM12616,1837,2145,2024-10-08,110.00,PAID
CLM12617,2200,2085,2024-10-08,514.00,PAID
CLM12618,2613,2036,2024-10-08,316.00,DENIED
CLM12619,1478,2077,2024-10-08,208.00,DENIED
CLM12620,1388,2143,2024-10-08,441.00,DENIED
CLM12621,1030,2131,2024-10-08,333.00,PAID
CLM12622,2799,2054,2024-10-08,146.00,DENIED
CLM12623,3229,2004,2024-10-08,147.00,PAID
CLM12624,3272,2021,2024-10-08,145.00,PAID
CLM12625,2691,2020,2024-10-08,245.00,PAID
CLM12626,1056,2030,2024-10-08,55.00,PAID
CLM12627,2105,2012,2024-10-08,134.00,PAID
CLM12628,1972,2035,2024-10-08,180.00,PAID
CLM12629,1118,2034,2024-10-08,314.00,PAID
CLM12630,3006,2044,2024-10-08,283.00,DENIED
CLM12631,2832,2052,2024-10-08,266.00,DENIED
CLM12632,1404,2095,2024-10-09,204.00,PAID
CLM12633,1783,2091,2024-10-09,137.00,DENIED
CLM12634,2378,2060,2024-10-09,421.00,PAID
CLM12635,3393,2065,2024-10-09,45.00,PAID
CLM12636,1770,2092,2024-10-09,142.00,PAID
CLM12637,2749,2014,2024-10-09,27.00,PAID
CLM12638,1202,2137,2024-10-09,2382.00,PAID
CLM12639,2831,2004,2024-10-09,2160.00,PAID
CLM12640,1141,2078,2024-10-09,27.00,PAID
CLM12641,2285,2044,2024-10-09,142.00,PAID
CLM12642,2227,2102,2024-10-09,168.00,PAID
CLM12643,2509,2020,2024-10-09,609.00,PAID
CLM12644,1106,2068,2024-10-09,1018.00,PAID
CLM12645,2594,2125,2024-10-09,102.00,PAID
CLM12646,2158,2144,2024-10-09,130.00,PAID
CLM12647,1125,2100,2024-10-09,6098.00,PAID
CLM12648,2228,2139,2024-10-09,96.00,PAID
CLM12649,2789,2088,2024-10-09,175.00,PAID
CLM12650,1308,2059,2024-10-09,127.00,PAID
CLM12651,1428,2075,2024-10-09,65.00,PAID
CLM12652,2455,2137,2024-10-09,122.00,DENIED
CLM12653,1245,2021,2024-10-09,149.00,PAID
CLM12654,1451,2063,2024-10-09,78.00,PAID
CLM12655,3194,2132,2024-10-09,52.00,DENIED
CLM12656,3465,2113,2024-10-09,173.00,PAID
CLM12657,1446,2079,2024-10-10,33.00,PAID
CLM12658,3125,2019,2024-10-10,97.00,PAID
CLM12659,1325,2102,2024-10-10,522.00,PAID
CLM12660,1016,2139,2024-10-10,238.00,DENIED
CLM12661,1574,2017,2024-10-10,68.00,PAID
CLM12662,1282,2102,2024-10-10,157.00,PAID
CLM12663,3258,2122,2024-10-10,67.00,DENIED
CLM12664,1014,2087,2024-10-10,161.00,PAID
CLM12665,1212,2148,2024-10-10,33.00,PAID
CLM12666,2146,2014,2024-10-10,137.00,PAID
CLM12667,3278,2085,2024-10-10,856.00,PAID
CLM12668,1072,2148,2024-10-10,204.00,PAID
CLM12669,2274,2082,2024-10-10,60.00,PAID
CLM12670,2742,2072,2024-10-10,45.00,PAID
CLM12671,3129,2074,2024-10-10,446.00,PAID
CLM12672,2477,2014,2024-10-10,48.00,DENIED
CLM12673,2727,2074,2024-10-10,444.00,DENIED
CLM12674,1810,2129,2024-10-10,75.00,PAID
CLM12675,1181,2015,2024-10-10,1416.00,PAID
CLM12676,2951,2001,2024-10-10,129.00,PAID
CLM12677,1913,2045,2024-10-10,266.00,PAID
CLM12678,1682,2035,2024-10-10,44.00,PAID
CLM12679,3251,2001,2024-10-10,118.00,PAID
CLM12680,1104,2020,2024-10-10,394.00,PAID
CLM12681,1385,2017,2024-10-10,174.00,DENIED
CLM12682,2776,2082,2024-10-10,184.00,PAID
CLM12683,2326,2024,2024-10-10,1219.00,PAID
CLM12684,3085,2045,2024-10-10,1790.00,PAID
CLM12685,2273,2039,2024-10-10,128.00,PAID
CLM12686,2409,2109,2024-10-10,168.00,PAID
CLM12687,1781,2029,2024-10-10,120.00,PAID
CLM12688,2053,2068,2024-10-10,2025.00,PAID
CLM12689,2777,2026,2024-10-10,164.00,PAID
CLM12690,1867,2093,2024-10-10,81.00,PAID
CLM12691,1202,2041,2024-10-10,130.00,PAID
CLM12692,2506,2045,2024-10-10,141.00,PAID
CLM12693,1830,2124,2024-10-10,138.00,PAID
CLM12694,1936,2059,2024-10-10,277.00,PAID
CLM12695,2790,2045,2024-10-10,494.00,PAID
CLM12696,3276,2138,2024-10-10,74.00,PAID
CLM12697,3039,2042,2024-10-10,37.00,PAID
CLM12698,3275,2044,2024-10-11,169.00,PAID
CLM12699,1430,2042,2024-10-11,222.00,PAID
CLM12700,2519,2140,2024-10-11,134.00,DENIED
CLM12701,1647,2138,2024-10-11,134.00,PAID
CLM12702,1412,2036,2024-10-11,163.00,PAID
CLM12703,3442,2085,2024-10-11,168.00,PENDING
CLM12704,2391,2013,2024-10-11,135.00,PAID
CLM12705,1612,2129,2024-10-11,29.00,PAID
CLM12706,1647,2026,2024-10-11,64.00,PAID
CLM12707,1011,2026,2024-10-11,181.00,PAID
CLM12708,2763,2009,2024-10-11,77.00,PAID
CLM12709,1024,2085,2024-10-11,286.00,PAID
CLM12710,1219,2078,2024-10-11,24.00,PAID
CLM12711,2060,2115,2024-10-11,259.00,DENIED
CLM12712,2392,2014,2024-10-11,166.00,PAID
CLM12713,1942,2091,2024-10-11,101.00,DENIED
CLM12714,2114,2040,2024-10-11,28.00,PAID
CLM12715,1383,2092,2024-10-11,52.00,PAID
CLM12716,2212,2065,2024-10-11,1521.00,PAID
CLM12717,3006,2130,2024-10-11,66.00,PAID
CLM12718,1934,2044,2024-10-11,4520.00,DENIED
CLM12719,1982,2088,2024-10-11,138.00,PAID
CLM12720,2539,2027,2024-10-11,128.00,PAID
CLM12721,3163,2029,2024-10-11,5463.00,PAID
CLM12722,2475,2004,2024-10-11,128.00,PAID
CLM12723,1249,2118,2024-10-11,253.00,DENIED
CLM12724,2355,2078,2024-10-11,72.00,PAID
CLM12725,3204,2072,2024-10-11,123.00,PAID
CLM12726,1211,2073,2024-10-12,70.00,PAID
CLM12727,2735,2060,2024-10-12,2798.00,PAID
CLM12728,1779,2087,2024-10-12,167.00,PAID
CLM12729,2070,2122,2024-10-12,384.00,DENIED
CLM12730,1393,2064,2024-10-12,37.00,PAID
CLM12731,1785,2024,2024-10-12,309.00,PAID
CLM12732,3087,2044,2024-10-12,817.00,PAID
CLM12733,2951,2106,2024-10-12,157.00,DENIED
CLM12734,2789,2005,2024-10-12,253.00,PAID
CLM12735,1396,2042,2024-10-12,30.00,PAID
CLM12736,2996,2106,2024-10-12,35.00,PAID
CLM12737,3255,2144,2024-10-12,421.00,PAID
CLM12738,2160,2018,2024-10-13,103.00,PAID
CLM12739,2100,2121,2024-10-13,1306.00,PAID
CLM12740,3153,2145,2024-10-13,326.00,PAID
CLM12741,2425,2006,2024-10-13,277.00,PAID
CLM12742,1405,2088,2024-10-13,286.00,PAID
CLM12743,1696,2095,2024-10-13,52.00,PAID
CLM12744,2333,2130,2024-10-13,330.00,PAID
CLM12745,2846,2034,2024-10-13,197.00,PAID
CLM12746,3443,2096,2024-10-13,172.00,DENIED
CLM12747,2839,2027,2024-10-13,293.00,DENIED
CLM12748,1708,2093,2024-10-13,89.00,PENDING
CLM12749,1506,2014,2024-10-13,61.00,PAID
CLM12750,3173,2012,2024-10-13,240.00,PAID
CLM12751,1731,2093,2024-10-13,32.00,DENIED
CLM12752,2716,2085,2024-10-13,1046.00,PAID
CLM12753,1704,2052,2024-10-14,34.00,PAID
CLM12754,2842,2038,2024-10-14,184.00,DENIED
CLM12755,3217,2068,2024-10-14,445.00,DENIED
CLM12756,3093,2052,2024-10-14,41.00,PAID
CLM12757,1296,2041,2024-10-14,167.00,PAID
CLM12758,3193,2020,2024-10-14,238.00,PAID
CLM12759,1415,2124,2024-10-14,112.00,PAID
CLM12760,2283,2014,2024-10-14,115.00,PAID
CLM12761,2975,2109,2024-10-14,34.00,PAID
CLM12762,2967,2087,2024-10-14,153.00,PAID
CLM12763,1426,2137,2024-10-14,151.00,PAID
CLM12764,1325,2115,2024-10-14,247.00,PAID
CLM12765,2077,2029,2024-10-14,145.00,PAID
CLM12766,2922,2118,2024-10-14,111.00,PAID
CLM12767,3416,2111,2024-10-14,119.00,PAID
CLM12768,1190,2064,2024-10-14,142.00,PAID
CLM12769,1916,2024,2024-10-14,1196.00,PAID
CLM12770,2583,2022,2024-10-14,26.00,PAID
CLM12771,1723,2054,2024-10-14,59.00,DENIED
CLM12772,1726,2020,2024-10-14,1173.00,PAID
CLM12773,1705,2015,2024-10-14,288.00,PAID
CLM12774,2249,2071,2024-10-14,161.00,PAID
CLM12775,1673,2085,2024-10-14,268.00,PAID
CLM12776,1333,2131,2024-10-14,372.00,DENIED
CLM12777,2120,2137,2024-10-14,423.00,PAID
CLM12778,3274,2087,2024-10-14,4862.00,DENIED
CLM12779,2332,2144,2024-10-14,120.00,PAID
CLM12780,1912,2118,2024-10-14,35.00,PAID
CLM12781,2301,2030,2024-10-14,104.00,DENIED
CLM12782,3381,2068,2024-10-14,106.00,PAID
CLM12783,2886,2037,2024-10-15,246.00,PAID
CLM12784,1195,2068,2024-10-15,1401.00,DENIED
CLM12785,2672,2083,2024-10-15,66.00,PAID
CLM12786,1851,2049,2024-10-15,118.00,PAID
CLM12787,1390,2091,2024-10-15,62.00,PAID
CLM12788,2325,2037,2024-10-15,118.00,DENIED
CLM12789,1257,2036,2024-10-15,304.00,PAID
CLM12790,2752,2092,2024-10-15,32.00,PAID
CLM12791,2363,2110,2024-10-15,75.00,PAID
CLM12792,3399,2024,2024-10-15,121.00,PAID
CLM12793,1170,2072,2024-10-15,189.00,DENIED
CLM12794,1986,2130,2024-10-15,115.00,PAID
CLM12795,1253,2128,2024-10-15,33.00,PAID
CLM12796,1354,2087,2024-10-15,1244.00,PAID
CLM12797,1855,2102,2024-10-15,227.00,PAID
CLM12798,1426,2085,2024-10-15,1377.00,PAID
CLM12799,1430,2106,2024-10-15,255.00,PAID
CLM12800,2488,2005,2024-10-15,2211.00,PAID
CLM12801,1350,2077,2024-10-15,30.00,PAID
CLM12802,1283,2129,2024-10-15,140.00,DENIED
CLM12803,1366,2022,2024-10-15,74.00,PAID
CLM12804,2451,2053,2024-10-15,289.00,PAID
CLM12805,2771,2102,2024-10-15,148.00,PAID
CLM12806,1194,2006,2024-10-16,117.00,DENIED
CLM12807,3287,2145,2024-10-16,138.00,PAID
CLM12808,3090,2037,2024-10-16,47.00,DENIED
CLM12809,2766,2146,2024-10-16,41.00,PAID
CLM12810,1121,2093,2024-10-16,106.00,PAID
CLM12811,1248,2015,2024-10-16,1502.00,DENIED
CLM12812,3389,2075,2024-10-16,219.00,PAID
CLM12813,2227,2095,2024-10-16,179.00,DENIED
CLM12814,1929,2012,2024-10-16,174.00,PAID
CLM12815,2368,2136,2024-10-16,110.00,PAID
CLM12816,3120,2020,2024-10-16,254.00,PAID
CLM12817,1443,2087,2024-10-16,4518.00,PAID
CLM12818,2415,2135,2024-10-16,70.00,PAID
CLM12819,1600,2010,2024-10-16,239.00,PAID
CLM12820,2056,2035,2024-10-16,382.00,PAID
CLM12821,2252,2103,2024-10-16,144.00,PAID
CLM12822,2233,2068,2024-10-16,139.00,PAID
CLM12823,2565,2143,2024-10-16,466.00,PAID
CLM12824,2496,2112,2024-10-16,170.00,PAID
CLM12825,1865,2050,2024-10-16,114.00,PAID
CLM12826,2534,2071,2024-10-16,119.00,PAID
CLM12827,3183,2079,2024-10-16,37.00,PAID
CLM12828,1168,2069,2024-10-16,890.00,PAID
CLM12829,3496,2088,2024-10-16,118.00,DENIED
CLM12830,2110,2132,2024-10-16,273.00,DENIED
CLM12831,1864,2077,2024-10-16,74.00,PAID
CLM12832,1190,2029,2024-10-17,4789.00,DENIED
CLM12833,1035,2037,2024-10-17,56.00,PAID
CLM12834,2266,2140,2024-10-17,417.00,PAID
CLM12835,1057,2033,2024-10-17,95.00,PAID
CLM12836,1876,2065,2024-10-17,1594.00,PAID
CLM12837,1426,2143,2024-10-17,324.00,PAID
CLM12838,1101,2072,2024-10-17,31.00,PAID
CLM12839,2525,2046,2024-10-17,168.00,DENIED
CLM12840,3104,2047,2024-10-17,42.00,PAID
CLM12841,1926,2011,2024-10-17,126.00,PAID
CLM12842,2539,2115,2024-10-17,127.00,PAID
CLM12843,2611,2035,2024-10-17,41.00,PAID
CLM12844,2474,2121,2024-10-17,298.00,PAID
CLM12845,2983,2012,2024-10-17,106.00,PENDING
CLM12846,1822,2015,2024-10-17,1861.00,PAID
CLM12847,1503,2004,2024-10-17,170.00,PAID
CLM12848,1915,2137,2024-10-17,1656.00,PAID
CLM12849,1418,2011,2024-10-17,89.00,PAID
CLM12850,1109,2012,2024-10-17,218.00,PAID
CLM12851,1627,2078,2024-10-17,76.00,PAID
CLM12852,3436,2008,2024-10-17,169.00,PAID
CLM12853,1912,2088,2024-10-17,283.00,DENIED
CLM12854,3271,2137,2024-10-17,596.00,DENIED
CLM12855,1883,2115,2024-10-17,146.00,PAID
CLM12856,1230,2125,2024-10-17,270.00,PAID
CLM12857,3135,2115,2024-10-17,505.00,PAID
CLM12858,2036,2053,2024-10-17,67.00,PAID
CLM12859,1521,2088,2024-10-17,142.00,PAID
CLM12860,2573,2098,2024-10-17,164.00,PAID
CLM12861,1592,2114,2024-10-17,377.00,PAID
CLM12862,1654,2020,2024-10-17,41.00,PAID
CLM12863,2539,2129,2024-10-17,117.00,PAID
CLM12864,2796,2043,2024-10-17,139.00,PAID
CLM12865,1012,2068,2024-10-17,127.00,PAID
CLM12866,2472,2029,2024-10-17,121.00,PAID
CLM12867,1996,2017,2024-10-17,152.00,PAID
CLM12868,2883,2095,2024-10-17,119.00,DENIED
CLM12869,2152,2065,2024-10-17,342.00,PAID
CLM12870,2252,2143,2024-10-17,145.00,PAID
CLM12871,1162,2058,2024-10-18,453.00,PAID
CLM12872,1139,2069,2024-10-18,133.00,DENIED
CLM12873,3187,2065,2024-10-18,181.00,PAID
CLM12874,2554,2087,2024-10-18,133.00,DENIED
CLM12875,1013,2019,2024-10-18,48.00,PAID
CLM12876,2198,2095,2024-10-18,120.00,PAID
CLM12877,2163,2068,2024-10-18,742.00,PAID
CLM12878,1495,2060,2024-10-18,231.00,PAID
CLM12879,2909,2027,2024-10-18,298.00,PAID
CLM12880,2620,2066,2024-10-18,48.00,DENIED
CLM12881,3312,2142,2024-10-18,240.00,PAID
CLM12882,2691,2075,2024-10-18,293.00,PAID
CLM12883,2361,2064,2024-10-18,219.00,PAID
CLM12884,2136,2024,2024-10-18,129.00,PAID
CLM12885,1079,2131,2024-10-18,550.00,PAID
CLM12886,2060,2132,2024-10-18,1441.00,PAID
CLM12887,2803,2029,2024-10-18,138.00,PAID
CLM12888,1177,2131,2024-10-18,51.00,PAID
CLM12889,2994,2028,2024-10-18,44.00,DENIED
CLM12890,3348,2116,2024-10-18,138.00,DENIED
CLM12891,2652,2103,2024-10-18,69.00,PAID
CLM12892,1326,2038,2024-10-18,32.00,PAID
CLM12893,2238,2086,2024-10-18,158.00,PAID
CLM12894,2507,2137,2024-10-18,1384.00,PAID
CLM12895,2776,2074,2024-10-18,142.00,DENIED
CLM12896,3175,2143,2024-10-18,360.00,PAID
CLM12897,3083,2143,2024-10-18,553.00,PAID
CLM12898,2204,2020,2024-10-19,419.00,PAID
CLM12899,2688,2036,2024-10-19,210.00,PAID
CLM12900,1328,2074,2024-10-19,288.00,PAID
CLM12901,1587,2075,2024-10-19,224.00,PAID
CLM12902,1179,2131,2024-10-19,243.00,PAID
CLM12903,3436,2105,2024-10-20,4779.00,PAID
CLM12904,1181,2137,2024-10-20,176.00,PAID
CLM12905,2949,2106,2024-10-20,166.00,PAID
CLM12906,1275,2132,2024-10-20,219.00,PAID
CLM12907,3075,2074,2024-10-20,189.00,PAID
CLM12908,1593,2005,2024-10-20,362.00,PAID
CLM12909,2798,2116,2024-10-20,107.00,PAID
CLM12910,1405,2004,2024-10-20,1467.00,PAID
CLM12911,1287,2092,2024-10-20,33.00,PAID
CLM12912,3431,2015,2024-10-20,123.00,PAID
CLM12913,2911,2111,2024-10-20,111.00,PAID
CLM12914,2577,2133,2024-10-21,43.00,PAID
CLM12915,3107,2024,2024-10-21,2200.00,PAID
CLM12916,2955,2030,2024-10-21,80.00,PAID
CLM12917,2837,2038,2024-10-21,281.00,PAID
CLM12918,3139,2085,2024-10-21,123.00,PAID
CLM12919,2102,2070,2024-10-21,198.00,PAID
CLM12920,1133,2033,2024-10-21,334.00,PAID
CLM12921,2364,2071,2024-10-21,84.00,PAID
CLM12922,1047,2051,2024-10-21,139.00,PAID
CLM12923,3258,2089,2024-10-21,686.00,DENIED
CLM12924,1534,2018,2024-10-21,40.00,PAID
CLM12925,2350,2091,2024-10-21,108.00,DENIED
CLM12926,3499,2129,2024-10-21,78.00,PAID
CLM12927,1686,2071,2024-10-21,149.00,DENIED
CLM12928,1397,2076,2024-10-21,159.00,PAID
CLM12929,1154,2100,2024-10-21,5078.00,PAID
CLM12930,2770,2133,2024-10-21,210.00,PAID
CLM12931,1216,2115,2024-10-21,184.00,PAID
CLM12932,2958,2135,2024-10-21,75.00,PAID
CLM12933,1588,2070,2024-10-21,34.00,PAID
CLM12934,1205,2012,2024-10-21,133.00,PAID
CLM12935,2938,2078,2024-10-21,26.00,PAID
CLM12936,1958,2140,2024-10-21,135.00,PAID
CLM12937,2989,2028,2024-10-21,51.00,PAID
CLM12938,1333,2008,2024-10-21,341.00,PAID
CLM12939,1882,2028,2024-10-21,119.00,PAID
CLM12940,3365,2059,2024-10-21,321.00,PAID
CLM12941,1668,2044,2024-10-21,1186.00,DENIED
CLM12942,3300,2045,2024-10-22,5517.00,PAID
CLM12943,3414,2027,2024-10-22,260.00,PAID
CLM12944,2443,2057,2024-10-22,43.00,PAID
CLM12945,3056,2114,2024-10-22,136.00,PAID
CLM12946,2089,2115,2024-10-22,280.00,PAID
CLM12947,1591,2077,2024-10-22,51.00,PAID
CLM12948,2608,2043,2024-10-22,231.00,PAID
CLM12949,3316,2112,2024-10-22,197.00,PAID
CLM12950,1269,2146,2024-10-22,150.00,PAID
CLM12951,2906,2120,2024-10-22,60.00,PAID
CLM12952,2258,2045,2024-10-22,5615.00,PAID
CLM12953,1017,2118,2024-10-22,142.00,DENIED
CLM12954,2807,2060,2024-10-22,326.00,PAID
CLM12955,3456,2113,2024-10-22,289.00,PAID
CLM12956,2032,2087,2024-10-22,983.00,PAID
CLM12957,1783,2045,2024-10-22,125.00,PAID
CLM12958,1693,2082,2024-10-22,230.00,PAID
CLM12959,2483,2005,2024-10-22,46.00,PENDING
CLM12960,2191,2020,2024-10-22,233.00,PAID
CLM12961,2717,2075,2024-10-22,139.00,PAID
CLM12962,3010,2085,2024-10-22,733.00,PAID
CLM12963,3360,2048,2024-10-22,72.00,PAID
CLM12964,2040,2032,2024-10-22,163.00,PAID
CLM12965,2152,2147,2024-10-22,116.00,PAID
CLM12966,1842,2112,2024-10-23,232.00,PAID
CLM12967,2645,2103,2024-10-23,92.00,PAID
CLM12968,1286,2060,2024-10-23,246.00,PAID
CLM12969,1464,2071,2024-10-23,259.00,PAID
CLM12970,1889,2060,2024-10-23,1484.00,DENIED
CLM12971,2900,2068,2024-10-23,294.00,PAID
CLM12972,2258,2143,2024-10-23,420.00,PAID
CLM12973,2206,2144,2024-10-23,172.00,PAID
CLM12974,2907,2095,2024-10-23,82.00,PAID
CLM12975,3477,2053,2024-10-23,34.00,PAID
CLM12976,2593,2118,2024-10-23,408.00,PAID
CLM12977,1053,2045,2024-10-23,5023.00,DENIED
CLM12978,2312,2088,2024-10-23,4332.00,PAID
CLM12979,2285,2065,2024-10-23,48.00,PAID
CLM12980,1202,2087,2024-10-23,287.00,PAID
CLM12981,3404,2130,2024-10-23,275.00,PAID
CLM12982,1083,2015,2024-10-23,139.00,PAID
CLM12983,3110,2143,2024-10-23,177.00,PAID
CLM12984,2791,2045,2024-10-23,113.00,PAID
CLM12985,1043,2043,2024-10-23,231.00,DENIED
CLM12986,1371,2085,2024-10-23,1173.00,PAID
CLM12987,2915,2068,2024-10-23,172.00,PAID
CLM12988,3413,2069,2024-10-23,772.00,PAID
CLM12989,2024,2059,2024-10-23,157.00,DENIED
CLM12990,2092,2075,2024-10-23,250.00,PAID
CLM12991,2688,2109,2024-10-23,541.00,PAID
CLM12992,3397,2132,2024-10-23,631.00,DENIED
CLM12993,2501,2095,2024-10-23,1615.00,PAID
CLM12994,1845,2097,2024-10-23,29.00,PAID
CLM12995,3337,2128,2024-10-23,41.00,DENIED
CLM12996,3183,2001,2024-10-23,64.00,PAID
CLM12997,3119,2087,2024-10-23,1479.00,DENIED
CLM12998,2742,2026,2024-10-23,75.00,PAID
CLM12999,2302,2100,2024-10-23,123.00,PAID
CLM13000,1944,2075,2024-10-24,40.00,PAID
CLM13001,2453,2095,2024-10-24,112.00,PAID
CLM13002,1397,2136,2024-10-24,120.00,PAID
CLM13003,2973,2029,2024-10-24,1213.00,DENIED
CLM13004,2915,2059,2024-10-24,289.00,DENIED
CLM13005,1604,2110,2024-10-24,91.00,DENIED
CLM13006,1881,2053,2024-10-24,139.00,PAID
CLM13007,1040,2087,2024-10-24,1204.00,PAID
CLM13008,1894,2049,2024-10-24,272.00,PAID
CLM13009,3125,2026,2024-10-24,63.00,PAID
CLM13010,1574,2132,2024-10-24,50.00,PAID
CLM13011,1082,2130,2024-10-24,154.00,PAID
CLM13012,1881,2002,2024-10-24,252.00,DENIED
CLM13013,1626,2119,2024-10-24,39.00,PAID
CLM13014,2223,2133,2024-10-24,37.00,PAID
CLM13015,1325,2105,2024-10-24,148.00,PAID
CLM13016,1400,2065,2024-10-24,247.00,PAID
CLM13017,1881,2027,2024-10-24,109.00,PAID
CLM13018,3249,2131,2024-10-24,41.00,PAID
CLM13019,2598,2091,2024-10-24,41.00,PAID
CLM13020,2817,2134,2024-10-24,47.00,PAID
CLM13021,2091,2072,2024-10-24,227.00,PAID
CLM13022,3060,2068,2024-10-24,282.00,PAID
CLM13023,3234,2049,2024-10-24,116.00,DENIED
CLM13024,1840,2038,2024-10-24,196.00,PAID
CLM13025,3233,2044,2024-10-24,127.00,DENIED
CLM13026,3105,2126,2024-10-24,281.00,DENIED
CLM13027,1616,2014,2024-10-24,32.00,PAID
CLM13028,3471,2087,2024-10-24,145.00,PAID
CLM13029,3074,2094,2024-10-24,3468.00,PAID
CLM13030,1955,2060,2024-10-24,1128.00,DENIED
CLM13031,3399,2071,2024-10-24,291.00,DENIED
CLM13032,1579,2068,2024-10-24,123.00,PAID
CLM13033,3232,2037,2024-10-24,226.00,DENIED
CLM13034,1565,2025,2024-10-24,459.00,PAID
CLM13035,1333,2109,2024-10-24,161.00,PAID
CLM13036,2173,2017,2024-10-24,143.00,DENIED
CLM13037,3279,2022,2024-10-24,206.00,PAID
CLM13038,2114,2092,2024-10-24,176.00,PAID
CLM13039,2094,2104,2024-10-25,122.00,PAID
CLM13040,2027,2011,2024-10-25,162.00,PAID
CLM13041,2920,2130,2024-10-25,66.00,PAID
CLM13042,1722,2121,2024-10-25,303.00,DENIED
CLM13043,1466,2063,2024-10-25,214.00,PAID
CLM13044,3195,2022,2024-10-25,177.00,DENIED
CLM13045,1156,2145,2024-10-25,337.00,PAID
CLM13046,1021,2119,2024-10-25,366.00,PAID
CLM13047,1879,2013,2024-10-25,1642.00,DENIED
CLM13048,2091,2071,2024-10-25,106.00,PAID
CLM13049,2516,2105,2024-10-25,271.00,PAID
CLM13050,3404,2095,2024-10-25,211.00,DENIED
CLM13051,1529,2068,2024-10-25,1135.00,PAID
CLM13052,2973,2002,2024-10-25,142.00,PAID
CLM13053,2209,2022,2024-10-25,82.00,PAID
CLM13054,1749,2097,2024-10-25,76.00,PAID
CLM13055,3366,2144,2024-10-25,508.00,PAID
CLM13056,2660,2144,2024-10-25,180.00,PAID
CLM13057,1656,2045,2024-10-25,112.00,PAID
CLM13058,3153,2093,2024-10-25,55.00,PAID
CLM13059,1627,2069,2024-10-25,138.00,PAID
CLM13060,3404,2017,2024-10-25,59.00,PAID
CLM13061,1608,2072,2024-10-25,81.00,PAID
CLM13062,1854,2112,2024-10-25,27.00,PAID
CLM13063,2864,2143,2024-10-25,331.00,PAID
CLM13064,1529,2115,2024-10-25,150.00,PAID
CLM13065,2155,2138,2024-10-25,118.00,PAID
CLM13066,2224,2133,2024-10-25,148.00,PAID
CLM13067,1326,2069,2024-10-25,4530.00,PAID
CLM13068,2674,2037,2024-10-25,49.00,DENIED
CLM13069,3133,2019,2024-10-25,120.00,PAID
CLM13070,2099,2036,2024-10-25,158.00,PAID
CLM13071,1694,2069,2024-10-25,300.00,PAID
CLM13072,1168,2036,2024-10-25,147.00,PAID
CLM13073,2902,2043,2024-10-25,43.00,PAID
CLM13074,2553,2045,2024-10-25,522.00,PAID
CLM13075,1960,2111,2024-10-25,165.00,PAID
CLM13076,2401,2137,2024-10-25,525.00,PAID
CLM13077,2018,2077,2024-10-26,75.00,PAID
CLM13078,3291,2122,2024-10-26,409.00,PAID
CLM13079,1953,2118,2024-10-26,73.00,PAID
CLM13080,2664,2065,2024-10-26,126.00,PAID
CLM13081,1601,2002,2024-10-26,41.00,PAID
CLM13082,2456,2131,2024-10-26,2550.00,PAID
CLM13083,1194,2044,2024-10-26,292.00,PAID
CLM13084,2342,2045,2024-10-26,5272.00,DENIED
CLM13085,2839,2024,2024-10-26,1423.00,PAID
CLM13086,3126,2078,2024-10-26,44.00,PAID
CLM13087,2285,2052,2024-10-27,57.00,PAID
CLM13088,1566,2073,2024-10-27,108.00,PAID
CLM13089,1311,2037,2024-10-27,276.00,PAID
CLM13090,1010,2073,2024-10-27,157.00,PAID
CLM13091,1756,2082,2024-10-27,261.00,PAID
CLM13092,2542,2111,2024-10-27,46.00,PAID
CLM13093,3184,2037,2024-10-27,1566.00,PAID
CLM13094,3361,2019,2024-10-27,180.00,PAID
CLM13095,1796,2069,2024-10-27,1170.00,PAID
CLM13096,2954,2036,2024-10-27,305.00,PAID
CLM13097,2467,2014,2024-10-27,104.00,PAID
CLM13098,3173,2102,2024-10-28,400.00,PAID
CLM13099,1200,2027,2024-10-28,164.00,PAID
CLM13100,1379,2065,2024-10-28,203.00,PAID
CLM13101,3480,2079,2024-10-28,171.00,PAID
CLM13102,3005,2095,2024-10-28,47.00,PAID
CLM13103,3211,2100,2024-10-28,129.00,PAID
CLM13104,1836,2085,2024-10-28,960.00,PAID
CLM13105,1918,2063,2024-10-28,38.00,PAID
CLM13106,1377,2051,2024-10-28,273.00,PAID
CLM13107,3303,2013,2024-10-28,253.00,PAID
CLM13108,3315,2034,2024-10-28,44.00,PAID
CLM13109,3084,2104,2024-10-28,266.00,DENIED
CLM13110,2464,2104,2024-10-28,119.00,PAID
CLM13111,1256,2023,2024-10-28,39.00,PAID
CLM13112,2119,2137,2024-10-28,138.00,PAID
CLM13113,3390,2109,2024-10-28,193.00,PAID
CLM13114,2046,2088,2024-10-28,929.00,DENIED
CLM13115,2867,2029,2024-10-28,166.00,PAID
CLM13116,3193,2110,2024-10-28,185.00,PAID
CLM13117,1468,2020,2024-10-28,1175.00,PAID
CLM13118,2283,2130,2024-10-28,314.00,PAID
CLM13119,2263,2099,2024-10-28,37.00,PAID
CLM13120,1729,2140,2024-10-28,5293.00,DENIED
CLM13121,3367,2011,2024-10-28,385.00,PAID
CLM13122,2621,2137,2024-10-28,976.00,PAID
CLM13123,2421,2135,2024-10-28,661.00,PAID
CLM13124,1585,2004,2024-10-28,1299.00,DENIED
CLM13125,3237,2076,2024-10-28,59.00,PAID
CLM13126,1027,2121,2024-10-28,1048.00,PAID
CLM13127,1442,2107,2024-10-28,91.00,PAID
CLM13128,2980,2015,2024-10-28,266.00,PAID
CLM13129,1492,2131,2024-10-28,48.00,PAID
CLM13130,2042,2131,2024-10-28,387.00,PAID
CLM13131,1127,2104,2024-10-28,5570.00,PAID
CLM13132,3226,2069,2024-10-29,168.00,DENIED
CLM13133,2526,2075,2024-10-29,30.00,PAID
CLM13134,3101,2086,2024-10-29,33.00,PAID
CLM13135,1630,2016,2024-10-29,123.00,PAID
CLM13136,3163,2002,2024-10-29,174.00,PAID
CLM13137,2973,2136,2024-10-29,121.00,DENIED
CLM13138,2345,2005,2024-10-29,389.00,PAID
CLM13139,1006,2057,2024-10-29,86.00,PAID
CLM13140,1694,2121,2024-10-29,826.00,PAID
CLM13141,2505,2075,2024-10-29,175.00,PAID
CLM13142,2460,2017,2024-10-29,128.00,PAID
CLM13143,3074,2143,2024-10-29,210.00,PAID
CLM13144,1742,2115,2024-10-29,143.00,PAID
CLM13145,3427,2112,2024-10-29,32.00,PAID
CLM13146,1670,2096,2024-10-29,84.00,PAID
CLM13147,2479,2062,2024-10-29,40.00,PAID
CLM13148,1436,2110,2024-10-29,174.00,PAID
CLM13149,1785,2147,2024-10-29,184.00,PAID
CLM13150,1764,2059,2024-10-29,212.00,PAID
CLM13151,3291,2054,2024-10-29,110.00,DENIED
CLM13152,2498,2027,2024-10-29,298.00,PAID
CLM13153,1230,2003,2024-10-29,82.00,PAID
CLM13154,1990,2015,2024-10-29,1958.00,DENIED
CLM13155,1732,2040,2024-10-29,344.00,PAID
CLM13156,1751,2020,2024-10-29,287.00,PAID
CLM13157,2317,2055,2024-10-30,308.00,PAID
CLM13158,1138,2096,2024-10-30,182.00,DENIED
CLM13159,1716,2023,2024-10-30,126.00,PAID
CLM13160,3361,2001,2024-10-30,50.00,PAID
CLM13161,2293,2120,2024-10-30,171.00,PAID
CLM13162,3203,2004,2024-10-30,292.00,PAID
CLM13163,1195,2121,2024-10-30,944.00,DENIED
CLM13164,3215,2005,2024-10-30,1146.00,PAID
CLM13165,2910,2043,2024-10-30,426.00,PAID
CLM13166,2534,2067,2024-10-30,402.00,PAID
CLM13167,2737,2137,2024-10-30,107.00,PAID
CLM13168,3486,2076,2024-10-30,195.00,PAID
CLM13169,2366,2137,2024-10-30,247.00,PAID
CLM13170,2820,2115,2024-10-30,282.00,DENIED
CLM13171,1688,2078,2024-10-30,103.00,PAID
CLM13172,3105,2096,2024-10-30,305.00,PAID
CLM13173,3116,2006,2024-10-30,421.00,PAID
CLM13174,3453,2023,2024-10-30,35.00,PAID
CLM13175,1747,2079,2024-10-30,118.00,PAID
CLM13176,1617,2034,2024-10-30,149.00,PAID
CLM13177,2550,2093,2024-10-30,81.00,DENIED
CLM13178,2532,2001,2024-10-30,428.00,PAID
CLM13179,1820,2148,2024-10-31,159.00,PAID
CLM13180,1716,2087,2024-10-31,1609.00,PAID
CLM13181,3461,2052,2024-10-31,120.00,PAID
CLM13182,2378,2026,2024-10-31,279.00,PAID
CLM13183,1918,2037,2024-10-31,54.00,PAID
CLM13184,3104,2100,2024-10-31,289.00,PAID
CLM13185,3008,2062,2024-10-31,40.00,PAID
CLM13186,2672,2018,2024-10-31,163.00,PAID
CLM13187,3061,2086,2024-10-31,34.00,PAID
CLM13188,1619,2020,2024-10-31,50.00,PAID
CLM13189,3017,2005,2024-10-31,291.00,PAID
CLM13190,3086,2049,2024-10-31,164.00,PAID
CLM13191,2312,2055,2024-10-31,297.00,PAID
CLM13192,2291,2088,2024-10-31,1324.00,PAID
CLM13193,2029,2005,2024-10-31,247.00,DENIED
CLM13194,3238,2143,2024-10-31,145.00,PAID
CLM13195,1770,2074,2024-10-31,252.00,PAID
CLM13196,3238,2017,2024-10-31,392.00,PAID
CLM13197,2405,2043,2024-10-31,201.00,DENIED
CLM13198,2370,2068,2024-10-31,295.00,PAID
CLM13199,3077,2065,2024-10-31,215.00,PAID
CLM13200,2976,2071,2024-10-31,163.00,PAID
CLM13201,2579,2030,2024-10-31,34.00,PAID
CLM13202,1793,2099,2024-10-31,227.00,PAID
CLM13203,2803,2100,2024-10-31,262.00,PAID
CLM13204,2043,2005,2024-10-31,51.00,PAID
CLM13205,1732,2021,2024-10-31,180.00,PAID
CLM13206,3065,2029,2024-10-31,121.00,PAID
CLM13207,3448,2137,2024-10-31,120.00,PAID
CLM13208,1585,2029,2024-10-31,138.00,DENIED
CLM13209,1344,2143,2024-10-31,355.00,PAID
CLM13210,2990,2047,2024-10-31,173.00,PAID
CLM13211,2995,2131,2024-10-31,253.00,PAID
CLM13212,1756,2015,2024-10-31,377.00,PAID
CLM13213,1413,2102,2024-10-31,125.00,PAID
CLM13214,1141,2126,2024-10-31,193.00,PAID
CLM13215,2649,2129,2024-10-31,455.00,PAID
CLM13216,3339,2030,2024-11-01,45.00,PAID
CLM13217,2530,2059,2024-11-01,135.00,PAID
CLM13218,3273,2121,2024-11-01,994.00,PAID
CLM13219,3253,2138,2024-11-01,3625.00,PAID
CLM13220,2196,2017,2024-11-01,44.00,PAID
CLM13221,3025,2121,2024-11-01,167.00,DENIED
CLM13222,1165,2091,2024-11-01,30.00,PAID
CLM13223,1310,2121,2024-11-01,152.00,PAID
CLM13224,2608,2022,2024-11-01,179.00,PAID
CLM13225,1860,2013,2024-11-01,1459.00,PAID
CLM13226,2826,2083,2024-11-01,157.00,DENIED
CLM13227,2889,2057,2024-11-01,157.00,PAID
CLM13228,2219,2087,2024-11-01,2362.00,PAID
CLM13229,2014,2012,2024-11-01,145.00,PAID
CLM13230,2229,2068,2024-11-01,414.00,PAID
CLM13231,3139,2004,2024-11-01,1160.00,PAID
CLM13232,1908,2025,2024-11-01,58.00,PAID
CLM13233,1811,2116,2024-11-01,152.00,PAID
CLM13234,1756,2075,2024-11-01,46.00,PAID
CLM13235,1775,2021,2024-11-01,44.00,PAID
CLM13236,1026,2074,2024-11-01,137.00,DENIED
CLM13237,1495,2104,2024-11-01,117.00,PAID
CLM13238,2037,2111,2024-11-01,33.00,PAID
CLM13239,3094,2005,2024-11-01,196.00,DENIED
CLM13240,2679,2025,2024-11-01,127.00,PAID
CLM13241,2123,2035,2024-11-01,101.00,PAID
CLM13242,1716,2085,2024-11-01,270.00,PAID
CLM13243,2659,2071,2024-11-01,120.00,PAID
CLM13244,2071,2075,2024-11-01,199.00,PAID
CLM13245,1055,2121,2024-11-01,2159.00,PAID
CLM13246,1706,2020,2024-11-01,2683.00,PAID
CLM13247,3482,2105,2024-11-01,293.00,PAID
CLM13248,1273,2110,2024-11-01,277.00,PAID
CLM13249,2657,2092,2024-11-01,154.00,PAID
CLM13250,2945,2085,2024-11-02,1394.00,PAID
CLM13251,2394,2047,2024-11-02,104.00,PAID
CLM13252,1215,2022,2024-11-02,144.00,PAID
CLM13253,3320,2003,2024-11-02,81.00,PAID
CLM13254,3200,2110,2024-11-03,128.00,PAID
CLM13255,2222,2029,2024-11-03,1017.00,PAID
CLM13256,3164,2104,2024-11-03,245.00,PAID
CLM13257,1331,2061,2024-11-03,213.00,PAID
CLM13258,1475,2149,2024-11-03,36.00,DENIED
CLM13259,1552,2112,2024-11-03,234.00,PAID
CLM13260,3325,2078,2024-11-03,44.00,PAID
CLM13261,3299,2141,2024-11-03,34.00,PAID
CLM13262,3234,2039,2024-11-03,171.00,DENIED
CLM13263,2085,2085,2024-11-03,151.00,PAID
CLM13264,2139,2127,2024-11-03,75.00,PAID
CLM13265,3209,2044,2024-11-03,1083.00,DENIED
CLM13266,2311,2137,2024-11-04,740.00,PAID
CLM13267,1953,2056,2024-11-04,215.00,DENIED
CLM13268,3481,2137,2024-11-04,660.00,PAID
CLM13269,3085,2077,2024-11-04,101.00,PAID
CLM13270,1564,2091,2024-11-04,201.00,PAID
CLM13271,2018,2077,2024-11-04,85.00,PAID
CLM13272,1455,2024,2024-11-04,136.00,DENIED
CLM13273,2651,2121,2024-11-04,283.00,PAID
CLM13274,2169,2069,2024-11-04,1241.00,DENIED
CLM13275,2857,2132,2024-11-04,623.00,PAID
CLM13276,3159,2103,2024-11-04,227.00,PAID
CLM13277,2659,2076,2024-11-04,270.00,PAID
CLM13278,1788,2123,2024-11-04,97.00,PAID
CLM13279,2591,2140,2024-11-04,141.00,DENIED
CLM13280,1224,2085,2024-11-04,1212.00,DENIED
CLM13281,3463,2073,2024-11-04,177.00,PAID
CLM13282,1253,2051,2024-11-04,102.00,PAID
CLM13283,1752,2040,2024-11-04,46.00,DENIED
CLM13284,3309,2082,2024-11-04,31.00,PAID
CLM13285,2414,2043,2024-11-04,29.00,PAID
CLM13286,2089,2076,2024-11-04,220.00,PAID
CLM13287,2026,2013,2024-11-04,382.00,PAID
CLM13288,1563,2024,2024-11-04,1468.00,PAID
CLM13289,1897,2016,2024-11-04,135.00,PAID
CLM13290,3435,2075,2024-11-04,32.00,PAID
CLM13291,1711,2029,2024-11-04,164.00,DENIED
CLM13292,3197,2002,2024-11-04,324.00,DENIED
CLM13293,3279,2137,2024-11-04,1144.00,PAID
CLM13294,1826,2103,2024-11-04,110.00,PAID
CLM13295,2172,2129,2024-11-04,139.00,PAID
CLM13296,1769,2013,2024-11-04,129.00,PAID
CLM13297,1228,2004,2024-11-04,4241.00,PAID
CLM13298,1433,2116,2024-11-04,110.00,PAID
CLM13299,2359,2036,2024-11-05,131.00,DENIED
CLM13300,1695,2059,2024-11-05,138.00,PAID
CLM13301,2332,2087,2024-11-05,5215.00,DENIED
CLM13302,2831,2137,2024-11-05,529.00,PAID
CLM13303,3265,2101,2024-11-05,38.00,PAID
CLM13304,2821,2114,2024-11-05,388.00,DENIED
CLM13305,2509,2022,2024-11-05,40.00,PAID
CLM13306,1135,2028,2024-11-05,30.00,PAID
CLM13307,1083,2021,2024-11-05,149.00,PAID
CLM13308,2846,2132,2024-11-05,44.00,DENIED
CLM13309,3365,2039,2024-11-05,172.00,DENIED
CLM13310,2348,2140,2024-11-05,389.00,PAID
CLM13311,2723,2149,2024-11-05,69.00,DENIED
CLM13312,1709,2077,2024-11-05,29.00,PAID
CLM13313,1531,2023,2024-11-05,374.00,PAID
CLM13314,1445,2040,2024-11-05,34.00,PAID
CLM13315,2918,2044,2024-11-05,4832.00,PAID
CLM13316,1582,2013,2024-11-05,7170.00,PAID
CLM13317,2313,2131,2024-11-05,369.00,PAID
CLM13318,2455,2024,2024-11-05,5276.00,DENIED
CLM13319,3224,2043,2024-11-05,40.00,PAID
CLM13320,2559,2111,2024-11-05,323.00,PAID
CLM13321,2264,2144,2024-11-05,129.00,PAID
CLM13322,1255,2083,2024-11-05,35.00,PAID
CLM13323,2584,2137,2024-11-05,142.00,PAID
CLM13324,2020,2140,2024-11-05,406.00,PAID
CLM13325,2429,2041,2024-11-05,263.00,PAID
CLM13326,2364,2036,2024-11-05,185.00,PAID
CLM13327,1648,2011,2024-11-05,138.00,PAID
CLM13328,2959,2035,2024-11-05,235.00,PAID
CLM13329,3013,2076,2024-11-05,422.00,PAID
CLM13330,3210,2068,2024-11-05,436.00,DENIED
CLM13331,2174,2053,2024-11-05,145.00,PAID
CLM13332,1765,2002,2024-11-05,37.00,PAID
CLM13333,3080,2140,2024-11-05,1404.00,DENIED
CLM13334,3366,2012,2024-11-05,228.00,PAID
CLM13335,3209,2082,2024-11-05,406.00,PAID
CLM13336,2790,2087,2024-11-05,147.00,PAID
CLM13337,1010,2085,2024-11-05,99.00,PAID
CLM13338,2043,2081,2024-11-05,205.00,PAID
CLM13339,1578,2004,2024-11-06,844.00,PAID
CLM13340,2503,2065,2024-11-06,149.00,PAID
CLM13341,2769,2142,2024-11-06,75.00,PAID
CLM13342,2996,2049,2024-11-06,109.00,PAID
CLM13343,1335,2133,2024-11-06,38.00,PAID
CLM13344,2709,2081,2024-11-06,137.00,PAID
CLM13345,1521,2005,2024-11-06,2763.00,PAID
CLM13346,2304,2032,2024-11-06,140.00,PAID
CLM13347,1868,2092,2024-11-06,33.00,DENIED
CLM13348,1300,2011,2024-11-06,289.00,PAID
CLM13349,2055,2006,2024-11-06,138.00,PAID
CLM13350,1434,2037,2024-11-06,116.00,PAID
CLM13351,2002,2068,2024-11-06,126.00,PAID
CLM13352,2659,2095,2024-11-06,195.00,DENIED
CLM13353,1950,2034,2024-11-06,117.00,PAID
CLM13354,2247,2089,2024-11-06,469.00,PAID
CLM13355,1167,2140,2024-11-06,1883.00,DENIED
CLM13356,2673,2106,2024-11-06,135.00,PAID
CLM13357,2429,2120,2024-11-06,120.00,PAID
CLM13358,1038,2046,2024-11-06,255.00,PAID
CLM13359,3391,2089,2024-11-06,141.00,DENIED
CLM13360,2511,2063,2024-11-06,136.00,PAID
CLM13361,2442,2078,2024-11-06,122.00,PAID
CLM13362,3000,2128,2024-11-06,72.00,PAID
CLM13363,2655,2054,2024-11-06,356.00,PAID
CLM13364,1195,2085,2024-11-06,1922.00,PAID
CLM13365,3482,2122,2024-11-06,93.00,PAID
CLM13366,2625,2066,2024-11-06,174.00,PAID
CLM13367,2672,2078,2024-11-07,34.00,PAID
CLM13368,3066,2095,2024-11-07,1710.00,PAID
CLM13369,1026,2026,2024-11-07,546.00,PAID
CLM13370,2462,2022,2024-11-07,72.00,PAID
CLM13371,2316,2115,2024-11-07,591.00,PAID
CLM13372,3133,2144,2024-11-07,326.00,PAID
CLM13373,2811,2111,2024-11-07,176.00,PAID
CLM13374,2828,2054,2024-11-07,193.00,PAID
CLM13375,1300,2110,2024-11-07,169.00,PAID
CLM13376,1809,2095,2024-11-07,124.00,PAID
CLM13377,1078,2064,2024-11-07,29.00,PAID
CLM13378,3318,2134,2024-11-07,181.00,PAID
CLM13379,2791,2121,2024-11-07,123.00,PAID
CLM13380,3256,2126,2024-11-07,183.00,PAID
CLM13381,2767,2104,2024-11-07,283.00,PAID
CLM13382,2556,2120,2024-11-07,47.00,PAID
CLM13383,2197,2142,2024-11-07,111.00,PAID
CLM13384,3204,2041,2024-11-07,229.00,PAID
CLM13385,1518,2019,2024-11-07,120.00,PAID
CLM13386,2639,2026,2024-11-07,193.00,PAID
CLM13387,3309,2116,2024-11-07,150.00,PAID
CLM13388,2325,2122,2024-11-07,154.00,PAID
CLM13389,1007,2122,2024-11-07,31.00,PAID
CLM13390,3312,2037,2024-11-07,54.00,PAID
CLM13391,1647,2104,2024-11-07,507.00,DENIED
CLM13392,1936,2130,2024-11-07,328.00,PAID
CLM13393,1820,2128,2024-11-07,299.00,PAID
CLM13394,2487,2112,2024-11-07,228.00,PAID
CLM13395,2252,2093,2024-11-07,45.00,PAID
CLM13396,1066,2111,2024-11-07,121.00,DENIED
CLM13397,1407,2023,2024-11-07,30.00,DENIED
CLM13398,2015,2106,2024-11-08,418.00,PAID
CLM13399,2359,2070,2024-11-08,52.00,PAID
CLM13400,2955,2044,2024-11-08,146.00,PAID
CLM13401,1616,2132,2024-11-08,2277.00,PAID
CLM13402,2484,2064,2024-11-08,210.00,PAID
CLM13403,3017,2073,2024-11-08,326.00,PAID
CLM13404,2945,2130,2024-11-08,348.00,PAID
CLM13405,2089,2073,2024-11-08,449.00,PAID
CLM13406,1503,2021,2024-11-08,136.00,PAID
CLM13407,1933,2105,2024-11-08,138.00,PAID
CLM13408,1305,2028,2024-11-08,202.00,PAID
CLM13409,2870,2122,2024-11-08,67.00,PAID
CLM13410,2703,2070,2024-11-08,92.00,PAID
CLM13411,2740,2123,2024-11-08,199.00,PAID
CLM13412,3113,2116,2024-11-08,97.00,PAID
CLM13413,1927,2068,2024-11-08,659.00,PAID
CLM13414,2584,2025,2024-11-08,60.00,PAID
CLM13415,2618,2127,2024-11-08,208.00,PAID
CLM13416,2943,2037,2024-11-08,52.00,PAID
CLM13417,1506,2014,2024-11-08,433.00,PAID
CLM13418,3486,2114,2024-11-08,35.00,PAID
CLM13419,3438,2086,2024-11-08,169.00,PAID
CLM13420,2709,2049,2024-11-08,123.00,PAID
CLM13421,2299,2023,2024-11-08,202.00,PAID
CLM13422,3108,2057,2024-11-08,360.00,PAID
CLM13423,3400,2129,2024-11-08,300.00,PAID
CLM13424,2717,2118,2024-11-08,123.00,PAID
CLM13425,2895,2105,2024-11-08,273.00,PAID
CLM13426,2609,2029,2024-11-08,162.00,PAID
CLM13427,2501,2039,2024-11-08,194.00,PAID
CLM13428,2859,2109,2024-11-08,138.00,PAID
CLM13429,1669,2137,2024-11-08,1033.00,PAID
CLM13430,3242,2108,2024-11-08,228.00,PAID
CLM13431,2827,2012,2024-11-08,265.00,DENIED
CLM13432,2857,2077,2024-11-08,87.00,PAID
CLM13433,3274,2091,2024-11-08,45.00,PAID
CLM13434,2795,2013,2024-11-08,125.00,PAID
CLM13435,2801,2046,2024-11-08,85.00,PAID
CLM13436,2813,2050,2024-11-08,170.00,PAID
CLM13437,1772,2120,2024-11-08,32.00,PAID
CLM13438,1515,2011,2024-11-09,126.00,PAID
CLM13439,2994,2085,2024-11-09,145.00,PAID
CLM13440,1786,2074,2024-11-09,299.00,PAID
CLM13441,1318,2002,2024-11-09,160.00,DENIED
CLM13442,1237,2011,2024-11-09,32.00,PAID
CLM13443,1160,2078,2024-11-09,30.00,PAID
CLM13444,1653,2005,2024-11-09,247.00,PAID
CLM13445,2523,2093,2024-11-09,164.00,PAID
CLM13446,3373,2045,2024-11-09,278.00,DENIED
CLM13447,1248,2046,2024-11-09,83.00,PAID
CLM13448,2409,2105,2024-11-09,142.00,PAID
CLM13449,3367,2088,2024-11-09,1030.00,DENIED
CLM13450,2862,2078,2024-11-09,29.00,PAID
CLM13451,1224,2071,2024-11-10,138.00,PAID
CLM13452,1930,2133,2024-11-10,35.00,PAID
CLM13453,3221,2033,2024-11-10,46.00,DENIED
CLM13454,3492,2049,2024-11-10,140.00,PAID
CLM13455,1310,2088,2024-11-10,151.00,PAID
CLM13456,2521,2129,2024-11-10,141.00,DENIED
CLM13457,1894,2132,2024-11-10,400.00,PAID
CLM13458,1313,2110,2024-11-10,73.00,PAID
CLM13459,3269,2111,2024-11-10,49.00,PAID
CLM13460,1967,2041,2024-11-10,120.00,PAID
CLM13461,2469,2071,2024-11-11,113.00,DENIED
CLM13462,1459,2048,2024-11-11,72.00,PAID
CLM13463,2771,2008,2024-11-11,309.00,PAID
CLM13464,1807,2115,2024-11-11,233.00,PAID
CLM13465,2188,2058,2024-11-11,463.00,PAID
CLM13466,1268,2068,2024-11-11,106.00,PAID
CLM13467,2501,2109,2024-11-11,173.00,PAID
CLM13468,1737,2073,2024-11-11,90.00,PAID
CLM13469,3084,2095,2024-11-11,1354.00,DENIED
CLM13470,2572,2078,2024-11-11,51.00,PAID
CLM13471,2867,2105,2024-11-11,145.00,PAID
CLM13472,2123,2134,2024-11-11,135.00,PAID
CLM13473,1648,2019,2024-11-11,85.00,PAID
CLM13474,3190,2040,2024-11-11,133.00,PAID
CLM13475,3268,2059,2024-11-11,425.00,DENIED
CLM13476,1624,2109,2024-11-11,46.00,PAID
CLM13477,2196,2029,2024-11-11,919.00,DENIED
CLM13478,1958,2078,2024-11-11,35.00,PAID
CLM13479,2064,2098,2024-11-11,134.00,PAID
CLM13480,1346,2068,2024-11-11,1126.00,PAID
CLM13481,2835,2038,2024-11-11,85.00,PAID
CLM13482,1903,2022,2024-11-11,147.00,PAID
CLM13483,1665,2113,2024-11-11,164.00,PAID
CLM13484,2276,2124,2024-11-11,57.00,PAID
CLM13485,3087,2044,2024-11-11,176.00,DENIED
CLM13486,2385,2004,2024-11-11,935.00,PAID
CLM13487,2819,2105,2024-11-11,130.00,PAID
CLM13488,2320,2098,2024-11-11,34.00,PAID
CLM13489,2770,2012,2024-11-11,248.00,PAID
CLM13490,2182,2143,2024-11-11,239.00,PAID
CLM13491,1012,2057,2024-11-11,138.00,PAID
CLM13492,2041,2084,2024-11-11,53.00,PAID
CLM13493,1705,2145,2024-11-11,127.00,PAID
CLM13494,1334,2041,2024-11-11,140.00,PAID
CLM13495,2281,2143,2024-11-11,466.00,DENIED
CLM13496,1822,2025,2024-11-11,72.00,PAID
CLM13497,3343,2065,2024-11-11,1587.00,PAID
CLM13498,1420,2109,2024-11-11,172.00,PAID
CLM13499,2435,2030,2024-11-12,33.00,PAID
CLM13500,3125,2045,2024-11-12,252.00,PAID
CLM13501,3117,2129,2024-11-12,129.00,PAID
CLM13502,2473,2076,2024-11-12,97.00,PAID
CLM13503,1037,2024,2024-11-12,142.00,PAID
CLM13504,1211,2104,2024-11-12,411.00,PAID
CLM13505,1735,2017,2024-11-12,33.00,PAID
CLM13506,1949,2001,2024-11-12,147.00,PAID
CLM13507,2621,2093,2024-11-12,91.00,PAID
CLM13508,2677,2104,2024-11-12,113.00,DENIED
CLM13509,2150,2066,2024-11-12,207.00,DENIED
CLM13510,3241,2025,2024-11-12,243.00,DENIED
CLM13511,2599,2087,2024-11-12,1260.00,PAID
CLM13512,3398,2126,2024-11-12,344.00,PAID
CLM13513,1992,2141,2024-11-12,80.00,PAID
CLM13514,2489,2065,2024-11-12,50.00,PAID
CLM13515,2927,2134,2024-11-12,172.00,PAID
CLM13516,2008,2126,2024-11-12,446.00,PAID
CLM13517,2995,2037,2024-11-12,49.00,PAID
CLM13518,3183,2079,2024-11-12,204.00,PAID
CLM13519,2803,2085,2024-11-12,280.00,PAID
CLM13520,1950,2085,2024-11-12,430.00,PAID
CLM13521,1382,2143,2024-11-12,142.00,DENIED
CLM13522,3419,2082,2024-11-12,227.00,PAID
CLM13523,1658,2034,2024-11-12,427.00,PAID
CLM13524,3301,2146,2024-11-12,280.00,PAID
CLM13525,1575,2115,2024-11-12,154.00,PAID
CLM13526,1070,2078,2024-11-12,221.00,PAID
CLM13527,1882,2122,2024-11-12,68.00,PAID
CLM13528,1563,2011,2024-11-12,68.00,PAID
CLM13529,1281,2100,2024-11-12,111.00,PAID
CLM13530,1539,2146,2024-11-13,103.00,PAID
CLM13531,1585,2093,2024-11-13,160.00,PAID
CLM13532,2527,2085,2024-11-13,151.00,PAID
CLM13533,2641,2068,2024-11-13,239.00,PAID
CLM13534,2016,2137,2024-11-13,167.00,DENIED
CLM13535,3035,2061,2024-11-13,366.00,PAID
CLM13536,2456,2147,2024-11-13,496.00,DENIED
CLM13537,2652,2022,2024-11-13,94.00,PAID
CLM13538,2370,2026,2024-11-13,204.00,PAID
CLM13539,2167,2102,2024-11-13,319.00,DENIED
CLM13540,3090,2010,2024-11-13,249.00,PAID
CLM13541,2534,2065,2024-11-13,104.00,PAID
CLM13542,2990,2020,2024-11-13,49.00,PAID
CLM13543,2134,2066,2024-11-13,335.00,PAID
CLM13544,3110,2037,2024-11-13,57.00,DENIED
CLM13545,1064,2064,2024-11-13,198.00,DENIED
CLM13546,1077,2023,2024-11-13,191.00,PAID
CLM13547,1762,2020,2024-11-13,194.00,PAID
CLM13548,2431,2060,2024-11-13,1326.00,PAID
CLM13549,1836,2046,2024-11-13,27.00,PAID
CLM13550,1624,2137,2024-11-13,590.00,PAID
CLM13551,2664,2071,2024-11-13,145.00,PAID
CLM13552,2599,2091,2024-11-13,56.00,PAID
CLM13553,1187,2056,2024-11-13,226.00,PAID
CLM13554,2581,2028,2024-11-13,400.00,PAID
CLM13555,1142,2097,2024-11-13,228.00,PAID
CLM13556,1988,2026,2024-11-13,414.00,PAID
CLM13557,3258,2111,2024-11-13,51.00,DENIED
CLM13558,1512,2025,2024-11-13,200.00,PAID
CLM13559,3412,2038,2024-11-13,52.00,PAID
CLM13560,1860,2037,2024-11-13,1733.00,PAID
CLM13561,3413,2020,2024-11-13,242.00,PAID
CLM13562,3171,2091,2024-11-13,34.00,PAID
CLM13563,2120,2019,2024-11-13,272.00,PAID
CLM13564,3029,2138,2024-11-13,3414.00,PAID
CLM13565,1912,2102,2024-11-13,333.00,PAID
CLM13566,1392,2115,2024-11-14,307.00,PAID
CLM13567,2788,2024,2024-11-14,150.00,PAID
CLM13568,1915,2085,2024-11-14,2522.00,PAID
CLM13569,1746,2073,2024-11-14,37.00,PAID
CLM13570,1353,2115,2024-11-14,127.00,PAID
CLM13571,2741,2096,2024-11-14,174.00,PAID
CLM13572,2961,2091,2024-11-14,64.00,PAID
CLM13573,1223,2073,2024-11-14,33.00,DENIED
CLM13574,2092,2005,2024-11-14,1593.00,PAID
CLM13575,1986,2140,2024-11-14,557.00,PAID
CLM13576,3223,2121,2024-11-14,124.00,PAID
CLM13577,3025,2130,2024-11-14,346.00,PAID
CLM13578,2405,2145,2024-11-14,162.00,PAID
CLM13579,3142,2139,2024-11-14,182.00,PAID
CLM13580,2396,2069,2024-11-14,143.00,PAID
CLM13581,1141,2078,2024-11-14,121.00,PAID
CLM13582,2683,2105,2024-11-14,1531.00,PAID
CLM13583,1972,2049,2024-11-14,269.00,PAID
CLM13584,2706,2002,2024-11-14,143.00,PAID
CLM13585,3102,2147,2024-11-14,183.00,DENIED
CLM13586,1070,2013,2024-11-14,231.00,DENIED
CLM13587,2525,2116,2024-11-14,134.00,PAID
CLM13588,2226,2074,2024-11-14,128.00,PAID
CLM13589,2293,2105,2024-11-14,168.00,PAID
CLM13590,3440,2005,2024-11-14,42.00,PAID
CLM13591,2027,2121,2024-11-14,149.00,PAID
CLM13592,3396,2044,2024-11-14,1121.00,PAID
CLM13593,3141,2137,2024-11-14,1088.00,PAID
CLM13594,3307,2015,2024-11-14,1879.00,PAID
CLM13595,3150,2089,2024-11-14,223.00,PAID
CLM13596,3444,2088,2024-11-14,971.00,PAID
CLM13597,1588,2121,2024-11-14,790.00,PAID
CLM13598,2729,2001,2024-11-14,30.00,PAID
CLM13599,3007,2147,2024-11-14,118.00,PAID
CLM13600,1509,2100,2024-11-14,1372.00,PAID
CLM13601,1815,2044,2024-11-14,135.00,DENIED
CLM13602,2063,2025,2024-11-14,34.00,PAID
CLM13603,1792,2088,2024-11-14,291.00,PAID
CLM13604,2192,2015,2024-11-15,122.00,PAID
CLM13605,2624,2088,2024-11-15,151.00,PAID
CLM13606,2592,2029,2024-11-15,1429.00,DENIED
CLM13607,3283,2081,2024-11-15,171.00,DENIED
CLM13608,1872,2004,2024-11-15,4877.00,PAID
CLM13609,1932,2092,2024-11-15,182.00,DENIED
CLM13610,3250,2111,2024-11-15,106.00,PAID
CLM13611,1238,2102,2024-11-15,439.00,PAID
CLM13612,3330,2069,2024-11-15,824.00,DENIED
CLM13613,1435,2050,2024-11-15,226.00,PAID
CLM13614,1967,2091,2024-11-15,126.00,PAID
CLM13615,1829,2071,2024-11-15,230.00,PAID
CLM13616,2412,2091,2024-11-15,28.00,DENIED
CLM13617,2556,2041,2024-11-15,282.00,PAID
CLM13618,3133,2103,2024-11-15,61.00,PAID
CLM13619,2278,2143,2024-11-15,142.00,PAID
CLM13620,2501,2070,2024-11-15,339.00,PAID
CLM13621,2826,2100,2024-11-15,1673.00,PAID
CLM13622,2336,2018,2024-11-15,41.00,PAID
CLM13623,2579,2137,2024-11-15,110.00,PAID
CLM13624,2268,2065,2024-11-15,164.00,PAID
CLM13625,1060,2121,2024-11-15,118.00,DENIED
CLM13626,1844,2139,2024-11-15,32.00,PAID
CLM13627,2148,2097,2024-11-15,119.00,PAID
CLM13628,2298,2139,2024-11-15,172.00,PAID
CLM13629,1045,2137,2024-11-15,1081.00,DENIED
CLM13630,3262,2133,2024-11-15,29.00,PAID
CLM13631,3253,2019,2024-11-15,50.00,PAID
CLM13632,2669,2132,2024-11-15,425.00,DENIED
CLM13633,2695,2143,2024-11-15,575.00,DENIED
CLM13634,3415,2130,2024-11-15,61.00,PAID
CLM13635,1215,2071,2024-11-15,138.00,DENIED
CLM13636,2355,2088,2024-11-15,1284.00,PAID
CLM13637,2301,2115,2024-11-15,140.00,DENIED
CLM13638,1024,2072,2024-11-15,178.00,PAID
CLM13639,1080,2119,2024-11-15,217.00,PAID
CLM13640,1289,2137,2024-11-15,1141.00,PAID
CLM13641,2638,2114,2024-11-15,247.00,PAID
CLM13642,1729,2137,2024-11-15,602.00,PAID
CLM13643,1048,2085,2024-11-15,1420.00,PAID
CLM13644,3318,2107,2024-11-15,39.00,PAID
CLM13645,1745,2085,2024-11-15,1351.00,PAID
CLM13646,2426,2071,2024-11-15,58.00,PAID
CLM13647,2888,2085,2024-11-15,1436.00,PAID
CLM13648,1891,2141,2024-11-16,32.00,PAID
CLM13649,2161,2085,2024-11-16,1641.00,PAID
CLM13650,1650,2080,2024-11-16,502.00,PAID
CLM13651,2156,2106,2024-11-16,33.00,PAID
CLM13652,1322,2102,2024-11-16,598.00,PAID
CLM13653,2152,2037,2024-11-16,1369.00,PAID
CLM13654,1154,2078,2024-11-16,65.00,PAID
CLM13655,3375,2049,2024-11-16,376.00,PAID
CLM13656,2132,2114,2024-11-16,221.00,PAID
CLM13657,1314,2002,2024-11-16,47.00,PAID
CLM13658,2519,2004,2024-11-16,283.00,PAID
CLM13659,3127,2027,2024-11-16,132.00,PAID
CLM13660,2251,2091,2024-11-16,150.00,PAID
CLM13661,1395,2023,2024-11-16,157.00,PAID
CLM13662,2043,2133,2024-11-16,495.00,PAID
CLM13663,2577,2082,2024-11-16,179.00,PAID
CLM13664,1741,2025,2024-11-16,165.00,PAID
CLM13665,2386,2108,2024-11-17,526.00,PAID
CLM13666,1772,2068,2024-11-17,545.00,PENDING
CLM13667,2130,2055,2024-11-17,326.00,PENDING
CLM13668,2135,2037,2024-11-17,125.00,PAID
CLM13669,1996,2044,2024-11-17,154.00,PENDING
CLM13670,1076,2033,2024-11-17,124.00,PAID
CLM13671,1141,2019,2024-11-17,82.00,PENDING
CLM13672,2881,2040,2024-11-17,118.00,PENDING
CLM13673,2789,2069,2024-11-17,129.00,PAID
CLM13674,3306,2042,2024-11-17,33.00,PENDING
CLM13675,1985,2080,2024-11-17,144.00,PENDING
CLM13676,2325,2017,2024-11-17,32.00,PENDING
CLM13677,2106,2125,2024-11-17,217.00,PENDING
CLM13678,2316,2112,2024-11-17,37.00,PENDING
CLM13679,1063,2095,2024-11-18,58.00,PENDING
CLM13680,1152,2085,2024-11-18,104.00,PENDING
CLM13681,2645,2137,2024-11-18,590.00,PAID
CLM13682,1231,2014,2024-11-18,117.00,PENDING
CLM13683,1976,2073,2024-11-18,43.00,PAID
CLM13684,2608,2015,2024-11-18,115.00,PENDING
CLM13685,1212,2063,2024-11-18,206.00,PENDING
CLM13686,1550,2053,2024-11-18,43.00,PENDING
CLM13687,2449,2045,2024-11-18,563.00,PAID
CLM13688,3128,2085,2024-11-18,157.00,PENDING
CLM13689,2455,2049,2024-11-18,132.00,PAID
CLM13690,2338,2106,2024-11-18,184.00,PENDING
CLM13691,1174,2131,2024-11-18,50.00,PAID
CLM13692,1069,2042,2024-11-18,44.00,PENDING
CLM13693,1637,2071,2024-11-18,128.00,DENIED
CLM13694,3337,2063,2024-11-18,170.00,PAID
CLM13695,2862,2112,2024-11-18,36.00,PAID
CLM13696,2842,2103,2024-11-18,62.00,PAID
CLM13697,2312,2078,2024-11-18,39.00,PENDING
CLM13698,1029,2075,2024-11-18,32.00,PAID
CLM13699,1770,2131,2024-11-18,601.00,PENDING
CLM13700,1878,2071,2024-11-18,199.00,PENDING
CLM13701,3254,2091,2024-11-18,96.00,PENDING
CLM13702,3031,2138,2024-11-18,141.00,PENDING
CLM13703,2849,2015,2024-11-18,238.00,PAID
CLM13704,3224,2069,2024-11-18,1375.00,PENDING
CLM13705,3032,2140,2024-11-18,244.00,PENDING
CLM13706,2851,2081,2024-11-18,277.00,PENDING
CLM13707,1517,2138,2024-11-18,630.00,PAID
CLM13708,2586,2045,2024-11-18,120.00,PENDING
CLM13709,2873,2066,2024-11-18,32.00,PENDING
CLM13710,1152,2088,2024-11-18,275.00,PAID
CLM13711,2101,2095,2024-11-18,53.00,PENDING
CLM13712,1438,2137,2024-11-18,1271.00,PAID
CLM13713,1399,2137,2024-11-18,1407.00,PAID
CLM13714,1690,2130,2024-11-18,396.00,PENDING
CLM13715,1192,2037,2024-11-18,371.00,PENDING
CLM13716,2942,2005,2024-11-18,52.00,DENIED
CLM13717,2734,2109,2024-11-18,573.00,PAID
CLM13718,3326,2002,2024-11-19,347.00,PAID
CLM13719,1553,2002,2024-11-19,235.00,PAID
CLM13720,1426,2013,2024-11-19,128.00,PENDING
CLM13721,3165,2076,2024-11-19,39.00,PENDING
CLM13722,2640,2045,2024-11-19,4807.00,PAID
CLM13723,2162,2023,2024-11-19,185.00,PENDING
CLM13724,2806,2034,2024-11-19,43.00,PAID
CLM13725,2477,2065,2024-11-19,268.00,DENIED
CLM13726,1187,2029,2024-11-19,144.00,DENIED
CLM13727,1820,2110,2024-11-19,144.00,PENDING
CLM13728,1350,2092,2024-11-19,132.00,PENDING
CLM13729,3179,2003,2024-11-19,37.00,PAID
CLM13730,2505,2045,2024-11-19,264.00,DENIED
CLM13731,1936,2131,2024-11-19,198.00,PAID
CLM13732,1008,2097,2024-11-19,128.00,PENDING
CLM13733,1580,2071,2024-11-19,54.00,PENDING
CLM13734,1645,2019,2024-11-19,83.00,PAID
CLM13735,1539,2117,2024-11-19,219.00,PAID
CLM13736,3469,2082,2024-11-19,77.00,PENDING
CLM13737,2342,2131,2024-11-19,333.00,PAID
CLM13738,1295,2134,2024-11-19,39.00,PENDING
CLM13739,3020,2057,2024-11-19,58.00,PAID
CLM13740,1690,2137,2024-11-19,173.00,DENIED
CLM13741,1856,2141,2024-11-19,181.00,PENDING
CLM13742,3211,2082,2024-11-19,305.00,PENDING
CLM13743,3272,2015,2024-11-19,267.00,PENDING
CLM13744,2583,2137,2024-11-19,169.00,PAID
CLM13745,1168,2068,2024-11-19,1947.00,PAID
CLM13746,3225,2100,2024-11-19,134.00,PAID
CLM13747,1535,2103,2024-11-19,192.00,PAID
CLM13748,1224,2090,2024-11-19,4475.00,PAID
CLM13749,3473,2024,2024-11-19,934.00,PENDING
CLM13750,2859,2068,2024-11-19,967.00,PAID
CLM13751,3385,2020,2024-11-19,3465.00,PENDING
CLM13752,2382,2065,2024-11-19,58.00,PAID
CLM13753,1545,2147,2024-11-19,187.00,PAID
CLM13754,2241,2091,2024-11-19,187.00,PENDING
CLM13755,1067,2074,2024-11-19,253.00,PENDING
CLM13756,2860,2111,2024-11-19,32.00,PAID
CLM13757,3126,2042,2024-11-19,44.00,PAID
CLM13758,3199,2065,2024-11-19,192.00,PAID
CLM13759,3085,2109,2024-11-20,366.00,PENDING
CLM13760,1526,2053,2024-11-20,139.00,PAID
CLM13761,2507,2114,2024-11-20,41.00,PAID
CLM13762,3103,2131,2024-11-20,273.00,PENDING
CLM13763,1929,2088,2024-11-20,4914.00,PAID
CLM13764,3222,2050,2024-11-20,31.00,PENDING
CLM13765,1634,2092,2024-11-20,211.00,PAID
CLM13766,1126,2069,2024-11-20,5741.00,PENDING
CLM13767,3105,2068,2024-11-20,124.00,PAID
CLM13768,1964,2069,2024-11-20,143.00,PAID
CLM13769,3201,2063,2024-11-20,125.00,PAID
CLM13770,1927,2004,2024-11-20,1212.00,PAID
CLM13771,1746,2045,2024-11-20,138.00,PENDING
CLM13772,1782,2042,2024-11-20,138.00,PENDING
CLM13773,2394,2126,2024-11-20,290.00,PENDING
CLM13774,3382,2062,2024-11-20,126.00,PAID
CLM13775,1550,2071,2024-11-20,95.00,PENDING
CLM13776,2736,2096,2024-11-20,52.00,PAID
CLM13777,2816,2071,2024-11-20,58.00,PENDING
CLM13778,1980,2132,2024-11-20,1635.00,PAID
CLM13779,1074,2079,2024-11-20,269.00,PENDING
CLM13780,2780,2074,2024-11-20,163.00,PENDING
CLM13781,1094,2018,2024-11-20,455.00,PAID
CLM13782,2513,2039,2024-11-20,151.00,PENDING
CLM13783,2199,2059,2024-11-20,267.00,PENDING
CLM13784,3166,2040,2024-11-20,28.00,PENDING
CLM13785,1160,2137,2024-11-20,742.00,DENIED
CLM13786,1303,2068,2024-11-21,1147.00,PENDING
CLM13787,2612,2039,2024-11-21,284.00,PENDING
CLM13788,2505,2091,2024-11-21,37.00,PENDING
CLM13789,2877,2074,2024-11-21,534.00,PENDING
CLM13790,2958,2070,2024-11-21,179.00,PAID
CLM13791,1877,2047,2024-11-21,133.00,PENDING
CLM13792,2846,2078,2024-11-21,66.00,DENIED
CLM13793,3190,2034,2024-11-21,30.00,PENDING
CLM13794,2599,2082,2024-11-21,51.00,PAID
CLM13795,3119,2143,2024-11-21,301.00,PENDING
CLM13796,2550,2093,2024-11-21,84.00,PAID
CLM13797,1835,2024,2024-11-21,122.00,PENDING
CLM13798,2391,2068,2024-11-21,136.00,PAID
CLM13799,2727,2129,2024-11-21,232.00,PAID
CLM13800,3343,2075,2024-11-21,35.00,PAID
CLM13801,2300,2069,2024-11-21,143.00,DENIED
CLM13802,2757,2095,2024-11-21,137.00,PENDING
CLM13803,2773,2132,2024-11-21,269.00,PAID
CLM13804,3251,2053,2024-11-21,59.00,PAID
CLM13805,1318,2068,2024-11-21,1059.00,DENIED
CLM13806,1807,2052,2024-11-21,88.00,PENDING
CLM13807,2248,2013,2024-11-21,453.00,PENDING
CLM13808,3300,2110,2024-11-21,33.00,PAID
CLM13809,2264,2132,2024-11-21,2971.00,PAID
CLM13810,3074,2018,2024-11-21,137.00,PAID
CLM13811,3339,2068,2024-11-21,1288.00,PAID
CLM13812,1173,2003,2024-11-21,40.00,PENDING
CLM13813,1248,2024,2024-11-21,128.00,PAID
CLM13814,3429,2050,2024-11-21,35.00,PENDING
CLM13815,1556,2073,2024-11-21,34.00,PAID
CLM13816,2267,2102,2024-11-21,154.00,PENDING
CLM13817,2798,2010,2024-11-21,38.00,PAID
CLM13818,2488,2083,2024-11-21,71.00,PAID
CLM13819,3104,2100,2024-11-21,113.00,PAID
CLM13820,1174,2081,2024-11-21,114.00,PAID
CLM13821,1275,2093,2024-11-22,135.00,PENDING
CLM13822,3494,2088,2024-11-22,836.00,DENIED
CLM13823,2669,2041,2024-11-22,330.00,PAID
CLM13824,3322,2121,2024-11-22,1509.00,PENDING
CLM13825,1254,2098,2024-11-22,35.00,PENDING
CLM13826,1792,2071,2024-11-22,184.00,PENDING
CLM13827,2043,2106,2024-11-22,30.00,PAID
CLM13828,1600,2079,2024-11-22,125.00,DENIED
CLM13829,2360,2078,2024-11-22,136.00,PENDING
CLM13830,1730,2072,2024-11-22,32.00,PAID
CLM13831,3310,2065,2024-11-22,114.00,PENDING
CLM13832,2915,2064,2024-11-22,120.00,PAID
CLM13833,3385,2044,2024-11-22,140.00,PENDING
CLM13834,2511,2008,2024-11-22,85.00,PENDING
CLM13835,2928,2081,2024-11-22,181.00,PAID
CLM13836,3340,2008,2024-11-22,322.00,PAID
CLM13837,1965,2009,2024-11-22,44.00,PENDING
CLM13838,3445,2052,2024-11-22,137.00,PENDING
CLM13839,1439,2059,2024-11-22,205.00,PAID
CLM13840,2549,2101,2024-11-22,42.00,PAID
CLM13841,1336,2126,2024-11-22,138.00,PENDING
CLM13842,3208,2104,2024-11-22,252.00,DENIED
CLM13843,2977,2138,2024-11-22,72.00,PAID
CLM13844,2641,2114,2024-11-22,44.00,PAID
CLM13845,1086,2053,2024-11-22,157.00,PAID
CLM13846,1391,2135,2024-11-22,195.00,PAID
CLM13847,3298,2109,2024-11-22,59.00,PENDING
CLM13848,1255,2038,2024-11-22,77.00,PAID
CLM13849,2655,2105,2024-11-22,1402.00,PENDING
CLM13850,2855,2133,2024-11-22,37.00,PENDING
CLM13851,2778,2054,2024-11-22,49.00,PAID
CLM13852,1937,2140,2024-11-22,5604.00,PENDING
CLM13853,2284,2049,2024-11-22,284.00,PENDING
CLM13854,1256,2065,2024-11-22,175.00,PAID
CLM13855,2492,2046,2024-11-22,348.00,PENDING
CLM13856,2359,2118,2024-11-22,235.00,DENIED
CLM13857,1287,2025,2024-11-22,159.00,PENDING
CLM13858,1660,2020,2024-11-22,333.00,PENDING
CLM13859,3098,2084,2024-11-22,335.00,PENDING
CLM13860,2268,2024,2024-11-22,153.00,DENIED
CLM13861,1044,2139,2024-11-22,89.00,PAID
CLM13862,3407,2067,2024-11-22,195.00,PENDING
CLM13863,2826,2138,2024-11-22,531.00,PAID
CLM13864,2569,2140,2024-11-22,130.00,PAID
CLM13865,1208,2072,2024-11-22,153.00,PENDING
CLM13866,2579,2064,2024-11-22,308.00,PAID
CLM13867,2044,2140,2024-11-23,117.00,PAID
CLM13868,2625,2005,2024-11-23,615.00,PENDING
CLM13869,1104,2115,2024-11-23,145.00,PENDING
CLM13870,1171,2057,2024-11-23,166.00,PAID
CLM13871,3469,2069,2024-11-23,1410.00,PENDING
CLM13872,2727,2026,2024-11-23,62.00,PENDING
CLM13873,2910,2004,2024-11-23,5264.00,PAID
CLM13874,1716,2026,2024-11-23,290.00,PAID
CLM13875,2049,2092,2024-11-24,455.00,PENDING
CLM13876,3384,2122,2024-11-24,275.00,PAID
CLM13877,1646,2120,2024-11-24,132.00,PAID
CLM13878,2900,2086,2024-11-24,119.00,PAID
CLM13879,1604,2004,2024-11-24,276.00,PENDING
CLM13880,1718,2068,2024-11-24,126.00,PAID
CLM13881,3178,2015,2024-11-24,5185.00,PAID
CLM13882,3470,2030,2024-11-24,63.00,PAID
CLM13883,2604,2102,2024-11-25,135.00,PENDING
CLM13884,2662,2092,2024-11-25,124.00,DENIED
CLM13885,2929,2071,2024-11-25,118.00,PAID
CLM13886,1061,2085,2024-11-25,147.00,PAID
CLM13887,2988,2061,2024-11-25,175.00,PAID
CLM13888,2184,2105,2024-11-25,6100.00,PENDING
CLM13889,3386,2090,2024-11-25,219.00,PENDING
CLM13890,1774,2088,2024-11-25,120.00,PAID
CLM13891,1225,2145,2024-11-25,222.00,DENIED
CLM13892,2781,2127,2024-11-25,45.00,PENDING
CLM13893,1305,2103,2024-11-25,29.00,PAID
CLM13894,2442,2100,2024-11-25,132.00,PENDING
CLM13895,1669,2024,2024-11-25,146.00,PENDING
CLM13896,2390,2054,2024-11-25,156.00,PAID
CLM13897,1108,2023,2024-11-25,44.00,PENDING
CLM13898,2325,2065,2024-11-25,1643.00,PENDING
CLM13899,1061,2121,2024-11-25,316.00,DENIED
CLM13900,3117,2052,2024-11-25,129.00,PENDING
CLM13901,3250,2073,2024-11-25,43.00,PAID
CLM13902,1045,2072,2024-11-25,38.00,PAID
CLM13903,1291,2144,2024-11-25,263.00,PENDING
CLM13904,1222,2014,2024-11-25,94.00,PAID
CLM13905,1294,2072,2024-11-25,35.00,PAID
CLM13906,1073,2071,2024-11-25,160.00,PAID
CLM13907,1820,2127,2024-11-25,238.00,PAID
CLM13908,1538,2102,2024-11-25,153.00,PAID
CLM13909,3029,2067,2024-11-25,119.00,PENDING
CLM13910,1191,2001,2024-11-25,164.00,PENDING
CLM13911,1416,2009,2024-11-25,77.00,PAID
CLM13912,2688,2044,2024-11-25,1433.00,PENDING
CLM13913,1744,2059,2024-11-25,149.00,PAID
CLM13914,1946,2002,2024-11-25,42.00,PENDING
CLM13915,2602,2011,2024-11-25,57.00,PAID
CLM13916,2491,2012,2024-11-25,115.00,PENDING
CLM13917,1793,2062,2024-11-26,43.00,PAID
CLM13918,1134,2075,2024-11-26,83.00,PENDING
CLM13919,2256,2143,2024-11-26,325.00,PAID
CLM13920,1412,2068,2024-11-26,702.00,PAID
CLM13921,3194,2114,2024-11-26,73.00,PAID
CLM13922,2074,2014,2024-11-26,78.00,PENDING
CLM13923,3154,2118,2024-11-26,86.00,PAID
CLM13924,2692,2029,2024-11-26,1174.00,DENIED
CLM13925,3168,2091,2024-11-26,24.00,PENDING
CLM13926,1138,2085,2024-11-26,819.00,DENIED
CLM13927,1274,2002,2024-11-26,67.00,PENDING
CLM13928,3170,2087,2024-11-26,138.00,PAID
CLM13929,2582,2037,2024-11-26,123.00,PENDING
CLM13930,2185,2149,2024-11-26,73.00,PAID
CLM13931,2574,2017,2024-11-26,224.00,PAID
CLM13932,1470,2128,2024-11-26,43.00,PAID
CLM13933,2102,2029,2024-11-26,5465.00,PAID
CLM13934,1821,2145,2024-11-26,56.00,PENDING
CLM13935,3191,2150,2024-11-26,50.00,PENDING
CLM13936,1064,2071,2024-11-26,240.00,PAID
CLM13937,3102,2137,2024-11-26,504.00,PENDING
CLM13938,3236,2042,2024-11-26,504.00,PAID
CLM13939,1699,2074,2024-11-26,199.00,PAID
CLM13940,2412,2076,2024-11-26,345.00,DENIED
CLM13941,3089,2137,2024-11-26,1087.00,DENIED
CLM13942,1291,2045,2024-11-26,5518.00,DENIED
CLM13943,3346,2135,2024-11-26,385.00,PAID
CLM13944,2194,2089,2024-11-26,70.00,PAID
CLM13945,2635,2015,2024-11-26,5844.00,PAID
CLM13946,2679,2022,2024-11-26,28.00,PAID
CLM13947,1164,2066,2024-11-26,192.00,PENDING
CLM13948,2197,2023,2024-11-26,127.00,PAID
CLM13949,2714,2029,2024-11-26,173.00,PENDING
CLM13950,3057,2058,2024-11-26,453.00,PENDING
CLM13951,2613,2029,2024-11-26,1417.00,DENIED
CLM13952,2005,2038,2024-11-27,43.00,PENDING
CLM13953,3117,2060,2024-11-27,1365.00,PAID
CLM13954,3252,2090,2024-11-27,231.00,PENDING
CLM13955,2930,2085,2024-11-27,508.00,PENDING
CLM13956,1810,2053,2024-11-27,57.00,PENDING
CLM13957,1139,2081,2024-11-27,293.00,PENDING
CLM13958,3030,2022,2024-11-27,61.00,DENIED
CLM13959,2362,2137,2024-11-27,136.00,PENDING
CLM13960,2099,2124,2024-11-27,94.00,PENDING
CLM13961,3343,2074,2024-11-27,465.00,PAID
CLM13962,3382,2148,2024-11-27,209.00,PENDING
CLM13963,3166,2053,2024-11-27,209.00,PAID
CLM13964,1786,2045,2024-11-27,137.00,PAID
CLM13965,2501,2074,2024-11-27,404.00,PENDING
CLM13966,3190,2088,2024-11-27,1409.00,PENDING
CLM13967,2623,2140,2024-11-27,133.00,PAID
CLM13968,2909,2024,2024-11-27,134.00,PAID
CLM13969,3400,2019,2024-11-27,32.00,PAID
CLM13970,1919,2014,2024-11-27,122.00,PAID
CLM13971,1335,2014,2024-11-27,253.00,PAID
CLM13972,3388,2009,2024-11-27,186.00,PENDING
CLM13973,2236,2088,2024-11-27,949.00,DENIED
CLM13974,3203,2138,2024-11-27,139.00,PENDING
CLM13975,1871,2008,2024-11-27,28.00,PAID
CLM13976,2409,2044,2024-11-27,1173.00,PENDING
CLM13977,2025,2057,2024-11-27,52.00,PAID
CLM13978,1903,2121,2024-11-27,1201.00,PAID
CLM13979,1460,2094,2024-11-27,76.00,PAID
CLM13980,1450,2002,2024-11-27,275.00,PENDING
CLM13981,3029,2137,2024-11-27,245.00,PENDING
CLM13982,2474,2004,2024-11-27,141.00,PENDING
CLM13983,2193,2078,2024-11-27,130.00,PAID
CLM13984,1202,2088,2024-11-27,288.00,DENIED
CLM13985,2809,2110,2024-11-27,74.00,PENDING
CLM13986,3254,2067,2024-11-27,436.00,DENIED
CLM13987,3388,2124,2024-11-27,46.00,PAID
CLM13988,3463,2102,2024-11-27,325.00,DENIED
CLM13989,1750,2022,2024-11-27,29.00,PENDING
CLM13990,3380,2091,2024-11-27,82.00,PAID
CLM13991,2788,2046,2024-11-27,63.00,PAID
CLM13992,2765,2091,2024-11-27,52.00,DENIED
CLM13993,2005,2052,2024-11-27,47.00,DENIED
CLM13994,2892,2116,2024-11-27,119.00,PENDING
CLM13995,1277,2011,2024-11-27,235.00,PENDING
CLM13996,2423,2143,2024-11-27,149.00,PENDING
CLM13997,1812,2023,2024-11-27,222.00,PENDING
CLM13998,1241,2065,2024-11-27,50.00,PAID
CLM13999,2311,2088,2024-11-27,130.00,DENIED
CLM14000,1185,2042,2024-11-27,67.00,PAID
CLM14001,1976,2052,2024-11-27,491.00,PAID
CLM14002,1701,2068,2024-11-28,1271.00,PAID
CLM14003,1238,2016,2024-11-28,27.00,PENDING
CLM14004,3114,2087,2024-11-28,156.00,PAID
CLM14005,1177,2008,2024-11-28,180.00,PAID
CLM14006,2903,2104,2024-11-28,254.00,PENDING
CLM14007,2734,2122,2024-11-28,335.00,PAID
CLM14008,3131,2082,2024-11-28,43.00,PAID
CLM14009,1104,2085,2024-11-28,1514.00,PAID
CLM14010,2891,2047,2024-11-28,52.00,PENDING
CLM14011,1694,2116,2024-11-28,50.00,PENDING
CLM14012,2567,2084,2024-11-28,227.00,PAID
CLM14013,1450,2078,2024-11-28,62.00,PENDING
CLM14014,3198,2043,2024-11-28,139.00,PAID
CLM14015,2151,2055,2024-11-28,310.00,PAID
CLM14016,1286,2006,2024-11-28,423.00,PAID
CLM14017,2159,2065,2024-11-28,275.00,PAID
CLM14018,3438,2088,2024-11-28,5430.00,PENDING
CLM14019,2281,2115,2024-11-28,403.00,DENIED
CLM14020,1568,2129,2024-11-28,97.00,PAID
CLM14021,1285,2143,2024-11-28,134.00,PENDING
CLM14022,2657,2005,2024-11-28,191.00,PAID
CLM14023,1422,2018,2024-11-28,135.00,PAID
CLM14024,2946,2046,2024-11-28,52.00,PAID
CLM14025,2418,2077,2024-11-28,107.00,PAID
CLM14026,2909,2059,2024-11-28,143.00,PENDING
CLM14027,1958,2102,2024-11-28,157.00,PAID
CLM14028,2962,2030,2024-11-28,91.00,PAID
CLM14029,1428,2089,2024-11-28,196.00,PENDING
CLM14030,1453,2045,2024-11-28,261.00,PENDING
CLM14031,2137,2113,2024-11-28,117.00,PAID
CLM14032,1660,2138,2024-11-28,198.00,PAID
CLM14033,2732,2029,2024-11-28,1131.00,DENIED
CLM14034,2979,2006,2024-11-28,470.00,PENDING
CLM14035,2170,2144,2024-11-29,114.00,PENDING
CLM14036,2206,2087,2024-11-29,118.00,PAID
CLM14037,2179,2116,2024-11-29,200.00,PENDING
CLM14038,1753,2029,2024-11-29,833.00,PENDING
CLM14039,2598,2044,2024-11-29,166.00,PENDING
CLM14040,2074,2118,2024-11-29,133.00,PENDING
CLM14041,1031,2085,2024-11-29,425.00,PENDING
CLM14042,3346,2038,2024-11-29,148.00,PENDING
CLM14043,3461,2068,2024-11-29,291.00,PAID
CLM14044,2333,2078,2024-11-29,55.00,PENDING
CLM14045,1026,2103,2024-11-29,50.00,PENDING
CLM14046,1183,2105,2024-11-29,274.00,PENDING
CLM14047,1705,2061,2024-11-29,93.00,PENDING
CLM14048,3114,2024,2024-11-29,122.00,PAID
CLM14049,3222,2044,2024-11-29,148.00,PENDING
CLM14050,3448,2131,2024-11-29,322.00,PAID
CLM14051,2913,2019,2024-11-29,105.00,PAID
CLM14052,3017,2001,2024-11-29,130.00,PAID
CLM14053,2293,2028,2024-11-29,28.00,PAID
CLM14054,2790,2085,2024-11-29,602.00,PAID
CLM14055,2853,2004,2024-11-29,317.00,PENDING
CLM14056,2548,2107,2024-11-29,44.00,PENDING
CLM14057,2533,2128,2024-11-29,231.00,PENDING
CLM14058,1613,2137,2024-11-29,1050.00,PENDING
CLM14059,1618,2096,2024-11-29,94.00,PAID
CLM14060,2214,2137,2024-11-29,110.00,DENIED
CLM14061,2028,2137,2024-11-29,143.00,PENDING
CLM14062,1461,2059,2024-11-29,162.00,PENDING
CLM14063,2001,2061,2024-11-29,137.00,PAID
CLM14064,2079,2025,2024-11-29,207.00,PAID
CLM14065,2477,2102,2024-11-29,260.00,PAID
CLM14066,2037,2137,2024-11-29,511.00,PENDING
CLM14067,3461,2111,2024-11-29,118.00,PENDING
CLM14068,1503,2142,2024-11-29,85.00,PAID
CLM14069,1923,2112,2024-11-29,172.00,PAID
CLM14070,3438,2068,2024-11-29,273.00,PAID
CLM14071,3158,2137,2024-11-29,425.00,DENIED
CLM14072,3362,2041,2024-11-29,286.00,PENDING
CLM14073,1921,2126,2024-11-29,127.00,PENDING
CLM14074,2232,2040,2024-11-30,271.00,PENDING
CLM14075,2169,2122,2024-11-30,553.00,PENDING
CLM14076,1059,2108,2024-11-30,147.00,PENDING
CLM14077,1765,2081,2024-11-30,262.00,PAID
CLM14078,3475,2006,2024-11-30,120.00,PENDING
CLM14079,2167,2019,2024-11-30,84.00,PAID
CLM14080,1980,2029,2024-11-30,1458.00,PENDING
CLM14081,2353,2115,2024-11-30,162.00,PENDING
CLM14082,3411,2069,2024-11-30,159.00,PAID
CLM14083,1948,2024,2024-12-01,259.00,DENIED
CLM14084,3415,2069,2024-12-01,137.00,PENDING
CLM14085,3103,2126,2024-12-01,250.00,DENIED
CLM14086,2796,2005,2024-12-01,210.00,PENDING
CLM14087,2584,2046,2024-12-01,64.00,PENDING
CLM14088,2656,2127,2024-12-01,169.00,PENDING
CLM14089,2057,2039,2024-12-01,30.00,PAID
CLM14090,2968,2079,2024-12-01,239.00,PAID
CLM14091,1092,2104,2024-12-01,128.00,PAID
CLM14092,1328,2121,2024-12-01,1169.00,PAID
CLM14093,1256,2047,2024-12-01,31.00,PAID
CLM14094,2031,2046,2024-12-01,138.00,PENDING
CLM14095,1549,2131,2024-12-01,287.00,PENDING
CLM14096,2019,2085,2024-12-02,2096.00,PAID
CLM14097,2781,2052,2024-12-02,140.00,PENDING
CLM14098,1828,2071,2024-12-02,224.00,PENDING
CLM14099,1582,2133,2024-12-02,531.00,PENDING
CLM14100,2930,2022,2024-12-02,119.00,PENDING
CLM14101,3395,2080,2024-12-02,133.00,DENIED
CLM14102,1902,2026,2024-12-02,114.00,PAID
CLM14103,1956,2027,2024-12-02,111.00,PAID
CLM14104,2723,2045,2024-12-02,236.00,PAID
CLM14105,2796,2028,2024-12-02,49.00,PENDING
CLM14106,1001,2060,2024-12-02,1172.00,PAID
CLM14107,2583,2130,2024-12-02,253.00,PENDING
CLM14108,1795,2042,2024-12-02,244.00,PENDING
CLM14109,3029,2122,2024-12-02,31.00,PAID
CLM14110,3414,2020,2024-12-02,335.00,PENDING
CLM14111,2423,2042,2024-12-02,165.00,PAID
CLM14112,1100,2144,2024-12-02,179.00,PAID
CLM14113,2205,2027,2024-12-02,170.00,PENDING
CLM14114,2978,2109,2024-12-02,469.00,PENDING
CLM14115,3461,2043,2024-12-02,168.00,PAID
CLM14116,2643,2125,2024-12-02,84.00,PENDING
CLM14117,2044,2054,2024-12-02,128.00,PAID
CLM14118,2384,2142,2024-12-02,108.00,PENDING
CLM14119,1619,2115,2024-12-02,477.00,PENDING
CLM14120,2492,2015,2024-12-02,290.00,DENIED
CLM14121,1834,2135,2024-12-02,521.00,PAID
CLM14122,2292,2040,2024-12-02,135.00,PAID
CLM14123,2307,2028,2024-12-03,142.00,PENDING
CLM14124,1698,2021,2024-12-03,84.00,PENDING
CLM14125,1633,2066,2024-12-03,231.00,PAID
CLM14126,3253,2014,2024-12-03,130.00,PAID
CLM14127,1322,2069,2024-12-03,128.00,PENDING
CLM14128,1575,2143,2024-12-03,460.00,PAID
CLM14129,3114,2131,2024-12-03,43.00,PENDING
CLM14130,1176,2149,2024-12-03,164.00,PENDING
CLM14131,3407,2031,2024-12-03,121.00,PAID
CLM14132,2783,2050,2024-12-03,112.00,PAID
CLM14133,2848,2042,2024-12-03,315.00,DENIED
CLM14134,1349,2055,2024-12-03,292.00,PENDING
CLM14135,1527,2104,2024-12-03,5202.00,PAID
CLM14136,2406,2075,2024-12-03,318.00,DENIED
CLM14137,2580,2027,2024-12-03,237.00,PAID
CLM14138,3342,2128,2024-12-03,241.00,PAID
CLM14139,1265,2103,2024-12-03,191.00,PAID
CLM14140,1461,2040,2024-12-03,80.00,PAID
CLM14141,2032,2092,2024-12-03,47.00,PENDING
CLM14142,1772,2137,2024-12-03,814.00,PAID
CLM14143,3500,2088,2024-12-03,1301.00,PENDING
CLM14144,1905,2029,2024-12-03,278.00,PENDING
CLM14145,1616,2071,2024-12-03,101.00,DENIED
CLM14146,1112,2085,2024-12-03,1555.00,PAID
CLM14147,2903,2024,2024-12-03,2213.00,PENDING
CLM14148,1769,2019,2024-12-03,128.00,PAID
CLM14149,2766,2082,2024-12-03,146.00,PENDING
CLM14150,2331,2126,2024-12-03,155.00,DENIED
CLM14151,1515,2068,2024-12-03,1045.00,PENDING
CLM14152,3444,2065,2024-12-03,95.00,PENDING
CLM14153,2203,2075,2024-12-03,247.00,PAID
CLM14154,1412,2004,2024-12-03,158.00,PAID
CLM14155,1607,2045,2024-12-03,114.00,PAID
CLM14156,2714,2073,2024-12-03,246.00,PAID
CLM14157,1488,2025,2024-12-03,97.00,PAID
CLM14158,3073,2118,2024-12-03,345.00,PENDING
CLM14159,3305,2139,2024-12-04,106.00,PAID
CLM14160,3270,2096,2024-12-04,79.00,DENIED
CLM14161,3384,2068,2024-12-04,165.00,PENDING
CLM14162,1624,2120,2024-12-04,52.00,PAID
CLM14163,1836,2032,2024-12-04,85.00,PAID
CLM14164,2969,2076,2024-12-04,35.00,PENDING
CLM14165,1175,2021,2024-12-04,550.00,PAID
CLM14166,2239,2086,2024-12-04,55.00,PENDING
CLM14167,2973,2059,2024-12-04,255.00,PENDING
CLM14168,3194,2149,2024-12-04,181.00,DENIED
CLM14169,3102,2064,2024-12-04,33.00,PENDING
CLM14170,2595,2102,2024-12-04,450.00,DENIED
CLM14171,1930,2143,2024-12-04,342.00,PAID
CLM14172,1654,2059,2024-12-04,312.00,PAID
CLM14173,2394,2140,2024-12-04,386.00,DENIED
CLM14174,3294,2116,2024-12-04,125.00,PAID
CLM14175,1717,2051,2024-12-04,39.00,PENDING
CLM14176,1439,2021,2024-12-04,41.00,PENDING
CLM14177,2342,2057,2024-12-04,454.00,PENDING
CLM14178,3339,2008,2024-12-04,162.00,PENDING
CLM14179,1997,2144,2024-12-04,136.00,PENDING
CLM14180,1197,2015,2024-12-04,246.00,PAID
CLM14181,2666,2137,2024-12-04,176.00,PAID
CLM14182,3428,2044,2024-12-04,5166.00,DENIED
CLM14183,3443,2029,2024-12-04,175.00,PAID
CLM14184,2141,2014,2024-12-04,76.00,PAID
CLM14185,2771,2018,2024-12-04,286.00,PAID
CLM14186,2283,2130,2024-12-04,28.00,PENDING
CLM14187,1216,2075,2024-12-04,28.00,PAID
CLM14188,2328,2044,2024-12-04,1168.00,PAID
CLM14189,2282,2088,2024-12-04,142.00,PAID
CLM14190,2413,2137,2024-12-04,838.00,PAID
CLM14191,1096,2137,2024-12-04,751.00,PENDING
CLM14192,3198,2143,2024-12-04,166.00,PAID
CLM14193,3401,2064,2024-12-05,528.00,PAID
CLM14194,2871,2086,2024-12-05,83.00,PAID
CLM14195,1680,2139,2024-12-05,171.00,PENDING
CLM14196,1693,2106,2024-12-05,27.00,PENDING
CLM14197,3159,2068,2024-12-05,126.00,PENDING
CLM14198,3294,2081,2024-12-05,200.00,PENDING
CLM14199,3356,2143,2024-12-05,266.00,PAID
CLM14200,1364,2013,2024-12-05,227.00,PAID
CLM14201,1013,2137,2024-12-05,269.00,PENDING
CLM14202,1291,2071,2024-12-05,246.00,PENDING
CLM14203,1406,2002,2024-12-05,294.00,PAID
CLM14204,1760,2084,2024-12-05,52.00,PENDING
CLM14205,2658,2039,2024-12-05,308.00,PAID
CLM14206,2116,2018,2024-12-05,100.00,PAID
CLM14207,2385,2133,2024-12-05,248.00,PENDING
CLM14208,2618,2123,2024-12-05,32.00,PAID
CLM14209,2554,2013,2024-12-05,127.00,PAID
CLM14210,2642,2083,2024-12-05,197.00,PENDING
CLM14211,3446,2129,2024-12-05,120.00,PENDING
CLM14212,1504,2085,2024-12-05,126.00,PENDING
CLM14213,1371,2137,2024-12-05,632.00,DENIED
CLM14214,1961,2042,2024-12-05,171.00,PENDING
CLM14215,1447,2065,2024-12-05,146.00,PENDING
CLM14216,1906,2150,2024-12-05,217.00,PENDING
CLM14217,2957,2048,2024-12-05,76.00,DENIED
CLM14218,1092,2150,2024-12-05,30.00,PENDING
CLM14219,2793,2084,2024-12-05,54.00,PENDING
CLM14220,2445,2004,2024-12-05,296.00,PAID
CLM14221,2326,2074,2024-12-05,242.00,PENDING
CLM14222,1211,2025,2024-12-05,34.00,PAID
CLM14223,2502,2038,2024-12-05,264.00,PAID
CLM14224,2491,2101,2024-12-05,125.00,PENDING
CLM14225,2162,2073,2024-12-05,213.00,PAID
CLM14226,2922,2045,2024-12-05,243.00,PAID
CLM14227,1730,2029,2024-12-05,6182.00,PENDING
CLM14228,1380,2130,2024-12-05,211.00,PAID
CLM14229,1066,2045,2024-12-05,132.00,PENDING
CLM14230,3301,2095,2024-12-05,50.00,PENDING
CLM14231,2501,2077,2024-12-05,56.00,PAID
CLM14232,2926,2048,2024-12-05,3333.00,PENDING
CLM14233,3283,2053,2024-12-05,105.00,PAID
CLM14234,3233,2024,2024-12-05,167.00,DENIED
CLM14235,1639,2038,2024-12-05,84.00,PAID
CLM14236,1079,2022,2024-12-06,68.00,PAID
CLM14237,1757,2094,2024-12-06,463.00,PAID
CLM14238,1196,2135,2024-12-06,215.00,PAID
CLM14239,2358,2030,2024-12-06,50.00,PAID
CLM14240,2323,2034,2024-12-06,32.00,PENDING
CLM14241,2988,2084,2024-12-06,130.00,PAID
CLM14242,3307,2071,2024-12-06,82.00,DENIED
CLM14243,1872,2077,2024-12-06,25.00,PAID
CLM14244,2975,2124,2024-12-06,135.00,PAID
CLM14245,2264,2092,2024-12-06,243.00,PAID
CLM14246,2942,2078,2024-12-06,34.00,PENDING
CLM14247,1471,2070,2024-12-06,227.00,DENIED
CLM14248,1668,2069,2024-12-06,142.00,DENIED
CLM14249,2053,2054,2024-12-06,33.00,PENDING
CLM14250,2310,2065,2024-12-06,51.00,PAID
CLM14251,2178,2132,2024-12-06,48.00,PENDING
CLM14252,1615,2065,2024-12-06,102.00,PAID
CLM14253,2727,2064,2024-12-06,72.00,PAID
CLM14254,2473,2074,2024-12-06,352.00,PENDING
CLM14255,2550,2020,2024-12-06,2206.00,PENDING
CLM14256,1880,2089,2024-12-06,69.00,PAID
CLM14257,1538,2130,2024-12-06,267.00,PENDING
CLM14258,2301,2078,2024-12-06,28.00,PENDING
CLM14259,2726,2107,2024-12-06,313.00,PAID
CLM14260,2487,2111,2024-12-06,136.00,PAID
CLM14261,1686,2146,2024-12-06,43.00,PAID
CLM14262,2679,2020,2024-12-06,50.00,PAID
CLM14263,2217,2082,2024-12-06,29.00,DENIED
CLM14264,1373,2024,2024-12-06,324.00,PENDING
CLM14265,1105,2008,2024-12-06,416.00,PAID
CLM14266,1076,2121,2024-12-06,172.00,PAID
CLM14267,3358,2068,2024-12-06,1384.00,DENIED
CLM14268,2211,2001,2024-12-06,171.00,PAID
CLM14269,2253,2114,2024-12-06,129.00,PENDING
CLM14270,2567,2112,2024-12-06,370.00,PENDING
CLM14271,2566,2137,2024-12-06,1179.00,PAID
CLM14272,2436,2045,2024-12-06,400.00,PENDING
CLM14273,1087,2004,2024-12-06,6597.00,PENDING
CLM14274,1709,2023,2024-12-06,278.00,PAID
CLM14275,3250,2135,2024-12-07,135.00,PAID
CLM14276,3207,2068,2024-12-07,115.00,PAID
CLM14277,1117,2085,2024-12-07,607.00,PAID
CLM14278,1109,2065,2024-12-07,300.00,PAID
CLM14279,3418,2045,2024-12-07,129.00,DENIED
CLM14280,2096,2085,2024-12-07,107.00,PAID
CLM14281,1053,2054,2024-12-07,351.00,PENDING
CLM14282,3080,2037,2024-12-07,221.00,PAID
CLM14283,1614,2056,2024-12-07,604.00,PENDING
CLM14284,1321,2086,2024-12-07,102.00,PAID
CLM14285,2223,2052,2024-12-07,145.00,DENIED
CLM14286,2821,2092,2024-12-07,111.00,PENDING
CLM14287,2533,2068,2024-12-08,1083.00,DENIED
CLM14288,1303,2038,2024-12-08,27.00,PENDING
CLM14289,2484,2133,2024-12-08,31.00,PENDING
CLM14290,1441,2004,2024-12-08,910.00,PAID
CLM14291,3106,2129,2024-12-08,34.00,PENDING
CLM14292,2415,2056,2024-12-08,64.00,PENDING
CLM14293,2185,2120,2024-12-08,63.00,PAID
CLM14294,1376,2013,2024-12-08,120.00,PAID
CLM14295,1223,2137,2024-12-08,547.00,PAID
CLM14296,3103,2105,2024-12-08,153.00,PENDING
CLM14297,1336,2087,2024-12-08,135.00,PAID
CLM14298,1547,2105,2024-12-08,137.00,DENIED
CLM14299,2299,2115,2024-12-08,152.00,PAID
CLM14300,3351,2104,2024-12-09,262.00,PAID
CLM14301,3272,2149,2024-12-09,137.00,PAID
CLM14302,2668,2137,2024-12-09,783.00,PAID
CLM14303,3474,2081,2024-12-09,322.00,PAID
CLM14304,1544,2009,2024-12-09,121.00,PENDING
CLM14305,3437,2082,2024-12-09,119.00,PENDING
CLM14306,1248,2073,2024-12-09,187.00,PENDING
CLM14307,1823,2036,2024-12-09,171.00,PAID
CLM14308,1748,2019,2024-12-09,132.00,PAID
CLM14309,2471,2102,2024-12-09,204.00,PAID
CLM14310,1447,2042,2024-12-09,66.00,PENDING
CLM14311,1795,2105,2024-12-09,141.00,DENIED
CLM14312,2261,2065,2024-12-09,243.00,PAID
CLM14313,3412,2143,2024-12-09,172.00,DENIED
CLM14314,3272,2037,2024-12-09,98.00,PAID
CLM14315,1982,2044,2024-12-09,5464.00,DENIED
CLM14316,1835,2100,2024-12-09,116.00,PENDING
CLM14317,2602,2078,2024-12-09,70.00,PAID
CLM14318,2356,2050,2024-12-09,33.00,PAID
CLM14319,1937,2061,2024-12-09,125.00,PENDING
CLM14320,2445,2025,2024-12-09,529.00,DENIED
CLM14321,2006,2121,2024-12-09,278.00,DENIED
CLM14322,2420,2054,2024-12-09,124.00,PENDING
CLM14323,2818,2045,2024-12-09,124.00,PAID
CLM14324,3110,2054,2024-12-09,32.00,PENDING
CLM14325,3397,2140,2024-12-09,1799.00,PENDING
CLM14326,1504,2072,2024-12-09,172.00,PAID
CLM14327,2065,2115,2024-12-09,359.00,PAID
CLM14328,2302,2071,2024-12-09,145.00,PAID
CLM14329,1454,2060,2024-12-09,46.00,DENIED
CLM14330,1408,2144,2024-12-09,130.00,PENDING
CLM14331,1504,2124,2024-12-09,49.00,PAID
CLM14332,3462,2142,2024-12-09,231.00,PAID
CLM14333,2012,2102,2024-12-09,269.00,PENDING
CLM14334,2487,2018,2024-12-09,323.00,PAID
CLM14335,2135,2140,2024-12-10,235.00,PAID
CLM14336,1931,2145,2024-12-10,477.00,PENDING
CLM14337,1689,2068,2024-12-10,1255.00,PAID
CLM14338,1447,2137,2024-12-10,1358.00,DENIED
CLM14339,2254,2053,2024-12-10,304.00,PAID
CLM14340,1915,2013,2024-12-10,120.00,PENDING
CLM14341,1163,2036,2024-12-10,427.00,PAID
CLM14342,1198,2004,2024-12-10,1359.00,DENIED
CLM14343,3347,2140,2024-12-10,116.00,PAID
CLM14344,3274,2015,2024-12-10,239.00,PENDING
CLM14345,2055,2018,2024-12-10,97.00,PENDING
CLM14346,2991,2086,2024-12-10,57.00,PAID
CLM14347,2177,2029,2024-12-10,152.00,PENDING
CLM14348,1495,2068,2024-12-10,932.00,PENDING
CLM14349,2057,2093,2024-12-10,84.00,DENIED
CLM14350,1967,2033,2024-12-10,223.00,PAID
CLM14351,2729,2073,2024-12-10,413.00,PENDING
CLM14352,2765,2042,2024-12-10,39.00,PENDING
CLM14353,3144,2100,2024-12-10,122.00,PAID
CLM14354,2644,2087,2024-12-10,132.00,PAID
CLM14355,1724,2060,2024-12-10,50.00,PENDING
CLM14356,3132,2054,2024-12-10,258.00,PAID
CLM14357,2284,2067,2024-12-10,208.00,PENDING
CLM14358,3232,2149,2024-12-10,42.00,PENDING
CLM14359,2173,2111,2024-12-10,197.00,PENDING
CLM14360,1291,2092,2024-12-10,42.00,PENDING
CLM14361,1765,2018,2024-12-10,125.00,PAID
CLM14362,1642,2044,2024-12-10,147.00,PENDING
CLM14363,3128,2095,2024-12-10,52.00,PAID
CLM14364,1314,2034,2024-12-10,245.00,PAID
CLM14365,2945,2100,2024-12-11,119.00,PENDING
CLM14366,2675,2109,2024-12-11,235.00,PAID
CLM14367,2331,2087,2024-12-11,168.00,PENDING
CLM14368,1612,2043,2024-12-11,211.00,PAID
CLM14369,2730,2095,2024-12-11,89.00,PAID
CLM14370,2231,2078,2024-12-11,97.00,PAID
CLM14371,2379,2057,2024-12-11,280.00,DENIED
CLM14372,1343,2033,2024-12-11,223.00,PAID
CLM14373,1764,2114,2024-12-11,136.00,PAID
CLM14374,3110,2104,2024-12-11,121.00,PENDING
CLM14375,2168,2104,2024-12-11,260.00,PENDING
CLM14376,2542,2053,2024-12-11,27.00,PAID
CLM14377,2917,2038,2024-12-11,64.00,PENDING
CLM14378,2472,2129,2024-12-11,34.00,PENDING
CLM14379,1618,2115,2024-12-11,256.00,PENDING
CLM14380,1575,2137,2024-12-11,173.00,PAID
CLM14381,1943,2015,2024-12-11,521.00,PENDING
CLM14382,2294,2052,2024-12-11,421.00,PAID
CLM14383,3479,2038,2024-12-11,128.00,PENDING
CLM14384,2613,2126,2024-12-11,155.00,PENDING
CLM14385,2211,2031,2024-12-11,119.00,PENDING
CLM14386,2917,2029,2024-12-11,124.00,PENDING
CLM14387,3279,2102,2024-12-11,250.00,PENDING
CLM14388,3148,2004,2024-12-11,4768.00,PAID
CLM14389,3133,2017,2024-12-11,203.00,PAID
CLM14390,3036,2019,2024-12-11,121.00,PENDING
CLM14391,3329,2029,2024-12-11,133.00,DENIED
CLM14392,2850,2113,2024-12-11,182.00,PENDING
CLM14393,1062,2021,2024-12-11,135.00,PENDING
CLM14394,1543,2006,2024-12-11,253.00,PENDING
CLM14395,2421,2011,2024-12-11,32.00,PAID
CLM14396,2252,2111,2024-12-11,42.00,PAID
CLM14397,2961,2111,2024-12-11,268.00,PENDING
CLM14398,1625,2137,2024-12-11,103.00,PAID
CLM14399,1910,2014,2024-12-12,111.00,PENDING
CLM14400,1356,2062,2024-12-12,197.00,PENDING
CLM14401,1382,2052,2024-12-12,259.00,PENDING
CLM14402,1299,2096,2024-12-12,35.00,PENDING
CLM14403,2855,2149,2024-12-12,204.00,PAID
CLM14404,1252,2137,2024-12-12,283.00,PAID
CLM14405,2271,2009,2024-12-12,87.00,DENIED
CLM14406,2852,2052,2024-12-12,213.00,PENDING
CLM14407,2425,2011,2024-12-12,576.00,PENDING
CLM14408,1353,2100,2024-12-12,237.00,DENIED
CLM14409,2407,2112,2024-12-12,270.00,PENDING
CLM14410,2031,2140,2024-12-12,135.00,PAID
CLM14411,1263,2097,2024-12-12,147.00,PENDING
CLM14412,3330,2081,2024-12-12,109.00,PAID
CLM14413,2417,2061,2024-12-12,289.00,PAID
CLM14414,3154,2114,2024-12-12,222.00,PAID
CLM14415,2136,2137,2024-12-12,123.00,PENDING
CLM14416,1183,2078,2024-12-12,89.00,PENDING
CLM14417,3229,2078,2024-12-12,207.00,PENDING
CLM14418,1541,2144,2024-12-12,113.00,PAID
CLM14419,3465,2017,2024-12-12,67.00,PENDING
CLM14420,2623,2103,2024-12-12,131.00,PAID
CLM14421,1594,2043,2024-12-12,30.00,PAID
CLM14422,2356,2128,2024-12-12,174.00,PAID
CLM14423,1653,2137,2024-12-12,841.00,DENIED
CLM14424,1009,2087,2024-12-12,1313.00,PAID
CLM14425,3340,2023,2024-12-12,58.00,PENDING
CLM14426,3413,2150,2024-12-12,135.00,PENDING
CLM14427,1807,2120,2024-12-12,45.00,PENDING
CLM14428,1585,2004,2024-12-12,1049.00,PENDING
CLM14429,1183,2086,2024-12-12,53.00,PAID
CLM14430,1137,2121,2024-12-12,1261.00,DENIED
CLM14431,2379,2110,2024-12-13,49.00,PENDING
CLM14432,3023,2047,2024-12-13,194.00,PENDING
CLM14433,1335,2137,2024-12-13,658.00,PAID
CLM14434,2758,2100,2024-12-13,250.00,DENIED
CLM14435,2106,2085,2024-12-13,278.00,PAID
CLM14436,3403,2130,2024-12-13,172.00,PAID
CLM14437,1737,2016,2024-12-13,128.00,PAID
CLM14438,1625,2073,2024-12-13,297.00,PAID
CLM14439,3147,2004,2024-12-13,1204.00,PENDING
CLM14440,3476,2028,2024-12-13,170.00,PENDING
CLM14441,2372,2099,2024-12-13,131.00,PENDING
CLM14442,1688,2068,2024-12-13,244.00,PENDING
CLM14443,1833,2103,2024-12-13,63.00,PENDING
CLM14444,1308,2100,2024-12-13,231.00,PENDING
CLM14445,2814,2123,2024-12-13,83.00,PENDING
CLM14446,2612,2059,2024-12-13,210.00,PENDING
CLM14447,2943,2093,2024-12-13,110.00,PENDING
CLM14448,2501,2074,2024-12-13,192.00,PENDING
CLM14449,2973,2132,2024-12-13,53.00,DENIED
CLM14450,1555,2074,2024-12-13,365.00,PAID
CLM14451,2088,2073,2024-12-13,97.00,PENDING
CLM14452,3384,2132,2024-12-13,339.00,PAID
CLM14453,2417,2029,2024-12-13,129.00,DENIED
CLM14454,1351,2109,2024-12-13,552.00,PAID
CLM14455,3102,2085,2024-12-13,126.00,PENDING
CLM14456,2275,2048,2024-12-13,67.00,PENDING
CLM14457,1893,2037,2024-12-13,268.00,PENDING
CLM14458,3322,2068,2024-12-13,1242.00,PAID
CLM14459,2872,2067,2024-12-13,214.00,PENDING
CLM14460,1823,2116,2024-12-13,177.00,PENDING
CLM14461,2431,2121,2024-12-13,135.00,PENDING
CLM14462,2936,2150,2024-12-13,299.00,PENDING
CLM14463,2211,2005,2024-12-13,678.00,PENDING
CLM14464,2228,2124,2024-12-13,101.00,DENIED
CLM14465,3269,2147,2024-12-13,275.00,PAID
CLM14466,1864,2045,2024-12-13,114.00,DENIED
CLM14467,1070,2072,2024-12-13,55.00,PENDING
CLM14468,3272,2025,2024-12-13,422.00,PENDING
CLM14469,2695,2113,2024-12-13,137.00,PAID
CLM14470,1164,2073,2024-12-13,66.00,PAID
CLM14471,2590,2054,2024-12-13,255.00,PAID
CLM14472,3457,2021,2024-12-13,174.00,PAID
CLM14473,3160,2036,2024-12-13,300.00,DENIED
CLM14474,2548,2062,2024-12-13,224.00,PENDING
CLM14475,1618,2074,2024-12-13,382.00,PAID
CLM14476,2887,2064,2024-12-13,56.00,PENDING
CLM14477,3270,2069,2024-12-13,151.00,PENDING
CLM14478,1110,2074,2024-12-14,203.00,DENIED
CLM14479,3317,2085,2024-12-14,997.00,PAID
CLM14480,2313,2100,2024-12-14,229.00,PAID
CLM14481,3393,2105,2024-12-14,127.00,PENDING
CLM14482,1357,2081,2024-12-14,204.00,DENIED
CLM14483,3304,2105,2024-12-14,145.00,PENDING
CLM14484,1542,2113,2024-12-14,341.00,PAID
CLM14485,3163,2135,2024-12-14,203.00,DENIED
CLM14486,3303,2088,2024-12-14,138.00,DENIED
CLM14487,3109,2078,2024-12-14,44.00,DENIED
CLM14488,2248,2118,2024-12-14,37.00,PENDING
CLM14489,1412,2008,2024-12-14,59.00,PENDING
CLM14490,2016,2032,2024-12-14,47.00,PAID
CLM14491,1746,2017,2024-12-14,42.00,PAID
CLM14492,1398,2133,2024-12-14,44.00,PAID
CLM14493,1620,2015,2024-12-15,1481.00,PENDING
CLM14494,1319,2057,2024-12-15,124.00,PENDING
CLM14495,2378,2004,2024-12-15,137.00,PAID
CLM14496,2882,2109,2024-12-15,237.00,PAID
CLM14497,1349,2149,2024-12-15,206.00,PENDING
CLM14498,2963,2030,2024-12-15,138.00,PAID
CLM14499,3330,2006,2024-12-15,118.00,DENIED
CLM14500,2683,2084,2024-12-15,128.00,PENDING
CLM14501,1694,2076,2024-12-15,125.00,PENDING
CLM14502,2708,2019,2024-12-15,105.00,PAID
CLM14503,3241,2015,2024-12-15,245.00,PENDING
CLM14504,3320,2003,2024-12-15,427.00,PAID
CLM14505,2043,2100,2024-12-15,1830.00,DENIED
CLM14506,1579,2137,2024-12-15,1420.00,PENDING
CLM14507,1381,2044,2024-12-15,1279.00,DENIED
CLM14508,2520,2137,2024-12-15,111.00,PAID
CLM14509,2775,2056,2024-12-15,132.00,PENDING
CLM14510,1568,2100,2024-12-15,422.00,PENDING
CLM14511,2706,2088,2024-12-16,134.00,PENDING
CLM14512,1974,2069,2024-12-16,1638.00,DENIED
CLM14513,3052,2115,2024-12-16,283.00,PENDING
CLM14514,2609,2045,2024-12-16,218.00,PENDING
CLM14515,1514,2083,2024-12-16,210.00,PAID
CLM14516,2965,2081,2024-12-16,124.00,DENIED
CLM14517,3497,2037,2024-12-16,116.00,PAID
CLM14518,1384,2075,2024-12-16,69.00,PAID
CLM14519,1296,2041,2024-12-16,242.00,PAID
CLM14520,3083,2034,2024-12-16,244.00,PENDING
CLM14521,2771,2038,2024-12-16,172.00,PAID
CLM14522,2429,2027,2024-12-16,320.00,PAID
CLM14523,1704,2091,2024-12-16,28.00,PAID
CLM14524,3334,2132,2024-12-16,360.00,PENDING
CLM14525,1698,2015,2024-12-16,339.00,PAID
CLM14526,1375,2127,2024-12-16,230.00,PAID
CLM14527,2423,2018,2024-12-16,31.00,PENDING
CLM14528,1769,2057,2024-12-16,27.00,PENDING
CLM14529,2190,2053,2024-12-16,32.00,DENIED
CLM14530,2249,2014,2024-12-16,50.00,PENDING
CLM14531,2973,2126,2024-12-16,534.00,PAID
CLM14532,2727,2150,2024-12-16,76.00,PENDING
CLM14533,1057,2049,2024-12-16,349.00,PAID
CLM14534,1202,2005,2024-12-16,2238.00,DENIED
CLM14535,1137,2038,2024-12-16,28.00,PAID
CLM14536,2049,2011,2024-12-16,35.00,PAID
CLM14537,2578,2088,2024-12-16,1150.00,PENDING
CLM14538,2667,2093,2024-12-16,61.00,PAID
CLM14539,3424,2129,2024-12-16,171.00,PENDING
CLM14540,3080,2043,2024-12-16,169.00,DENIED
CLM14541,1248,2036,2024-12-16,292.00,PENDING
CLM14542,2972,2069,2024-12-16,4983.00,DENIED
CLM14543,2586,2131,2024-12-16,52.00,PAID
CLM14544,1577,2069,2024-12-16,262.00,PENDING
CLM14545,1248,2006,2024-12-16,127.00,PAID
CLM14546,3378,2135,2024-12-16,75.00,PAID
CLM14547,2884,2115,2024-12-16,292.00,DENIED
CLM14548,1102,2005,2024-12-16,49.00,PENDING
CLM14549,2678,2023,2024-12-16,392.00,PENDING
CLM14550,2941,2075,2024-12-16,69.00,PENDING
CLM14551,1031,2043,2024-12-16,156.00,PAID
CLM14552,3006,2103,2024-12-16,62.00,PENDING
CLM14553,1948,2143,2024-12-16,259.00,PAID
CLM14554,1302,2060,2024-12-16,631.00,DENIED
CLM14555,1267,2013,2024-12-16,1358.00,DENIED
CLM14556,1192,2068,2024-12-16,1318.00,PENDING
CLM14557,2032,2046,2024-12-16,138.00,PAID
CLM14558,3209,2066,2024-12-16,33.00,PENDING
CLM14559,2287,2041,2024-12-16,131.00,PENDING
CLM14560,1964,2044,2024-12-16,269.00,PENDING
CLM14561,2242,2117,2024-12-16,101.00,PENDING
CLM14562,2146,2055,2024-12-17,257.00,PAID
CLM14563,3457,2121,2024-12-17,286.00,DENIED
CLM14564,3230,2085,2024-12-17,126.00,PENDING
CLM14565,2383,2078,2024-12-17,91.00,PENDING
CLM14566,3132,2097,2024-12-17,28.00,PENDING
CLM14567,2350,2028,2024-12-17,144.00,PENDING
CLM14568,1760,2018,2024-12-17,208.00,PENDING
CLM14569,1474,2135,2024-12-17,3894.00,PAID
CLM14570,1349,2068,2024-12-17,105.00,PAID
CLM14571,3177,2068,2024-12-17,529.00,PAID
CLM14572,2371,2132,2024-12-17,52.00,PAID
CLM14573,3108,2015,2024-12-17,127.00,PENDING
CLM14574,2032,2074,2024-12-17,134.00,DENIED
CLM14575,2939,2075,2024-12-17,158.00,PAID
CLM14576,1502,2083,2024-12-17,301.00,DENIED
CLM14577,2154,2085,2024-12-17,667.00,PENDING
CLM14578,3427,2092,2024-12-17,212.00,PAID
CLM14579,2988,2024,2024-12-17,145.00,PENDING
CLM14580,1728,2118,2024-12-17,124.00,PENDING
CLM14581,3324,2121,2024-12-17,140.00,PENDING
CLM14582,1638,2079,2024-12-17,138.00,PENDING
CLM14583,2718,2100,2024-12-17,122.00,PENDING
CLM14584,2090,2137,2024-12-17,138.00,DENIED
CLM14585,1053,2020,2024-12-17,51.00,PENDING
CLM14586,1029,2071,2024-12-17,165.00,PAID
CLM14587,1723,2022,2024-12-17,34.00,PENDING
CLM14588,1487,2032,2024-12-17,287.00,PAID
CLM14589,3488,2091,2024-12-17,28.00,PENDING
CLM14590,3006,2037,2024-12-17,45.00,PAID
CLM14591,1580,2060,2024-12-17,362.00,PAID
CLM14592,1903,2055,2024-12-17,247.00,DENIED
CLM14593,2917,2021,2024-12-18,191.00,PAID
CLM14594,2975,2096,2024-12-18,33.00,PENDING
CLM14595,3227,2054,2024-12-18,80.00,PAID
CLM14596,1260,2070,2024-12-18,107.00,DENIED
CLM14597,1172,2004,2024-12-18,1152.00,PAID
CLM14598,2714,2047,2024-12-18,50.00,PAID
CLM14599,2026,2118,2024-12-18,136.00,PAID
CLM14600,2198,2144,2024-12-18,158.00,PAID
CLM14601,1799,2137,2024-12-18,1126.00,PAID
CLM14602,1671,2028,2024-12-18,29.00,PENDING
CLM14603,2263,2037,2024-12-18,1334.00,PAID
CLM14604,2732,2104,2024-12-18,5387.00,PENDING
CLM14605,2525,2005,2024-12-18,197.00,PAID
CLM14606,3094,2069,2024-12-18,2068.00,PENDING
CLM14607,2222,2029,2024-12-18,137.00,PENDING
CLM14608,1330,2061,2024-12-18,152.00,PENDING
CLM14609,3367,2136,2024-12-18,147.00,PENDING
CLM14610,2765,2106,2024-12-18,219.00,PENDING
CLM14611,2350,2004,2024-12-18,141.00,PENDING
CLM14612,2234,2016,2024-12-18,54.00,PAID
CLM14613,2789,2059,2024-12-18,198.00,PAID
CLM14614,2274,2071,2024-12-18,206.00,PAID
CLM14615,2990,2087,2024-12-18,1286.00,DENIED
CLM14616,3499,2020,2024-12-18,265.00,DENIED
CLM14617,1542,2102,2024-12-18,128.00,PENDING
CLM14618,2531,2143,2024-12-18,138.00,PENDING
CLM14619,1709,2060,2024-12-18,52.00,PAID
CLM14620,1563,2114,2024-12-18,202.00,PAID
CLM14621,2262,2126,2024-12-18,332.00,PENDING
CLM14622,1090,2005,2024-12-18,240.00,PENDING
CLM14623,1951,2133,2024-12-18,359.00,PENDING
CLM14624,3309,2074,2024-12-18,364.00,PENDING
CLM14625,1504,2100,2024-12-18,110.00,PAID
CLM14626,2989,2042,2024-12-19,125.00,PENDING
CLM14627,2342,2038,2024-12-19,119.00,PENDING
CLM14628,3346,2029,2024-12-19,4880.00,DENIED
CLM14629,2973,2142,2024-12-19,196.00,DENIED
CLM14630,1764,2026,2024-12-19,45.00,PENDING
CLM14631,2960,2140,2024-12-19,126.00,PENDING
CLM14632,3266,2131,2024-12-19,248.00,PENDING
CLM14633,1393,2071,2024-12-19,384.00,PAID
CLM14634,3232,2041,2024-12-19,317.00,PAID
CLM14635,1988,2084,2024-12-19,52.00,PENDING
CLM14636,2808,2010,2024-12-19,170.00,PAID
CLM14637,2115,2068,2024-12-19,982.00,PENDING
CLM14638,3443,2086,2024-12-19,112.00,PENDING
CLM14639,2718,2083,2024-12-19,381.00,PENDING
CLM14640,2975,2016,2024-12-19,251.00,PENDING
CLM14641,3300,2001,2024-12-19,84.00,PAID
CLM14642,3304,2087,2024-12-19,151.00,PAID
CLM14643,1065,2013,2024-12-19,1543.00,PAID
CLM14644,1581,2009,2024-12-19,32.00,PAID
CLM14645,2301,2034,2024-12-19,110.00,PAID
CLM14646,2172,2012,2024-12-19,176.00,PAID
CLM14647,1381,2069,2024-12-19,174.00,PENDING
CLM14648,1439,2097,2024-12-19,29.00,PAID
CLM14649,1601,2065,2024-12-19,238.00,PAID
CLM14650,3282,2143,2024-12-19,307.00,DENIED
CLM14651,3039,2043,2024-12-19,377.00,PAID
CLM14652,2574,2092,2024-12-19,337.00,PAID
CLM14653,2132,2001,2024-12-19,264.00,PAID
CLM14654,3074,2103,2024-12-19,321.00,PAID
CLM14655,2624,2017,2024-12-19,70.00,PAID
CLM14656,1089,2089,2024-12-19,147.00,PENDING
CLM14657,2514,2069,2024-12-19,168.00,PENDING
CLM14658,3434,2092,2024-12-19,246.00,PAID
CLM14659,1364,2064,2024-12-19,285.00,PENDING
CLM14660,1438,2005,2024-12-19,256.00,PAID
CLM14661,3003,2021,2024-12-19,190.00,PAID
CLM14662,1052,2068,2024-12-19,168.00,PAID
CLM14663,1802,2044,2024-12-19,126.00,PENDING
CLM14664,2108,2085,2024-12-19,108.00,PAID
CLM14665,2564,2050,2024-12-19,578.00,PAID
CLM14666,1902,2069,2024-12-20,4363.00,PENDING
CLM14667,1035,2022,2024-12-20,67.00,PENDING
CLM14668,2045,2024,2024-12-20,981.00,PENDING
CLM14669,2978,2017,2024-12-20,176.00,PENDING
CLM14670,2423,2087,2024-12-20,799.00,PENDING
CLM14671,2906,2083,2024-12-20,55.00,PENDING
CLM14672,2592,2055,2024-12-20,173.00,DENIED
CLM14673,2730,2094,2024-12-20,439.00,PAID
CLM14674,3143,2102,2024-12-20,356.00,PAID
CLM14675,2408,2147,2024-12-20,178.00,DENIED
CLM14676,2048,2075,2024-12-20,486.00,PENDING
CLM14677,3220,2050,2024-12-20,32.00,PAID
CLM14678,1722,2041,2024-12-20,119.00,PAID
CLM14679,1363,2150,2024-12-20,79.00,PENDING
CLM14680,1729,2039,2024-12-20,126.00,PENDING
CLM14681,1548,2019,2024-12-20,194.00,PAID
CLM14682,2706,2083,2024-12-20,195.00,PAID
CLM14683,1858,2015,2024-12-20,463.00,PAID
CLM14684,2848,2037,2024-12-20,192.00,PENDING
CLM14685,2149,2015,2024-12-20,1682.00,PENDING
CLM14686,1659,2064,2024-12-20,218.00,PAID
CLM14687,2762,2073,2024-12-20,89.00,PAID
CLM14688,1529,2001,2024-12-20,32.00,PENDING
CLM14689,1946,2112,2024-12-20,43.00,PAID
CLM14690,2241,2046,2024-12-20,83.00,PAID
CLM14691,2361,2029,2024-12-20,142.00,DENIED
CLM14692,1079,2085,2024-12-20,655.00,PENDING
CLM14693,2942,2040,2024-12-20,111.00,PENDING
CLM14694,3288,2076,2024-12-20,147.00,DENIED
CLM14695,1381,2053,2024-12-20,67.00,PAID
CLM14696,2331,2044,2024-12-20,135.00,PAID
CLM14697,2080,2062,2024-12-20,37.00,PENDING
CLM14698,3127,2041,2024-12-20,526.00,PENDING
CLM14699,2038,2097,2024-12-20,118.00,PAID
CLM14700,1008,2068,2024-12-20,139.00,PENDING
CLM14701,1338,2063,2024-12-20,191.00,PAID
CLM14702,1010,2077,2024-12-20,23.00,PAID
CLM14703,1637,2029,2024-12-21,123.00,DENIED
CLM14704,2744,2068,2024-12-21,795.00,PENDING
CLM14705,1039,2137,2024-12-21,116.00,PENDING
CLM14706,2799,2129,2024-12-21,83.00,PENDING
CLM14707,2567,2042,2024-12-21,151.00,DENIED
CLM14708,2213,2052,2024-12-21,62.00,PAID
CLM14709,2044,2078,2024-12-21,149.00,PENDING
CLM14710,3233,2142,2024-12-21,182.00,PAID
CLM14711,2268,2046,2024-12-21,220.00,PENDING
CLM14712,1245,2040,2024-12-21,323.00,PAID
CLM14713,1488,2122,2024-12-21,294.00,PAID
CLM14714,3387,2013,2024-12-21,257.00,PAID
CLM14715,2675,2073,2024-12-21,211.00,PAID
CLM14716,3173,2029,2024-12-22,142.00,DENIED
CLM14717,1816,2074,2024-12-22,158.00,PAID
CLM14718,2769,2085,2024-12-22,570.00,PAID
CLM14719,2839,2054,2024-12-22,52.00,PAID
CLM14720,2172,2085,2024-12-22,136.00,PAID
CLM14721,3397,2142,2024-12-22,31.00,PENDING
CLM14722,3315,2131,2024-12-22,221.00,PAID
CLM14723,2880,2038,2024-12-22,87.00,PENDING
CLM14724,2573,2035,2024-12-22,140.00,PENDING
CLM14725,1257,2132,2024-12-22,284.00,PAID
CLM14726,2708,2133,2024-12-22,34.00,PAID
CLM14727,1584,2008,2024-12-22,120.00,PAID
CLM14728,2775,2142,2024-12-23,145.00,DENIED
CLM14729,1287,2022,2024-12-23,26.00,PAID
CLM14730,2184,2033,2024-12-23,116.00,PAID
CLM14731,3443,2018,2024-12-23,238.00,PENDING
CLM14732,2489,2106,2024-12-23,345.00,PAID
CLM14733,1100,2047,2024-12-23,123.00,PENDING
CLM14734,1192,2088,2024-12-23,1539.00,DENIED
CLM14735,2138,2047,2024-12-23,161.00,PAID
CLM14736,3047,2057,2024-12-23,31.00,PENDING
CLM14737,2759,2148,2024-12-23,34.00,PAID
CLM14738,1190,2013,2024-12-23,256.00,DENIED
CLM14739,2593,2126,2024-12-23,322.00,PAID
CLM14740,3465,2096,2024-12-23,241.00,PENDING
CLM14741,2775,2054,2024-12-23,120.00,PAID
CLM14742,2282,2077,2024-12-23,167.00,PAID
CLM14743,2544,2004,2024-12-23,2437.00,PENDING
CLM14744,3358,2033,2024-12-23,29.00,PAID
CLM14745,1803,2060,2024-12-23,284.00,PAID
CLM14746,2895,2002,2024-12-23,341.00,PAID
CLM14747,2359,2085,2024-12-23,159.00,PENDING
CLM14748,3038,2114,2024-12-23,246.00,PAID
CLM14749,2934,2037,2024-12-23,128.00,PENDING
CLM14750,2640,2145,2024-12-23,351.00,PENDING
CLM14751,2611,2001,2024-12-23,85.00,PENDING
CLM14752,3463,2142,2024-12-23,121.00,DENIED
CLM14753,2512,2087,2024-12-23,151.00,PENDING
CLM14754,3063,2045,2024-12-23,274.00,PENDING
CLM14755,1548,2075,2024-12-23,202.00,PENDING
CLM14756,3428,2027,2024-12-23,133.00,PENDING
CLM14757,2342,2095,2024-12-23,125.00,PENDING
CLM14758,1479,2045,2024-12-23,345.00,PENDING
CLM14759,2605,2047,2024-12-23,76.00,PAID
CLM14760,2368,2083,2024-12-23,327.00,PENDING
CLM14761,3297,2096,2024-12-23,294.00,PENDING
CLM14762,1025,2109,2024-12-23,69.00,PAID
CLM14763,2383,2099,2024-12-24,211.00,PENDING
CLM14764,3336,2104,2024-12-24,268.00,PAID
CLM14765,3394,2088,2024-12-24,146.00,PENDING
CLM14766,3407,2034,2024-12-24,422.00,PENDING
CLM14767,2651,2023,2024-12-24,173.00,PAID
CLM14768,3245,2123,2024-12-24,35.00,PAID
CLM14769,2289,2055,2024-12-24,334.00,PAID
CLM14770,1820,2084,2024-12-24,269.00,PAID
CLM14771,3335,2038,2024-12-24,143.00,PAID
CLM14772,2296,2127,2024-12-24,76.00,PAID
CLM14773,2079,2143,2024-12-24,164.00,PAID
CLM14774,3101,2147,2024-12-24,488.00,DENIED
CLM14775,3306,2042,2024-12-24,69.00,DENIED
CLM14776,2724,2029,2024-12-24,158.00,PENDING
CLM14777,1837,2137,2024-12-24,600.00,PAID
CLM14778,2880,2051,2024-12-24,135.00,PENDING
CLM14779,2023,2008,2024-12-24,33.00,PENDING
CLM14780,2848,2025,2024-12-24,389.00,PENDING
CLM14781,2427,2072,2024-12-24,42.00,PAID
CLM14782,2049,2023,2024-12-24,263.00,PENDING
CLM14783,2807,2005,2024-12-24,50.00,PAID
CLM14784,3344,2137,2024-12-24,102.00,PENDING
CLM14785,1236,2103,2024-12-24,290.00,PAID
CLM14786,1135,2040,2024-12-24,279.00,PENDING
CLM14787,2419,2054,2024-12-24,95.00,PENDING
CLM14788,2562,2020,2024-12-24,53.00,PENDING
CLM14789,2913,2053,2024-12-24,617.00,PENDING
CLM14790,1555,2150,2024-12-24,277.00,PAID
CLM14791,1011,2004,2024-12-24,1323.00,PAID
CLM14792,3053,2078,2024-12-24,61.00,PENDING
CLM14793,2147,2077,2024-12-24,82.00,PAID
CLM14794,1195,2028,2024-12-24,126.00,PAID
CLM14795,2459,2112,2024-12-24,304.00,PENDING
CLM14796,2608,2040,2024-12-24,118.00,PENDING
CLM14797,1287,2142,2024-12-24,162.00,PAID
CLM14798,1595,2038,2024-12-24,112.00,PENDING
CLM14799,1078,2069,2024-12-24,858.00,PENDING
CLM14800,2520,2053,2024-12-24,457.00,PAID
CLM14801,2911,2132,2024-12-24,2890.00,PAID
CLM14802,1362,2045,2024-12-24,225.00,PAID
CLM14803,2745,2121,2024-12-24,138.00,DENIED
CLM14804,2500,2068,2024-12-25,1640.00,PENDING
CLM14805,1346,2015,2024-12-25,416.00,PAID
CLM14806,3156,2117,2024-12-25,114.00,PAID
CLM14807,2471,2130,2024-12-25,41.00,PAID
CLM14808,3129,2046,2024-12-25,51.00,DENIED
CLM14809,1706,2095,2024-12-25,253.00,PAID
CLM14810,2472,2105,2024-12-25,171.00,PAID
CLM14811,1052,2071,2024-12-25,47.00,DENIED
CLM14812,1463,2078,2024-12-25,29.00,PAID
CLM14813,2247,2022,2024-12-25,68.00,PAID
CLM14814,3118,2024,2024-12-25,1363.00,PENDING
CLM14815,1627,2036,2024-12-25,177.00,PENDING
CLM14816,2460,2145,2024-12-25,275.00,PENDING
CLM14817,3238,2023,2024-12-25,74.00,PENDING
CLM14818,2839,2083,2024-12-25,233.00,PAID
CLM14819,1784,2001,2024-12-25,188.00,PAID
CLM14820,1489,2085,2024-12-25,1014.00,PENDING
CLM14821,2000,2020,2024-12-25,273.00,PENDING
CLM14822,3238,2069,2024-12-25,169.00,PAID
CLM14823,1181,2038,2024-12-25,222.00,PAID
CLM14824,2049,2087,2024-12-25,863.00,PENDING
CLM14825,3407,2137,2024-12-25,261.00,PAID
CLM14826,3225,2082,2024-12-25,34.00,PENDING
CLM14827,1297,2043,2024-12-25,61.00,DENIED
CLM14828,1722,2075,2024-12-25,70.00,PAID
CLM14829,1408,2071,2024-12-25,102.00,PENDING
CLM14830,1289,2126,2024-12-25,340.00,PAID
CLM14831,2197,2142,2024-12-25,148.00,PAID
CLM14832,2263,2068,2024-12-25,1400.00,PENDING
CLM14833,1698,2097,2024-12-25,29.00,PENDING
CLM14834,2498,2102,2024-12-25,488.00,PENDING
CLM14835,1001,2065,2024-12-25,125.00,PAID
CLM14836,1015,2008,2024-12-25,111.00,PENDING
CLM14837,1267,2075,2024-12-25,75.00,PAID
CLM14838,1253,2146,2024-12-26,41.00,PENDING
CLM14839,1161,2118,2024-12-26,78.00,PENDING
CLM14840,2791,2066,2024-12-26,94.00,PENDING
CLM14841,3216,2130,2024-12-26,76.00,PAID
CLM14842,3118,2137,2024-12-26,108.00,PAID
CLM14843,3314,2099,2024-12-26,197.00,PAID
CLM14844,2225,2045,2024-12-26,1634.00,PENDING
CLM14845,1465,2090,2024-12-26,219.00,DENIED
CLM14846,1867,2043,2024-12-26,59.00,DENIED
CLM14847,2565,2126,2024-12-26,137.00,PAID
CLM14848,3479,2015,2024-12-26,235.00,PENDING
CLM14849,1184,2111,2024-12-26,142.00,PENDING
CLM14850,1632,2124,2024-12-26,30.00,PAID
CLM14851,1916,2109,2024-12-26,40.00,PAID
CLM14852,1764,2105,2024-12-26,148.00,PAID
CLM14853,1511,2068,2024-12-26,269.00,PENDING
CLM14854,2803,2087,2024-12-26,4788.00,PENDING
CLM14855,2422,2088,2024-12-26,126.00,PAID
CLM14856,2464,2045,2024-12-26,138.00,PENDING
CLM14857,1839,2048,2024-12-26,149.00,PAID
CLM14858,2487,2073,2024-12-26,312.00,PENDING
CLM14859,3003,2026,2024-12-26,275.00,PENDING
CLM14860,2863,2064,2024-12-26,46.00,PENDING
CLM14861,2475,2113,2024-12-26,147.00,PAID
CLM14862,2550,2068,2024-12-26,147.00,PAID
CLM14863,2010,2106,2024-12-26,184.00,PAID
CLM14864,2658,2020,2024-12-26,206.00,PAID
CLM14865,2524,2141,2024-12-26,43.00,DENIED
CLM14866,2266,2002,2024-12-26,225.00,PENDING
CLM14867,2150,2069,2024-12-26,297.00,DENIED
CLM14868,1563,2020,2024-12-26,43.00,PAID
CLM14869,3288,2001,2024-12-26,126.00,PAID
CLM14870,1537,2099,2024-12-26,136.00,PAID
CLM14871,1595,2102,2024-12-26,137.00,PENDING
CLM14872,3380,2133,2024-12-26,92.00,DENIED
CLM14873,1278,2129,2024-12-26,59.00,PAID
CLM14874,1613,2131,2024-12-26,240.00,PAID
CLM14875,3216,2149,2024-12-26,176.00,PENDING
CLM14876,1609,2012,2024-12-26,76.00,PAID
CLM14877,2802,2143,2024-12-26,297.00,DENIED
CLM14878,3499,2087,2024-12-26,122.00,DENIED
CLM14879,1349,2057,2024-12-26,57.00,DENIED
CLM14880,3286,2142,2024-12-26,152.00,PENDING
CLM14881,3176,2137,2024-12-27,115.00,PAID
CLM14882,2990,2011,2024-12-27,133.00,PENDING
CLM14883,1071,2087,2024-12-27,1002.00,PAID
CLM14884,2975,2068,2024-12-27,123.00,PENDING
CLM14885,2032,2145,2024-12-27,70.00,PAID
CLM14886,2951,2088,2024-12-27,1272.00,PAID
CLM14887,1788,2059,2024-12-27,315.00,PENDING
CLM14888,3065,2085,2024-12-27,256.00,PAID
CLM14889,1605,2034,2024-12-27,57.00,PENDING
CLM14890,2521,2019,2024-12-27,138.00,PAID
CLM14891,1126,2110,2024-12-27,164.00,PAID
CLM14892,1522,2025,2024-12-27,77.00,PAID
CLM14893,2473,2015,2024-12-27,266.00,PENDING
CLM14894,1774,2081,2024-12-27,110.00,PAID
CLM14895,1224,2040,2024-12-27,59.00,PAID
CLM14896,1250,2131,2024-12-27,289.00,PAID
CLM14897,1090,2013,2024-12-27,113.00,DENIED
CLM14898,1780,2037,2024-12-27,115.00,PAID
CLM14899,2991,2124,2024-12-27,152.00,PAID
CLM14900,1492,2048,2024-12-27,518.00,PENDING
CLM14901,1499,2033,2024-12-27,167.00,PAID
CLM14902,2733,2029,2024-12-27,1343.00,PENDING
CLM14903,3009,2068,2024-12-27,495.00,DENIED
CLM14904,1280,2130,2024-12-27,147.00,PAID
CLM14905,1490,2139,2024-12-27,40.00,PENDING
CLM14906,1248,2044,2024-12-27,1324.00,PENDING
CLM14907,1172,2064,2024-12-27,348.00,PENDING
CLM14908,1312,2131,2024-12-27,1126.00,PENDING
CLM14909,2791,2073,2024-12-28,39.00,PAID
CLM14910,2318,2058,2024-12-28,325.00,PAID
CLM14911,2697,2073,2024-12-28,38.00,PENDING
CLM14912,1337,2111,2024-12-28,123.00,PENDING
CLM14913,2928,2027,2024-12-28,174.00,PAID
CLM14914,1415,2060,2024-12-28,47.00,PENDING
CLM14915,2226,2038,2024-12-28,114.00,PAID
CLM14916,3083,2030,2024-12-28,276.00,PAID
CLM14917,2291,2114,2024-12-28,38.00,PAID
CLM14918,1379,2038,2024-12-28,50.00,PENDING
CLM14919,1433,2068,2024-12-28,137.00,PENDING
CLM14920,2072,2137,2024-12-28,590.00,PENDING
CLM14921,2678,2012,2024-12-29,181.00,PENDING
CLM14922,3236,2116,2024-12-29,127.00,PENDING
CLM14923,2342,2068,2024-12-29,114.00,DENIED
CLM14924,2994,2109,2024-12-29,244.00,PENDING
CLM14925,3467,2105,2024-12-29,1405.00,PAID
CLM14926,1328,2087,2024-12-29,1506.00,DENIED
CLM14927,1487,2099,2024-12-29,82.00,PENDING
CLM14928,3399,2018,2024-12-29,103.00,PENDING
CLM14929,2724,2022,2024-12-29,93.00,PAID
CLM14930,2705,2132,2024-12-29,405.00,PAID
CLM14931,1475,2017,2024-12-30,254.00,PENDING
CLM14932,3326,2068,2024-12-30,979.00,PENDING
CLM14933,1655,2105,2024-12-30,164.00,PAID
CLM14934,2790,2017,2024-12-30,41.00,PAID
CLM14935,3461,2132,2024-12-30,265.00,PAID
CLM14936,2239,2058,2024-12-30,148.00,PENDING
CLM14937,2721,2115,2024-12-30,191.00,DENIED
CLM14938,2065,2133,2024-12-30,334.00,PAID
CLM14939,1415,2112,2024-12-30,33.00,PENDING
CLM14940,2883,2031,2024-12-30,383.00,PENDING
CLM14941,1246,2015,2024-12-30,109.00,PAID
CLM14942,3000,2079,2024-12-30,82.00,PAID
CLM14943,1623,2024,2024-12-30,4784.00,DENIED
CLM14944,1287,2024,2024-12-30,4282.00,PAID
CLM14945,3167,2131,2024-12-30,52.00,PENDING
CLM14946,1059,2129,2024-12-30,48.00,PAID
CLM14947,1482,2018,2024-12-30,34.00,PAID
CLM14948,3446,2046,2024-12-30,45.00,PENDING
CLM14949,2403,2059,2024-12-30,137.00,PAID
CLM14950,2284,2037,2024-12-30,1730.00,PAID
CLM14951,1503,2115,2024-12-30,209.00,PAID
CLM14952,3176,2121,2024-12-30,984.00,DENIED
CLM14953,3086,2065,2024-12-30,216.00,PENDING
CLM14954,1705,2094,2024-12-30,411.00,PAID
CLM14955,3222,2025,2024-12-30,241.00,PENDING
CLM14956,2710,2109,2024-12-30,38.00,PAID
CLM14957,2169,2005,2024-12-30,232.00,PAID
CLM14958,1433,2011,2024-12-30,57.00,PAID
CLM14959,1808,2123,2024-12-30,126.00,PENDING
CLM14960,1534,2073,2024-12-30,29.00,PENDING
CLM14961,2235,2040,2024-12-30,53.00,PAID
CLM14962,1116,2045,2024-12-30,534.00,PENDING
CLM14963,2856,2104,2024-12-30,116.00,PAID
CLM14964,2276,2133,2024-12-30,369.00,DENIED
CLM14965,3459,2069,2024-12-30,172.00,DENIED
CLM14966,2107,2005,2024-12-30,3019.00,PENDING
CLM14967,1645,2005,2024-12-30,412.00,DENIED
CLM14968,2385,2065,2024-12-30,129.00,PAID
CLM14969,2960,2016,2024-12-30,30.00,PENDING
CLM14970,2277,2104,2024-12-30,128.00,PENDING
CLM14971,2567,2130,2024-12-30,504.00,PAID
CLM14972,1331,2098,2024-12-31,135.00,PAID
CLM14973,1183,2137,2024-12-31,157.00,PENDING
CLM14974,1875,2024,2024-12-31,1189.00,PENDING
CLM14975,1469,2070,2024-12-31,52.00,PAID
CLM14976,3168,2149,2024-12-31,33.00,PAID
CLM14977,1419,2029,2024-12-31,150.00,PENDING
CLM14978,2217,2072,2024-12-31,405.00,PAID
CLM14979,1547,2064,2024-12-31,115.00,PENDING
CLM14980,1534,2126,2024-12-31,153.00,PENDING
CLM14981,3093,2050,2024-12-31,141.00,PENDING
CLM14982,2964,2017,2024-12-31,215.00,PAID
CLM14983,2203,2147,2024-12-31,204.00,PAID
CLM14984,3094,2023,2024-12-31,350.00,PAID
CLM14985,2794,2042,2024-12-31,449.00,PENDING
CLM14986,1668,2044,2024-12-31,155.00,PENDING
CLM14987,3067,2068,2024-12-31,1230.00,PAID
CLM14988,3149,2147,2024-12-31,111.00,PENDING
CLM14989,3219,2042,2024-12-31,42.00,PAID
CLM14990,1869,2090,2024-12-31,191.00,PENDING
CLM14991,2632,2005,2024-12-31,246.00,PENDING
CLM14992,1323,2118,2024-12-31,37.00,PAID
CLM14993,1139,2096,2024-12-31,56.00,PENDING
CLM14994,1150,2029,2024-12-31,310.00,PAID
CLM14995,3475,2037,2024-12-31,259.00,DENIED
CLM14996,1482,2085,2024-12-31,1341.00,PENDING
CLM14997,2954,2095,2024-12-31,51.00,PENDING
CLM14998,2575,2087,2024-12-31,6232.00,PAID
CLM14999,3113,2118,2024-12-31,100.00,PENDING
CLM15000,2834,2143,2024-12-31,208.00,PENDING
