claim_id,diagnosis_code,diagnosis_desc
CLM001,J10.1,Influenza with pneumonia
CLM001,E11.9,Type 2 diabetes mellitus
CLM002,I10,Essential hypertension
CLM003,M54.5,Low back pain
CLM004,J20.9,Acute bronchitis
CLM005,N39.0,UTI
CLM006,F41.1,Generalized anxiety disorder
CLM007,J45.909,Asthma
CLM008,E78.5,Hyperlipidemia
CLM009,C18.9,Colon cancer
CLM010,M54.5,Low back pain
CLM011,C18.9,Colon cancer
CLM012,L70.0,Acne vulgaris
CLM012,D22.9,Melanocytic nevus
CLM013,Z51.11,Encounter for chemotherapy
CLM014,Z00.129,Routine child health exam
CLM015,E78.5,Hyperlipidemia
CLM016,K21.9,Gastroesophageal reflux disease
CLM017,Z51.11,Encounter for chemotherapy
CLM017,D64.9,Anemia
CLM018,C34.90,Lung cancer
CLM019,L40.0,Psoriasis
CLM020,J20.9,Acute bronchitis
CLM021,G47.33,Obstructive sleep apnea
CLM022,C61,Prostate cancer
CLM022,C34.90,Lung cancer
CLM023,E78.5,Hyperlipidemia
CLM023,R07.9,Chest pain
CLM024,J06.9,Upper respiratory infection
CLM025,E03.9,Hypothyroidism
CLM025,E11.9,Type 2 diabetes mellitus
CLM026,I10,Essential hypertension
CLM027,Z00.00,Routine adult health exam
CLM027,F41.1,Generalized anxiety disorder
CLM027,I10,Essential hypertension
CLM028,J10.1,Influenza with pneumonia
CLM029,M25.561,Pain in right knee
CLM029,S83.511A,ACL sprain of right knee
CLM030,M54.5,Low back pain
CLM030,M75.101,Rotator cuff tear
CLM031,S83.511A,ACL sprain of right knee
CLM031,M75.101,Rotator cuff tear
CLM032,J10.1,Influenza with pneumonia
CLM032,N39.0,UTI
CLM033,I10,Essential hypertension
CLM034,F32.9,Major depressive disorder
CLM035,I48.91,Atrial fibrillation
CLM035,I50.9,Heart failure
CLM036,N18.3,Chronic kidney disease stage 3
CLM036,E78.5,Hyperlipidemia
CLM037,J10.1,Influenza with pneumonia
CLM037,E11.9,Type 2 diabetes mellitus
CLM038,M17.11,Osteoarthritis of right knee
CLM039,K21.9,Gastroesophageal reflux disease
CLM040,E78.5,Hyperlipidemia
CLM040,K21.9,Gastroesophageal reflux disease
CLM041,Z01.419,Routine gynecological exam
CLM041,N92.0,Heavy menstrual bleeding
CLM042,N18.3,Chronic kidney disease stage 3
CLM042,D64.9,Anemia
CLM042,Z00.00,Routine adult health exam
CLM043,D22.9,Melanocytic nevus
CLM044,J10.1,Influenza with pneumonia
CLM044,J20.9,Acute bronchitis
CLM045,J20.9,Acute bronchitis
CLM045,J06.9,Upper respiratory infection
CLM045,F41.1,Generalized anxiety disorder
CLM046,F43.10,Post-traumatic stress disorder
CLM047,I25.10,Coronary artery disease
CLM048,J44.9,COPD
CLM049,D64.9,Anemia
CLM049,Z00.00,Routine adult health exam
CLM049,E03.9,Hypothyroidism
CLM050,M54.5,Low back pain
CLM051,E78.5,Hyperlipidemia
CLM051,I50.9,Heart failure
CLM052,M54.5,Low back pain
CLM053,D64.9,Anemia
CLM054,N39.0,UTI
CLM055,C18.9,Colon cancer
CLM056,F41.1,Generalized anxiety disorder
CLM057,G47.33,Obstructive sleep apnea
CLM057,J45.909,Asthma
CLM058,Z00.129,Routine child health exam
CLM059,Z00.00,Routine adult health exam
CLM059,J20.9,Acute bronchitis
CLM060,N18.3,Chronic kidney disease stage 3
CLM061,Z51.11,Encounter for chemotherapy
CLM062,J02.0,Streptococcal pharyngitis
CLM063,M75.101,Rotator cuff tear
CLM064,M17.11,Osteoarthritis of right knee
CLM064,M25.561,Pain in right knee
CLM065,R07.9,Chest pain
CLM065,E78.5,Hyperlipidemia
CLM066,Z00.00,Routine adult health exam
CLM066,N18.3,Chronic kidney disease stage 3
CLM067,I25.10,Coronary artery disease
CLM068,F41.1,Generalized anxiety disorder
CLM068,M54.5,Low back pain
CLM069,I48.91,Atrial fibrillation
CLM069,R07.9,Chest pain
CLM070,J18.9,Pneumonia
CLM071,J02.0,Streptococcal pharyngitis
CLM072,R10.9,Abdominal pain
CLM073,N39.0,UTI
CLM074,N18.3,Chronic kidney disease stage 3
CLM074,I10,Essential hypertension
CLM075,J06.9,Upper respiratory infection
CLM075,M54.5,Low back pain
CLM076,F32.9,Major depressive disorder
CLM077,E11.65,Type 2 diabetes with hyperglycemia
CLM077,E11.9,Type 2 diabetes mellitus
CLM078,Z00.00,Routine adult health exam
CLM078,E11.9,Type 2 diabetes mellitus
CLM079,E11.9,Type 2 diabetes mellitus
CLM080,S83.511A,ACL sprain of right knee
CLM081,I10,Essential hypertension
CLM082,M25.561,Pain in right knee
CLM082,M75.101,Rotator cuff tear
CLM082,M17.11,Osteoarthritis of right knee
CLM083,J10.1,Influenza with pneumonia
CLM084,E66.9,Obesity
CLM085,F43.10,Post-traumatic stress disorder
CLM086,L70.0,Acne vulgaris
CLM086,L57.0,Actinic keratosis
CLM087,E78.5,Hyperlipidemia
CLM087,N18.3,Chronic kidney disease stage 3
CLM088,N39.0,UTI
CLM089,R07.9,Chest pain
CLM089,I10,Essential hypertension
CLM089,I50.9,Heart failure
CLM090,I50.9,Heart failure
CLM090,I48.91,Atrial fibrillation
CLM091,R50.9,Fever
CLM092,M54.5,Low back pain
CLM093,E11.9,Type 2 diabetes mellitus
CLM093,J06.9,Upper respiratory infection
CLM094,I10,Essential hypertension
CLM095,L40.0,Psoriasis
CLM096,I50.9,Heart failure
CLM096,R07.9,Chest pain
CLM097,C61,Prostate cancer
CLM097,D64.9,Anemia
CLM097,C50.911,Breast cancer
CLM098,E11.9,Type 2 diabetes mellitus
CLM099,N18.3,Chronic kidney disease stage 3
CLM100,N18.3,Chronic kidney disease stage 3
CLM100,I10,Essential hypertension
CLM101,D64.9,Anemia
CLM102,F43.10,Post-traumatic stress disorder
CLM103,L70.0,Acne vulgaris
CLM104,Z00.129,Routine child health exam
CLM104,H66.90,Otitis media
CLM105,D22.9,Melanocytic nevus
CLM106,Z34.90,Normal pregnancy supervision
CLM107,G47.33,Obstructive sleep apnea
CLM108,Z01.419,Routine gynecological exam
CLM109,Z00.00,Routine adult health exam
CLM109,F41.1,Generalized anxiety disorder
CLM110,F31.9,Bipolar disorder
CLM110,F32.9,Major depressive disorder
CLM111,Z00.00,Routine adult health exam
CLM111,I10,Essential hypertension
CLM112,E11.9,Type 2 diabetes mellitus
CLM112,M54.5,Low back pain
CLM112,Z00.00,Routine adult health exam
CLM113,S52.501A,Fracture of radius
CLM114,J10.1,Influenza with pneumonia
CLM115,N39.0,UTI
CLM116,I50.9,Heart failure
CLM116,R07.9,Chest pain
CLM117,R07.9,Chest pain
CLM118,R55,Syncope
CLM118,S06.0X0A,Concussion
CLM118,S52.501A,Fracture of radius
CLM119,D64.9,Anemia
CLM119,Z00.00,Routine adult health exam
CLM120,J18.9,Pneumonia
CLM121,F32.9,Major depressive disorder
CLM122,D64.9,Anemia
CLM123,I10,Essential hypertension
CLM124,S52.501A,Fracture of radius
CLM124,R55,Syncope
CLM124,R07.9,Chest pain
CLM125,D22.9,Melanocytic nevus
CLM126,M54.5,Low back pain
CLM126,M25.561,Pain in right knee
CLM127,E05.90,Hyperthyroidism
CLM127,E11.65,Type 2 diabetes with hyperglycemia
CLM128,Z00.00,Routine adult health exam
CLM128,J06.9,Upper respiratory infection
CLM129,F41.1,Generalized anxiety disorder
CLM129,F90.0,ADHD
CLM129,F43.10,Post-traumatic stress disorder
CLM130,J06.9,Upper respiratory infection
CLM130,J10.1,Influenza with pneumonia
CLM130,E11.9,Type 2 diabetes mellitus
CLM131,S06.0X0A,Concussion
CLM131,R07.9,Chest pain
CLM132,M17.11,Osteoarthritis of right knee
CLM133,J02.0,Streptococcal pharyngitis
CLM134,K21.9,Gastroesophageal reflux disease
CLM134,N18.3,Chronic kidney disease stage 3
CLM135,N18.3,Chronic kidney disease stage 3
CLM135,Z00.00,Routine adult health exam
CLM135,K21.9,Gastroesophageal reflux disease
CLM136,E78.5,Hyperlipidemia
CLM137,I10,Essential hypertension
CLM138,Z00.00,Routine adult health exam
CLM138,J10.1,Influenza with pneumonia
CLM139,J06.9,Upper respiratory infection
CLM139,J45.909,Asthma
CLM140,E03.9,Hypothyroidism
CLM141,R07.9,Chest pain
CLM142,E03.9,Hypothyroidism
CLM142,E11.65,Type 2 diabetes with hyperglycemia
CLM143,I10,Essential hypertension
CLM143,N18.3,Chronic kidney disease stage 3
CLM144,K21.9,Gastroesophageal reflux disease
CLM145,F90.0,ADHD
CLM146,I10,Essential hypertension
CLM147,N18.3,Chronic kidney disease stage 3
CLM148,E11.9,Type 2 diabetes mellitus
CLM149,I10,Essential hypertension
CLM150,L30.9,Dermatitis
CLM151,I10,Essential hypertension
CLM152,E11.9,Type 2 diabetes mellitus
CLM152,E66.9,Obesity
CLM152,E11.65,Type 2 diabetes with hyperglycemia
CLM153,L30.9,Dermatitis
CLM153,L70.0,Acne vulgaris
CLM154,Z00.129,Routine child health exam
CLM154,R50.9,Fever
CLM154,H66.90,Otitis media
CLM155,J02.0,Streptococcal pharyngitis
CLM155,R50.9,Fever
CLM156,J44.9,COPD
CLM156,G47.33,Obstructive sleep apnea
CLM157,M25.561,Pain in right knee
CLM158,E03.9,Hypothyroidism
CLM158,E11.9,Type 2 diabetes mellitus
CLM159,F32.9,Major depressive disorder
CLM159,F90.0,ADHD
CLM160,L20.9,Atopic dermatitis
CLM160,R50.9,Fever
CLM161,E11.9,Type 2 diabetes mellitus
CLM161,J20.9,Acute bronchitis
CLM161,E78.5,Hyperlipidemia
CLM162,I10,Essential hypertension
CLM163,L57.0,Actinic keratosis
CLM164,I25.10,Coronary artery disease
CLM165,D64.9,Anemia
CLM166,M75.101,Rotator cuff tear
CLM167,L30.9,Dermatitis
CLM168,Z00.00,Routine adult health exam
CLM169,J10.1,Influenza with pneumonia
CLM169,Z00.00,Routine adult health exam
CLM170,I10,Essential hypertension
CLM171,J44.9,COPD
CLM172,R07.9,Chest pain
CLM172,E78.5,Hyperlipidemia
CLM172,I10,Essential hypertension
CLM173,E11.9,Type 2 diabetes mellitus
CLM173,E78.5,Hyperlipidemia
CLM174,J10.1,Influenza with pneumonia
CLM174,F41.1,Generalized anxiety disorder
CLM174,I10,Essential hypertension
CLM175,F41.1,Generalized anxiety disorder
CLM176,E78.5,Hyperlipidemia
CLM176,K21.9,Gastroesophageal reflux disease
CLM177,M54.5,Low back pain
CLM178,E78.5,Hyperlipidemia
CLM179,J44.9,COPD
CLM179,G47.33,Obstructive sleep apnea
CLM180,L30.9,Dermatitis
CLM181,L30.9,Dermatitis
CLM182,L70.0,Acne vulgaris
CLM182,L57.0,Actinic keratosis
CLM183,J06.9,Upper respiratory infection
CLM184,E78.5,Hyperlipidemia
CLM185,G47.33,Obstructive sleep apnea
CLM186,I25.10,Coronary artery disease
CLM187,S06.0X0A,Concussion
CLM188,D64.9,Anemia
CLM189,Z00.129,Routine child health exam
CLM190,Z00.00,Routine adult health exam
CLM191,L30.9,Dermatitis
CLM192,K21.9,Gastroesophageal reflux disease
CLM192,D64.9,Anemia
CLM193,J45.909,Asthma
CLM194,Z34.90,Normal pregnancy supervision
CLM195,I10,Essential hypertension
CLM196,I10,Essential hypertension
CLM197,Z00.00,Routine adult health exam
CLM198,M25.561,Pain in right knee
CLM198,M54.5,Low back pain
CLM199,I48.91,Atrial fibrillation
CLM199,E78.5,Hyperlipidemia
CLM200,J10.1,Influenza with pneumonia
CLM200,E11.9,Type 2 diabetes mellitus
CLM201,I50.9,Heart failure
CLM202,E78.5,Hyperlipidemia
CLM202,Z00.00,Routine adult health exam
CLM203,G47.33,Obstructive sleep apnea
CLM204,J10.1,Influenza with pneumonia
CLM204,E11.9,Type 2 diabetes mellitus
CLM205,J18.9,Pneumonia
CLM206,C18.9,Colon cancer
CLM207,J10.1,Influenza with pneumonia
CLM208,I50.9,Heart failure
CLM209,M54.5,Low back pain
CLM210,I10,Essential hypertension
CLM211,Z00.00,Routine adult health exam
CLM212,Z00.00,Routine adult health exam
CLM213,J18.9,Pneumonia
CLM214,J44.9,COPD
CLM215,I48.91,Atrial fibrillation
CLM216,E11.9,Type 2 diabetes mellitus
CLM216,J20.9,Acute bronchitis
CLM217,J20.9,Acute bronchitis
CLM218,K21.9,Gastroesophageal reflux disease
CLM218,E78.5,Hyperlipidemia
CLM219,L30.9,Dermatitis
CLM220,I25.10,Coronary artery disease
CLM221,E11.9,Type 2 diabetes mellitus
CLM222,J20.9,Acute bronchitis
CLM222,I10,Essential hypertension
CLM222,J10.1,Influenza with pneumonia
CLM223,O24.410,Gestational diabetes
CLM223,N92.0,Heavy menstrual bleeding
CLM224,D64.9,Anemia
CLM225,Z00.00,Routine adult health exam
CLM226,Z01.419,Routine gynecological exam
CLM227,E11.9,Type 2 diabetes mellitus
CLM227,I10,Essential hypertension
CLM228,I10,Essential hypertension
CLM229,E03.9,Hypothyroidism
CLM229,N18.3,Chronic kidney disease stage 3
CLM230,S83.511A,ACL sprain of right knee
CLM231,E78.5,Hyperlipidemia
CLM232,R10.9,Abdominal pain
CLM233,R10.9,Abdominal pain
CLM233,S06.0X0A,Concussion
CLM234,F41.1,Generalized anxiety disorder
CLM234,F31.9,Bipolar disorder
CLM235,K21.9,Gastroesophageal reflux disease
CLM236,I50.9,Heart failure
CLM237,J10.1,Influenza with pneumonia
CLM238,E78.5,Hyperlipidemia
CLM238,K21.9,Gastroesophageal reflux disease
CLM239,R07.9,Chest pain
CLM239,I50.9,Heart failure
CLM240,I10,Essential hypertension
CLM240,E11.9,Type 2 diabetes mellitus
CLM241,E78.5,Hyperlipidemia
CLM242,E78.5,Hyperlipidemia
CLM243,F41.1,Generalized anxiety disorder
CLM243,J06.9,Upper respiratory infection
CLM244,I10,Essential hypertension
CLM245,J45.909,Asthma
CLM245,G47.33,Obstructive sleep apnea
CLM245,J44.9,COPD
CLM246,E78.5,Hyperlipidemia
CLM247,G47.33,Obstructive sleep apnea
CLM248,L40.0,Psoriasis
CLM249,I50.9,Heart failure
CLM250,I10,Essential hypertension
CLM251,G47.33,Obstructive sleep apnea
CLM252,E03.9,Hypothyroidism
CLM253,E11.9,Type 2 diabetes mellitus
CLM253,M54.5,Low back pain
CLM254,F31.9,Bipolar disorder
CLM255,R07.9,Chest pain
CLM256,D64.9,Anemia
CLM257,I10,Essential hypertension
CLM258,E11.65,Type 2 diabetes with hyperglycemia
CLM259,D22.9,Melanocytic nevus
CLM259,L70.0,Acne vulgaris
CLM260,E03.9,Hypothyroidism
CLM260,D64.9,Anemia
CLM261,E11.9,Type 2 diabetes mellitus
CLM262,F32.9,Major depressive disorder
CLM262,F41.1,Generalized anxiety disorder
CLM263,C50.911,Breast cancer
CLM263,C18.9,Colon cancer
CLM264,E78.5,Hyperlipidemia
CLM265,N18.3,Chronic kidney disease stage 3
CLM265,E11.9,Type 2 diabetes mellitus
CLM266,N18.3,Chronic kidney disease stage 3
CLM266,E11.9,Type 2 diabetes mellitus
CLM266,E03.9,Hypothyroidism
CLM267,R07.9,Chest pain
CLM268,J06.9,Upper respiratory infection
CLM268,I10,Essential hypertension
CLM269,I50.9,Heart failure
CLM269,I48.91,Atrial fibrillation
CLM270,F41.1,Generalized anxiety disorder
CLM271,L40.0,Psoriasis
CLM271,L30.9,Dermatitis
CLM272,M54.5,Low back pain
CLM273,E05.90,Hyperthyroidism
CLM274,I10,Essential hypertension
CLM275,R07.9,Chest pain
CLM276,J44.9,COPD
CLM277,M54.5,Low back pain
CLM277,M25.561,Pain in right knee
CLM277,M17.11,Osteoarthritis of right knee
CLM278,Z00.00,Routine adult health exam
CLM278,N18.3,Chronic kidney disease stage 3
CLM279,N39.0,UTI
CLM280,L70.0,Acne vulgaris
CLM281,J45.909,Asthma
CLM282,Z51.11,Encounter for chemotherapy
CLM283,D22.9,Melanocytic nevus
CLM283,L57.0,Actinic keratosis
CLM283,L70.0,Acne vulgaris
CLM284,J20.9,Acute bronchitis
CLM285,E05.90,Hyperthyroidism
CLM286,E05.90,Hyperthyroidism
CLM287,J10.1,Influenza with pneumonia
CLM288,D64.9,Anemia
CLM289,J10.1,Influenza with pneumonia
CLM289,J20.9,Acute bronchitis
CLM290,E78.5,Hyperlipidemia
CLM291,Z00.129,Routine child health exam
CLM292,J02.0,Streptococcal pharyngitis
CLM293,I48.91,Atrial fibrillation
CLM293,I25.10,Coronary artery disease
CLM293,I10,Essential hypertension
CLM294,E78.5,Hyperlipidemia
CLM294,E11.9,Type 2 diabetes mellitus
CLM295,I10,Essential hypertension
CLM296,E78.5,Hyperlipidemia
CLM297,E05.90,Hyperthyroidism
CLM298,N18.3,Chronic kidney disease stage 3
CLM298,E11.9,Type 2 diabetes mellitus
CLM299,E03.9,Hypothyroidism
CLM299,E05.90,Hyperthyroidism
CLM300,R50.9,Fever
CLM300,H66.90,Otitis media
CLM301,F90.0,ADHD
CLM301,F41.1,Generalized anxiety disorder
CLM302,F41.1,Generalized anxiety disorder
CLM302,Z00.00,Routine adult health exam
CLM303,E11.9,Type 2 diabetes mellitus
CLM303,E78.5,Hyperlipidemia
CLM304,J18.9,Pneumonia
CLM305,N39.0,UTI
CLM306,R07.9,Chest pain
CLM307,J20.9,Acute bronchitis
CLM307,Z00.00,Routine adult health exam
CLM307,E11.9,Type 2 diabetes mellitus
CLM308,Z00.00,Routine adult health exam
CLM308,K21.9,Gastroesophageal reflux disease
CLM309,L30.9,Dermatitis
CLM310,S52.501A,Fracture of radius
CLM310,S06.0X0A,Concussion
CLM311,F41.1,Generalized anxiety disorder
CLM311,F90.0,ADHD
CLM312,E05.90,Hyperthyroidism
CLM312,E66.9,Obesity
CLM313,J45.909,Asthma
CLM314,D64.9,Anemia
CLM314,E03.9,Hypothyroidism
CLM315,J06.9,Upper respiratory infection
CLM316,J10.1,Influenza with pneumonia
CLM316,E78.5,Hyperlipidemia
CLM317,E78.5,Hyperlipidemia
CLM318,Z00.129,Routine child health exam
CLM319,I25.10,Coronary artery disease
CLM320,F31.9,Bipolar disorder
CLM320,F43.10,Post-traumatic stress disorder
CLM321,E11.9,Type 2 diabetes mellitus
CLM321,E78.5,Hyperlipidemia
CLM322,I10,Essential hypertension
CLM322,R07.9,Chest pain
CLM322,I25.10,Coronary artery disease
CLM323,F31.9,Bipolar disorder
CLM323,F32.9,Major depressive disorder
CLM324,E03.9,Hypothyroidism
CLM325,M25.561,Pain in right knee
CLM325,M75.101,Rotator cuff tear
CLM326,G47.33,Obstructive sleep apnea
CLM327,M54.5,Low back pain
CLM327,Z00.00,Routine adult health exam
CLM328,J02.0,Streptococcal pharyngitis
CLM328,J06.9,Upper respiratory infection
CLM329,Z00.00,Routine adult health exam
CLM329,I10,Essential hypertension
CLM330,N92.0,Heavy menstrual bleeding
CLM330,Z01.419,Routine gynecological exam
CLM330,N80.9,Endometriosis
CLM331,R10.9,Abdominal pain
CLM332,H66.90,Otitis media
CLM333,G47.33,Obstructive sleep apnea
CLM334,J20.9,Acute bronchitis
CLM335,D64.9,Anemia
CLM336,E11.9,Type 2 diabetes mellitus
CLM336,Z00.00,Routine adult health exam
CLM337,E11.9,Type 2 diabetes mellitus
CLM337,D64.9,Anemia
CLM338,Z00.00,Routine adult health exam
CLM339,I10,Essential hypertension
CLM340,E78.5,Hyperlipidemia
CLM341,I10,Essential hypertension
CLM342,Z34.90,Normal pregnancy supervision
CLM343,E78.5,Hyperlipidemia
CLM343,Z00.00,Routine adult health exam
CLM344,I50.9,Heart failure
CLM345,R50.9,Fever
CLM345,H66.90,Otitis media
CLM346,F90.0,ADHD
CLM347,E78.5,Hyperlipidemia
CLM348,I10,Essential hypertension
CLM349,M75.101,Rotator cuff tear
CLM350,R07.9,Chest pain
CLM351,J02.0,Streptococcal pharyngitis
CLM352,H66.90,Otitis media
CLM353,R07.9,Chest pain
CLM354,R50.9,Fever
CLM355,C61,Prostate cancer
CLM355,C34.90,Lung cancer
CLM356,R55,Syncope
CLM356,S06.0X0A,Concussion
CLM357,F31.9,Bipolar disorder
CLM357,F90.0,ADHD
CLM357,F41.1,Generalized anxiety disorder
CLM358,D64.9,Anemia
CLM358,Z00.00,Routine adult health exam
CLM358,N18.3,Chronic kidney disease stage 3
CLM359,I25.10,Coronary artery disease
CLM360,E11.9,Type 2 diabetes mellitus
CLM360,E05.90,Hyperthyroidism
CLM361,L30.9,Dermatitis
CLM361,D22.9,Melanocytic nevus
CLM362,R07.9,Chest pain
CLM362,R10.9,Abdominal pain
CLM363,F31.9,Bipolar disorder
CLM364,M25.561,Pain in right knee
CLM364,S83.511A,ACL sprain of right knee
CLM365,F31.9,Bipolar disorder
CLM366,I50.9,Heart failure
CLM367,D64.9,Anemia
CLM368,I10,Essential hypertension
CLM369,R10.9,Abdominal pain
CLM369,R55,Syncope
CLM370,D64.9,Anemia
CLM370,C50.911,Breast cancer
CLM371,E66.9,Obesity
CLM371,E11.9,Type 2 diabetes mellitus
CLM372,E11.9,Type 2 diabetes mellitus
CLM373,R07.9,Chest pain
CLM373,I10,Essential hypertension
CLM373,I25.10,Coronary artery disease
CLM374,L30.9,Dermatitis
CLM375,N18.3,Chronic kidney disease stage 3
CLM376,K21.9,Gastroesophageal reflux disease
CLM377,L40.0,Psoriasis
CLM378,Z00.00,Routine adult health exam
CLM378,D64.9,Anemia
CLM379,I25.10,Coronary artery disease
CLM380,C61,Prostate cancer
CLM381,I10,Essential hypertension
CLM382,J02.0,Streptococcal pharyngitis
CLM383,F31.9,Bipolar disorder
CLM384,M17.11,Osteoarthritis of right knee
CLM384,S83.511A,ACL sprain of right knee
CLM385,L70.0,Acne vulgaris
CLM386,E11.9,Type 2 diabetes mellitus
CLM387,S52.501A,Fracture of radius
CLM387,S06.0X0A,Concussion
CLM388,L57.0,Actinic keratosis
CLM389,K21.9,Gastroesophageal reflux disease
CLM389,E11.9,Type 2 diabetes mellitus
CLM390,Z00.00,Routine adult health exam
CLM390,N18.3,Chronic kidney disease stage 3
CLM390,K21.9,Gastroesophageal reflux disease
CLM391,L70.0,Acne vulgaris
CLM392,Z00.00,Routine adult health exam
CLM393,E11.9,Type 2 diabetes mellitus
CLM394,J18.9,Pneumonia
CLM395,J18.9,Pneumonia
CLM396,F41.1,Generalized anxiety disorder
CLM397,J18.9,Pneumonia
CLM397,R07.9,Chest pain
CLM397,S52.501A,Fracture of radius
CLM398,F90.0,ADHD
CLM399,J45.909,Asthma
CLM399,J02.0,Streptococcal pharyngitis
CLM400,E11.9,Type 2 diabetes mellitus
CLM400,E78.5,Hyperlipidemia
CLM401,N92.0,Heavy menstrual bleeding
CLM401,Z01.419,Routine gynecological exam
CLM402,S83.511A,ACL sprain of right knee
CLM403,J44.9,COPD
CLM403,J18.9,Pneumonia
CLM404,I25.10,Coronary artery disease
CLM405,M17.11,Osteoarthritis of right knee
CLM406,L40.0,Psoriasis
CLM407,J45.909,Asthma
CLM407,J44.9,COPD
CLM408,J18.9,Pneumonia
CLM409,F41.1,Generalized anxiety disorder
CLM409,Z00.00,Routine adult health exam
CLM410,D64.9,Anemia
CLM411,Z01.419,Routine gynecological exam
CLM412,S52.501A,Fracture of radius
CLM413,J20.9,Acute bronchitis
CLM414,N18.3,Chronic kidney disease stage 3
CLM415,E78.5,Hyperlipidemia
CLM416,Z00.129,Routine child health exam
CLM417,J45.909,Asthma
CLM418,I50.9,Heart failure
CLM419,D64.9,Anemia
CLM420,J02.0,Streptococcal pharyngitis
CLM421,E11.65,Type 2 diabetes with hyperglycemia
CLM422,F32.9,Major depressive disorder
CLM423,L70.0,Acne vulgaris
CLM424,S06.0X0A,Concussion
CLM425,L40.0,Psoriasis
CLM426,J44.9,COPD
CLM427,J02.0,Streptococcal pharyngitis
CLM427,R50.9,Fever
CLM427,J45.909,Asthma
CLM428,R07.9,Chest pain
CLM428,S06.0X0A,Concussion
CLM429,L57.0,Actinic keratosis
CLM430,N18.3,Chronic kidney disease stage 3
CLM431,L20.9,Atopic dermatitis
CLM431,J45.909,Asthma
CLM431,R50.9,Fever
CLM432,Z51.11,Encounter for chemotherapy
CLM432,D64.9,Anemia
CLM433,I25.10,Coronary artery disease
CLM433,R07.9,Chest pain
CLM433,I48.91,Atrial fibrillation
CLM434,K21.9,Gastroesophageal reflux disease
CLM434,E03.9,Hypothyroidism
CLM435,C61,Prostate cancer
CLM436,K21.9,Gastroesophageal reflux disease
CLM437,L70.0,Acne vulgaris
CLM437,L40.0,Psoriasis
CLM438,R07.9,Chest pain
CLM438,R10.9,Abdominal pain
CLM438,S06.0X0A,Concussion
CLM439,M54.5,Low back pain
CLM440,J20.9,Acute bronchitis
CLM441,O24.410,Gestational diabetes
CLM441,Z34.90,Normal pregnancy supervision
CLM442,J44.9,COPD
CLM442,J18.9,Pneumonia
CLM443,K21.9,Gastroesophageal reflux disease
CLM444,R07.9,Chest pain
CLM444,J18.9,Pneumonia
CLM445,S06.0X0A,Concussion
CLM445,R07.9,Chest pain
CLM446,F43.10,Post-traumatic stress disorder
CLM447,Z00.00,Routine adult health exam
CLM448,I10,Essential hypertension
CLM448,E78.5,Hyperlipidemia
CLM449,F41.1,Generalized anxiety disorder
CLM450,K21.9,Gastroesophageal reflux disease
CLM451,Z00.00,Routine adult health exam
CLM451,E11.9,Type 2 diabetes mellitus
CLM452,J20.9,Acute bronchitis
CLM452,J10.1,Influenza with pneumonia
CLM452,Z00.00,Routine adult health exam
CLM453,Z34.90,Normal pregnancy supervision
CLM454,J10.1,Influenza with pneumonia
CLM455,J18.9,Pneumonia
CLM456,J02.0,Streptococcal pharyngitis
CLM457,E03.9,Hypothyroidism
CLM458,M17.11,Osteoarthritis of right knee
CLM459,E11.9,Type 2 diabetes mellitus
CLM460,M17.11,Osteoarthritis of right knee
CLM460,M25.561,Pain in right knee
CLM460,M75.101,Rotator cuff tear
CLM461,E11.9,Type 2 diabetes mellitus
CLM461,K21.9,Gastroesophageal reflux disease
CLM462,J18.9,Pneumonia
CLM463,F32.9,Major depressive disorder
CLM463,F43.10,Post-traumatic stress disorder
CLM464,R10.9,Abdominal pain
CLM465,I10,Essential hypertension
CLM466,D64.9,Anemia
CLM467,E03.9,Hypothyroidism
CLM468,I10,Essential hypertension
CLM469,F32.9,Major depressive disorder
CLM469,F31.9,Bipolar disorder
CLM470,I10,Essential hypertension
CLM471,J44.9,COPD
CLM472,I48.91,Atrial fibrillation
CLM473,F41.1,Generalized anxiety disorder
CLM474,I25.10,Coronary artery disease
CLM474,I10,Essential hypertension
CLM475,F90.0,ADHD
CLM476,I10,Essential hypertension
CLM477,E11.9,Type 2 diabetes mellitus
CLM478,Z00.00,Routine adult health exam
CLM478,E11.9,Type 2 diabetes mellitus
CLM479,F41.1,Generalized anxiety disorder
CLM479,I10,Essential hypertension
CLM480,D64.9,Anemia
CLM480,C34.90,Lung cancer
CLM481,J06.9,Upper respiratory infection
CLM482,N39.0,UTI
CLM483,I10,Essential hypertension
CLM484,D64.9,Anemia
CLM484,E78.5,Hyperlipidemia
CLM485,M17.11,Osteoarthritis of right knee
CLM486,M54.5,Low back pain
CLM487,R07.9,Chest pain
CLM487,J18.9,Pneumonia
CLM488,G47.33,Obstructive sleep apnea
CLM488,J18.9,Pneumonia
CLM489,R10.9,Abdominal pain
CLM490,D22.9,Melanocytic nevus
CLM490,L57.0,Actinic keratosis
CLM490,L30.9,Dermatitis
CLM491,E11.9,Type 2 diabetes mellitus
CLM491,I10,Essential hypertension
CLM492,R10.9,Abdominal pain
CLM493,Z00.00,Routine adult health exam
CLM493,E03.9,Hypothyroidism
CLM494,I50.9,Heart failure
CLM495,E78.5,Hyperlipidemia
CLM496,E11.9,Type 2 diabetes mellitus
CLM496,I10,Essential hypertension
CLM496,F41.1,Generalized anxiety disorder
CLM497,H66.90,Otitis media
CLM497,J45.909,Asthma
CLM497,L20.9,Atopic dermatitis
CLM498,F41.1,Generalized anxiety disorder
CLM499,M54.5,Low back pain
CLM500,R50.9,Fever
CLM500,Z00.129,Routine child health exam
CLM501,J44.9,COPD
CLM502,I10,Essential hypertension
CLM502,I25.10,Coronary artery disease
CLM502,I48.91,Atrial fibrillation
CLM503,F41.1,Generalized anxiety disorder
CLM503,F32.9,Major depressive disorder
CLM504,E78.5,Hyperlipidemia
CLM505,D64.9,Anemia
CLM505,C18.9,Colon cancer
CLM506,I10,Essential hypertension
CLM506,I25.10,Coronary artery disease
CLM507,E11.9,Type 2 diabetes mellitus
CLM507,F41.1,Generalized anxiety disorder
CLM508,M54.5,Low back pain
CLM509,L20.9,Atopic dermatitis
CLM509,H66.90,Otitis media
CLM510,H66.90,Otitis media
CLM511,F90.0,ADHD
CLM512,E11.9,Type 2 diabetes mellitus
CLM513,E78.5,Hyperlipidemia
CLM513,I10,Essential hypertension
CLM514,I25.10,Coronary artery disease
CLM515,F32.9,Major depressive disorder
CLM516,I10,Essential hypertension
CLM517,G47.33,Obstructive sleep apnea
CLM518,F43.10,Post-traumatic stress disorder
CLM519,L57.0,Actinic keratosis
CLM519,L40.0,Psoriasis
CLM520,E78.5,Hyperlipidemia
CLM521,J10.1,Influenza with pneumonia
CLM521,F41.1,Generalized anxiety disorder
CLM522,L30.9,Dermatitis
CLM522,L70.0,Acne vulgaris
CLM523,L40.0,Psoriasis
CLM524,I10,Essential hypertension
CLM525,D64.9,Anemia
CLM526,C18.9,Colon cancer
CLM527,J44.9,COPD
CLM528,E11.9,Type 2 diabetes mellitus
CLM529,M25.561,Pain in right knee
CLM529,M17.11,Osteoarthritis of right knee
CLM530,E78.5,Hyperlipidemia
CLM531,S06.0X0A,Concussion
CLM531,R55,Syncope
CLM532,J10.1,Influenza with pneumonia
CLM532,F41.1,Generalized anxiety disorder
CLM533,E03.9,Hypothyroidism
CLM534,E03.9,Hypothyroidism
CLM535,Z51.11,Encounter for chemotherapy
CLM536,I10,Essential hypertension
CLM536,J10.1,Influenza with pneumonia
CLM537,M75.101,Rotator cuff tear
CLM537,S83.511A,ACL sprain of right knee
CLM538,R50.9,Fever
CLM538,J45.909,Asthma
CLM539,E11.9,Type 2 diabetes mellitus
CLM540,F41.1,Generalized anxiety disorder
CLM541,J18.9,Pneumonia
CLM542,I10,Essential hypertension
CLM543,J44.9,COPD
CLM544,Z00.00,Routine adult health exam
CLM544,J20.9,Acute bronchitis
CLM545,J10.1,Influenza with pneumonia
CLM546,J20.9,Acute bronchitis
CLM547,D64.9,Anemia
CLM548,L20.9,Atopic dermatitis
CLM548,H66.90,Otitis media
CLM549,R07.9,Chest pain
CLM550,E66.9,Obesity
CLM550,E11.9,Type 2 diabetes mellitus
CLM550,E05.90,Hyperthyroidism
CLM551,E78.5,Hyperlipidemia
CLM552,F90.0,ADHD
CLM552,F31.9,Bipolar disorder
CLM553,I10,Essential hypertension
CLM554,I50.9,Heart failure
CLM555,F32.9,Major depressive disorder
CLM556,E03.9,Hypothyroidism
CLM557,F32.9,Major depressive disorder
CLM557,F31.9,Bipolar disorder
CLM558,R07.9,Chest pain
CLM558,I50.9,Heart failure
CLM558,E78.5,Hyperlipidemia
CLM559,J20.9,Acute bronchitis
CLM559,E78.5,Hyperlipidemia
CLM560,E11.9,Type 2 diabetes mellitus
CLM561,C61,Prostate cancer
CLM562,M75.101,Rotator cuff tear
CLM563,Z00.00,Routine adult health exam
CLM563,E78.5,Hyperlipidemia
CLM564,D64.9,Anemia
CLM565,F31.9,Bipolar disorder
CLM566,F41.1,Generalized anxiety disorder
CLM566,J10.1,Influenza with pneumonia
CLM566,J06.9,Upper respiratory infection
CLM567,R10.9,Abdominal pain
CLM568,I10,Essential hypertension
CLM568,N18.3,Chronic kidney disease stage 3
CLM569,N80.9,Endometriosis
CLM570,J44.9,COPD
CLM571,N39.0,UTI
CLM571,I10,Essential hypertension
CLM572,I48.91,Atrial fibrillation
CLM573,Z00.00,Routine adult health exam
CLM574,I25.10,Coronary artery disease
CLM574,R07.9,Chest pain
CLM574,I50.9,Heart failure
CLM575,J45.909,Asthma
CLM576,J45.909,Asthma
CLM577,I25.10,Coronary artery disease
CLM578,E78.5,Hyperlipidemia
CLM578,N39.0,UTI
CLM578,J20.9,Acute bronchitis
CLM579,Z00.00,Routine adult health exam
CLM580,E11.9,Type 2 diabetes mellitus
CLM580,I10,Essential hypertension
CLM580,Z00.00,Routine adult health exam
CLM581,E78.5,Hyperlipidemia
CLM582,Z00.00,Routine adult health exam
CLM583,N18.3,Chronic kidney disease stage 3
CLM583,Z00.00,Routine adult health exam
CLM584,N18.3,Chronic kidney disease stage 3
CLM585,J06.9,Upper respiratory infection
CLM586,I48.91,Atrial fibrillation
CLM586,I10,Essential hypertension
CLM587,L20.9,Atopic dermatitis
CLM588,R07.9,Chest pain
CLM589,E78.5,Hyperlipidemia
CLM589,N18.3,Chronic kidney disease stage 3
CLM590,F41.1,Generalized anxiety disorder
CLM590,E78.5,Hyperlipidemia
CLM591,J06.9,Upper respiratory infection
CLM591,F41.1,Generalized anxiety disorder
CLM591,E78.5,Hyperlipidemia
CLM592,N18.3,Chronic kidney disease stage 3
CLM593,F90.0,ADHD
CLM593,F31.9,Bipolar disorder
CLM594,S52.501A,Fracture of radius
CLM594,R55,Syncope
CLM595,C34.90,Lung cancer
CLM595,Z51.11,Encounter for chemotherapy
CLM596,I25.10,Coronary artery disease
CLM596,R07.9,Chest pain
CLM596,I48.91,Atrial fibrillation
CLM597,J18.9,Pneumonia
CLM598,R55,Syncope
CLM598,J18.9,Pneumonia
CLM599,J45.909,Asthma
CLM600,R10.9,Abdominal pain
CLM601,I48.91,Atrial fibrillation
CLM601,I50.9,Heart failure
CLM602,E05.90,Hyperthyroidism
CLM603,C34.90,Lung cancer
CLM604,S83.511A,ACL sprain of right knee
CLM604,M25.561,Pain in right knee
CLM605,M54.5,Low back pain
CLM605,M25.561,Pain in right knee
CLM606,R50.9,Fever
CLM607,L57.0,Actinic keratosis
CLM608,F41.1,Generalized anxiety disorder
CLM608,J10.1,Influenza with pneumonia
CLM609,E03.9,Hypothyroidism
CLM609,E66.9,Obesity
CLM609,E11.9,Type 2 diabetes mellitus
CLM610,I48.91,Atrial fibrillation
CLM611,E05.90,Hyperthyroidism
CLM612,I10,Essential hypertension
CLM612,R07.9,Chest pain
CLM612,I48.91,Atrial fibrillation
CLM613,N18.3,Chronic kidney disease stage 3
CLM614,E78.5,Hyperlipidemia
CLM614,Z00.00,Routine adult health exam
CLM614,N18.3,Chronic kidney disease stage 3
CLM615,N92.0,Heavy menstrual bleeding
CLM616,E11.9,Type 2 diabetes mellitus
CLM617,F90.0,ADHD
CLM618,I10,Essential hypertension
CLM619,C18.9,Colon cancer
CLM620,E78.5,Hyperlipidemia
CLM620,J10.1,Influenza with pneumonia
CLM621,M54.5,Low back pain
CLM622,L30.9,Dermatitis
CLM623,R10.9,Abdominal pain
CLM623,S52.501A,Fracture of radius
CLM624,I25.10,Coronary artery disease
CLM625,N18.3,Chronic kidney disease stage 3
CLM626,D64.9,Anemia
CLM626,E11.9,Type 2 diabetes mellitus
CLM627,F31.9,Bipolar disorder
CLM628,E11.9,Type 2 diabetes mellitus
CLM628,E66.9,Obesity
CLM628,E11.65,Type 2 diabetes with hyperglycemia
CLM629,J06.9,Upper respiratory infection
CLM630,J06.9,Upper respiratory infection
CLM630,H66.90,Otitis media
CLM630,J02.0,Streptococcal pharyngitis
CLM631,N18.3,Chronic kidney disease stage 3
CLM631,I10,Essential hypertension
CLM632,E78.5,Hyperlipidemia
CLM633,L30.9,Dermatitis
CLM634,I10,Essential hypertension
CLM635,E78.5,Hyperlipidemia
CLM635,J06.9,Upper respiratory infection
CLM636,E11.65,Type 2 diabetes with hyperglycemia
CLM637,E11.9,Type 2 diabetes mellitus
CLM638,I10,Essential hypertension
CLM638,N18.3,Chronic kidney disease stage 3
CLM638,D64.9,Anemia
CLM639,I10,Essential hypertension
CLM639,E78.5,Hyperlipidemia
CLM640,R50.9,Fever
CLM641,Z00.129,Routine child health exam
CLM641,L20.9,Atopic dermatitis
CLM642,D22.9,Melanocytic nevus
CLM643,M54.5,Low back pain
CLM644,I48.91,Atrial fibrillation
CLM645,E03.9,Hypothyroidism
CLM645,D64.9,Anemia
CLM646,M54.5,Low back pain
CLM647,M17.11,Osteoarthritis of right knee
CLM647,M54.5,Low back pain
CLM648,G47.33,Obstructive sleep apnea
CLM648,J18.9,Pneumonia
CLM649,I10,Essential hypertension
CLM650,E03.9,Hypothyroidism
CLM650,K21.9,Gastroesophageal reflux disease
CLM650,Z00.00,Routine adult health exam
CLM651,F43.10,Post-traumatic stress disorder
CLM652,J44.9,COPD
CLM652,J45.909,Asthma
CLM653,G47.33,Obstructive sleep apnea
CLM654,J20.9,Acute bronchitis
CLM655,E11.9,Type 2 diabetes mellitus
CLM656,M17.11,Osteoarthritis of right knee
CLM657,J20.9,Acute bronchitis
CLM657,M54.5,Low back pain
CLM658,I48.91,Atrial fibrillation
CLM659,R10.9,Abdominal pain
CLM660,M75.101,Rotator cuff tear
CLM660,M17.11,Osteoarthritis of right knee
CLM661,M54.5,Low back pain
CLM661,S83.511A,ACL sprain of right knee
CLM662,F90.0,ADHD
CLM663,J45.909,Asthma
CLM664,L20.9,Atopic dermatitis
CLM664,R50.9,Fever
CLM665,K21.9,Gastroesophageal reflux disease
CLM666,G47.33,Obstructive sleep apnea
CLM666,J45.909,Asthma
CLM667,N18.3,Chronic kidney disease stage 3
CLM668,E11.9,Type 2 diabetes mellitus
CLM668,E11.65,Type 2 diabetes with hyperglycemia
CLM668,E05.90,Hyperthyroidism
CLM669,I50.9,Heart failure
CLM669,I25.10,Coronary artery disease
CLM670,D64.9,Anemia
CLM671,Z34.90,Normal pregnancy supervision
CLM671,Z01.419,Routine gynecological exam
CLM672,R50.9,Fever
CLM673,K21.9,Gastroesophageal reflux disease
CLM674,E11.9,Type 2 diabetes mellitus
CLM675,Z00.00,Routine adult health exam
CLM675,E78.5,Hyperlipidemia
CLM676,Z00.129,Routine child health exam
CLM676,H66.90,Otitis media
CLM677,K21.9,Gastroesophageal reflux disease
CLM677,E03.9,Hypothyroidism
CLM678,E05.90,Hyperthyroidism
CLM679,N39.0,UTI
CLM679,J20.9,Acute bronchitis
CLM680,R07.9,Chest pain
CLM680,R10.9,Abdominal pain
CLM681,E03.9,Hypothyroidism
CLM681,D64.9,Anemia
CLM682,N18.3,Chronic kidney disease stage 3
CLM683,R10.9,Abdominal pain
CLM684,E03.9,Hypothyroidism
CLM685,J18.9,Pneumonia
CLM686,R55,Syncope
CLM686,J18.9,Pneumonia
CLM687,E78.5,Hyperlipidemia
CLM688,D22.9,Melanocytic nevus
CLM689,Z00.129,Routine child health exam
CLM689,J02.0,Streptococcal pharyngitis
CLM690,I25.10,Coronary artery disease
CLM691,E11.9,Type 2 diabetes mellitus
CLM691,Z00.00,Routine adult health exam
CLM692,L57.0,Actinic keratosis
CLM692,D22.9,Melanocytic nevus
CLM692,L70.0,Acne vulgaris
CLM693,E78.5,Hyperlipidemia
CLM694,J44.9,COPD
CLM695,F32.9,Major depressive disorder
CLM695,F90.0,ADHD
CLM695,F43.10,Post-traumatic stress disorder
CLM696,J44.9,COPD
CLM697,I25.10,Coronary artery disease
CLM698,J18.9,Pneumonia
CLM699,I50.9,Heart failure
CLM700,E11.9,Type 2 diabetes mellitus
CLM700,F41.1,Generalized anxiety disorder
CLM701,H66.90,Otitis media
CLM701,Z00.129,Routine child health exam
CLM702,R07.9,Chest pain
CLM703,C50.911,Breast cancer
CLM704,I48.91,Atrial fibrillation
CLM705,C50.911,Breast cancer
CLM706,S83.511A,ACL sprain of right knee
CLM707,R07.9,Chest pain
CLM708,L20.9,Atopic dermatitis
CLM709,J02.0,Streptococcal pharyngitis
CLM709,Z00.129,Routine child health exam
CLM710,E03.9,Hypothyroidism
CLM710,E11.9,Type 2 diabetes mellitus
CLM711,D22.9,Melanocytic nevus
CLM712,E11.9,Type 2 diabetes mellitus
CLM712,I10,Essential hypertension
CLM712,D64.9,Anemia
CLM713,L70.0,Acne vulgaris
CLM713,L57.0,Actinic keratosis
CLM713,D22.9,Melanocytic nevus
CLM714,N39.0,UTI
CLM715,L40.0,Psoriasis
CLM716,I48.91,Atrial fibrillation
CLM716,I25.10,Coronary artery disease
CLM717,J02.0,Streptococcal pharyngitis
CLM718,Z00.00,Routine adult health exam
CLM718,D64.9,Anemia
CLM719,L40.0,Psoriasis
CLM719,D22.9,Melanocytic nevus
CLM720,E11.9,Type 2 diabetes mellitus
CLM721,S83.511A,ACL sprain of right knee
CLM722,Z00.00,Routine adult health exam
CLM722,E78.5,Hyperlipidemia
CLM723,E78.5,Hyperlipidemia
CLM723,I50.9,Heart failure
CLM724,E11.9,Type 2 diabetes mellitus
CLM724,E03.9,Hypothyroidism
CLM725,Z00.00,Routine adult health exam
CLM726,E11.9,Type 2 diabetes mellitus
CLM727,L57.0,Actinic keratosis
CLM728,E11.65,Type 2 diabetes with hyperglycemia
CLM728,E03.9,Hypothyroidism
CLM729,E11.9,Type 2 diabetes mellitus
CLM730,G47.33,Obstructive sleep apnea
CLM731,J02.0,Streptococcal pharyngitis
CLM731,J06.9,Upper respiratory infection
CLM732,H66.90,Otitis media
CLM732,J45.909,Asthma
CLM733,J10.1,Influenza with pneumonia
CLM734,F41.1,Generalized anxiety disorder
CLM735,Z01.419,Routine gynecological exam
CLM735,N92.0,Heavy menstrual bleeding
CLM736,J20.9,Acute bronchitis
CLM737,Z00.00,Routine adult health exam
CLM737,D64.9,Anemia
CLM738,I48.91,Atrial fibrillation
CLM739,I10,Essential hypertension
CLM739,I25.10,Coronary artery disease
CLM740,Z00.00,Routine adult health exam
CLM740,F41.1,Generalized anxiety disorder
CLM740,E11.9,Type 2 diabetes mellitus
CLM741,S06.0X0A,Concussion
CLM741,R10.9,Abdominal pain
CLM742,L70.0,Acne vulgaris
CLM743,Z00.00,Routine adult health exam
CLM744,E03.9,Hypothyroidism
CLM745,I25.10,Coronary artery disease
CLM746,L30.9,Dermatitis
CLM746,L70.0,Acne vulgaris
CLM747,Z00.129,Routine child health exam
CLM748,Z51.11,Encounter for chemotherapy
CLM749,M75.101,Rotator cuff tear
CLM750,Z00.00,Routine adult health exam
CLM751,Z51.11,Encounter for chemotherapy
CLM752,E03.9,Hypothyroidism
CLM753,E78.5,Hyperlipidemia
CLM754,M54.5,Low back pain
CLM755,E11.65,Type 2 diabetes with hyperglycemia
CLM756,N18.3,Chronic kidney disease stage 3
CLM757,F90.0,ADHD
CLM757,F43.10,Post-traumatic stress disorder
CLM758,L20.9,Atopic dermatitis
CLM759,J10.1,Influenza with pneumonia
CLM760,C34.90,Lung cancer
CLM761,E11.65,Type 2 diabetes with hyperglycemia
CLM761,E66.9,Obesity
CLM762,I25.10,Coronary artery disease
CLM762,R07.9,Chest pain
CLM763,M75.101,Rotator cuff tear
CLM764,D22.9,Melanocytic nevus
CLM765,Z51.11,Encounter for chemotherapy
CLM766,Z00.00,Routine adult health exam
CLM767,I10,Essential hypertension
CLM767,F41.1,Generalized anxiety disorder
CLM767,J06.9,Upper respiratory infection
CLM768,I25.10,Coronary artery disease
CLM769,E78.5,Hyperlipidemia
CLM769,K21.9,Gastroesophageal reflux disease
CLM770,K21.9,Gastroesophageal reflux disease
CLM770,E78.5,Hyperlipidemia
CLM771,S83.511A,ACL sprain of right knee
CLM772,I10,Essential hypertension
CLM773,F90.0,ADHD
CLM773,F31.9,Bipolar disorder
CLM774,I48.91,Atrial fibrillation
CLM775,J02.0,Streptococcal pharyngitis
CLM776,E11.9,Type 2 diabetes mellitus
CLM777,N18.3,Chronic kidney disease stage 3
CLM778,I10,Essential hypertension
CLM778,I50.9,Heart failure
CLM779,M75.101,Rotator cuff tear
CLM779,M17.11,Osteoarthritis of right knee
CLM779,S83.511A,ACL sprain of right knee
CLM780,L57.0,Actinic keratosis
CLM781,E11.65,Type 2 diabetes with hyperglycemia
CLM781,E11.9,Type 2 diabetes mellitus
CLM782,E03.9,Hypothyroidism
CLM782,E11.9,Type 2 diabetes mellitus
CLM782,N18.3,Chronic kidney disease stage 3
CLM783,Z34.90,Normal pregnancy supervision
CLM783,O24.410,Gestational diabetes
CLM784,E78.5,Hyperlipidemia
CLM784,M54.5,Low back pain
CLM785,M54.5,Low back pain
CLM786,E78.5,Hyperlipidemia
CLM787,Z34.90,Normal pregnancy supervision
CLM788,D64.9,Anemia
CLM789,S52.501A,Fracture of radius
CLM790,I10,Essential hypertension
CLM791,E78.5,Hyperlipidemia
CLM792,M54.5,Low back pain
CLM793,L40.0,Psoriasis
CLM794,F41.1,Generalized anxiety disorder
CLM794,F43.10,Post-traumatic stress disorder
CLM795,J20.9,Acute bronchitis
CLM796,J06.9,Upper respiratory infection
CLM796,M54.5,Low back pain
CLM796,F41.1,Generalized anxiety disorder
CLM797,E78.5,Hyperlipidemia
CLM797,Z00.00,Routine adult health exam
CLM797,N39.0,UTI
CLM798,R07.9,Chest pain
CLM798,J18.9,Pneumonia
CLM799,Z00.00,Routine adult health exam
CLM800,E03.9,Hypothyroidism
CLM800,K21.9,Gastroesophageal reflux disease
CLM800,E11.9,Type 2 diabetes mellitus
CLM801,N18.3,Chronic kidney disease stage 3
CLM802,S52.501A,Fracture of radius
CLM803,Z00.00,Routine adult health exam
CLM803,I10,Essential hypertension
CLM804,F31.9,Bipolar disorder
CLM804,F41.1,Generalized anxiety disorder
CLM804,F32.9,Major depressive disorder
CLM805,E03.9,Hypothyroidism
CLM805,E11.65,Type 2 diabetes with hyperglycemia
CLM806,M54.5,Low back pain
CLM806,M25.561,Pain in right knee
CLM807,N18.3,Chronic kidney disease stage 3
CLM808,I25.10,Coronary artery disease
CLM809,F41.1,Generalized anxiety disorder
CLM809,J10.1,Influenza with pneumonia
CLM810,E78.5,Hyperlipidemia
CLM810,E11.9,Type 2 diabetes mellitus
CLM811,E03.9,Hypothyroidism
CLM811,E11.9,Type 2 diabetes mellitus
CLM812,M54.5,Low back pain
CLM812,N39.0,UTI
CLM812,J06.9,Upper respiratory infection
CLM813,Z00.00,Routine adult health exam
CLM813,J10.1,Influenza with pneumonia
CLM813,E11.9,Type 2 diabetes mellitus
CLM814,Z34.90,Normal pregnancy supervision
CLM815,E11.9,Type 2 diabetes mellitus
CLM816,K21.9,Gastroesophageal reflux disease
CLM816,E78.5,Hyperlipidemia
CLM816,D64.9,Anemia
CLM817,F32.9,Major depressive disorder
CLM818,F41.1,Generalized anxiety disorder
CLM818,F31.9,Bipolar disorder
CLM819,E11.9,Type 2 diabetes mellitus
CLM820,Z00.00,Routine adult health exam
CLM821,F90.0,ADHD
CLM821,F31.9,Bipolar disorder
CLM821,F43.10,Post-traumatic stress disorder
CLM822,E78.5,Hyperlipidemia
CLM822,I48.91,Atrial fibrillation
CLM823,D64.9,Anemia
CLM824,J10.1,Influenza with pneumonia
CLM825,J10.1,Influenza with pneumonia
CLM826,D22.9,Melanocytic nevus
CLM827,R10.9,Abdominal pain
CLM827,S06.0X0A,Concussion
CLM828,D64.9,Anemia
CLM829,I48.91,Atrial fibrillation
CLM830,Z00.00,Routine adult health exam
CLM830,E78.5,Hyperlipidemia
CLM830,F41.1,Generalized anxiety disorder
CLM831,M54.5,Low back pain
CLM832,Z00.00,Routine adult health exam
CLM832,E03.9,Hypothyroidism
CLM833,J06.9,Upper respiratory infection
CLM833,H66.90,Otitis media
CLM834,F41.1,Generalized anxiety disorder
CLM835,S52.501A,Fracture of radius
CLM836,I10,Essential hypertension
CLM836,E78.5,Hyperlipidemia
CLM837,J10.1,Influenza with pneumonia
CLM837,E78.5,Hyperlipidemia
CLM838,E78.5,Hyperlipidemia
CLM839,I25.10,Coronary artery disease
CLM839,I48.91,Atrial fibrillation
CLM840,F41.1,Generalized anxiety disorder
CLM841,I48.91,Atrial fibrillation
CLM841,I10,Essential hypertension
CLM841,R07.9,Chest pain
CLM842,E11.65,Type 2 diabetes with hyperglycemia
CLM842,E05.90,Hyperthyroidism
CLM843,F43.10,Post-traumatic stress disorder
CLM843,F32.9,Major depressive disorder
CLM844,L40.0,Psoriasis
CLM844,L57.0,Actinic keratosis
CLM844,L30.9,Dermatitis
CLM845,I25.10,Coronary artery disease
CLM845,I10,Essential hypertension
CLM846,G47.33,Obstructive sleep apnea
CLM847,J18.9,Pneumonia
CLM847,R07.9,Chest pain
CLM847,R10.9,Abdominal pain
CLM848,F31.9,Bipolar disorder
CLM849,F41.1,Generalized anxiety disorder
CLM850,S83.511A,ACL sprain of right knee
CLM850,M54.5,Low back pain
CLM851,J44.9,COPD
CLM852,Z51.11,Encounter for chemotherapy
CLM852,C34.90,Lung cancer
CLM853,S83.511A,ACL sprain of right knee
CLM854,N39.0,UTI
CLM854,I10,Essential hypertension
CLM854,M54.5,Low back pain
CLM855,M54.5,Low back pain
CLM855,I10,Essential hypertension
CLM856,N18.3,Chronic kidney disease stage 3
CLM856,E78.5,Hyperlipidemia
CLM857,E78.5,Hyperlipidemia
CLM858,N92.0,Heavy menstrual bleeding
CLM859,Z00.00,Routine adult health exam
CLM859,E03.9,Hypothyroidism
CLM860,J10.1,Influenza with pneumonia
CLM861,I10,Essential hypertension
CLM862,Z00.129,Routine child health exam
CLM863,D64.9,Anemia
CLM864,F31.9,Bipolar disorder
CLM865,C18.9,Colon cancer
CLM865,C50.911,Breast cancer
CLM866,Z34.90,Normal pregnancy supervision
CLM867,E78.5,Hyperlipidemia
CLM868,E11.9,Type 2 diabetes mellitus
CLM869,J10.1,Influenza with pneumonia
CLM870,F43.10,Post-traumatic stress disorder
CLM870,F90.0,ADHD
CLM871,D64.9,Anemia
CLM872,J20.9,Acute bronchitis
CLM873,N18.3,Chronic kidney disease stage 3
CLM873,E03.9,Hypothyroidism
CLM873,E78.5,Hyperlipidemia
CLM874,E11.65,Type 2 diabetes with hyperglycemia
CLM874,E03.9,Hypothyroidism
CLM875,N39.0,UTI
CLM875,J06.9,Upper respiratory infection
CLM876,I10,Essential hypertension
CLM876,J10.1,Influenza with pneumonia
CLM877,J20.9,Acute bronchitis
CLM877,N39.0,UTI
CLM878,I10,Essential hypertension
CLM879,J10.1,Influenza with pneumonia
CLM880,F41.1,Generalized anxiety disorder
CLM880,N39.0,UTI
CLM881,I10,Essential hypertension
CLM882,J20.9,Acute bronchitis
CLM883,I10,Essential hypertension
CLM883,E11.9,Type 2 diabetes mellitus
CLM884,I10,Essential hypertension
CLM885,L20.9,Atopic dermatitis
CLM885,J45.909,Asthma
CLM885,R50.9,Fever
CLM886,Z00.00,Routine adult health exam
CLM886,D64.9,Anemia
CLM887,F43.10,Post-traumatic stress disorder
CLM887,F32.9,Major depressive disorder
CLM888,J44.9,COPD
CLM889,I48.91,Atrial fibrillation
CLM889,R07.9,Chest pain
CLM890,J10.1,Influenza with pneumonia
CLM890,F41.1,Generalized anxiety disorder
CLM890,M54.5,Low back pain
CLM891,E78.5,Hyperlipidemia
CLM892,I10,Essential hypertension
CLM893,N39.0,UTI
CLM894,E78.5,Hyperlipidemia
CLM894,N18.3,Chronic kidney disease stage 3
CLM895,F31.9,Bipolar disorder
CLM895,F90.0,ADHD
CLM895,F41.1,Generalized anxiety disorder
CLM896,I10,Essential hypertension
CLM897,E11.9,Type 2 diabetes mellitus
CLM897,N18.3,Chronic kidney disease stage 3
CLM898,C50.911,Breast cancer
CLM898,C61,Prostate cancer
CLM899,I50.9,Heart failure
CLM900,J06.9,Upper respiratory infection
CLM901,J45.909,Asthma
CLM902,I25.10,Coronary artery disease
CLM903,E03.9,Hypothyroidism
CLM903,I10,Essential hypertension
CLM904,D64.9,Anemia
CLM905,L30.9,Dermatitis
CLM906,J18.9,Pneumonia
CLM907,I25.10,Coronary artery disease
CLM908,J06.9,Upper respiratory infection
CLM908,F41.1,Generalized anxiety disorder
CLM908,M54.5,Low back pain
CLM909,J06.9,Upper respiratory infection
CLM909,F41.1,Generalized anxiety disorder
CLM909,E78.5,Hyperlipidemia
CLM910,I10,Essential hypertension
CLM911,F41.1,Generalized anxiety disorder
CLM911,E78.5,Hyperlipidemia
CLM912,M17.11,Osteoarthritis of right knee
CLM912,M75.101,Rotator cuff tear
CLM912,M25.561,Pain in right knee
CLM913,R55,Syncope
CLM913,R07.9,Chest pain
CLM914,J45.909,Asthma
CLM915,E78.5,Hyperlipidemia
CLM916,M54.5,Low back pain
CLM917,J18.9,Pneumonia
CLM917,J45.909,Asthma
CLM918,J45.909,Asthma
CLM918,G47.33,Obstructive sleep apnea
CLM919,I25.10,Coronary artery disease
CLM920,I50.9,Heart failure
CLM920,E78.5,Hyperlipidemia
CLM921,F32.9,Major depressive disorder
CLM922,R50.9,Fever
CLM923,F32.9,Major depressive disorder
CLM924,Z00.00,Routine adult health exam
CLM925,C61,Prostate cancer
CLM926,J20.9,Acute bronchitis
CLM927,M54.5,Low back pain
CLM927,E11.9,Type 2 diabetes mellitus
CLM928,O24.410,Gestational diabetes
CLM929,C18.9,Colon cancer
CLM929,C34.90,Lung cancer
CLM930,I50.9,Heart failure
CLM931,E78.5,Hyperlipidemia
CLM932,D64.9,Anemia
CLM933,J44.9,COPD
CLM934,M54.5,Low back pain
CLM934,M17.11,Osteoarthritis of right knee
CLM935,D64.9,Anemia
CLM936,F41.1,Generalized anxiety disorder
CLM937,D64.9,Anemia
CLM938,E11.9,Type 2 diabetes mellitus
CLM939,Z34.90,Normal pregnancy supervision
CLM939,N92.0,Heavy menstrual bleeding
CLM939,Z01.419,Routine gynecological exam
CLM940,J10.1,Influenza with pneumonia
CLM941,I10,Essential hypertension
CLM942,S06.0X0A,Concussion
CLM943,O24.410,Gestational diabetes
CLM944,Z00.00,Routine adult health exam
CLM945,J06.9,Upper respiratory infection
CLM946,Z01.419,Routine gynecological exam
CLM947,I50.9,Heart failure
CLM948,N39.0,UTI
CLM948,I10,Essential hypertension
CLM949,M25.561,Pain in right knee
CLM950,N39.0,UTI
CLM951,L20.9,Atopic dermatitis
CLM952,I50.9,Heart failure
CLM953,J44.9,COPD
CLM953,J18.9,Pneumonia
CLM954,I10,Essential hypertension
CLM955,R07.9,Chest pain
CLM956,I48.91,Atrial fibrillation
CLM956,I10,Essential hypertension
CLM957,K21.9,Gastroesophageal reflux disease
CLM958,R07.9,Chest pain
CLM959,F43.10,Post-traumatic stress disorder
CLM960,S83.511A,ACL sprain of right knee
CLM961,J02.0,Streptococcal pharyngitis
CLM962,L57.0,Actinic keratosis
CLM962,L70.0,Acne vulgaris
CLM963,Z00.00,Routine adult health exam
CLM964,R10.9,Abdominal pain
CLM964,R55,Syncope
CLM965,E11.9,Type 2 diabetes mellitus
CLM965,I10,Essential hypertension
CLM965,E78.5,Hyperlipidemia
CLM966,E78.5,Hyperlipidemia
CLM966,I10,Essential hypertension
CLM967,I10,Essential hypertension
CLM968,I25.10,Coronary artery disease
CLM969,F41.1,Generalized anxiety disorder
CLM970,S52.501A,Fracture of radius
CLM970,R55,Syncope
CLM971,G47.33,Obstructive sleep apnea
CLM971,J18.9,Pneumonia
CLM972,D64.9,Anemia
CLM972,Z51.11,Encounter for chemotherapy
CLM973,G47.33,Obstructive sleep apnea
CLM974,J45.909,Asthma
CLM975,F41.1,Generalized anxiety disorder
CLM976,L20.9,Atopic dermatitis
CLM977,Z00.00,Routine adult health exam
CLM978,I10,Essential hypertension
CLM978,J10.1,Influenza with pneumonia
CLM979,R55,Syncope
CLM979,S52.501A,Fracture of radius
CLM980,L40.0,Psoriasis
CLM980,D22.9,Melanocytic nevus
CLM981,F32.9,Major depressive disorder
CLM981,F43.10,Post-traumatic stress disorder
CLM982,I25.10,Coronary artery disease
CLM983,J10.1,Influenza with pneumonia
CLM984,E11.9,Type 2 diabetes mellitus
CLM984,E66.9,Obesity
CLM985,F90.0,ADHD
CLM986,E78.5,Hyperlipidemia
CLM986,J06.9,Upper respiratory infection
CLM987,N18.3,Chronic kidney disease stage 3
CLM988,J10.1,Influenza with pneumonia
CLM989,J20.9,Acute bronchitis
CLM990,F41.1,Generalized anxiety disorder
CLM991,D64.9,Anemia
CLM992,E11.9,Type 2 diabetes mellitus
CLM992,E05.90,Hyperthyroidism
CLM993,D64.9,Anemia
CLM994,F41.1,Generalized anxiety disorder
CLM994,N39.0,UTI
CLM995,C34.90,Lung cancer
CLM996,J20.9,Acute bronchitis
CLM996,I10,Essential hypertension
CLM997,K21.9,Gastroesophageal reflux disease
CLM998,J02.0,Streptococcal pharyngitis
CLM998,H66.90,Otitis media
CLM998,R50.9,Fever
CLM999,J10.1,Influenza with pneumonia
CLM1000,E11.9,Type 2 diabetes mellitus
CLM1001,N18.3,Chronic kidney disease stage 3
CLM1002,M54.5,Low back pain
CLM1002,M25.561,Pain in right knee
CLM1002,M17.11,Osteoarthritis of right knee
CLM1003,I10,Essential hypertension
CLM1003,I48.91,Atrial fibrillation
CLM1003,R07.9,Chest pain
CLM1004,E11.9,Type 2 diabetes mellitus
CLM1004,D64.9,Anemia
CLM1005,E11.9,Type 2 diabetes mellitus
CLM1005,I10,Essential hypertension
CLM1005,K21.9,Gastroesophageal reflux disease
CLM1006,H66.90,Otitis media
CLM1006,R50.9,Fever
CLM1007,J18.9,Pneumonia
CLM1007,J45.909,Asthma
CLM1008,Z00.129,Routine child health exam
CLM1008,J02.0,Streptococcal pharyngitis
CLM1008,J06.9,Upper respiratory infection
CLM1009,I10,Essential hypertension
CLM1009,J20.9,Acute bronchitis
CLM1010,E78.5,Hyperlipidemia
CLM1010,N18.3,Chronic kidney disease stage 3
CLM1010,D64.9,Anemia
CLM1011,I10,Essential hypertension
CLM1011,E78.5,Hyperlipidemia
CLM1012,D64.9,Anemia
CLM1012,I10,Essential hypertension
CLM1012,E78.5,Hyperlipidemia
CLM1013,E05.90,Hyperthyroidism
CLM1013,E11.65,Type 2 diabetes with hyperglycemia
CLM1014,E78.5,Hyperlipidemia
CLM1015,R10.9,Abdominal pain
CLM1016,F41.1,Generalized anxiety disorder
CLM1017,J20.9,Acute bronchitis
CLM1017,J10.1,Influenza with pneumonia
CLM1018,M54.5,Low back pain
CLM1019,J06.9,Upper respiratory infection
CLM1020,L30.9,Dermatitis
CLM1021,R07.9,Chest pain
CLM1021,R55,Syncope
CLM1021,S06.0X0A,Concussion
CLM1022,E03.9,Hypothyroidism
CLM1022,E05.90,Hyperthyroidism
CLM1023,R07.9,Chest pain
CLM1024,I48.91,Atrial fibrillation
CLM1024,E78.5,Hyperlipidemia
CLM1025,N18.3,Chronic kidney disease stage 3
CLM1026,I10,Essential hypertension
CLM1026,E11.9,Type 2 diabetes mellitus
CLM1027,Z00.00,Routine adult health exam
CLM1028,G47.33,Obstructive sleep apnea
CLM1029,L70.0,Acne vulgaris
CLM1029,D22.9,Melanocytic nevus
CLM1029,L57.0,Actinic keratosis
CLM1030,Z00.129,Routine child health exam
CLM1030,J45.909,Asthma
CLM1031,J06.9,Upper respiratory infection
CLM1032,R10.9,Abdominal pain
CLM1032,S52.501A,Fracture of radius
CLM1033,R55,Syncope
CLM1033,J18.9,Pneumonia
CLM1033,S06.0X0A,Concussion
CLM1034,M54.5,Low back pain
CLM1034,I10,Essential hypertension
CLM1035,J06.9,Upper respiratory infection
CLM1035,R50.9,Fever
CLM1036,H66.90,Otitis media
CLM1037,C18.9,Colon cancer
CLM1038,M17.11,Osteoarthritis of right knee
CLM1038,S83.511A,ACL sprain of right knee
CLM1039,M54.5,Low back pain
CLM1039,E78.5,Hyperlipidemia
CLM1039,F41.1,Generalized anxiety disorder
CLM1040,M75.101,Rotator cuff tear
CLM1041,N39.0,UTI
CLM1041,I10,Essential hypertension
CLM1042,E11.9,Type 2 diabetes mellitus
CLM1043,M17.11,Osteoarthritis of right knee
CLM1044,C50.911,Breast cancer
CLM1045,E03.9,Hypothyroidism
CLM1046,K21.9,Gastroesophageal reflux disease
CLM1046,E03.9,Hypothyroidism
CLM1047,R50.9,Fever
CLM1048,L57.0,Actinic keratosis
CLM1049,S83.511A,ACL sprain of right knee
CLM1049,M54.5,Low back pain
CLM1050,I10,Essential hypertension
CLM1050,N18.3,Chronic kidney disease stage 3
CLM1051,I10,Essential hypertension
CLM1052,L20.9,Atopic dermatitis
CLM1052,Z00.129,Routine child health exam
CLM1053,J06.9,Upper respiratory infection
CLM1054,L20.9,Atopic dermatitis
CLM1055,I48.91,Atrial fibrillation
CLM1056,N39.0,UTI
CLM1057,E11.9,Type 2 diabetes mellitus
CLM1058,I10,Essential hypertension
CLM1059,S52.501A,Fracture of radius
CLM1059,R07.9,Chest pain
CLM1060,L30.9,Dermatitis
CLM1060,L57.0,Actinic keratosis
CLM1061,N39.0,UTI
CLM1062,E11.9,Type 2 diabetes mellitus
CLM1062,J06.9,Upper respiratory infection
CLM1063,Z00.00,Routine adult health exam
CLM1063,I10,Essential hypertension
CLM1063,E03.9,Hypothyroidism
CLM1064,E11.9,Type 2 diabetes mellitus
CLM1064,N18.3,Chronic kidney disease stage 3
CLM1064,K21.9,Gastroesophageal reflux disease
CLM1065,E78.5,Hyperlipidemia
CLM1065,E11.9,Type 2 diabetes mellitus
CLM1066,D64.9,Anemia
CLM1067,N39.0,UTI
CLM1068,J18.9,Pneumonia
CLM1068,J44.9,COPD
CLM1068,G47.33,Obstructive sleep apnea
CLM1069,I50.9,Heart failure
CLM1069,I48.91,Atrial fibrillation
CLM1070,E66.9,Obesity
CLM1071,E66.9,Obesity
CLM1071,E05.90,Hyperthyroidism
CLM1071,E03.9,Hypothyroidism
CLM1072,J06.9,Upper respiratory infection
CLM1072,N39.0,UTI
CLM1073,R07.9,Chest pain
CLM1074,F31.9,Bipolar disorder
CLM1075,L40.0,Psoriasis
CLM1076,C61,Prostate cancer
CLM1077,Z00.129,Routine child health exam
CLM1078,N92.0,Heavy menstrual bleeding
CLM1079,J02.0,Streptococcal pharyngitis
CLM1079,Z00.129,Routine child health exam
CLM1080,J20.9,Acute bronchitis
CLM1080,I10,Essential hypertension
CLM1081,C34.90,Lung cancer
CLM1081,C18.9,Colon cancer
CLM1082,E03.9,Hypothyroidism
CLM1083,J06.9,Upper respiratory infection
CLM1084,E11.9,Type 2 diabetes mellitus
CLM1084,N18.3,Chronic kidney disease stage 3
CLM1085,J10.1,Influenza with pneumonia
CLM1085,M54.5,Low back pain
CLM1086,M75.101,Rotator cuff tear
CLM1086,M17.11,Osteoarthritis of right knee
CLM1086,M54.5,Low back pain
CLM1087,N18.3,Chronic kidney disease stage 3
CLM1088,E78.5,Hyperlipidemia
CLM1089,F32.9,Major depressive disorder
CLM1090,L20.9,Atopic dermatitis
CLM1090,J06.9,Upper respiratory infection
CLM1091,Z00.00,Routine adult health exam
CLM1092,C18.9,Colon cancer
CLM1092,D64.9,Anemia
CLM1093,K21.9,Gastroesophageal reflux disease
CLM1094,K21.9,Gastroesophageal reflux disease
CLM1095,Z34.90,Normal pregnancy supervision
CLM1096,Z00.00,Routine adult health exam
CLM1096,N18.3,Chronic kidney disease stage 3
CLM1097,D22.9,Melanocytic nevus
CLM1098,N39.0,UTI
CLM1099,F32.9,Major depressive disorder
CLM1099,F90.0,ADHD
CLM1099,F43.10,Post-traumatic stress disorder
CLM1100,J06.9,Upper respiratory infection
CLM1101,E11.9,Type 2 diabetes mellitus
CLM1101,K21.9,Gastroesophageal reflux disease
CLM1102,R10.9,Abdominal pain
CLM1103,Z00.00,Routine adult health exam
CLM1104,E11.65,Type 2 diabetes with hyperglycemia
CLM1105,N18.3,Chronic kidney disease stage 3
CLM1106,J06.9,Upper respiratory infection
CLM1107,L40.0,Psoriasis
CLM1107,L70.0,Acne vulgaris
CLM1108,R10.9,Abdominal pain
CLM1109,D64.9,Anemia
CLM1109,C18.9,Colon cancer
CLM1110,J06.9,Upper respiratory infection
CLM1111,M54.5,Low back pain
CLM1112,Z51.11,Encounter for chemotherapy
CLM1113,I10,Essential hypertension
CLM1114,D64.9,Anemia
CLM1114,C50.911,Breast cancer
CLM1115,Z00.00,Routine adult health exam
CLM1115,I10,Essential hypertension
CLM1116,G47.33,Obstructive sleep apnea
CLM1117,F32.9,Major depressive disorder
CLM1117,F90.0,ADHD
CLM1117,F41.1,Generalized anxiety disorder
CLM1118,N92.0,Heavy menstrual bleeding
CLM1119,E03.9,Hypothyroidism
CLM1120,M17.11,Osteoarthritis of right knee
CLM1121,R07.9,Chest pain
CLM1121,I10,Essential hypertension
CLM1121,E78.5,Hyperlipidemia
CLM1122,J06.9,Upper respiratory infection
CLM1123,L30.9,Dermatitis
CLM1123,L70.0,Acne vulgaris
CLM1124,J06.9,Upper respiratory infection
CLM1124,M54.5,Low back pain
CLM1125,M75.101,Rotator cuff tear
CLM1126,F32.9,Major depressive disorder
CLM1126,F90.0,ADHD
CLM1127,C50.911,Breast cancer
CLM1127,C34.90,Lung cancer
CLM1128,M25.561,Pain in right knee
CLM1129,J20.9,Acute bronchitis
CLM1130,N39.0,UTI
CLM1131,E11.9,Type 2 diabetes mellitus
CLM1131,E05.90,Hyperthyroidism
CLM1132,E11.9,Type 2 diabetes mellitus
CLM1132,E03.9,Hypothyroidism
CLM1133,E11.9,Type 2 diabetes mellitus
CLM1134,I10,Essential hypertension
CLM1134,I25.10,Coronary artery disease
CLM1135,J45.909,Asthma
CLM1136,F90.0,ADHD
CLM1136,F31.9,Bipolar disorder
CLM1137,Z00.00,Routine adult health exam
CLM1138,I48.91,Atrial fibrillation
CLM1139,R55,Syncope
CLM1140,H66.90,Otitis media
CLM1141,F41.1,Generalized anxiety disorder
CLM1141,I10,Essential hypertension
CLM1142,R07.9,Chest pain
CLM1142,S06.0X0A,Concussion
CLM1143,J06.9,Upper respiratory infection
CLM1143,J02.0,Streptococcal pharyngitis
CLM1144,E66.9,Obesity
CLM1144,E03.9,Hypothyroidism
CLM1144,E05.90,Hyperthyroidism
CLM1145,E03.9,Hypothyroidism
CLM1146,E11.9,Type 2 diabetes mellitus
CLM1147,I48.91,Atrial fibrillation
CLM1148,F32.9,Major depressive disorder
CLM1148,F31.9,Bipolar disorder
CLM1148,F90.0,ADHD
CLM1149,N18.3,Chronic kidney disease stage 3
CLM1150,R55,Syncope
CLM1151,I10,Essential hypertension
CLM1152,D64.9,Anemia
CLM1153,N39.0,UTI
CLM1154,J18.9,Pneumonia
CLM1155,F90.0,ADHD
CLM1156,E11.9,Type 2 diabetes mellitus
CLM1157,J06.9,Upper respiratory infection
CLM1157,M54.5,Low back pain
CLM1157,E78.5,Hyperlipidemia
CLM1158,E78.5,Hyperlipidemia
CLM1158,I10,Essential hypertension
CLM1159,E11.9,Type 2 diabetes mellitus
CLM1160,H66.90,Otitis media
CLM1160,J02.0,Streptococcal pharyngitis
CLM1161,M54.5,Low back pain
CLM1161,I10,Essential hypertension
CLM1162,K21.9,Gastroesophageal reflux disease
CLM1163,I10,Essential hypertension
CLM1164,C50.911,Breast cancer
CLM1164,Z51.11,Encounter for chemotherapy
CLM1165,J10.1,Influenza with pneumonia
CLM1166,I48.91,Atrial fibrillation
CLM1167,O24.410,Gestational diabetes
CLM1168,D64.9,Anemia
CLM1169,Z00.00,Routine adult health exam
CLM1169,M54.5,Low back pain
CLM1169,J06.9,Upper respiratory infection
CLM1170,Z51.11,Encounter for chemotherapy
CLM1171,N92.0,Heavy menstrual bleeding
CLM1171,Z34.90,Normal pregnancy supervision
CLM1171,N80.9,Endometriosis
CLM1172,E03.9,Hypothyroidism
CLM1173,M54.5,Low back pain
CLM1174,Z00.00,Routine adult health exam
CLM1175,J20.9,Acute bronchitis
CLM1175,N39.0,UTI
CLM1176,C50.911,Breast cancer
CLM1177,I10,Essential hypertension
CLM1178,I10,Essential hypertension
CLM1179,L57.0,Actinic keratosis
CLM1180,J18.9,Pneumonia
CLM1181,J45.909,Asthma
CLM1182,F41.1,Generalized anxiety disorder
CLM1183,J18.9,Pneumonia
CLM1184,D64.9,Anemia
CLM1185,N39.0,UTI
CLM1186,Z00.00,Routine adult health exam
CLM1187,Z00.00,Routine adult health exam
CLM1187,J06.9,Upper respiratory infection
CLM1188,E05.90,Hyperthyroidism
CLM1189,F43.10,Post-traumatic stress disorder
CLM1189,F32.9,Major depressive disorder
CLM1190,K21.9,Gastroesophageal reflux disease
CLM1190,E11.9,Type 2 diabetes mellitus
CLM1191,F90.0,ADHD
CLM1191,F41.1,Generalized anxiety disorder
CLM1192,H66.90,Otitis media
CLM1193,M54.5,Low back pain
CLM1194,S06.0X0A,Concussion
CLM1195,Z00.00,Routine adult health exam
CLM1196,M54.5,Low back pain
CLM1197,E78.5,Hyperlipidemia
CLM1198,E78.5,Hyperlipidemia
CLM1199,F41.1,Generalized anxiety disorder
CLM1200,J06.9,Upper respiratory infection
CLM1200,E78.5,Hyperlipidemia
CLM1200,E11.9,Type 2 diabetes mellitus
CLM1201,Z00.00,Routine adult health exam
CLM1202,J10.1,Influenza with pneumonia
CLM1202,I10,Essential hypertension
CLM1203,M54.5,Low back pain
CLM1204,C50.911,Breast cancer
CLM1205,M54.5,Low back pain
CLM1206,J10.1,Influenza with pneumonia
CLM1206,I10,Essential hypertension
CLM1207,J06.9,Upper respiratory infection
CLM1207,E11.9,Type 2 diabetes mellitus
CLM1208,N18.3,Chronic kidney disease stage 3
CLM1209,E78.5,Hyperlipidemia
CLM1209,I48.91,Atrial fibrillation
CLM1209,I25.10,Coronary artery disease
CLM1210,D64.9,Anemia
CLM1210,C18.9,Colon cancer
CLM1210,C34.90,Lung cancer
CLM1211,N39.0,UTI
CLM1212,J18.9,Pneumonia
CLM1212,R07.9,Chest pain
CLM1212,S52.501A,Fracture of radius
CLM1213,J10.1,Influenza with pneumonia
CLM1214,J45.909,Asthma
CLM1215,I10,Essential hypertension
CLM1216,R07.9,Chest pain
CLM1216,I50.9,Heart failure
CLM1217,D22.9,Melanocytic nevus
CLM1218,C34.90,Lung cancer
CLM1218,D64.9,Anemia
CLM1219,F41.1,Generalized anxiety disorder
CLM1220,Z01.419,Routine gynecological exam
CLM1220,Z34.90,Normal pregnancy supervision
CLM1221,M54.5,Low back pain
CLM1222,E78.5,Hyperlipidemia
CLM1223,L40.0,Psoriasis
CLM1224,J06.9,Upper respiratory infection
CLM1225,I10,Essential hypertension
CLM1225,Z00.00,Routine adult health exam
CLM1226,J10.1,Influenza with pneumonia
CLM1226,F41.1,Generalized anxiety disorder
CLM1227,E03.9,Hypothyroidism
CLM1227,E11.65,Type 2 diabetes with hyperglycemia
CLM1228,S83.511A,ACL sprain of right knee
CLM1228,M17.11,Osteoarthritis of right knee
CLM1229,J02.0,Streptococcal pharyngitis
CLM1230,E78.5,Hyperlipidemia
CLM1231,E78.5,Hyperlipidemia
CLM1231,I48.91,Atrial fibrillation
CLM1232,Z00.00,Routine adult health exam
CLM1232,I10,Essential hypertension
CLM1232,E78.5,Hyperlipidemia
CLM1233,J10.1,Influenza with pneumonia
CLM1233,E78.5,Hyperlipidemia
CLM1234,H66.90,Otitis media
CLM1234,J02.0,Streptococcal pharyngitis
CLM1235,D64.9,Anemia
CLM1236,R50.9,Fever
CLM1236,L20.9,Atopic dermatitis
CLM1237,E11.9,Type 2 diabetes mellitus
CLM1237,F41.1,Generalized anxiety disorder
CLM1238,S83.511A,ACL sprain of right knee
CLM1239,F41.1,Generalized anxiety disorder
CLM1240,E78.5,Hyperlipidemia
CLM1240,E03.9,Hypothyroidism
CLM1240,N18.3,Chronic kidney disease stage 3
CLM1241,N92.0,Heavy menstrual bleeding
CLM1241,Z01.419,Routine gynecological exam
CLM1242,Z00.00,Routine adult health exam
CLM1242,M54.5,Low back pain
CLM1243,Z51.11,Encounter for chemotherapy
CLM1244,L20.9,Atopic dermatitis
CLM1245,R55,Syncope
CLM1246,J20.9,Acute bronchitis
CLM1247,E11.9,Type 2 diabetes mellitus
CLM1248,R55,Syncope
CLM1249,C61,Prostate cancer
CLM1249,Z51.11,Encounter for chemotherapy
CLM1250,I10,Essential hypertension
CLM1250,J10.1,Influenza with pneumonia
CLM1251,J18.9,Pneumonia
CLM1251,S52.501A,Fracture of radius
CLM1252,E11.9,Type 2 diabetes mellitus
CLM1253,K21.9,Gastroesophageal reflux disease
CLM1253,N18.3,Chronic kidney disease stage 3
CLM1254,E11.65,Type 2 diabetes with hyperglycemia
CLM1255,C18.9,Colon cancer
CLM1256,R07.9,Chest pain
CLM1256,I10,Essential hypertension
CLM1257,E78.5,Hyperlipidemia
CLM1257,D64.9,Anemia
CLM1257,E11.9,Type 2 diabetes mellitus
CLM1258,J10.1,Influenza with pneumonia
CLM1259,J10.1,Influenza with pneumonia
CLM1259,E78.5,Hyperlipidemia
CLM1260,R50.9,Fever
CLM1260,J06.9,Upper respiratory infection
CLM1260,L20.9,Atopic dermatitis
CLM1261,E78.5,Hyperlipidemia
CLM1262,R55,Syncope
CLM1262,S06.0X0A,Concussion
CLM1263,E11.9,Type 2 diabetes mellitus
CLM1263,E05.90,Hyperthyroidism
CLM1264,E78.5,Hyperlipidemia
CLM1265,N39.0,UTI
CLM1266,F41.1,Generalized anxiety disorder
CLM1266,Z00.00,Routine adult health exam
CLM1267,G47.33,Obstructive sleep apnea
CLM1267,J44.9,COPD
CLM1268,F43.10,Post-traumatic stress disorder
CLM1269,M54.5,Low back pain
CLM1269,I10,Essential hypertension
CLM1270,I10,Essential hypertension
CLM1271,N18.3,Chronic kidney disease stage 3
CLM1272,J20.9,Acute bronchitis
CLM1273,R55,Syncope
CLM1274,N80.9,Endometriosis
CLM1274,O24.410,Gestational diabetes
CLM1275,Z00.00,Routine adult health exam
CLM1276,F41.1,Generalized anxiety disorder
CLM1277,F32.9,Major depressive disorder
CLM1278,N92.0,Heavy menstrual bleeding
CLM1279,C18.9,Colon cancer
CLM1279,C50.911,Breast cancer
CLM1280,M54.5,Low back pain
CLM1280,E78.5,Hyperlipidemia
CLM1280,J20.9,Acute bronchitis
CLM1281,M75.101,Rotator cuff tear
CLM1281,M54.5,Low back pain
CLM1281,S83.511A,ACL sprain of right knee
CLM1282,L40.0,Psoriasis
CLM1282,L30.9,Dermatitis
CLM1283,I10,Essential hypertension
CLM1283,R07.9,Chest pain
CLM1283,E78.5,Hyperlipidemia
CLM1284,E78.5,Hyperlipidemia
CLM1284,I25.10,Coronary artery disease
CLM1285,L57.0,Actinic keratosis
CLM1285,L30.9,Dermatitis
CLM1285,D22.9,Melanocytic nevus
CLM1286,E78.5,Hyperlipidemia
CLM1287,L57.0,Actinic keratosis
CLM1287,L30.9,Dermatitis
CLM1288,E11.65,Type 2 diabetes with hyperglycemia
CLM1289,L20.9,Atopic dermatitis
CLM1290,E78.5,Hyperlipidemia
CLM1290,F41.1,Generalized anxiety disorder
CLM1291,Z00.00,Routine adult health exam
CLM1292,R50.9,Fever
CLM1293,E11.65,Type 2 diabetes with hyperglycemia
CLM1294,M54.5,Low back pain
CLM1294,M75.101,Rotator cuff tear
CLM1295,N18.3,Chronic kidney disease stage 3
CLM1296,E11.9,Type 2 diabetes mellitus
CLM1297,J10.1,Influenza with pneumonia
CLM1298,I10,Essential hypertension
CLM1299,E78.5,Hyperlipidemia
CLM1299,N18.3,Chronic kidney disease stage 3
CLM1300,J06.9,Upper respiratory infection
CLM1300,E11.9,Type 2 diabetes mellitus
CLM1301,J45.909,Asthma
CLM1301,G47.33,Obstructive sleep apnea
CLM1302,E03.9,Hypothyroidism
CLM1302,E78.5,Hyperlipidemia
CLM1303,N18.3,Chronic kidney disease stage 3
CLM1304,E78.5,Hyperlipidemia
CLM1304,Z00.00,Routine adult health exam
CLM1305,M17.11,Osteoarthritis of right knee
CLM1306,E05.90,Hyperthyroidism
CLM1307,J18.9,Pneumonia
CLM1308,J18.9,Pneumonia
CLM1309,R07.9,Chest pain
CLM1310,R50.9,Fever
CLM1310,J02.0,Streptococcal pharyngitis
CLM1311,R07.9,Chest pain
CLM1311,I25.10,Coronary artery disease
CLM1312,N39.0,UTI
CLM1312,J06.9,Upper respiratory infection
CLM1313,N18.3,Chronic kidney disease stage 3
CLM1314,K21.9,Gastroesophageal reflux disease
CLM1314,E78.5,Hyperlipidemia
CLM1315,C18.9,Colon cancer
CLM1315,C61,Prostate cancer
CLM1316,M54.5,Low back pain
CLM1317,E03.9,Hypothyroidism
CLM1318,D64.9,Anemia
CLM1318,E11.9,Type 2 diabetes mellitus
CLM1319,F43.10,Post-traumatic stress disorder
CLM1319,F32.9,Major depressive disorder
CLM1320,J06.9,Upper respiratory infection
CLM1321,S52.501A,Fracture of radius
CLM1321,R55,Syncope
CLM1322,S83.511A,ACL sprain of right knee
CLM1323,D22.9,Melanocytic nevus
CLM1323,L30.9,Dermatitis
CLM1324,F41.1,Generalized anxiety disorder
CLM1325,J06.9,Upper respiratory infection
CLM1326,I50.9,Heart failure
CLM1326,I25.10,Coronary artery disease
CLM1327,R55,Syncope
CLM1328,M75.101,Rotator cuff tear
CLM1328,M25.561,Pain in right knee
CLM1329,M54.5,Low back pain
CLM1330,J18.9,Pneumonia
CLM1330,S52.501A,Fracture of radius
CLM1331,R07.9,Chest pain
CLM1331,S52.501A,Fracture of radius
CLM1331,R10.9,Abdominal pain
CLM1332,C50.911,Breast cancer
CLM1333,F32.9,Major depressive disorder
CLM1334,J06.9,Upper respiratory infection
CLM1334,J02.0,Streptococcal pharyngitis
CLM1335,I10,Essential hypertension
CLM1335,I48.91,Atrial fibrillation
CLM1336,I10,Essential hypertension
CLM1337,N39.0,UTI
CLM1337,Z00.00,Routine adult health exam
CLM1337,J06.9,Upper respiratory infection
CLM1338,S52.501A,Fracture of radius
CLM1339,C50.911,Breast cancer
CLM1339,C61,Prostate cancer
CLM1340,J44.9,COPD
CLM1341,J02.0,Streptococcal pharyngitis
CLM1342,I48.91,Atrial fibrillation
CLM1343,L40.0,Psoriasis
CLM1343,L30.9,Dermatitis
CLM1344,I48.91,Atrial fibrillation
CLM1345,F32.9,Major depressive disorder
CLM1345,F41.1,Generalized anxiety disorder
CLM1346,J45.909,Asthma
CLM1347,J45.909,Asthma
CLM1347,J02.0,Streptococcal pharyngitis
CLM1347,R50.9,Fever
CLM1348,K21.9,Gastroesophageal reflux disease
CLM1349,M54.5,Low back pain
CLM1349,S83.511A,ACL sprain of right knee
CLM1350,N80.9,Endometriosis
CLM1351,E78.5,Hyperlipidemia
CLM1352,S83.511A,ACL sprain of right knee
CLM1352,M75.101,Rotator cuff tear
CLM1352,M17.11,Osteoarthritis of right knee
CLM1353,M54.5,Low back pain
CLM1353,S83.511A,ACL sprain of right knee
CLM1354,J06.9,Upper respiratory infection
CLM1355,E11.9,Type 2 diabetes mellitus
CLM1356,J44.9,COPD
CLM1357,E11.65,Type 2 diabetes with hyperglycemia
CLM1358,E78.5,Hyperlipidemia
CLM1359,I25.10,Coronary artery disease
CLM1360,I10,Essential hypertension
CLM1360,I25.10,Coronary artery disease
CLM1361,J06.9,Upper respiratory infection
CLM1362,J20.9,Acute bronchitis
CLM1362,M54.5,Low back pain
CLM1363,E78.5,Hyperlipidemia
CLM1363,J20.9,Acute bronchitis
CLM1364,J10.1,Influenza with pneumonia
CLM1365,R55,Syncope
CLM1366,S06.0X0A,Concussion
CLM1367,D64.9,Anemia
CLM1367,N18.3,Chronic kidney disease stage 3
CLM1367,Z00.00,Routine adult health exam
CLM1368,E78.5,Hyperlipidemia
CLM1369,J18.9,Pneumonia
CLM1370,M17.11,Osteoarthritis of right knee
CLM1370,M25.561,Pain in right knee
CLM1371,M54.5,Low back pain
CLM1371,M75.101,Rotator cuff tear
CLM1372,J02.0,Streptococcal pharyngitis
CLM1373,D64.9,Anemia
CLM1374,E03.9,Hypothyroidism
CLM1374,E11.65,Type 2 diabetes with hyperglycemia
CLM1374,E66.9,Obesity
CLM1375,J06.9,Upper respiratory infection
CLM1376,N39.0,UTI
CLM1376,F41.1,Generalized anxiety disorder
CLM1376,I10,Essential hypertension
CLM1377,K21.9,Gastroesophageal reflux disease
CLM1378,K21.9,Gastroesophageal reflux disease
CLM1378,D64.9,Anemia
CLM1378,I10,Essential hypertension
CLM1379,G47.33,Obstructive sleep apnea
CLM1379,J44.9,COPD
CLM1379,J45.909,Asthma
CLM1380,I25.10,Coronary artery disease
CLM1381,I10,Essential hypertension
CLM1381,I48.91,Atrial fibrillation
CLM1382,N39.0,UTI
CLM1383,J44.9,COPD
CLM1384,M54.5,Low back pain
CLM1384,S83.511A,ACL sprain of right knee
CLM1385,E11.9,Type 2 diabetes mellitus
CLM1386,C34.90,Lung cancer
CLM1387,J20.9,Acute bronchitis
CLM1388,M25.561,Pain in right knee
CLM1388,M54.5,Low back pain
CLM1389,K21.9,Gastroesophageal reflux disease
CLM1390,E78.5,Hyperlipidemia
CLM1390,R07.9,Chest pain
CLM1391,E03.9,Hypothyroidism
CLM1392,I10,Essential hypertension
CLM1392,I48.91,Atrial fibrillation
CLM1393,J45.909,Asthma
CLM1394,I10,Essential hypertension
CLM1395,I10,Essential hypertension
CLM1396,S83.511A,ACL sprain of right knee
CLM1396,M75.101,Rotator cuff tear
CLM1397,Z00.00,Routine adult health exam
CLM1397,E11.9,Type 2 diabetes mellitus
CLM1398,E78.5,Hyperlipidemia
CLM1399,I10,Essential hypertension
CLM1400,E03.9,Hypothyroidism
CLM1400,D64.9,Anemia
CLM1401,E78.5,Hyperlipidemia
CLM1402,L30.9,Dermatitis
CLM1403,L20.9,Atopic dermatitis
CLM1404,I10,Essential hypertension
CLM1404,I48.91,Atrial fibrillation
CLM1405,C61,Prostate cancer
CLM1406,K21.9,Gastroesophageal reflux disease
CLM1407,E66.9,Obesity
CLM1408,J10.1,Influenza with pneumonia
CLM1409,M54.5,Low back pain
CLM1409,M75.101,Rotator cuff tear
CLM1410,I25.10,Coronary artery disease
CLM1411,I10,Essential hypertension
CLM1411,E11.9,Type 2 diabetes mellitus
CLM1411,E78.5,Hyperlipidemia
CLM1412,Z34.90,Normal pregnancy supervision
CLM1413,E11.9,Type 2 diabetes mellitus
CLM1414,I10,Essential hypertension
CLM1415,Z34.90,Normal pregnancy supervision
CLM1415,Z01.419,Routine gynecological exam
CLM1416,D22.9,Melanocytic nevus
CLM1416,L57.0,Actinic keratosis
CLM1417,C18.9,Colon cancer
CLM1417,C61,Prostate cancer
CLM1417,C34.90,Lung cancer
CLM1418,Z00.00,Routine adult health exam
CLM1418,F41.1,Generalized anxiety disorder
CLM1419,F41.1,Generalized anxiety disorder
CLM1419,F90.0,ADHD
CLM1420,J20.9,Acute bronchitis
CLM1420,N39.0,UTI
CLM1421,R07.9,Chest pain
CLM1421,S06.0X0A,Concussion
CLM1422,Z00.129,Routine child health exam
CLM1423,E11.9,Type 2 diabetes mellitus
CLM1424,J44.9,COPD
CLM1425,I50.9,Heart failure
CLM1426,I50.9,Heart failure
CLM1427,J18.9,Pneumonia
CLM1428,D64.9,Anemia
CLM1429,F43.10,Post-traumatic stress disorder
CLM1430,Z00.00,Routine adult health exam
CLM1431,H66.90,Otitis media
CLM1432,Z00.00,Routine adult health exam
CLM1432,K21.9,Gastroesophageal reflux disease
CLM1433,F90.0,ADHD
CLM1434,I10,Essential hypertension
CLM1434,J20.9,Acute bronchitis
CLM1434,F41.1,Generalized anxiety disorder
CLM1435,N18.3,Chronic kidney disease stage 3
CLM1435,I10,Essential hypertension
CLM1436,E11.9,Type 2 diabetes mellitus
CLM1437,J45.909,Asthma
CLM1438,M25.561,Pain in right knee
CLM1438,S83.511A,ACL sprain of right knee
CLM1439,N92.0,Heavy menstrual bleeding
CLM1440,F43.10,Post-traumatic stress disorder
CLM1441,J45.909,Asthma
CLM1441,J02.0,Streptococcal pharyngitis
CLM1442,M54.5,Low back pain
CLM1442,M25.561,Pain in right knee
CLM1442,S83.511A,ACL sprain of right knee
CLM1443,Z51.11,Encounter for chemotherapy
CLM1444,E11.9,Type 2 diabetes mellitus
CLM1444,I10,Essential hypertension
CLM1445,J45.909,Asthma
CLM1445,J18.9,Pneumonia
CLM1445,J44.9,COPD
CLM1446,Z51.11,Encounter for chemotherapy
CLM1447,E78.5,Hyperlipidemia
CLM1448,D64.9,Anemia
CLM1449,C61,Prostate cancer
CLM1450,Z00.00,Routine adult health exam
CLM1451,C50.911,Breast cancer
CLM1452,M25.561,Pain in right knee
CLM1453,N92.0,Heavy menstrual bleeding
CLM1453,O24.410,Gestational diabetes
CLM1453,N80.9,Endometriosis
CLM1454,I25.10,Coronary artery disease
CLM1455,M54.5,Low back pain
CLM1456,I50.9,Heart failure
CLM1456,I10,Essential hypertension
CLM1457,F31.9,Bipolar disorder
CLM1458,J20.9,Acute bronchitis
CLM1458,N39.0,UTI
CLM1459,R55,Syncope
CLM1459,R10.9,Abdominal pain
CLM1459,R07.9,Chest pain
CLM1460,F90.0,ADHD
CLM1461,M54.5,Low back pain
CLM1462,L57.0,Actinic keratosis
CLM1463,R07.9,Chest pain
CLM1464,J06.9,Upper respiratory infection
CLM1464,M54.5,Low back pain
CLM1465,I10,Essential hypertension
CLM1466,F41.1,Generalized anxiety disorder
CLM1467,J44.9,COPD
CLM1467,J18.9,Pneumonia
CLM1468,E11.9,Type 2 diabetes mellitus
CLM1469,E03.9,Hypothyroidism
CLM1469,Z00.00,Routine adult health exam
CLM1470,M54.5,Low back pain
CLM1471,I10,Essential hypertension
CLM1472,E11.9,Type 2 diabetes mellitus
CLM1472,E03.9,Hypothyroidism
CLM1473,G47.33,Obstructive sleep apnea
CLM1474,J06.9,Upper respiratory infection
CLM1474,E11.9,Type 2 diabetes mellitus
CLM1475,E11.65,Type 2 diabetes with hyperglycemia
CLM1475,E66.9,Obesity
CLM1476,R07.9,Chest pain
CLM1476,R55,Syncope
CLM1477,M54.5,Low back pain
CLM1478,I10,Essential hypertension
CLM1479,N92.0,Heavy menstrual bleeding
CLM1480,N92.0,Heavy menstrual bleeding
CLM1480,Z34.90,Normal pregnancy supervision
CLM1481,Z00.00,Routine adult health exam
CLM1482,C34.90,Lung cancer
CLM1483,N39.0,UTI
CLM1483,Z00.00,Routine adult health exam
CLM1483,F41.1,Generalized anxiety disorder
CLM1484,M75.101,Rotator cuff tear
CLM1485,I48.91,Atrial fibrillation
CLM1486,J18.9,Pneumonia
CLM1486,S06.0X0A,Concussion
CLM1487,Z00.00,Routine adult health exam
CLM1488,G47.33,Obstructive sleep apnea
CLM1489,E78.5,Hyperlipidemia
CLM1490,M54.5,Low back pain
CLM1490,F41.1,Generalized anxiety disorder
CLM1490,I10,Essential hypertension
CLM1491,C18.9,Colon cancer
CLM1492,N18.3,Chronic kidney disease stage 3
CLM1493,N39.0,UTI
CLM1494,I10,Essential hypertension
CLM1495,J44.9,COPD
CLM1496,J18.9,Pneumonia
CLM1497,I10,Essential hypertension
CLM1498,I10,Essential hypertension
CLM1498,D64.9,Anemia
CLM1499,E78.5,Hyperlipidemia
CLM1500,I10,Essential hypertension
CLM1500,E11.9,Type 2 diabetes mellitus
CLM1501,J44.9,COPD
CLM1501,G47.33,Obstructive sleep apnea
CLM1502,J18.9,Pneumonia
CLM1503,J20.9,Acute bronchitis
CLM1504,I48.91,Atrial fibrillation
CLM1504,I10,Essential hypertension
CLM1505,C34.90,Lung cancer
CLM1506,H66.90,Otitis media
CLM1506,R50.9,Fever
CLM1506,J02.0,Streptococcal pharyngitis
CLM1507,I50.9,Heart failure
CLM1507,I48.91,Atrial fibrillation
CLM1508,D64.9,Anemia
CLM1509,G47.33,Obstructive sleep apnea
CLM1510,E03.9,Hypothyroidism
CLM1511,J02.0,Streptococcal pharyngitis
CLM1511,R50.9,Fever
CLM1512,J06.9,Upper respiratory infection
CLM1513,I10,Essential hypertension
CLM1513,E78.5,Hyperlipidemia
CLM1514,Z00.129,Routine child health exam
CLM1514,J02.0,Streptococcal pharyngitis
CLM1514,J45.909,Asthma
CLM1515,M54.5,Low back pain
CLM1515,J10.1,Influenza with pneumonia
CLM1516,Z00.00,Routine adult health exam
CLM1516,M54.5,Low back pain
CLM1517,R07.9,Chest pain
CLM1518,S83.511A,ACL sprain of right knee
CLM1518,M25.561,Pain in right knee
CLM1519,D22.9,Melanocytic nevus
CLM1520,E78.5,Hyperlipidemia
CLM1521,R55,Syncope
CLM1522,E78.5,Hyperlipidemia
CLM1523,R50.9,Fever
CLM1524,R07.9,Chest pain
CLM1524,I25.10,Coronary artery disease
CLM1524,E78.5,Hyperlipidemia
CLM1525,J02.0,Streptococcal pharyngitis
CLM1525,L20.9,Atopic dermatitis
CLM1526,E11.9,Type 2 diabetes mellitus
CLM1526,E78.5,Hyperlipidemia
CLM1527,R55,Syncope
CLM1527,S52.501A,Fracture of radius
CLM1527,J18.9,Pneumonia
CLM1528,E11.9,Type 2 diabetes mellitus
CLM1528,N18.3,Chronic kidney disease stage 3
CLM1528,Z00.00,Routine adult health exam
CLM1529,F90.0,ADHD
CLM1529,F43.10,Post-traumatic stress disorder
CLM1530,J45.909,Asthma
CLM1530,G47.33,Obstructive sleep apnea
CLM1531,R50.9,Fever
CLM1532,E78.5,Hyperlipidemia
CLM1533,L70.0,Acne vulgaris
CLM1534,Z00.00,Routine adult health exam
CLM1534,D64.9,Anemia
CLM1535,R55,Syncope
CLM1535,J18.9,Pneumonia
CLM1535,R10.9,Abdominal pain
CLM1536,C18.9,Colon cancer
CLM1537,J06.9,Upper respiratory infection
CLM1537,Z00.129,Routine child health exam
CLM1538,J18.9,Pneumonia
CLM1539,Z00.129,Routine child health exam
CLM1539,J06.9,Upper respiratory infection
CLM1540,I10,Essential hypertension
CLM1541,E03.9,Hypothyroidism
CLM1542,I10,Essential hypertension
CLM1543,J06.9,Upper respiratory infection
CLM1544,I48.91,Atrial fibrillation
CLM1544,I25.10,Coronary artery disease
CLM1545,C18.9,Colon cancer
CLM1546,E78.5,Hyperlipidemia
CLM1546,I25.10,Coronary artery disease
CLM1547,M54.5,Low back pain
CLM1547,F41.1,Generalized anxiety disorder
CLM1547,E11.9,Type 2 diabetes mellitus
CLM1548,J06.9,Upper respiratory infection
CLM1549,F43.10,Post-traumatic stress disorder
CLM1550,N39.0,UTI
CLM1550,J20.9,Acute bronchitis
CLM1551,E05.90,Hyperthyroidism
CLM1552,I50.9,Heart failure
CLM1552,R07.9,Chest pain
CLM1552,I10,Essential hypertension
CLM1553,E11.65,Type 2 diabetes with hyperglycemia
CLM1553,E03.9,Hypothyroidism
CLM1554,D64.9,Anemia
CLM1554,N18.3,Chronic kidney disease stage 3
CLM1555,J02.0,Streptococcal pharyngitis
CLM1556,I50.9,Heart failure
CLM1557,S83.511A,ACL sprain of right knee
CLM1558,M54.5,Low back pain
CLM1558,J06.9,Upper respiratory infection
CLM1558,I10,Essential hypertension
CLM1559,E05.90,Hyperthyroidism
CLM1560,H66.90,Otitis media
CLM1561,M54.5,Low back pain
CLM1562,H66.90,Otitis media
CLM1562,J06.9,Upper respiratory infection
CLM1563,D64.9,Anemia
CLM1564,R07.9,Chest pain
CLM1565,R07.9,Chest pain
CLM1566,F32.9,Major depressive disorder
CLM1566,F90.0,ADHD
CLM1567,N18.3,Chronic kidney disease stage 3
CLM1568,E11.9,Type 2 diabetes mellitus
CLM1569,O24.410,Gestational diabetes
CLM1570,J06.9,Upper respiratory infection
CLM1571,E78.5,Hyperlipidemia
CLM1572,Z51.11,Encounter for chemotherapy
CLM1572,C61,Prostate cancer
CLM1573,C50.911,Breast cancer
CLM1574,S52.501A,Fracture of radius
CLM1575,J02.0,Streptococcal pharyngitis
CLM1575,H66.90,Otitis media
CLM1576,F32.9,Major depressive disorder
CLM1577,I10,Essential hypertension
CLM1577,Z00.00,Routine adult health exam
CLM1578,S52.501A,Fracture of radius
CLM1579,D22.9,Melanocytic nevus
CLM1579,L30.9,Dermatitis
CLM1579,L70.0,Acne vulgaris
CLM1580,D22.9,Melanocytic nevus
CLM1581,M54.5,Low back pain
CLM1582,S06.0X0A,Concussion
CLM1582,S52.501A,Fracture of radius
CLM1583,J06.9,Upper respiratory infection
CLM1584,E11.9,Type 2 diabetes mellitus
CLM1584,E78.5,Hyperlipidemia
CLM1585,F90.0,ADHD
CLM1585,F31.9,Bipolar disorder
CLM1585,F43.10,Post-traumatic stress disorder
CLM1586,J20.9,Acute bronchitis
CLM1587,R55,Syncope
CLM1587,S06.0X0A,Concussion
CLM1587,R07.9,Chest pain
CLM1588,K21.9,Gastroesophageal reflux disease
CLM1589,J02.0,Streptococcal pharyngitis
CLM1589,H66.90,Otitis media
CLM1590,E66.9,Obesity
CLM1591,J02.0,Streptococcal pharyngitis
CLM1592,J06.9,Upper respiratory infection
CLM1592,J02.0,Streptococcal pharyngitis
CLM1593,I10,Essential hypertension
CLM1593,E78.5,Hyperlipidemia
CLM1594,J06.9,Upper respiratory infection
CLM1594,F41.1,Generalized anxiety disorder
CLM1594,N39.0,UTI
CLM1595,R10.9,Abdominal pain
CLM1596,E05.90,Hyperthyroidism
CLM1597,M75.101,Rotator cuff tear
CLM1597,M54.5,Low back pain
CLM1597,M25.561,Pain in right knee
CLM1598,N39.0,UTI
CLM1599,Z00.00,Routine adult health exam
CLM1600,S06.0X0A,Concussion
CLM1601,E11.9,Type 2 diabetes mellitus
CLM1602,F41.1,Generalized anxiety disorder
CLM1603,S83.511A,ACL sprain of right knee
CLM1604,R50.9,Fever
CLM1604,H66.90,Otitis media
CLM1605,J45.909,Asthma
CLM1606,N80.9,Endometriosis
CLM1606,Z01.419,Routine gynecological exam
CLM1607,M17.11,Osteoarthritis of right knee
CLM1607,M25.561,Pain in right knee
CLM1608,E11.9,Type 2 diabetes mellitus
CLM1609,I10,Essential hypertension
CLM1609,E78.5,Hyperlipidemia
CLM1609,E11.9,Type 2 diabetes mellitus
CLM1610,N18.3,Chronic kidney disease stage 3
CLM1610,D64.9,Anemia
CLM1610,I10,Essential hypertension
CLM1611,F90.0,ADHD
CLM1611,F41.1,Generalized anxiety disorder
CLM1612,E11.9,Type 2 diabetes mellitus
CLM1613,J18.9,Pneumonia
CLM1613,R07.9,Chest pain
CLM1613,S06.0X0A,Concussion
CLM1614,I10,Essential hypertension
CLM1615,F31.9,Bipolar disorder
CLM1616,E66.9,Obesity
CLM1617,I10,Essential hypertension
CLM1618,N92.0,Heavy menstrual bleeding
CLM1619,I50.9,Heart failure
CLM1619,E78.5,Hyperlipidemia
CLM1619,I48.91,Atrial fibrillation
CLM1620,N18.3,Chronic kidney disease stage 3
CLM1620,E11.9,Type 2 diabetes mellitus
CLM1620,Z00.00,Routine adult health exam
CLM1621,D64.9,Anemia
CLM1622,E03.9,Hypothyroidism
CLM1622,I10,Essential hypertension
CLM1623,I10,Essential hypertension
CLM1624,M54.5,Low back pain
CLM1624,M25.561,Pain in right knee
CLM1625,E78.5,Hyperlipidemia
CLM1625,I48.91,Atrial fibrillation
CLM1626,E03.9,Hypothyroidism
CLM1627,D22.9,Melanocytic nevus
CLM1627,L70.0,Acne vulgaris
CLM1628,F31.9,Bipolar disorder
CLM1629,Z00.129,Routine child health exam
CLM1630,I48.91,Atrial fibrillation
CLM1631,D64.9,Anemia
CLM1631,N18.3,Chronic kidney disease stage 3
CLM1632,E03.9,Hypothyroidism
CLM1632,E11.65,Type 2 diabetes with hyperglycemia
CLM1632,E66.9,Obesity
CLM1633,S83.511A,ACL sprain of right knee
CLM1634,Z00.00,Routine adult health exam
CLM1635,F90.0,ADHD
CLM1635,F43.10,Post-traumatic stress disorder
CLM1636,E78.5,Hyperlipidemia
CLM1637,M54.5,Low back pain
CLM1637,M75.101,Rotator cuff tear
CLM1638,J45.909,Asthma
CLM1639,E78.5,Hyperlipidemia
CLM1640,J02.0,Streptococcal pharyngitis
CLM1640,R50.9,Fever
CLM1640,Z00.129,Routine child health exam
CLM1641,I48.91,Atrial fibrillation
CLM1642,E78.5,Hyperlipidemia
CLM1642,I10,Essential hypertension
CLM1643,E78.5,Hyperlipidemia
CLM1643,D64.9,Anemia
CLM1643,Z00.00,Routine adult health exam
CLM1644,I10,Essential hypertension
CLM1644,Z00.00,Routine adult health exam
CLM1645,Z00.00,Routine adult health exam
CLM1646,C18.9,Colon cancer
CLM1647,G47.33,Obstructive sleep apnea
CLM1648,M54.5,Low back pain
CLM1649,C34.90,Lung cancer
CLM1650,R50.9,Fever
CLM1651,H66.90,Otitis media
CLM1651,J06.9,Upper respiratory infection
CLM1651,Z00.129,Routine child health exam
CLM1652,E78.5,Hyperlipidemia
CLM1653,E05.90,Hyperthyroidism
CLM1653,E66.9,Obesity
CLM1654,J18.9,Pneumonia
CLM1655,R10.9,Abdominal pain
CLM1656,E11.9,Type 2 diabetes mellitus
CLM1656,K21.9,Gastroesophageal reflux disease
CLM1656,E78.5,Hyperlipidemia
CLM1657,F31.9,Bipolar disorder
CLM1658,E11.65,Type 2 diabetes with hyperglycemia
CLM1659,R10.9,Abdominal pain
CLM1659,J18.9,Pneumonia
CLM1659,R07.9,Chest pain
CLM1660,J45.909,Asthma
CLM1661,C34.90,Lung cancer
CLM1661,Z51.11,Encounter for chemotherapy
CLM1662,E03.9,Hypothyroidism
CLM1662,I10,Essential hypertension
CLM1663,F41.1,Generalized anxiety disorder
CLM1664,Z00.00,Routine adult health exam
CLM1664,E78.5,Hyperlipidemia
CLM1665,D22.9,Melanocytic nevus
CLM1666,Z00.00,Routine adult health exam
CLM1667,J10.1,Influenza with pneumonia
CLM1668,J20.9,Acute bronchitis
CLM1669,E11.9,Type 2 diabetes mellitus
CLM1669,N39.0,UTI
CLM1670,F90.0,ADHD
CLM1670,F32.9,Major depressive disorder
CLM1671,E11.9,Type 2 diabetes mellitus
CLM1671,J20.9,Acute bronchitis
CLM1672,N39.0,UTI
CLM1673,I10,Essential hypertension
CLM1673,J06.9,Upper respiratory infection
CLM1674,S06.0X0A,Concussion
CLM1674,S52.501A,Fracture of radius
CLM1675,Z00.00,Routine adult health exam
CLM1676,J10.1,Influenza with pneumonia
CLM1676,I10,Essential hypertension
CLM1676,J06.9,Upper respiratory infection
CLM1677,H66.90,Otitis media
CLM1678,N18.3,Chronic kidney disease stage 3
CLM1679,L20.9,Atopic dermatitis
CLM1680,E78.5,Hyperlipidemia
CLM1680,N39.0,UTI
CLM1681,S06.0X0A,Concussion
CLM1682,I10,Essential hypertension
CLM1682,E78.5,Hyperlipidemia
CLM1683,E11.9,Type 2 diabetes mellitus
CLM1683,E03.9,Hypothyroidism
CLM1684,E78.5,Hyperlipidemia
CLM1684,I25.10,Coronary artery disease
CLM1685,Z00.00,Routine adult health exam
CLM1685,I10,Essential hypertension
CLM1685,J20.9,Acute bronchitis
CLM1686,L20.9,Atopic dermatitis
CLM1686,J06.9,Upper respiratory infection
CLM1687,E11.9,Type 2 diabetes mellitus
CLM1687,Z00.00,Routine adult health exam
CLM1688,I25.10,Coronary artery disease
CLM1688,E78.5,Hyperlipidemia
CLM1689,Z34.90,Normal pregnancy supervision
CLM1690,N39.0,UTI
CLM1690,J10.1,Influenza with pneumonia
CLM1691,L40.0,Psoriasis
CLM1692,I10,Essential hypertension
CLM1693,N80.9,Endometriosis
CLM1693,Z01.419,Routine gynecological exam
CLM1693,N92.0,Heavy menstrual bleeding
CLM1694,F32.9,Major depressive disorder
CLM1694,F41.1,Generalized anxiety disorder
CLM1694,F90.0,ADHD
CLM1695,E78.5,Hyperlipidemia
CLM1695,E11.9,Type 2 diabetes mellitus
CLM1696,I48.91,Atrial fibrillation
CLM1697,I10,Essential hypertension
CLM1697,Z00.00,Routine adult health exam
CLM1698,L40.0,Psoriasis
CLM1699,M25.561,Pain in right knee
CLM1699,M17.11,Osteoarthritis of right knee
CLM1700,C34.90,Lung cancer
CLM1701,I50.9,Heart failure
CLM1702,Z00.00,Routine adult health exam
CLM1703,E78.5,Hyperlipidemia
CLM1704,Z00.00,Routine adult health exam
CLM1705,M25.561,Pain in right knee
CLM1705,S83.511A,ACL sprain of right knee
CLM1706,R50.9,Fever
CLM1707,N18.3,Chronic kidney disease stage 3
CLM1708,J44.9,COPD
CLM1708,G47.33,Obstructive sleep apnea
CLM1709,R10.9,Abdominal pain
CLM1710,E11.9,Type 2 diabetes mellitus
CLM1710,F41.1,Generalized anxiety disorder
CLM1710,J06.9,Upper respiratory infection
CLM1711,I25.10,Coronary artery disease
CLM1711,I48.91,Atrial fibrillation
CLM1712,E78.5,Hyperlipidemia
CLM1712,F41.1,Generalized anxiety disorder
CLM1713,F90.0,ADHD
CLM1714,J10.1,Influenza with pneumonia
CLM1714,Z00.00,Routine adult health exam
CLM1715,S06.0X0A,Concussion
CLM1716,L30.9,Dermatitis
CLM1716,L57.0,Actinic keratosis
CLM1717,I10,Essential hypertension
CLM1717,R07.9,Chest pain
CLM1718,J20.9,Acute bronchitis
CLM1719,E03.9,Hypothyroidism
CLM1719,N18.3,Chronic kidney disease stage 3
CLM1720,C50.911,Breast cancer
CLM1721,D64.9,Anemia
CLM1721,K21.9,Gastroesophageal reflux disease
CLM1721,E03.9,Hypothyroidism
CLM1722,J44.9,COPD
CLM1723,L70.0,Acne vulgaris
CLM1724,E78.5,Hyperlipidemia
CLM1724,J20.9,Acute bronchitis
CLM1725,N39.0,UTI
CLM1726,Z00.00,Routine adult health exam
CLM1726,I10,Essential hypertension
CLM1727,C50.911,Breast cancer
CLM1727,C34.90,Lung cancer
CLM1728,E11.9,Type 2 diabetes mellitus
CLM1729,I10,Essential hypertension
CLM1730,L30.9,Dermatitis
CLM1731,S52.501A,Fracture of radius
CLM1731,S06.0X0A,Concussion
CLM1731,R10.9,Abdominal pain
CLM1732,E78.5,Hyperlipidemia
CLM1732,N18.3,Chronic kidney disease stage 3
CLM1733,E78.5,Hyperlipidemia
CLM1734,J44.9,COPD
CLM1734,J45.909,Asthma
CLM1734,G47.33,Obstructive sleep apnea
CLM1735,R10.9,Abdominal pain
CLM1736,F41.1,Generalized anxiety disorder
CLM1736,F90.0,ADHD
CLM1736,F32.9,Major depressive disorder
CLM1737,F43.10,Post-traumatic stress disorder
CLM1737,F31.9,Bipolar disorder
CLM1738,J45.909,Asthma
CLM1739,C18.9,Colon cancer
CLM1739,C50.911,Breast cancer
CLM1740,J10.1,Influenza with pneumonia
CLM1741,J02.0,Streptococcal pharyngitis
CLM1742,D64.9,Anemia
CLM1742,N18.3,Chronic kidney disease stage 3
CLM1742,Z00.00,Routine adult health exam
CLM1743,M54.5,Low back pain
CLM1743,F41.1,Generalized anxiety disorder
CLM1744,L40.0,Psoriasis
CLM1744,L57.0,Actinic keratosis
CLM1745,G47.33,Obstructive sleep apnea
CLM1746,L20.9,Atopic dermatitis
CLM1746,J02.0,Streptococcal pharyngitis
CLM1747,R07.9,Chest pain
CLM1748,R07.9,Chest pain
CLM1749,Z00.00,Routine adult health exam
CLM1749,E03.9,Hypothyroidism
CLM1750,N39.0,UTI
CLM1750,J20.9,Acute bronchitis
CLM1751,F31.9,Bipolar disorder
CLM1752,E78.5,Hyperlipidemia
CLM1753,M54.5,Low back pain
CLM1754,M25.561,Pain in right knee
CLM1754,M54.5,Low back pain
CLM1755,J06.9,Upper respiratory infection
CLM1756,E66.9,Obesity
CLM1756,E11.65,Type 2 diabetes with hyperglycemia
CLM1756,E11.9,Type 2 diabetes mellitus
CLM1757,Z00.00,Routine adult health exam
CLM1758,M54.5,Low back pain
CLM1758,M25.561,Pain in right knee
CLM1759,J10.1,Influenza with pneumonia
CLM1760,N18.3,Chronic kidney disease stage 3
CLM1761,Z34.90,Normal pregnancy supervision
CLM1762,E78.5,Hyperlipidemia
CLM1762,I48.91,Atrial fibrillation
CLM1763,J45.909,Asthma
CLM1764,J44.9,COPD
CLM1765,M75.101,Rotator cuff tear
CLM1766,I10,Essential hypertension
CLM1767,J18.9,Pneumonia
CLM1767,R07.9,Chest pain
CLM1767,R10.9,Abdominal pain
CLM1768,H66.90,Otitis media
CLM1768,R50.9,Fever
CLM1769,M54.5,Low back pain
CLM1770,E03.9,Hypothyroidism
CLM1771,I10,Essential hypertension
CLM1771,J10.1,Influenza with pneumonia
CLM1772,E11.9,Type 2 diabetes mellitus
CLM1773,N18.3,Chronic kidney disease stage 3
CLM1773,D64.9,Anemia
CLM1774,F41.1,Generalized anxiety disorder
CLM1775,E11.9,Type 2 diabetes mellitus
CLM1776,L70.0,Acne vulgaris
CLM1776,L30.9,Dermatitis
CLM1776,L57.0,Actinic keratosis
CLM1777,I10,Essential hypertension
CLM1778,M17.11,Osteoarthritis of right knee
CLM1778,M25.561,Pain in right knee
CLM1779,E78.5,Hyperlipidemia
CLM1780,I10,Essential hypertension
CLM1781,M54.5,Low back pain
CLM1781,J06.9,Upper respiratory infection
CLM1782,J18.9,Pneumonia
CLM1782,R07.9,Chest pain
CLM1782,S06.0X0A,Concussion
CLM1783,J10.1,Influenza with pneumonia
CLM1784,Z00.00,Routine adult health exam
CLM1785,E03.9,Hypothyroidism
CLM1786,M54.5,Low back pain
CLM1787,D64.9,Anemia
CLM1788,E11.9,Type 2 diabetes mellitus
CLM1788,E78.5,Hyperlipidemia
CLM1789,M54.5,Low back pain
CLM1790,M25.561,Pain in right knee
CLM1791,J45.909,Asthma
CLM1791,H66.90,Otitis media
CLM1792,J44.9,COPD
CLM1793,F41.1,Generalized anxiety disorder
CLM1793,J10.1,Influenza with pneumonia
CLM1793,Z00.00,Routine adult health exam
CLM1794,J18.9,Pneumonia
CLM1795,F90.0,ADHD
CLM1796,I10,Essential hypertension
CLM1797,E11.9,Type 2 diabetes mellitus
CLM1798,M75.101,Rotator cuff tear
CLM1799,I10,Essential hypertension
CLM1800,S83.511A,ACL sprain of right knee
CLM1801,C61,Prostate cancer
CLM1801,D64.9,Anemia
CLM1802,L70.0,Acne vulgaris
CLM1803,S83.511A,ACL sprain of right knee
CLM1804,G47.33,Obstructive sleep apnea
CLM1805,E11.9,Type 2 diabetes mellitus
CLM1806,C61,Prostate cancer
CLM1807,J45.909,Asthma
CLM1808,Z00.00,Routine adult health exam
CLM1808,K21.9,Gastroesophageal reflux disease
CLM1809,E78.5,Hyperlipidemia
CLM1810,N18.3,Chronic kidney disease stage 3
CLM1811,J10.1,Influenza with pneumonia
CLM1811,J20.9,Acute bronchitis
CLM1812,F41.1,Generalized anxiety disorder
CLM1812,E11.9,Type 2 diabetes mellitus
CLM1813,Z00.00,Routine adult health exam
CLM1813,J10.1,Influenza with pneumonia
CLM1814,L70.0,Acne vulgaris
CLM1815,N92.0,Heavy menstrual bleeding
CLM1816,F31.9,Bipolar disorder
CLM1817,E11.9,Type 2 diabetes mellitus
CLM1818,E11.9,Type 2 diabetes mellitus
CLM1819,D64.9,Anemia
CLM1820,L40.0,Psoriasis
CLM1820,L70.0,Acne vulgaris
CLM1820,L30.9,Dermatitis
CLM1821,I50.9,Heart failure
CLM1821,I25.10,Coronary artery disease
CLM1822,R07.9,Chest pain
CLM1822,R10.9,Abdominal pain
CLM1822,S52.501A,Fracture of radius
CLM1823,R10.9,Abdominal pain
CLM1824,F90.0,ADHD
CLM1825,K21.9,Gastroesophageal reflux disease
CLM1826,L40.0,Psoriasis
CLM1827,N39.0,UTI
CLM1828,J18.9,Pneumonia
CLM1828,S06.0X0A,Concussion
CLM1829,S52.501A,Fracture of radius
CLM1829,R10.9,Abdominal pain
CLM1830,R50.9,Fever
CLM1831,N18.3,Chronic kidney disease stage 3
CLM1831,E78.5,Hyperlipidemia
CLM1832,C18.9,Colon cancer
CLM1832,D64.9,Anemia
CLM1832,Z51.11,Encounter for chemotherapy
CLM1833,I50.9,Heart failure
CLM1833,I25.10,Coronary artery disease
CLM1834,D64.9,Anemia
CLM1835,J06.9,Upper respiratory infection
CLM1836,M54.5,Low back pain
CLM1837,H66.90,Otitis media
CLM1837,L20.9,Atopic dermatitis
CLM1838,E78.5,Hyperlipidemia
CLM1839,H66.90,Otitis media
CLM1840,R07.9,Chest pain
CLM1840,I25.10,Coronary artery disease
CLM1841,J20.9,Acute bronchitis
CLM1842,R07.9,Chest pain
CLM1842,I50.9,Heart failure
CLM1843,E03.9,Hypothyroidism
CLM1844,D64.9,Anemia
CLM1845,R50.9,Fever
CLM1846,I10,Essential hypertension
CLM1847,J45.909,Asthma
CLM1848,M75.101,Rotator cuff tear
CLM1848,M54.5,Low back pain
CLM1849,I10,Essential hypertension
CLM1849,F41.1,Generalized anxiety disorder
CLM1849,Z00.00,Routine adult health exam
CLM1850,L57.0,Actinic keratosis
CLM1851,N18.3,Chronic kidney disease stage 3
CLM1852,J20.9,Acute bronchitis
CLM1853,E66.9,Obesity
CLM1853,E11.9,Type 2 diabetes mellitus
CLM1853,E03.9,Hypothyroidism
CLM1854,I10,Essential hypertension
CLM1855,I10,Essential hypertension
CLM1855,E11.9,Type 2 diabetes mellitus
CLM1856,M54.5,Low back pain
CLM1857,E11.9,Type 2 diabetes mellitus
CLM1858,Z00.00,Routine adult health exam
CLM1859,I10,Essential hypertension
CLM1860,M75.101,Rotator cuff tear
CLM1860,M25.561,Pain in right knee
CLM1861,D22.9,Melanocytic nevus
CLM1861,L40.0,Psoriasis
CLM1861,L70.0,Acne vulgaris
CLM1862,Z01.419,Routine gynecological exam
CLM1863,I10,Essential hypertension
CLM1864,G47.33,Obstructive sleep apnea
CLM1865,N39.0,UTI
CLM1865,M54.5,Low back pain
CLM1866,L70.0,Acne vulgaris
CLM1867,E78.5,Hyperlipidemia
CLM1868,D64.9,Anemia
CLM1869,F43.10,Post-traumatic stress disorder
CLM1869,F31.9,Bipolar disorder
CLM1870,I10,Essential hypertension
CLM1871,J06.9,Upper respiratory infection
CLM1872,E11.65,Type 2 diabetes with hyperglycemia
CLM1873,D22.9,Melanocytic nevus
CLM1874,J20.9,Acute bronchitis
CLM1875,E11.9,Type 2 diabetes mellitus
CLM1875,N39.0,UTI
CLM1876,C34.90,Lung cancer
CLM1877,E78.5,Hyperlipidemia
CLM1878,I10,Essential hypertension
CLM1879,M54.5,Low back pain
CLM1880,M25.561,Pain in right knee
CLM1881,F41.1,Generalized anxiety disorder
CLM1881,F32.9,Major depressive disorder
CLM1882,J18.9,Pneumonia
CLM1883,J45.909,Asthma
CLM1883,R50.9,Fever
CLM1884,J06.9,Upper respiratory infection
CLM1884,Z00.00,Routine adult health exam
CLM1885,K21.9,Gastroesophageal reflux disease
CLM1886,M25.561,Pain in right knee
CLM1887,D64.9,Anemia
CLM1888,L40.0,Psoriasis
CLM1889,S52.501A,Fracture of radius
CLM1890,L30.9,Dermatitis
CLM1890,L57.0,Actinic keratosis
CLM1891,M54.5,Low back pain
CLM1892,N18.3,Chronic kidney disease stage 3
CLM1893,R10.9,Abdominal pain
CLM1894,H66.90,Otitis media
CLM1895,N18.3,Chronic kidney disease stage 3
CLM1896,R55,Syncope
CLM1897,I10,Essential hypertension
CLM1897,N39.0,UTI
CLM1898,L70.0,Acne vulgaris
CLM1898,D22.9,Melanocytic nevus
CLM1899,F41.1,Generalized anxiety disorder
CLM1900,J20.9,Acute bronchitis
CLM1900,M54.5,Low back pain
CLM1901,L40.0,Psoriasis
CLM1902,E78.5,Hyperlipidemia
CLM1903,E66.9,Obesity
CLM1903,E11.9,Type 2 diabetes mellitus
CLM1904,Z00.00,Routine adult health exam
CLM1905,E66.9,Obesity
CLM1906,N39.0,UTI
CLM1907,E78.5,Hyperlipidemia
CLM1908,M17.11,Osteoarthritis of right knee
CLM1909,E78.5,Hyperlipidemia
CLM1909,E11.9,Type 2 diabetes mellitus
CLM1909,F41.1,Generalized anxiety disorder
CLM1910,C34.90,Lung cancer
CLM1911,F43.10,Post-traumatic stress disorder
CLM1912,C18.9,Colon cancer
CLM1912,D64.9,Anemia
CLM1913,M75.101,Rotator cuff tear
CLM1914,J20.9,Acute bronchitis
CLM1915,C34.90,Lung cancer
CLM1915,D64.9,Anemia
CLM1915,C18.9,Colon cancer
CLM1916,F43.10,Post-traumatic stress disorder
CLM1916,F41.1,Generalized anxiety disorder
CLM1917,E03.9,Hypothyroidism
CLM1918,I25.10,Coronary artery disease
CLM1919,M54.5,Low back pain
CLM1919,Z00.00,Routine adult health exam
CLM1920,F41.1,Generalized anxiety disorder
CLM1921,E78.5,Hyperlipidemia
CLM1921,N18.3,Chronic kidney disease stage 3
CLM1922,D64.9,Anemia
CLM1923,F41.1,Generalized anxiety disorder
CLM1923,J06.9,Upper respiratory infection
CLM1924,J06.9,Upper respiratory infection
CLM1925,J18.9,Pneumonia
CLM1926,I10,Essential hypertension
CLM1926,Z00.00,Routine adult health exam
CLM1927,I25.10,Coronary artery disease
CLM1928,E11.9,Type 2 diabetes mellitus
CLM1929,M54.5,Low back pain
CLM1929,E11.9,Type 2 diabetes mellitus
CLM1930,J45.909,Asthma
CLM1930,J18.9,Pneumonia
CLM1931,D22.9,Melanocytic nevus
CLM1932,S83.511A,ACL sprain of right knee
CLM1933,F41.1,Generalized anxiety disorder
CLM1934,I50.9,Heart failure
CLM1934,I25.10,Coronary artery disease
CLM1935,E03.9,Hypothyroidism
CLM1936,S83.511A,ACL sprain of right knee
CLM1937,E78.5,Hyperlipidemia
CLM1937,N18.3,Chronic kidney disease stage 3
CLM1937,Z00.00,Routine adult health exam
CLM1938,L20.9,Atopic dermatitis
CLM1939,I10,Essential hypertension
CLM1939,J06.9,Upper respiratory infection
CLM1940,D64.9,Anemia
CLM1941,E78.5,Hyperlipidemia
CLM1941,I25.10,Coronary artery disease
CLM1942,S83.511A,ACL sprain of right knee
CLM1942,M75.101,Rotator cuff tear
CLM1943,I25.10,Coronary artery disease
CLM1943,I10,Essential hypertension
CLM1944,J18.9,Pneumonia
CLM1944,R07.9,Chest pain
CLM1945,K21.9,Gastroesophageal reflux disease
CLM1945,E03.9,Hypothyroidism
CLM1946,F41.1,Generalized anxiety disorder
CLM1946,F43.10,Post-traumatic stress disorder
CLM1947,M54.5,Low back pain
CLM1948,E11.65,Type 2 diabetes with hyperglycemia
CLM1948,E66.9,Obesity
CLM1949,L20.9,Atopic dermatitis
CLM1949,J45.909,Asthma
CLM1950,C50.911,Breast cancer
CLM1951,E11.65,Type 2 diabetes with hyperglycemia
CLM1952,E78.5,Hyperlipidemia
CLM1953,E78.5,Hyperlipidemia
CLM1954,M54.5,Low back pain
CLM1955,E11.9,Type 2 diabetes mellitus
CLM1956,J45.909,Asthma
CLM1957,M54.5,Low back pain
CLM1958,M17.11,Osteoarthritis of right knee
CLM1959,E11.9,Type 2 diabetes mellitus
CLM1960,F31.9,Bipolar disorder
CLM1960,F43.10,Post-traumatic stress disorder
CLM1961,K21.9,Gastroesophageal reflux disease
CLM1962,M54.5,Low back pain
CLM1962,N39.0,UTI
CLM1963,D22.9,Melanocytic nevus
CLM1964,R10.9,Abdominal pain
CLM1964,R55,Syncope
CLM1965,C18.9,Colon cancer
CLM1965,Z51.11,Encounter for chemotherapy
CLM1966,M25.561,Pain in right knee
CLM1967,M25.561,Pain in right knee
CLM1968,F41.1,Generalized anxiety disorder
CLM1969,N39.0,UTI
CLM1969,Z00.00,Routine adult health exam
CLM1969,J06.9,Upper respiratory infection
CLM1970,I48.91,Atrial fibrillation
CLM1971,E78.5,Hyperlipidemia
CLM1971,J20.9,Acute bronchitis
CLM1972,E78.5,Hyperlipidemia
CLM1973,L30.9,Dermatitis
CLM1974,I50.9,Heart failure
CLM1974,E78.5,Hyperlipidemia
CLM1975,E78.5,Hyperlipidemia
CLM1975,K21.9,Gastroesophageal reflux disease
CLM1976,Z00.00,Routine adult health exam
CLM1977,J10.1,Influenza with pneumonia
CLM1977,J06.9,Upper respiratory infection
CLM1977,M54.5,Low back pain
CLM1978,I48.91,Atrial fibrillation
CLM1978,R07.9,Chest pain
CLM1979,R07.9,Chest pain
CLM1980,I10,Essential hypertension
CLM1980,F41.1,Generalized anxiety disorder
CLM1981,J18.9,Pneumonia
CLM1982,E11.9,Type 2 diabetes mellitus
CLM1983,E11.9,Type 2 diabetes mellitus
CLM1984,E11.9,Type 2 diabetes mellitus
CLM1984,M54.5,Low back pain
CLM1985,L20.9,Atopic dermatitis
CLM1985,J02.0,Streptococcal pharyngitis
CLM1986,F41.1,Generalized anxiety disorder
CLM1986,J06.9,Upper respiratory infection
CLM1986,J20.9,Acute bronchitis
CLM1987,L57.0,Actinic keratosis
CLM1988,N18.3,Chronic kidney disease stage 3
CLM1989,I10,Essential hypertension
CLM1989,E78.5,Hyperlipidemia
CLM1990,J18.9,Pneumonia
CLM1990,G47.33,Obstructive sleep apnea
CLM1991,E11.9,Type 2 diabetes mellitus
CLM1992,F41.1,Generalized anxiety disorder
CLM1993,N39.0,UTI
CLM1994,R55,Syncope
CLM1995,J06.9,Upper respiratory infection
CLM1995,J10.1,Influenza with pneumonia
CLM1995,M54.5,Low back pain
CLM1996,S83.511A,ACL sprain of right knee
CLM1997,F41.1,Generalized anxiety disorder
CLM1998,J45.909,Asthma
CLM1999,E11.9,Type 2 diabetes mellitus
CLM2000,F41.1,Generalized anxiety disorder
CLM2000,J20.9,Acute bronchitis
CLM2001,Z00.129,Routine child health exam
CLM2002,D22.9,Melanocytic nevus
CLM2002,L40.0,Psoriasis
CLM2002,L30.9,Dermatitis
CLM2003,E11.65,Type 2 diabetes with hyperglycemia
CLM2003,E66.9,Obesity
CLM2003,E11.9,Type 2 diabetes mellitus
CLM2004,M54.5,Low back pain
CLM2004,M75.101,Rotator cuff tear
CLM2005,J06.9,Upper respiratory infection
CLM2006,I48.91,Atrial fibrillation
CLM2007,Z00.00,Routine adult health exam
CLM2008,E11.9,Type 2 diabetes mellitus
CLM2009,M25.561,Pain in right knee
CLM2010,E78.5,Hyperlipidemia
CLM2011,Z01.419,Routine gynecological exam
CLM2011,Z34.90,Normal pregnancy supervision
CLM2012,E78.5,Hyperlipidemia
CLM2013,E78.5,Hyperlipidemia
CLM2013,I50.9,Heart failure
CLM2014,E03.9,Hypothyroidism
CLM2014,E66.9,Obesity
CLM2015,F41.1,Generalized anxiety disorder
CLM2015,J06.9,Upper respiratory infection
CLM2016,K21.9,Gastroesophageal reflux disease
CLM2017,J06.9,Upper respiratory infection
CLM2018,J10.1,Influenza with pneumonia
CLM2019,E78.5,Hyperlipidemia
CLM2019,N18.3,Chronic kidney disease stage 3
CLM2019,I10,Essential hypertension
CLM2020,D22.9,Melanocytic nevus
CLM2020,L30.9,Dermatitis
CLM2020,L40.0,Psoriasis
CLM2021,D64.9,Anemia
CLM2022,J02.0,Streptococcal pharyngitis
CLM2023,I25.10,Coronary artery disease
CLM2024,E78.5,Hyperlipidemia
CLM2024,K21.9,Gastroesophageal reflux disease
CLM2024,E03.9,Hypothyroidism
CLM2025,J06.9,Upper respiratory infection
CLM2026,J18.9,Pneumonia
CLM2027,L40.0,Psoriasis
CLM2027,D22.9,Melanocytic nevus
CLM2028,I48.91,Atrial fibrillation
CLM2029,R50.9,Fever
CLM2030,E11.9,Type 2 diabetes mellitus
CLM2030,Z00.00,Routine adult health exam
CLM2030,K21.9,Gastroesophageal reflux disease
CLM2031,H66.90,Otitis media
CLM2031,Z00.129,Routine child health exam
CLM2032,D22.9,Melanocytic nevus
CLM2033,E11.9,Type 2 diabetes mellitus
CLM2034,N18.3,Chronic kidney disease stage 3
CLM2034,D64.9,Anemia
CLM2035,F41.1,Generalized anxiety disorder
CLM2035,J10.1,Influenza with pneumonia
CLM2036,I10,Essential hypertension
CLM2037,E78.5,Hyperlipidemia
CLM2038,S83.511A,ACL sprain of right knee
CLM2039,R55,Syncope
CLM2039,R07.9,Chest pain
CLM2039,R10.9,Abdominal pain
CLM2040,J10.1,Influenza with pneumonia
CLM2040,F41.1,Generalized anxiety disorder
CLM2041,E78.5,Hyperlipidemia
CLM2042,I48.91,Atrial fibrillation
CLM2043,J10.1,Influenza with pneumonia
CLM2044,J18.9,Pneumonia
CLM2045,O24.410,Gestational diabetes
CLM2046,Z01.419,Routine gynecological exam
CLM2047,E78.5,Hyperlipidemia
CLM2047,R07.9,Chest pain
CLM2048,D22.9,Melanocytic nevus
CLM2049,F41.1,Generalized anxiety disorder
CLM2049,J10.1,Influenza with pneumonia
CLM2050,F41.1,Generalized anxiety disorder
CLM2050,N39.0,UTI
CLM2051,M25.561,Pain in right knee
CLM2052,Z01.419,Routine gynecological exam
CLM2053,C61,Prostate cancer
CLM2054,J06.9,Upper respiratory infection
CLM2055,E78.5,Hyperlipidemia
CLM2056,E78.5,Hyperlipidemia
CLM2057,I10,Essential hypertension
CLM2057,E78.5,Hyperlipidemia
CLM2058,C18.9,Colon cancer
CLM2059,C61,Prostate cancer
CLM2060,E78.5,Hyperlipidemia
CLM2060,Z00.00,Routine adult health exam
CLM2060,F41.1,Generalized anxiety disorder
CLM2061,Z00.00,Routine adult health exam
CLM2062,F90.0,ADHD
CLM2063,E11.65,Type 2 diabetes with hyperglycemia
CLM2063,E03.9,Hypothyroidism
CLM2063,E66.9,Obesity
CLM2064,F41.1,Generalized anxiety disorder
CLM2065,J06.9,Upper respiratory infection
CLM2066,F43.10,Post-traumatic stress disorder
CLM2067,Z00.00,Routine adult health exam
CLM2067,J10.1,Influenza with pneumonia
CLM2067,F41.1,Generalized anxiety disorder
CLM2068,F41.1,Generalized anxiety disorder
CLM2068,J10.1,Influenza with pneumonia
CLM2068,J06.9,Upper respiratory infection
CLM2069,Z34.90,Normal pregnancy supervision
CLM2070,F32.9,Major depressive disorder
CLM2070,F31.9,Bipolar disorder
CLM2070,F90.0,ADHD
CLM2071,N39.0,UTI
CLM2071,J06.9,Upper respiratory infection
CLM2072,E78.5,Hyperlipidemia
CLM2073,E78.5,Hyperlipidemia
CLM2073,Z00.00,Routine adult health exam
CLM2073,K21.9,Gastroesophageal reflux disease
CLM2074,Z00.00,Routine adult health exam
CLM2074,N18.3,Chronic kidney disease stage 3
CLM2075,E78.5,Hyperlipidemia
CLM2075,R07.9,Chest pain
CLM2076,Z00.129,Routine child health exam
CLM2076,H66.90,Otitis media
CLM2077,E03.9,Hypothyroidism
CLM2078,L30.9,Dermatitis
CLM2079,L30.9,Dermatitis
CLM2080,I25.10,Coronary artery disease
CLM2081,L30.9,Dermatitis
CLM2081,L40.0,Psoriasis
CLM2082,H66.90,Otitis media
CLM2083,E78.5,Hyperlipidemia
CLM2083,M54.5,Low back pain
CLM2084,L57.0,Actinic keratosis
CLM2085,M75.101,Rotator cuff tear
CLM2086,L40.0,Psoriasis
CLM2086,L30.9,Dermatitis
CLM2086,L70.0,Acne vulgaris
CLM2087,I10,Essential hypertension
CLM2088,E78.5,Hyperlipidemia
CLM2089,J06.9,Upper respiratory infection
CLM2090,E11.9,Type 2 diabetes mellitus
CLM2091,R07.9,Chest pain
CLM2091,I50.9,Heart failure
CLM2092,N18.3,Chronic kidney disease stage 3
CLM2093,R50.9,Fever
CLM2094,Z00.00,Routine adult health exam
CLM2095,F41.1,Generalized anxiety disorder
CLM2095,F90.0,ADHD
CLM2096,E78.5,Hyperlipidemia
CLM2097,O24.410,Gestational diabetes
CLM2097,N92.0,Heavy menstrual bleeding
CLM2098,E03.9,Hypothyroidism
CLM2099,Z00.00,Routine adult health exam
CLM2100,Z00.129,Routine child health exam
CLM2100,J45.909,Asthma
CLM2100,J02.0,Streptococcal pharyngitis
CLM2101,I10,Essential hypertension
CLM2102,E05.90,Hyperthyroidism
CLM2102,E66.9,Obesity
CLM2103,E11.9,Type 2 diabetes mellitus
CLM2104,J18.9,Pneumonia
CLM2104,G47.33,Obstructive sleep apnea
CLM2105,N80.9,Endometriosis
CLM2106,F43.10,Post-traumatic stress disorder
CLM2107,Z00.00,Routine adult health exam
CLM2107,J20.9,Acute bronchitis
CLM2108,R07.9,Chest pain
CLM2109,J06.9,Upper respiratory infection
CLM2109,H66.90,Otitis media
CLM2110,D64.9,Anemia
CLM2111,E11.9,Type 2 diabetes mellitus
CLM2111,J10.1,Influenza with pneumonia
CLM2111,J20.9,Acute bronchitis
CLM2112,J45.909,Asthma
CLM2112,J18.9,Pneumonia
CLM2113,I10,Essential hypertension
CLM2113,E11.9,Type 2 diabetes mellitus
CLM2114,R55,Syncope
CLM2114,R10.9,Abdominal pain
CLM2115,J18.9,Pneumonia
CLM2115,G47.33,Obstructive sleep apnea
CLM2116,N18.3,Chronic kidney disease stage 3
CLM2116,E78.5,Hyperlipidemia
CLM2116,Z00.00,Routine adult health exam
CLM2117,F41.1,Generalized anxiety disorder
CLM2117,F90.0,ADHD
CLM2118,J06.9,Upper respiratory infection
CLM2118,I10,Essential hypertension
CLM2119,K21.9,Gastroesophageal reflux disease
CLM2120,R07.9,Chest pain
CLM2121,J45.909,Asthma
CLM2122,E78.5,Hyperlipidemia
CLM2122,M54.5,Low back pain
CLM2122,F41.1,Generalized anxiety disorder
CLM2123,I10,Essential hypertension
CLM2124,I25.10,Coronary artery disease
CLM2125,Z00.00,Routine adult health exam
CLM2125,E78.5,Hyperlipidemia
CLM2126,Z00.129,Routine child health exam
CLM2127,R10.9,Abdominal pain
CLM2127,J18.9,Pneumonia
CLM2128,J45.909,Asthma
CLM2129,D64.9,Anemia
CLM2130,L20.9,Atopic dermatitis
CLM2131,S83.511A,ACL sprain of right knee
CLM2132,Z00.00,Routine adult health exam
CLM2132,E11.9,Type 2 diabetes mellitus
CLM2133,J18.9,Pneumonia
CLM2134,S83.511A,ACL sprain of right knee
CLM2134,M17.11,Osteoarthritis of right knee
CLM2135,N39.0,UTI
CLM2135,Z00.00,Routine adult health exam
CLM2136,M75.101,Rotator cuff tear
CLM2136,M25.561,Pain in right knee
CLM2137,I50.9,Heart failure
CLM2137,E78.5,Hyperlipidemia
CLM2137,I48.91,Atrial fibrillation
CLM2138,D64.9,Anemia
CLM2138,Z00.00,Routine adult health exam
CLM2139,J06.9,Upper respiratory infection
CLM2140,M17.11,Osteoarthritis of right knee
CLM2141,I10,Essential hypertension
CLM2142,M25.561,Pain in right knee
CLM2142,M75.101,Rotator cuff tear
CLM2143,N39.0,UTI
CLM2143,Z00.00,Routine adult health exam
CLM2144,I25.10,Coronary artery disease
CLM2144,I50.9,Heart failure
CLM2145,E11.9,Type 2 diabetes mellitus
CLM2146,J20.9,Acute bronchitis
CLM2146,Z00.00,Routine adult health exam
CLM2147,J45.909,Asthma
CLM2147,L20.9,Atopic dermatitis
CLM2148,S06.0X0A,Concussion
CLM2149,R07.9,Chest pain
CLM2149,E78.5,Hyperlipidemia
CLM2150,J02.0,Streptococcal pharyngitis
CLM2151,R10.9,Abdominal pain
CLM2152,L20.9,Atopic dermatitis
CLM2153,I10,Essential hypertension
CLM2154,F41.1,Generalized anxiety disorder
CLM2155,D64.9,Anemia
CLM2155,Z00.00,Routine adult health exam
CLM2156,J45.909,Asthma
CLM2157,I50.9,Heart failure
CLM2157,I25.10,Coronary artery disease
CLM2158,J45.909,Asthma
CLM2158,Z00.129,Routine child health exam
CLM2159,J20.9,Acute bronchitis
CLM2160,I10,Essential hypertension
CLM2160,E03.9,Hypothyroidism
CLM2161,Z00.00,Routine adult health exam
CLM2162,I10,Essential hypertension
CLM2162,E11.9,Type 2 diabetes mellitus
CLM2162,M54.5,Low back pain
CLM2163,R07.9,Chest pain
CLM2163,I25.10,Coronary artery disease
CLM2164,J06.9,Upper respiratory infection
CLM2165,F31.9,Bipolar disorder
CLM2165,F41.1,Generalized anxiety disorder
CLM2166,E11.65,Type 2 diabetes with hyperglycemia
CLM2167,C50.911,Breast cancer
CLM2168,Z00.00,Routine adult health exam
CLM2168,E11.9,Type 2 diabetes mellitus
CLM2169,S52.501A,Fracture of radius
CLM2169,S06.0X0A,Concussion
CLM2170,J06.9,Upper respiratory infection
CLM2170,Z00.00,Routine adult health exam
CLM2171,J18.9,Pneumonia
CLM2171,S52.501A,Fracture of radius
CLM2172,M54.5,Low back pain
CLM2173,H66.90,Otitis media
CLM2173,J45.909,Asthma
CLM2173,R50.9,Fever
CLM2174,J18.9,Pneumonia
CLM2175,G47.33,Obstructive sleep apnea
CLM2176,E11.9,Type 2 diabetes mellitus
CLM2176,Z00.00,Routine adult health exam
CLM2177,N80.9,Endometriosis
CLM2178,J02.0,Streptococcal pharyngitis
CLM2179,J06.9,Upper respiratory infection
CLM2180,S52.501A,Fracture of radius
CLM2181,I25.10,Coronary artery disease
CLM2182,I10,Essential hypertension
CLM2183,J06.9,Upper respiratory infection
CLM2184,S83.511A,ACL sprain of right knee
CLM2185,Z34.90,Normal pregnancy supervision
CLM2186,Z00.00,Routine adult health exam
CLM2186,M54.5,Low back pain
CLM2187,O24.410,Gestational diabetes
CLM2188,F43.10,Post-traumatic stress disorder
CLM2189,E11.9,Type 2 diabetes mellitus
CLM2189,Z00.00,Routine adult health exam
CLM2189,N18.3,Chronic kidney disease stage 3
CLM2190,L57.0,Actinic keratosis
CLM2190,D22.9,Melanocytic nevus
CLM2191,E11.65,Type 2 diabetes with hyperglycemia
CLM2192,I50.9,Heart failure
CLM2193,E11.9,Type 2 diabetes mellitus
CLM2194,I10,Essential hypertension
CLM2194,Z00.00,Routine adult health exam
CLM2195,J02.0,Streptococcal pharyngitis
CLM2196,F41.1,Generalized anxiety disorder
CLM2197,E11.9,Type 2 diabetes mellitus
CLM2198,Z01.419,Routine gynecological exam
CLM2198,O24.410,Gestational diabetes
CLM2198,N92.0,Heavy menstrual bleeding
CLM2199,E03.9,Hypothyroidism
CLM2200,G47.33,Obstructive sleep apnea
CLM2200,J45.909,Asthma
CLM2201,I10,Essential hypertension
CLM2201,K21.9,Gastroesophageal reflux disease
CLM2202,J20.9,Acute bronchitis
CLM2203,R07.9,Chest pain
CLM2203,E78.5,Hyperlipidemia
CLM2204,R50.9,Fever
CLM2205,M17.11,Osteoarthritis of right knee
CLM2206,H66.90,Otitis media
CLM2207,F41.1,Generalized anxiety disorder
CLM2208,I10,Essential hypertension
CLM2209,M54.5,Low back pain
CLM2210,R07.9,Chest pain
CLM2211,K21.9,Gastroesophageal reflux disease
CLM2211,N18.3,Chronic kidney disease stage 3
CLM2212,C61,Prostate cancer
CLM2213,L70.0,Acne vulgaris
CLM2214,F41.1,Generalized anxiety disorder
CLM2214,F90.0,ADHD
CLM2215,I50.9,Heart failure
CLM2216,M25.561,Pain in right knee
CLM2216,M54.5,Low back pain
CLM2216,M75.101,Rotator cuff tear
CLM2217,Z51.11,Encounter for chemotherapy
CLM2218,D64.9,Anemia
CLM2219,C50.911,Breast cancer
CLM2220,D64.9,Anemia
CLM2220,Z00.00,Routine adult health exam
CLM2221,I48.91,Atrial fibrillation
CLM2222,S52.501A,Fracture of radius
CLM2223,Z00.00,Routine adult health exam
CLM2223,K21.9,Gastroesophageal reflux disease
CLM2223,D64.9,Anemia
CLM2224,R10.9,Abdominal pain
CLM2224,S52.501A,Fracture of radius
CLM2224,R55,Syncope
CLM2225,L70.0,Acne vulgaris
CLM2226,O24.410,Gestational diabetes
CLM2226,Z34.90,Normal pregnancy supervision
CLM2227,E03.9,Hypothyroidism
CLM2228,E78.5,Hyperlipidemia
CLM2229,N39.0,UTI
CLM2229,J10.1,Influenza with pneumonia
CLM2230,M25.561,Pain in right knee
CLM2231,S83.511A,ACL sprain of right knee
CLM2232,I25.10,Coronary artery disease
CLM2232,I48.91,Atrial fibrillation
CLM2232,R07.9,Chest pain
CLM2233,Z00.00,Routine adult health exam
CLM2233,J10.1,Influenza with pneumonia
CLM2233,E78.5,Hyperlipidemia
CLM2234,S06.0X0A,Concussion
CLM2234,R07.9,Chest pain
CLM2235,J10.1,Influenza with pneumonia
CLM2236,Z00.00,Routine adult health exam
CLM2237,J18.9,Pneumonia
CLM2237,J44.9,COPD
CLM2237,J45.909,Asthma
CLM2238,J20.9,Acute bronchitis
CLM2239,M17.11,Osteoarthritis of right knee
CLM2240,I50.9,Heart failure
CLM2241,E11.9,Type 2 diabetes mellitus
CLM2242,N39.0,UTI
CLM2242,J06.9,Upper respiratory infection
CLM2242,J10.1,Influenza with pneumonia
CLM2243,E78.5,Hyperlipidemia
CLM2244,M54.5,Low back pain
CLM2244,N39.0,UTI
CLM2245,I10,Essential hypertension
CLM2246,M17.11,Osteoarthritis of right knee
CLM2247,E11.9,Type 2 diabetes mellitus
CLM2248,N39.0,UTI
CLM2248,E78.5,Hyperlipidemia
CLM2249,C50.911,Breast cancer
CLM2249,C34.90,Lung cancer
CLM2250,Z00.00,Routine adult health exam
CLM2250,J20.9,Acute bronchitis
CLM2251,N39.0,UTI
CLM2252,C50.911,Breast cancer
CLM2253,E11.9,Type 2 diabetes mellitus
CLM2254,Z01.419,Routine gynecological exam
CLM2255,D22.9,Melanocytic nevus
CLM2256,K21.9,Gastroesophageal reflux disease
CLM2256,I10,Essential hypertension
CLM2257,M17.11,Osteoarthritis of right knee
CLM2257,M25.561,Pain in right knee
CLM2258,J06.9,Upper respiratory infection
CLM2259,L70.0,Acne vulgaris
CLM2260,J20.9,Acute bronchitis
CLM2261,C18.9,Colon cancer
CLM2262,Z00.00,Routine adult health exam
CLM2262,E78.5,Hyperlipidemia
CLM2263,D22.9,Melanocytic nevus
CLM2263,L40.0,Psoriasis
CLM2263,L30.9,Dermatitis
CLM2264,O24.410,Gestational diabetes
CLM2265,H66.90,Otitis media
CLM2266,J06.9,Upper respiratory infection
CLM2267,S83.511A,ACL sprain of right knee
CLM2267,M25.561,Pain in right knee
CLM2268,Z00.00,Routine adult health exam
CLM2269,D64.9,Anemia
CLM2270,R50.9,Fever
CLM2270,H66.90,Otitis media
CLM2271,R50.9,Fever
CLM2271,L20.9,Atopic dermatitis
CLM2272,L30.9,Dermatitis
CLM2272,L57.0,Actinic keratosis
CLM2273,E78.5,Hyperlipidemia
CLM2274,Z00.00,Routine adult health exam
CLM2274,E11.9,Type 2 diabetes mellitus
CLM2275,M54.5,Low back pain
CLM2276,Z00.129,Routine child health exam
CLM2277,F31.9,Bipolar disorder
CLM2278,J02.0,Streptococcal pharyngitis
CLM2278,H66.90,Otitis media
CLM2279,M25.561,Pain in right knee
CLM2280,O24.410,Gestational diabetes
CLM2281,J10.1,Influenza with pneumonia
CLM2282,R10.9,Abdominal pain
CLM2282,R55,Syncope
CLM2283,Z34.90,Normal pregnancy supervision
CLM2283,Z01.419,Routine gynecological exam
CLM2284,R10.9,Abdominal pain
CLM2285,I10,Essential hypertension
CLM2285,J06.9,Upper respiratory infection
CLM2286,Z00.00,Routine adult health exam
CLM2286,F41.1,Generalized anxiety disorder
CLM2287,F41.1,Generalized anxiety disorder
CLM2287,F31.9,Bipolar disorder
CLM2288,Z00.00,Routine adult health exam
CLM2289,E11.9,Type 2 diabetes mellitus
CLM2290,E78.5,Hyperlipidemia
CLM2290,Z00.00,Routine adult health exam
CLM2291,J18.9,Pneumonia
CLM2291,J44.9,COPD
CLM2292,N80.9,Endometriosis
CLM2293,N92.0,Heavy menstrual bleeding
CLM2294,N39.0,UTI
CLM2294,J06.9,Upper respiratory infection
CLM2295,J44.9,COPD
CLM2296,Z51.11,Encounter for chemotherapy
CLM2297,L57.0,Actinic keratosis
CLM2298,F41.1,Generalized anxiety disorder
CLM2299,Z00.00,Routine adult health exam
CLM2299,F41.1,Generalized anxiety disorder
CLM2300,R07.9,Chest pain
CLM2300,E78.5,Hyperlipidemia
CLM2301,E78.5,Hyperlipidemia
CLM2301,I50.9,Heart failure
CLM2302,N18.3,Chronic kidney disease stage 3
CLM2302,K21.9,Gastroesophageal reflux disease
CLM2303,M25.561,Pain in right knee
CLM2304,J02.0,Streptococcal pharyngitis
CLM2305,Z51.11,Encounter for chemotherapy
CLM2306,J10.1,Influenza with pneumonia
CLM2307,E78.5,Hyperlipidemia
CLM2307,E03.9,Hypothyroidism
CLM2308,J20.9,Acute bronchitis
CLM2309,S83.511A,ACL sprain of right knee
CLM2309,M17.11,Osteoarthritis of right knee
CLM2310,M17.11,Osteoarthritis of right knee
CLM2310,M75.101,Rotator cuff tear
CLM2311,C61,Prostate cancer
CLM2312,M54.5,Low back pain
CLM2313,Z34.90,Normal pregnancy supervision
CLM2314,J45.909,Asthma
CLM2315,E78.5,Hyperlipidemia
CLM2316,N18.3,Chronic kidney disease stage 3
CLM2316,I10,Essential hypertension
CLM2317,R55,Syncope
CLM2317,R07.9,Chest pain
CLM2318,Z00.00,Routine adult health exam
CLM2319,R07.9,Chest pain
CLM2320,E78.5,Hyperlipidemia
CLM2320,J06.9,Upper respiratory infection
CLM2321,M54.5,Low back pain
CLM2322,E03.9,Hypothyroidism
CLM2323,I50.9,Heart failure
CLM2324,M17.11,Osteoarthritis of right knee
CLM2325,L20.9,Atopic dermatitis
CLM2326,I25.10,Coronary artery disease
CLM2327,J45.909,Asthma
CLM2328,E11.9,Type 2 diabetes mellitus
CLM2328,J20.9,Acute bronchitis
CLM2328,J10.1,Influenza with pneumonia
CLM2329,R07.9,Chest pain
CLM2330,E03.9,Hypothyroidism
CLM2330,Z00.00,Routine adult health exam
CLM2331,I48.91,Atrial fibrillation
CLM2332,L20.9,Atopic dermatitis
CLM2333,I10,Essential hypertension
CLM2333,J10.1,Influenza with pneumonia
CLM2334,I48.91,Atrial fibrillation
CLM2335,I10,Essential hypertension
CLM2335,I50.9,Heart failure
CLM2336,J45.909,Asthma
CLM2337,D22.9,Melanocytic nevus
CLM2337,L30.9,Dermatitis
CLM2338,M75.101,Rotator cuff tear
CLM2339,J06.9,Upper respiratory infection
CLM2340,J44.9,COPD
CLM2341,J18.9,Pneumonia
CLM2342,H66.90,Otitis media
CLM2342,J02.0,Streptococcal pharyngitis
CLM2343,F32.9,Major depressive disorder
CLM2343,F41.1,Generalized anxiety disorder
CLM2344,M54.5,Low back pain
CLM2345,J02.0,Streptococcal pharyngitis
CLM2345,R50.9,Fever
CLM2346,L20.9,Atopic dermatitis
CLM2347,Z00.00,Routine adult health exam
CLM2347,I10,Essential hypertension
CLM2348,G47.33,Obstructive sleep apnea
CLM2349,M54.5,Low back pain
CLM2350,O24.410,Gestational diabetes
CLM2351,D64.9,Anemia
CLM2352,E11.9,Type 2 diabetes mellitus
CLM2352,E66.9,Obesity
CLM2353,N80.9,Endometriosis
CLM2354,I48.91,Atrial fibrillation
CLM2354,R07.9,Chest pain
CLM2355,I10,Essential hypertension
CLM2355,I48.91,Atrial fibrillation
CLM2356,E78.5,Hyperlipidemia
CLM2357,J45.909,Asthma
CLM2357,Z00.129,Routine child health exam
CLM2358,O24.410,Gestational diabetes
CLM2359,N18.3,Chronic kidney disease stage 3
CLM2359,E03.9,Hypothyroidism
CLM2360,E11.9,Type 2 diabetes mellitus
CLM2361,J20.9,Acute bronchitis
CLM2362,J20.9,Acute bronchitis
CLM2363,J06.9,Upper respiratory infection
CLM2364,N92.0,Heavy menstrual bleeding
CLM2365,E11.9,Type 2 diabetes mellitus
CLM2366,N18.3,Chronic kidney disease stage 3
CLM2367,S83.511A,ACL sprain of right knee
CLM2368,K21.9,Gastroesophageal reflux disease
CLM2369,E11.9,Type 2 diabetes mellitus
CLM2370,S83.511A,ACL sprain of right knee
CLM2370,M25.561,Pain in right knee
CLM2371,E11.9,Type 2 diabetes mellitus
CLM2371,K21.9,Gastroesophageal reflux disease
CLM2372,F41.1,Generalized anxiety disorder
CLM2373,J18.9,Pneumonia
CLM2374,D64.9,Anemia
CLM2374,E78.5,Hyperlipidemia
CLM2375,L57.0,Actinic keratosis
CLM2376,Z00.00,Routine adult health exam
CLM2377,M25.561,Pain in right knee
CLM2377,M54.5,Low back pain
CLM2378,J06.9,Upper respiratory infection
CLM2379,R55,Syncope
CLM2380,F32.9,Major depressive disorder
CLM2380,F31.9,Bipolar disorder
CLM2380,F43.10,Post-traumatic stress disorder
CLM2381,J02.0,Streptococcal pharyngitis
CLM2382,I10,Essential hypertension
CLM2383,F31.9,Bipolar disorder
CLM2383,F90.0,ADHD
CLM2383,F41.1,Generalized anxiety disorder
CLM2384,J06.9,Upper respiratory infection
CLM2385,J20.9,Acute bronchitis
CLM2385,E78.5,Hyperlipidemia
CLM2386,J20.9,Acute bronchitis
CLM2387,J06.9,Upper respiratory infection
CLM2387,Z00.00,Routine adult health exam
CLM2388,E78.5,Hyperlipidemia
CLM2389,Z00.00,Routine adult health exam
CLM2390,J20.9,Acute bronchitis
CLM2390,E11.9,Type 2 diabetes mellitus
CLM2391,E11.9,Type 2 diabetes mellitus
CLM2391,I10,Essential hypertension
CLM2391,J10.1,Influenza with pneumonia
CLM2392,D64.9,Anemia
CLM2392,K21.9,Gastroesophageal reflux disease
CLM2393,J45.909,Asthma
CLM2394,E11.9,Type 2 diabetes mellitus
CLM2395,S06.0X0A,Concussion
CLM2396,L57.0,Actinic keratosis
CLM2397,L57.0,Actinic keratosis
CLM2398,D64.9,Anemia
CLM2399,E78.5,Hyperlipidemia
CLM2400,D22.9,Melanocytic nevus
CLM2401,K21.9,Gastroesophageal reflux disease
CLM2402,J20.9,Acute bronchitis
CLM2403,S83.511A,ACL sprain of right knee
CLM2403,M54.5,Low back pain
CLM2404,E78.5,Hyperlipidemia
CLM2404,J10.1,Influenza with pneumonia
CLM2404,J20.9,Acute bronchitis
CLM2405,F41.1,Generalized anxiety disorder
CLM2406,E78.5,Hyperlipidemia
CLM2407,I48.91,Atrial fibrillation
CLM2408,D64.9,Anemia
CLM2408,N18.3,Chronic kidney disease stage 3
CLM2409,I25.10,Coronary artery disease
CLM2410,E11.9,Type 2 diabetes mellitus
CLM2411,E78.5,Hyperlipidemia
CLM2411,Z00.00,Routine adult health exam
CLM2412,N39.0,UTI
CLM2412,J06.9,Upper respiratory infection
CLM2413,I10,Essential hypertension
CLM2414,R50.9,Fever
CLM2414,L20.9,Atopic dermatitis
CLM2415,J20.9,Acute bronchitis
CLM2416,F32.9,Major depressive disorder
CLM2416,F90.0,ADHD
CLM2416,F31.9,Bipolar disorder
CLM2417,L70.0,Acne vulgaris
CLM2418,N39.0,UTI
CLM2419,E78.5,Hyperlipidemia
CLM2420,F41.1,Generalized anxiety disorder
CLM2421,Z00.00,Routine adult health exam
CLM2421,E03.9,Hypothyroidism
CLM2422,J20.9,Acute bronchitis
CLM2423,Z00.00,Routine adult health exam
CLM2424,M54.5,Low back pain
CLM2425,E78.5,Hyperlipidemia
CLM2425,Z00.00,Routine adult health exam
CLM2426,R50.9,Fever
CLM2427,F32.9,Major depressive disorder
CLM2428,C61,Prostate cancer
CLM2428,D64.9,Anemia
CLM2428,C50.911,Breast cancer
CLM2429,J06.9,Upper respiratory infection
CLM2430,E03.9,Hypothyroidism
CLM2431,J10.1,Influenza with pneumonia
CLM2431,J06.9,Upper respiratory infection
CLM2431,Z00.00,Routine adult health exam
CLM2432,D22.9,Melanocytic nevus
CLM2432,L30.9,Dermatitis
CLM2433,J18.9,Pneumonia
CLM2434,E11.65,Type 2 diabetes with hyperglycemia
CLM2434,E11.9,Type 2 diabetes mellitus
CLM2435,L57.0,Actinic keratosis
CLM2435,L30.9,Dermatitis
CLM2436,N39.0,UTI
CLM2436,E78.5,Hyperlipidemia
CLM2437,L57.0,Actinic keratosis
CLM2437,L40.0,Psoriasis
CLM2437,D22.9,Melanocytic nevus
CLM2438,J45.909,Asthma
CLM2438,J44.9,COPD
CLM2439,Z00.00,Routine adult health exam
CLM2440,M54.5,Low back pain
CLM2441,N18.3,Chronic kidney disease stage 3
CLM2441,E11.9,Type 2 diabetes mellitus
CLM2441,I10,Essential hypertension
CLM2442,Z00.00,Routine adult health exam
CLM2443,J20.9,Acute bronchitis
CLM2444,J02.0,Streptococcal pharyngitis
CLM2445,E11.9,Type 2 diabetes mellitus
CLM2445,I10,Essential hypertension
CLM2446,I50.9,Heart failure
CLM2447,J45.909,Asthma
CLM2447,R50.9,Fever
CLM2448,E78.5,Hyperlipidemia
CLM2449,J20.9,Acute bronchitis
CLM2449,F41.1,Generalized anxiety disorder
CLM2449,E78.5,Hyperlipidemia
CLM2450,K21.9,Gastroesophageal reflux disease
CLM2451,E03.9,Hypothyroidism
CLM2451,D64.9,Anemia
CLM2452,I25.10,Coronary artery disease
CLM2453,D64.9,Anemia
CLM2453,C34.90,Lung cancer
CLM2453,C18.9,Colon cancer
CLM2454,I25.10,Coronary artery disease
CLM2455,Z00.00,Routine adult health exam
CLM2455,M54.5,Low back pain
CLM2456,I25.10,Coronary artery disease
CLM2457,K21.9,Gastroesophageal reflux disease
CLM2458,I10,Essential hypertension
CLM2459,C61,Prostate cancer
CLM2460,L57.0,Actinic keratosis
CLM2461,N18.3,Chronic kidney disease stage 3
CLM2462,E11.9,Type 2 diabetes mellitus
CLM2462,K21.9,Gastroesophageal reflux disease
CLM2463,J18.9,Pneumonia
CLM2463,G47.33,Obstructive sleep apnea
CLM2464,M17.11,Osteoarthritis of right knee
CLM2464,M54.5,Low back pain
CLM2465,F90.0,ADHD
CLM2466,R10.9,Abdominal pain
CLM2467,F41.1,Generalized anxiety disorder
CLM2467,E11.9,Type 2 diabetes mellitus
CLM2468,K21.9,Gastroesophageal reflux disease
CLM2468,E03.9,Hypothyroidism
CLM2469,E11.9,Type 2 diabetes mellitus
CLM2470,G47.33,Obstructive sleep apnea
CLM2471,I10,Essential hypertension
CLM2471,N39.0,UTI
CLM2472,N18.3,Chronic kidney disease stage 3
CLM2472,D64.9,Anemia
CLM2473,E78.5,Hyperlipidemia
CLM2474,L30.9,Dermatitis
CLM2475,E78.5,Hyperlipidemia
CLM2476,Z51.11,Encounter for chemotherapy
CLM2477,F43.10,Post-traumatic stress disorder
CLM2477,F41.1,Generalized anxiety disorder
CLM2477,F90.0,ADHD
CLM2478,Z34.90,Normal pregnancy supervision
CLM2478,Z01.419,Routine gynecological exam
CLM2478,N92.0,Heavy menstrual bleeding
CLM2479,Z00.00,Routine adult health exam
CLM2480,R55,Syncope
CLM2481,Z00.00,Routine adult health exam
CLM2482,Z51.11,Encounter for chemotherapy
CLM2483,R07.9,Chest pain
CLM2484,R55,Syncope
CLM2485,I10,Essential hypertension
CLM2486,E78.5,Hyperlipidemia
CLM2487,N18.3,Chronic kidney disease stage 3
CLM2488,Z01.419,Routine gynecological exam
CLM2489,Z00.00,Routine adult health exam
CLM2490,E03.9,Hypothyroidism
CLM2491,I25.10,Coronary artery disease
CLM2492,F41.1,Generalized anxiety disorder
CLM2493,F41.1,Generalized anxiety disorder
CLM2494,M75.101,Rotator cuff tear
CLM2494,M54.5,Low back pain
CLM2495,I50.9,Heart failure
CLM2495,I25.10,Coronary artery disease
CLM2495,I10,Essential hypertension
CLM2496,M54.5,Low back pain
CLM2497,H66.90,Otitis media
CLM2498,J45.909,Asthma
CLM2498,J44.9,COPD
CLM2499,E11.9,Type 2 diabetes mellitus
CLM2499,D64.9,Anemia
CLM2499,I10,Essential hypertension
CLM2500,J06.9,Upper respiratory infection
CLM2500,F41.1,Generalized anxiety disorder
CLM2501,F41.1,Generalized anxiety disorder
CLM2502,S83.511A,ACL sprain of right knee
CLM2503,F31.9,Bipolar disorder
CLM2503,F32.9,Major depressive disorder
CLM2503,F41.1,Generalized anxiety disorder
CLM2504,E78.5,Hyperlipidemia
CLM2504,N39.0,UTI
CLM2504,J10.1,Influenza with pneumonia
CLM2505,E03.9,Hypothyroidism
CLM2506,I10,Essential hypertension
CLM2507,D64.9,Anemia
CLM2507,E11.9,Type 2 diabetes mellitus
CLM2507,Z00.00,Routine adult health exam
CLM2508,J45.909,Asthma
CLM2508,R50.9,Fever
CLM2509,R55,Syncope
CLM2510,J18.9,Pneumonia
CLM2511,L30.9,Dermatitis
CLM2512,I10,Essential hypertension
CLM2512,E78.5,Hyperlipidemia
CLM2513,D64.9,Anemia
CLM2513,Z51.11,Encounter for chemotherapy
CLM2514,F43.10,Post-traumatic stress disorder
CLM2514,F31.9,Bipolar disorder
CLM2515,I10,Essential hypertension
CLM2515,Z00.00,Routine adult health exam
CLM2516,K21.9,Gastroesophageal reflux disease
CLM2516,D64.9,Anemia
CLM2516,N18.3,Chronic kidney disease stage 3
CLM2517,F43.10,Post-traumatic stress disorder
CLM2518,K21.9,Gastroesophageal reflux disease
CLM2518,N18.3,Chronic kidney disease stage 3
CLM2518,D64.9,Anemia
CLM2519,I10,Essential hypertension
CLM2519,N18.3,Chronic kidney disease stage 3
CLM2520,S06.0X0A,Concussion
CLM2521,C61,Prostate cancer
CLM2521,C34.90,Lung cancer
CLM2522,J18.9,Pneumonia
CLM2523,G47.33,Obstructive sleep apnea
CLM2524,J45.909,Asthma
CLM2524,J44.9,COPD
CLM2525,L40.0,Psoriasis
CLM2526,E03.9,Hypothyroidism
CLM2526,K21.9,Gastroesophageal reflux disease
CLM2527,Z00.00,Routine adult health exam
CLM2528,E78.5,Hyperlipidemia
CLM2528,K21.9,Gastroesophageal reflux disease
CLM2529,E03.9,Hypothyroidism
CLM2530,J18.9,Pneumonia
CLM2531,N80.9,Endometriosis
CLM2532,R10.9,Abdominal pain
CLM2532,R07.9,Chest pain
CLM2533,M54.5,Low back pain
CLM2534,E03.9,Hypothyroidism
CLM2535,R10.9,Abdominal pain
CLM2535,J18.9,Pneumonia
CLM2536,Z00.00,Routine adult health exam
CLM2537,S83.511A,ACL sprain of right knee
CLM2537,M17.11,Osteoarthritis of right knee
CLM2538,I25.10,Coronary artery disease
CLM2539,S52.501A,Fracture of radius
CLM2539,R10.9,Abdominal pain
CLM2540,K21.9,Gastroesophageal reflux disease
CLM2540,E03.9,Hypothyroidism
CLM2541,N92.0,Heavy menstrual bleeding
CLM2541,N80.9,Endometriosis
CLM2542,N18.3,Chronic kidney disease stage 3
CLM2542,E11.9,Type 2 diabetes mellitus
CLM2542,E78.5,Hyperlipidemia
CLM2543,E11.65,Type 2 diabetes with hyperglycemia
CLM2543,E66.9,Obesity
CLM2544,J06.9,Upper respiratory infection
CLM2545,J44.9,COPD
CLM2545,G47.33,Obstructive sleep apnea
CLM2546,F41.1,Generalized anxiety disorder
CLM2547,J18.9,Pneumonia
CLM2547,G47.33,Obstructive sleep apnea
CLM2548,E78.5,Hyperlipidemia
CLM2549,E05.90,Hyperthyroidism
CLM2550,I50.9,Heart failure
CLM2551,J18.9,Pneumonia
CLM2551,R55,Syncope
CLM2552,I10,Essential hypertension
CLM2552,J20.9,Acute bronchitis
CLM2553,L70.0,Acne vulgaris
CLM2554,I10,Essential hypertension
CLM2555,D22.9,Melanocytic nevus
CLM2555,L40.0,Psoriasis
CLM2555,L70.0,Acne vulgaris
CLM2556,M54.5,Low back pain
CLM2557,E78.5,Hyperlipidemia
CLM2557,I48.91,Atrial fibrillation
CLM2557,I25.10,Coronary artery disease
CLM2558,Z00.00,Routine adult health exam
CLM2559,R50.9,Fever
CLM2559,J06.9,Upper respiratory infection
CLM2560,F31.9,Bipolar disorder
CLM2561,E11.9,Type 2 diabetes mellitus
CLM2562,F43.10,Post-traumatic stress disorder
CLM2562,F32.9,Major depressive disorder
CLM2563,R50.9,Fever
CLM2563,J06.9,Upper respiratory infection
CLM2564,J10.1,Influenza with pneumonia
CLM2564,Z00.00,Routine adult health exam
CLM2565,D64.9,Anemia
CLM2566,F90.0,ADHD
CLM2567,N39.0,UTI
CLM2568,E11.9,Type 2 diabetes mellitus
CLM2568,I10,Essential hypertension
CLM2569,S06.0X0A,Concussion
CLM2569,R10.9,Abdominal pain
CLM2570,E03.9,Hypothyroidism
CLM2570,E11.9,Type 2 diabetes mellitus
CLM2571,J18.9,Pneumonia
CLM2572,S83.511A,ACL sprain of right knee
CLM2573,Z00.129,Routine child health exam
CLM2574,J20.9,Acute bronchitis
CLM2574,F41.1,Generalized anxiety disorder
CLM2575,Z00.00,Routine adult health exam
CLM2575,N18.3,Chronic kidney disease stage 3
CLM2575,K21.9,Gastroesophageal reflux disease
CLM2576,K21.9,Gastroesophageal reflux disease
CLM2577,R50.9,Fever
CLM2578,E66.9,Obesity
CLM2579,J06.9,Upper respiratory infection
CLM2579,I10,Essential hypertension
CLM2580,L40.0,Psoriasis
CLM2580,L57.0,Actinic keratosis
CLM2581,J45.909,Asthma
CLM2582,R07.9,Chest pain
CLM2582,R55,Syncope
CLM2582,R10.9,Abdominal pain
CLM2583,N39.0,UTI
CLM2584,D64.9,Anemia
CLM2584,N18.3,Chronic kidney disease stage 3
CLM2585,L30.9,Dermatitis
CLM2586,J20.9,Acute bronchitis
CLM2587,R07.9,Chest pain
CLM2587,I10,Essential hypertension
CLM2588,E78.5,Hyperlipidemia
CLM2589,M54.5,Low back pain
CLM2590,I10,Essential hypertension
CLM2590,I50.9,Heart failure
CLM2591,J06.9,Upper respiratory infection
CLM2592,H66.90,Otitis media
CLM2592,J45.909,Asthma
CLM2593,N18.3,Chronic kidney disease stage 3
CLM2594,O24.410,Gestational diabetes
CLM2595,E78.5,Hyperlipidemia
CLM2595,F41.1,Generalized anxiety disorder
CLM2596,R10.9,Abdominal pain
CLM2596,R07.9,Chest pain
CLM2597,R07.9,Chest pain
CLM2597,I48.91,Atrial fibrillation
CLM2598,Z51.11,Encounter for chemotherapy
CLM2599,E78.5,Hyperlipidemia
CLM2599,I48.91,Atrial fibrillation
CLM2599,I50.9,Heart failure
CLM2600,C18.9,Colon cancer
CLM2600,C50.911,Breast cancer
CLM2601,M25.561,Pain in right knee
CLM2602,I25.10,Coronary artery disease
CLM2602,I48.91,Atrial fibrillation
CLM2602,I10,Essential hypertension
CLM2603,K21.9,Gastroesophageal reflux disease
CLM2604,L30.9,Dermatitis
CLM2604,L40.0,Psoriasis
CLM2605,I48.91,Atrial fibrillation
CLM2606,R10.9,Abdominal pain
CLM2607,J18.9,Pneumonia
CLM2608,E03.9,Hypothyroidism
CLM2608,E11.65,Type 2 diabetes with hyperglycemia
CLM2609,R07.9,Chest pain
CLM2610,R07.9,Chest pain
CLM2611,L30.9,Dermatitis
CLM2612,E78.5,Hyperlipidemia
CLM2612,N39.0,UTI
CLM2613,E11.9,Type 2 diabetes mellitus
CLM2614,L40.0,Psoriasis
CLM2615,C61,Prostate cancer
CLM2616,R07.9,Chest pain
CLM2617,N39.0,UTI
CLM2618,M17.11,Osteoarthritis of right knee
CLM2619,F43.10,Post-traumatic stress disorder
CLM2620,E11.9,Type 2 diabetes mellitus
CLM2621,M17.11,Osteoarthritis of right knee
CLM2621,M54.5,Low back pain
CLM2622,F31.9,Bipolar disorder
CLM2623,I10,Essential hypertension
CLM2624,Z01.419,Routine gynecological exam
CLM2625,J10.1,Influenza with pneumonia
CLM2626,F31.9,Bipolar disorder
CLM2626,F43.10,Post-traumatic stress disorder
CLM2627,E78.5,Hyperlipidemia
CLM2628,M75.101,Rotator cuff tear
CLM2629,I48.91,Atrial fibrillation
CLM2630,N39.0,UTI
CLM2630,I10,Essential hypertension
CLM2631,M54.5,Low back pain
CLM2632,L57.0,Actinic keratosis
CLM2633,E11.9,Type 2 diabetes mellitus
CLM2633,Z00.00,Routine adult health exam
CLM2634,E11.9,Type 2 diabetes mellitus
CLM2634,K21.9,Gastroesophageal reflux disease
CLM2635,D64.9,Anemia
CLM2636,J45.909,Asthma
CLM2636,G47.33,Obstructive sleep apnea
CLM2637,I25.10,Coronary artery disease
CLM2637,E78.5,Hyperlipidemia
CLM2638,J44.9,COPD
CLM2638,J18.9,Pneumonia
CLM2639,J10.1,Influenza with pneumonia
CLM2640,E78.5,Hyperlipidemia
CLM2640,E03.9,Hypothyroidism
CLM2641,R55,Syncope
CLM2642,O24.410,Gestational diabetes
CLM2643,N18.3,Chronic kidney disease stage 3
CLM2643,D64.9,Anemia
CLM2644,E11.9,Type 2 diabetes mellitus
CLM2645,J45.909,Asthma
CLM2646,F32.9,Major depressive disorder
CLM2647,F41.1,Generalized anxiety disorder
CLM2648,F41.1,Generalized anxiety disorder
CLM2649,O24.410,Gestational diabetes
CLM2649,N80.9,Endometriosis
CLM2650,Z00.129,Routine child health exam
CLM2651,M54.5,Low back pain
CLM2651,J10.1,Influenza with pneumonia
CLM2652,I10,Essential hypertension
CLM2652,R07.9,Chest pain
CLM2653,E78.5,Hyperlipidemia
CLM2653,N18.3,Chronic kidney disease stage 3
CLM2654,R07.9,Chest pain
CLM2655,J18.9,Pneumonia
CLM2655,J44.9,COPD
CLM2656,E78.5,Hyperlipidemia
CLM2657,M17.11,Osteoarthritis of right knee
CLM2658,F41.1,Generalized anxiety disorder
CLM2659,C18.9,Colon cancer
CLM2659,C61,Prostate cancer
CLM2660,J02.0,Streptococcal pharyngitis
CLM2661,J02.0,Streptococcal pharyngitis
CLM2662,Z51.11,Encounter for chemotherapy
CLM2662,D64.9,Anemia
CLM2662,C34.90,Lung cancer
CLM2663,K21.9,Gastroesophageal reflux disease
CLM2664,E78.5,Hyperlipidemia
CLM2665,E78.5,Hyperlipidemia
CLM2666,C34.90,Lung cancer
CLM2667,M17.11,Osteoarthritis of right knee
CLM2668,E11.9,Type 2 diabetes mellitus
CLM2668,E78.5,Hyperlipidemia
CLM2669,I10,Essential hypertension
CLM2670,L40.0,Psoriasis
CLM2670,L57.0,Actinic keratosis
CLM2671,J06.9,Upper respiratory infection
CLM2672,R10.9,Abdominal pain
CLM2673,E03.9,Hypothyroidism
CLM2673,N18.3,Chronic kidney disease stage 3
CLM2673,E78.5,Hyperlipidemia
CLM2674,E11.65,Type 2 diabetes with hyperglycemia
CLM2675,I50.9,Heart failure
CLM2676,E05.90,Hyperthyroidism
CLM2676,E66.9,Obesity
CLM2677,I10,Essential hypertension
CLM2678,N39.0,UTI
CLM2679,J44.9,COPD
CLM2679,J45.909,Asthma
CLM2680,M75.101,Rotator cuff tear
CLM2681,F90.0,ADHD
CLM2682,I10,Essential hypertension
CLM2683,J18.9,Pneumonia
CLM2683,J44.9,COPD
CLM2683,G47.33,Obstructive sleep apnea
CLM2684,M17.11,Osteoarthritis of right knee
CLM2685,R55,Syncope
CLM2686,I50.9,Heart failure
CLM2687,M54.5,Low back pain
CLM2688,L20.9,Atopic dermatitis
CLM2689,E78.5,Hyperlipidemia
CLM2690,L57.0,Actinic keratosis
CLM2690,L70.0,Acne vulgaris
CLM2691,I10,Essential hypertension
CLM2691,Z00.00,Routine adult health exam
CLM2692,M54.5,Low back pain
CLM2692,E78.5,Hyperlipidemia
CLM2693,Z51.11,Encounter for chemotherapy
CLM2694,M54.5,Low back pain
CLM2694,S83.511A,ACL sprain of right knee
CLM2695,D64.9,Anemia
CLM2695,C61,Prostate cancer
CLM2696,J20.9,Acute bronchitis
CLM2696,E11.9,Type 2 diabetes mellitus
CLM2697,Z00.00,Routine adult health exam
CLM2698,N39.0,UTI
CLM2698,J10.1,Influenza with pneumonia
CLM2699,S52.501A,Fracture of radius
CLM2700,G47.33,Obstructive sleep apnea
CLM2700,J45.909,Asthma
CLM2701,C34.90,Lung cancer
CLM2702,M17.11,Osteoarthritis of right knee
CLM2703,L30.9,Dermatitis
CLM2704,I10,Essential hypertension
CLM2705,E78.5,Hyperlipidemia
CLM2706,F41.1,Generalized anxiety disorder
CLM2707,E11.9,Type 2 diabetes mellitus
CLM2707,E03.9,Hypothyroidism
CLM2707,I10,Essential hypertension
CLM2708,N18.3,Chronic kidney disease stage 3
CLM2709,L57.0,Actinic keratosis
CLM2710,J18.9,Pneumonia
CLM2710,R07.9,Chest pain
CLM2711,E11.65,Type 2 diabetes with hyperglycemia
CLM2711,E03.9,Hypothyroidism
CLM2712,M54.5,Low back pain
CLM2712,Z00.00,Routine adult health exam
CLM2712,J10.1,Influenza with pneumonia
CLM2713,R50.9,Fever
CLM2714,J45.909,Asthma
CLM2714,J44.9,COPD
CLM2714,G47.33,Obstructive sleep apnea
CLM2715,L57.0,Actinic keratosis
CLM2715,L40.0,Psoriasis
CLM2715,D22.9,Melanocytic nevus
CLM2716,Z00.00,Routine adult health exam
CLM2717,F90.0,ADHD
CLM2718,I10,Essential hypertension
CLM2719,G47.33,Obstructive sleep apnea
CLM2719,J45.909,Asthma
CLM2720,E03.9,Hypothyroidism
CLM2721,I10,Essential hypertension
CLM2722,E11.9,Type 2 diabetes mellitus
CLM2722,J06.9,Upper respiratory infection
CLM2723,L57.0,Actinic keratosis
CLM2724,S52.501A,Fracture of radius
CLM2725,Z00.00,Routine adult health exam
CLM2725,E78.5,Hyperlipidemia
CLM2726,M17.11,Osteoarthritis of right knee
CLM2727,J06.9,Upper respiratory infection
CLM2727,J20.9,Acute bronchitis
CLM2728,I48.91,Atrial fibrillation
CLM2729,Z01.419,Routine gynecological exam
CLM2730,L30.9,Dermatitis
CLM2731,L40.0,Psoriasis
CLM2732,E78.5,Hyperlipidemia
CLM2732,K21.9,Gastroesophageal reflux disease
CLM2733,Z00.00,Routine adult health exam
CLM2733,N18.3,Chronic kidney disease stage 3
CLM2734,M25.561,Pain in right knee
CLM2735,M54.5,Low back pain
CLM2735,N39.0,UTI
CLM2735,J10.1,Influenza with pneumonia
CLM2736,D64.9,Anemia
CLM2736,E03.9,Hypothyroidism
CLM2737,Z00.00,Routine adult health exam
CLM2737,E03.9,Hypothyroidism
CLM2738,S83.511A,ACL sprain of right knee
CLM2739,I10,Essential hypertension
CLM2740,E11.9,Type 2 diabetes mellitus
CLM2741,C18.9,Colon cancer
CLM2742,I10,Essential hypertension
CLM2743,Z34.90,Normal pregnancy supervision
CLM2744,N39.0,UTI
CLM2744,E78.5,Hyperlipidemia
CLM2745,Z00.00,Routine adult health exam
CLM2745,J10.1,Influenza with pneumonia
CLM2746,E78.5,Hyperlipidemia
CLM2747,R07.9,Chest pain
CLM2747,S52.501A,Fracture of radius
CLM2747,S06.0X0A,Concussion
CLM2748,F43.10,Post-traumatic stress disorder
CLM2748,F32.9,Major depressive disorder
CLM2749,M54.5,Low back pain
CLM2750,E05.90,Hyperthyroidism
CLM2751,J06.9,Upper respiratory infection
CLM2751,J02.0,Streptococcal pharyngitis
CLM2751,J45.909,Asthma
CLM2752,F41.1,Generalized anxiety disorder
CLM2752,M54.5,Low back pain
CLM2753,D64.9,Anemia
CLM2754,F90.0,ADHD
CLM2754,F31.9,Bipolar disorder
CLM2755,K21.9,Gastroesophageal reflux disease
CLM2756,M54.5,Low back pain
CLM2757,J44.9,COPD
CLM2757,G47.33,Obstructive sleep apnea
CLM2758,J45.909,Asthma
CLM2759,Z00.129,Routine child health exam
CLM2759,H66.90,Otitis media
CLM2760,F32.9,Major depressive disorder
CLM2760,F90.0,ADHD
CLM2761,J20.9,Acute bronchitis
CLM2762,I25.10,Coronary artery disease
CLM2762,E78.5,Hyperlipidemia
CLM2763,E78.5,Hyperlipidemia
CLM2764,D64.9,Anemia
CLM2764,N18.3,Chronic kidney disease stage 3
CLM2765,E11.9,Type 2 diabetes mellitus
CLM2765,N18.3,Chronic kidney disease stage 3
CLM2765,K21.9,Gastroesophageal reflux disease
CLM2766,J45.909,Asthma
CLM2767,C61,Prostate cancer
CLM2767,C34.90,Lung cancer
CLM2768,Z00.00,Routine adult health exam
CLM2769,F43.10,Post-traumatic stress disorder
CLM2769,F41.1,Generalized anxiety disorder
CLM2770,M25.561,Pain in right knee
CLM2771,I50.9,Heart failure
CLM2771,E78.5,Hyperlipidemia
CLM2772,J06.9,Upper respiratory infection
CLM2773,N80.9,Endometriosis
CLM2773,O24.410,Gestational diabetes
CLM2774,F43.10,Post-traumatic stress disorder
CLM2775,I10,Essential hypertension
CLM2775,K21.9,Gastroesophageal reflux disease
CLM2775,D64.9,Anemia
CLM2776,N92.0,Heavy menstrual bleeding
CLM2777,F90.0,ADHD
CLM2777,F31.9,Bipolar disorder
CLM2778,N18.3,Chronic kidney disease stage 3
CLM2778,E78.5,Hyperlipidemia
CLM2779,E11.65,Type 2 diabetes with hyperglycemia
CLM2780,R07.9,Chest pain
CLM2781,Z00.00,Routine adult health exam
CLM2782,J45.909,Asthma
CLM2782,G47.33,Obstructive sleep apnea
CLM2782,J44.9,COPD
CLM2783,F32.9,Major depressive disorder
CLM2784,L40.0,Psoriasis
CLM2785,I10,Essential hypertension
CLM2785,E78.5,Hyperlipidemia
CLM2786,F43.10,Post-traumatic stress disorder
CLM2786,F32.9,Major depressive disorder
CLM2787,E78.5,Hyperlipidemia
CLM2788,L40.0,Psoriasis
CLM2789,N39.0,UTI
CLM2789,I10,Essential hypertension
CLM2790,Z00.00,Routine adult health exam
CLM2791,M75.101,Rotator cuff tear
CLM2791,M25.561,Pain in right knee
CLM2792,J45.909,Asthma
CLM2793,O24.410,Gestational diabetes
CLM2794,R07.9,Chest pain
CLM2795,I10,Essential hypertension
CLM2796,Z00.00,Routine adult health exam
CLM2797,I48.91,Atrial fibrillation
CLM2797,I50.9,Heart failure
CLM2798,M17.11,Osteoarthritis of right knee
CLM2799,R55,Syncope
CLM2799,S06.0X0A,Concussion
CLM2800,C50.911,Breast cancer
CLM2801,R07.9,Chest pain
CLM2802,I25.10,Coronary artery disease
CLM2803,R55,Syncope
CLM2803,J18.9,Pneumonia
CLM2803,S06.0X0A,Concussion
CLM2804,M25.561,Pain in right knee
CLM2805,J20.9,Acute bronchitis
CLM2806,J10.1,Influenza with pneumonia
CLM2807,I50.9,Heart failure
CLM2808,J02.0,Streptococcal pharyngitis
CLM2809,J10.1,Influenza with pneumonia
CLM2809,E78.5,Hyperlipidemia
CLM2810,M54.5,Low back pain
CLM2810,E11.9,Type 2 diabetes mellitus
CLM2811,E11.9,Type 2 diabetes mellitus
CLM2811,N39.0,UTI
CLM2812,D64.9,Anemia
CLM2813,I10,Essential hypertension
CLM2813,R07.9,Chest pain
CLM2814,J20.9,Acute bronchitis
CLM2814,E78.5,Hyperlipidemia
CLM2815,S52.501A,Fracture of radius
CLM2816,K21.9,Gastroesophageal reflux disease
CLM2817,E11.9,Type 2 diabetes mellitus
CLM2818,M54.5,Low back pain
CLM2819,J06.9,Upper respiratory infection
CLM2820,D64.9,Anemia
CLM2821,J44.9,COPD
CLM2821,G47.33,Obstructive sleep apnea
CLM2822,E03.9,Hypothyroidism
CLM2822,D64.9,Anemia
CLM2823,L40.0,Psoriasis
CLM2823,L70.0,Acne vulgaris
CLM2824,I10,Essential hypertension
CLM2824,M54.5,Low back pain
CLM2825,M17.11,Osteoarthritis of right knee
CLM2826,F43.10,Post-traumatic stress disorder
CLM2826,F32.9,Major depressive disorder
CLM2826,F31.9,Bipolar disorder
CLM2827,M25.561,Pain in right knee
CLM2828,F41.1,Generalized anxiety disorder
CLM2828,I10,Essential hypertension
CLM2829,I25.10,Coronary artery disease
CLM2830,E03.9,Hypothyroidism
CLM2830,N18.3,Chronic kidney disease stage 3
CLM2831,J20.9,Acute bronchitis
CLM2832,J06.9,Upper respiratory infection
CLM2833,J06.9,Upper respiratory infection
CLM2834,S06.0X0A,Concussion
CLM2834,R07.9,Chest pain
CLM2835,E78.5,Hyperlipidemia
CLM2835,I10,Essential hypertension
CLM2836,R55,Syncope
CLM2836,S52.501A,Fracture of radius
CLM2837,F41.1,Generalized anxiety disorder
CLM2838,R55,Syncope
CLM2839,E78.5,Hyperlipidemia
CLM2840,R55,Syncope
CLM2841,J18.9,Pneumonia
CLM2842,F32.9,Major depressive disorder
CLM2843,M17.11,Osteoarthritis of right knee
CLM2844,F41.1,Generalized anxiety disorder
CLM2844,J06.9,Upper respiratory infection
CLM2845,G47.33,Obstructive sleep apnea
CLM2846,I50.9,Heart failure
CLM2847,M25.561,Pain in right knee
CLM2848,R07.9,Chest pain
CLM2849,E03.9,Hypothyroidism
CLM2850,E66.9,Obesity
CLM2851,M54.5,Low back pain
CLM2852,I10,Essential hypertension
CLM2852,I48.91,Atrial fibrillation
CLM2852,E78.5,Hyperlipidemia
CLM2853,G47.33,Obstructive sleep apnea
CLM2853,J44.9,COPD
CLM2854,L40.0,Psoriasis
CLM2855,E78.5,Hyperlipidemia
CLM2855,K21.9,Gastroesophageal reflux disease
CLM2856,M17.11,Osteoarthritis of right knee
CLM2857,N18.3,Chronic kidney disease stage 3
CLM2858,Z00.00,Routine adult health exam
CLM2858,E11.9,Type 2 diabetes mellitus
CLM2858,D64.9,Anemia
CLM2859,K21.9,Gastroesophageal reflux disease
CLM2860,I50.9,Heart failure
CLM2860,E78.5,Hyperlipidemia
CLM2860,I48.91,Atrial fibrillation
CLM2861,L70.0,Acne vulgaris
CLM2861,D22.9,Melanocytic nevus
CLM2862,I10,Essential hypertension
CLM2862,E03.9,Hypothyroidism
CLM2863,M54.5,Low back pain
CLM2864,C50.911,Breast cancer
CLM2865,N39.0,UTI
CLM2866,S52.501A,Fracture of radius
CLM2867,J18.9,Pneumonia
CLM2867,J45.909,Asthma
CLM2868,R07.9,Chest pain
CLM2869,E78.5,Hyperlipidemia
CLM2869,M54.5,Low back pain
CLM2870,E78.5,Hyperlipidemia
CLM2870,E03.9,Hypothyroidism
CLM2870,E11.9,Type 2 diabetes mellitus
CLM2871,L20.9,Atopic dermatitis
CLM2871,H66.90,Otitis media
CLM2872,S06.0X0A,Concussion
CLM2872,R55,Syncope
CLM2872,R10.9,Abdominal pain
CLM2873,J45.909,Asthma
CLM2874,G47.33,Obstructive sleep apnea
CLM2875,I48.91,Atrial fibrillation
CLM2875,I10,Essential hypertension
CLM2876,R07.9,Chest pain
CLM2877,I48.91,Atrial fibrillation
CLM2877,E78.5,Hyperlipidemia
CLM2878,Z00.00,Routine adult health exam
CLM2879,J45.909,Asthma
CLM2879,J44.9,COPD
CLM2880,J45.909,Asthma
CLM2881,M25.561,Pain in right knee
CLM2881,M75.101,Rotator cuff tear
CLM2881,M17.11,Osteoarthritis of right knee
CLM2882,E11.9,Type 2 diabetes mellitus
CLM2883,L30.9,Dermatitis
CLM2884,Z00.00,Routine adult health exam
CLM2884,M54.5,Low back pain
CLM2884,F41.1,Generalized anxiety disorder
CLM2885,F90.0,ADHD
CLM2886,J06.9,Upper respiratory infection
CLM2887,M54.5,Low back pain
CLM2888,Z00.00,Routine adult health exam
CLM2888,D64.9,Anemia
CLM2889,I10,Essential hypertension
CLM2890,J02.0,Streptococcal pharyngitis
CLM2891,N18.3,Chronic kidney disease stage 3
CLM2892,E66.9,Obesity
CLM2892,E03.9,Hypothyroidism
CLM2893,Z00.00,Routine adult health exam
CLM2893,E11.9,Type 2 diabetes mellitus
CLM2894,E78.5,Hyperlipidemia
CLM2895,N18.3,Chronic kidney disease stage 3
CLM2895,E03.9,Hypothyroidism
CLM2895,E11.9,Type 2 diabetes mellitus
CLM2896,Z00.00,Routine adult health exam
CLM2896,E78.5,Hyperlipidemia
CLM2897,Z00.00,Routine adult health exam
CLM2897,N39.0,UTI
CLM2898,J45.909,Asthma
CLM2899,I25.10,Coronary artery disease
CLM2900,M54.5,Low back pain
CLM2901,L57.0,Actinic keratosis
CLM2902,J06.9,Upper respiratory infection
CLM2902,F41.1,Generalized anxiety disorder
CLM2903,F31.9,Bipolar disorder
CLM2903,F43.10,Post-traumatic stress disorder
CLM2904,I25.10,Coronary artery disease
CLM2904,R07.9,Chest pain
CLM2905,M75.101,Rotator cuff tear
CLM2906,J45.909,Asthma
CLM2907,F43.10,Post-traumatic stress disorder
CLM2907,F41.1,Generalized anxiety disorder
CLM2908,J10.1,Influenza with pneumonia
CLM2909,I25.10,Coronary artery disease
CLM2909,I48.91,Atrial fibrillation
CLM2909,E78.5,Hyperlipidemia
CLM2910,F31.9,Bipolar disorder
CLM2911,E78.5,Hyperlipidemia
CLM2912,M25.561,Pain in right knee
CLM2912,M54.5,Low back pain
CLM2913,F41.1,Generalized anxiety disorder
CLM2914,Z51.11,Encounter for chemotherapy
CLM2914,D64.9,Anemia
CLM2915,L70.0,Acne vulgaris
CLM2915,L57.0,Actinic keratosis
CLM2915,D22.9,Melanocytic nevus
CLM2916,E11.65,Type 2 diabetes with hyperglycemia
CLM2917,I25.10,Coronary artery disease
CLM2918,L30.9,Dermatitis
CLM2918,L57.0,Actinic keratosis
CLM2919,R55,Syncope
CLM2919,R07.9,Chest pain
CLM2920,J06.9,Upper respiratory infection
CLM2921,L70.0,Acne vulgaris
CLM2921,L30.9,Dermatitis
CLM2922,D64.9,Anemia
CLM2922,K21.9,Gastroesophageal reflux disease
CLM2922,N18.3,Chronic kidney disease stage 3
CLM2923,N18.3,Chronic kidney disease stage 3
CLM2924,M75.101,Rotator cuff tear
CLM2924,S83.511A,ACL sprain of right knee
CLM2924,M54.5,Low back pain
CLM2925,L30.9,Dermatitis
CLM2926,F43.10,Post-traumatic stress disorder
CLM2927,J10.1,Influenza with pneumonia
CLM2928,Z00.00,Routine adult health exam
CLM2929,Z00.00,Routine adult health exam
CLM2930,L40.0,Psoriasis
CLM2931,K21.9,Gastroesophageal reflux disease
CLM2932,R07.9,Chest pain
CLM2933,E11.9,Type 2 diabetes mellitus
CLM2934,S06.0X0A,Concussion
CLM2935,E03.9,Hypothyroidism
CLM2936,I10,Essential hypertension
CLM2936,J20.9,Acute bronchitis
CLM2937,L70.0,Acne vulgaris
CLM2937,L57.0,Actinic keratosis
CLM2938,F31.9,Bipolar disorder
CLM2938,F41.1,Generalized anxiety disorder
CLM2939,J02.0,Streptococcal pharyngitis
CLM2940,J18.9,Pneumonia
CLM2940,R55,Syncope
CLM2940,S52.501A,Fracture of radius
CLM2941,L40.0,Psoriasis
CLM2942,E11.9,Type 2 diabetes mellitus
CLM2943,J06.9,Upper respiratory infection
CLM2944,Z00.00,Routine adult health exam
CLM2945,M54.5,Low back pain
CLM2945,M17.11,Osteoarthritis of right knee
CLM2946,E78.5,Hyperlipidemia
CLM2946,K21.9,Gastroesophageal reflux disease
CLM2947,D22.9,Melanocytic nevus
CLM2948,D64.9,Anemia
CLM2948,N18.3,Chronic kidney disease stage 3
CLM2949,C61,Prostate cancer
CLM2950,F41.1,Generalized anxiety disorder
CLM2950,E11.9,Type 2 diabetes mellitus
CLM2951,E11.9,Type 2 diabetes mellitus
CLM2952,I50.9,Heart failure
CLM2953,J06.9,Upper respiratory infection
CLM2954,I48.91,Atrial fibrillation
CLM2954,I10,Essential hypertension
CLM2955,Z00.00,Routine adult health exam
CLM2955,I10,Essential hypertension
CLM2956,R07.9,Chest pain
CLM2957,F41.1,Generalized anxiety disorder
CLM2958,J10.1,Influenza with pneumonia
CLM2958,Z00.00,Routine adult health exam
CLM2959,J20.9,Acute bronchitis
CLM2960,C61,Prostate cancer
CLM2961,Z00.00,Routine adult health exam
CLM2961,D64.9,Anemia
CLM2962,J45.909,Asthma
CLM2963,M54.5,Low back pain
CLM2964,E03.9,Hypothyroidism
CLM2965,I25.10,Coronary artery disease
CLM2965,I10,Essential hypertension
CLM2966,F32.9,Major depressive disorder
CLM2967,J10.1,Influenza with pneumonia
CLM2967,J06.9,Upper respiratory infection
CLM2968,J20.9,Acute bronchitis
CLM2969,I10,Essential hypertension
CLM2970,D64.9,Anemia
CLM2970,C34.90,Lung cancer
CLM2971,R10.9,Abdominal pain
CLM2971,S06.0X0A,Concussion
CLM2972,I10,Essential hypertension
CLM2972,K21.9,Gastroesophageal reflux disease
CLM2973,I10,Essential hypertension
CLM2974,E78.5,Hyperlipidemia
CLM2975,E78.5,Hyperlipidemia
CLM2976,F41.1,Generalized anxiety disorder
CLM2977,E11.9,Type 2 diabetes mellitus
CLM2978,I10,Essential hypertension
CLM2978,F41.1,Generalized anxiety disorder
CLM2979,J20.9,Acute bronchitis
CLM2980,S06.0X0A,Concussion
CLM2980,S52.501A,Fracture of radius
CLM2981,E66.9,Obesity
CLM2982,K21.9,Gastroesophageal reflux disease
CLM2983,J45.909,Asthma
CLM2983,J06.9,Upper respiratory infection
CLM2984,L57.0,Actinic keratosis
CLM2985,N39.0,UTI
CLM2986,E11.9,Type 2 diabetes mellitus
CLM2986,N18.3,Chronic kidney disease stage 3
CLM2987,M54.5,Low back pain
CLM2988,I48.91,Atrial fibrillation
CLM2989,R10.9,Abdominal pain
CLM2990,F32.9,Major depressive disorder
CLM2990,F43.10,Post-traumatic stress disorder
CLM2991,N18.3,Chronic kidney disease stage 3
CLM2991,D64.9,Anemia
CLM2992,F41.1,Generalized anxiety disorder
CLM2992,J20.9,Acute bronchitis
CLM2993,J10.1,Influenza with pneumonia
CLM2993,Z00.00,Routine adult health exam
CLM2993,I10,Essential hypertension
CLM2994,J44.9,COPD
CLM2995,F90.0,ADHD
CLM2995,F43.10,Post-traumatic stress disorder
CLM2996,L70.0,Acne vulgaris
CLM2997,R10.9,Abdominal pain
CLM2998,Z00.00,Routine adult health exam
CLM2999,L40.0,Psoriasis
CLM3000,J45.909,Asthma
CLM3001,R07.9,Chest pain
CLM3002,L70.0,Acne vulgaris
CLM3003,J44.9,COPD
CLM3004,I25.10,Coronary artery disease
CLM3005,E78.5,Hyperlipidemia
CLM3005,J06.9,Upper respiratory infection
CLM3006,E11.9,Type 2 diabetes mellitus
CLM3006,Z00.00,Routine adult health exam
CLM3007,L30.9,Dermatitis
CLM3008,D64.9,Anemia
CLM3009,F43.10,Post-traumatic stress disorder
CLM3010,R07.9,Chest pain
CLM3011,E03.9,Hypothyroidism
CLM3012,E03.9,Hypothyroidism
CLM3013,C18.9,Colon cancer
CLM3013,C34.90,Lung cancer
CLM3014,L70.0,Acne vulgaris
CLM3015,J10.1,Influenza with pneumonia
CLM3015,Z00.00,Routine adult health exam
CLM3016,L70.0,Acne vulgaris
CLM3017,F41.1,Generalized anxiety disorder
CLM3017,F43.10,Post-traumatic stress disorder
CLM3017,F31.9,Bipolar disorder
CLM3018,M25.561,Pain in right knee
CLM3019,E05.90,Hyperthyroidism
CLM3020,I10,Essential hypertension
CLM3020,Z00.00,Routine adult health exam
CLM3020,E11.9,Type 2 diabetes mellitus
CLM3021,E78.5,Hyperlipidemia
CLM3022,J06.9,Upper respiratory infection
CLM3023,F41.1,Generalized anxiety disorder
CLM3024,J10.1,Influenza with pneumonia
CLM3024,Z00.00,Routine adult health exam
CLM3024,I10,Essential hypertension
CLM3025,E78.5,Hyperlipidemia
CLM3026,E78.5,Hyperlipidemia
CLM3027,E03.9,Hypothyroidism
CLM3027,E05.90,Hyperthyroidism
CLM3028,M25.561,Pain in right knee
CLM3028,S83.511A,ACL sprain of right knee
CLM3029,F90.0,ADHD
CLM3029,F32.9,Major depressive disorder
CLM3029,F43.10,Post-traumatic stress disorder
CLM3030,E11.9,Type 2 diabetes mellitus
CLM3031,F41.1,Generalized anxiety disorder
CLM3032,E78.5,Hyperlipidemia
CLM3033,I10,Essential hypertension
CLM3033,I48.91,Atrial fibrillation
CLM3034,F41.1,Generalized anxiety disorder
CLM3035,R07.9,Chest pain
CLM3035,R10.9,Abdominal pain
CLM3036,Z01.419,Routine gynecological exam
CLM3037,R50.9,Fever
CLM3038,F41.1,Generalized anxiety disorder
CLM3038,J06.9,Upper respiratory infection
CLM3039,K21.9,Gastroesophageal reflux disease
CLM3039,E78.5,Hyperlipidemia
CLM3040,E78.5,Hyperlipidemia
CLM3040,J06.9,Upper respiratory infection
CLM3041,L20.9,Atopic dermatitis
CLM3042,I10,Essential hypertension
CLM3043,J10.1,Influenza with pneumonia
CLM3044,Z51.11,Encounter for chemotherapy
CLM3044,C18.9,Colon cancer
CLM3045,F41.1,Generalized anxiety disorder
CLM3045,N39.0,UTI
CLM3046,E03.9,Hypothyroidism
CLM3046,D64.9,Anemia
CLM3047,C50.911,Breast cancer
CLM3047,C61,Prostate cancer
CLM3048,I25.10,Coronary artery disease
CLM3048,I10,Essential hypertension
CLM3049,J10.1,Influenza with pneumonia
CLM3050,Z01.419,Routine gynecological exam
CLM3051,F32.9,Major depressive disorder
CLM3051,F90.0,ADHD
CLM3052,F41.1,Generalized anxiety disorder
CLM3053,Z00.00,Routine adult health exam
CLM3054,Z00.00,Routine adult health exam
CLM3055,Z00.00,Routine adult health exam
CLM3056,R07.9,Chest pain
CLM3057,I10,Essential hypertension
CLM3058,M25.561,Pain in right knee
CLM3059,Z00.00,Routine adult health exam
CLM3059,J06.9,Upper respiratory infection
CLM3060,J44.9,COPD
CLM3060,G47.33,Obstructive sleep apnea
CLM3061,J18.9,Pneumonia
CLM3061,J45.909,Asthma
CLM3062,C61,Prostate cancer
CLM3062,C18.9,Colon cancer
CLM3063,G47.33,Obstructive sleep apnea
CLM3064,J10.1,Influenza with pneumonia
CLM3065,C18.9,Colon cancer
CLM3066,Z51.11,Encounter for chemotherapy
CLM3066,D64.9,Anemia
CLM3066,C61,Prostate cancer
CLM3067,E11.9,Type 2 diabetes mellitus
CLM3068,M54.5,Low back pain
CLM3069,I50.9,Heart failure
CLM3070,M25.561,Pain in right knee
CLM3070,M17.11,Osteoarthritis of right knee
CLM3071,D64.9,Anemia
CLM3071,C18.9,Colon cancer
CLM3072,I50.9,Heart failure
CLM3073,L70.0,Acne vulgaris
CLM3074,J45.909,Asthma
CLM3075,R10.9,Abdominal pain
CLM3075,R07.9,Chest pain
CLM3076,F41.1,Generalized anxiety disorder
CLM3077,M75.101,Rotator cuff tear
CLM3078,F43.10,Post-traumatic stress disorder
CLM3079,I48.91,Atrial fibrillation
CLM3080,C18.9,Colon cancer
CLM3080,Z51.11,Encounter for chemotherapy
CLM3081,M54.5,Low back pain
CLM3082,Z00.00,Routine adult health exam
CLM3083,I50.9,Heart failure
CLM3084,F41.1,Generalized anxiety disorder
CLM3084,J06.9,Upper respiratory infection
CLM3084,Z00.00,Routine adult health exam
CLM3085,F41.1,Generalized anxiety disorder
CLM3086,I10,Essential hypertension
CLM3087,S83.511A,ACL sprain of right knee
CLM3087,M17.11,Osteoarthritis of right knee
CLM3088,R55,Syncope
CLM3089,S83.511A,ACL sprain of right knee
CLM3089,M54.5,Low back pain
CLM3089,M17.11,Osteoarthritis of right knee
CLM3090,J44.9,COPD
CLM3091,E11.9,Type 2 diabetes mellitus
CLM3091,J06.9,Upper respiratory infection
CLM3091,I10,Essential hypertension
CLM3092,E78.5,Hyperlipidemia
CLM3093,D22.9,Melanocytic nevus
CLM3094,M17.11,Osteoarthritis of right knee
CLM3094,M54.5,Low back pain
CLM3094,M25.561,Pain in right knee
CLM3095,E78.5,Hyperlipidemia
CLM3096,K21.9,Gastroesophageal reflux disease
CLM3097,S52.501A,Fracture of radius
CLM3098,E11.9,Type 2 diabetes mellitus
CLM3099,L20.9,Atopic dermatitis
CLM3100,J20.9,Acute bronchitis
CLM3100,E78.5,Hyperlipidemia
CLM3101,E78.5,Hyperlipidemia
CLM3102,I50.9,Heart failure
CLM3102,I25.10,Coronary artery disease
CLM3103,H66.90,Otitis media
CLM3104,Z00.129,Routine child health exam
CLM3105,L30.9,Dermatitis
CLM3106,J20.9,Acute bronchitis
CLM3107,F41.1,Generalized anxiety disorder
CLM3107,J10.1,Influenza with pneumonia
CLM3108,E78.5,Hyperlipidemia
CLM3109,J20.9,Acute bronchitis
CLM3110,F90.0,ADHD
CLM3111,F31.9,Bipolar disorder
CLM3112,Z00.00,Routine adult health exam
CLM3113,M54.5,Low back pain
CLM3114,N92.0,Heavy menstrual bleeding
CLM3115,E78.5,Hyperlipidemia
CLM3116,J10.1,Influenza with pneumonia
CLM3117,D64.9,Anemia
CLM3118,M54.5,Low back pain
CLM3118,M75.101,Rotator cuff tear
CLM3119,N39.0,UTI
CLM3119,J20.9,Acute bronchitis
CLM3119,Z00.00,Routine adult health exam
CLM3120,N18.3,Chronic kidney disease stage 3
CLM3121,F31.9,Bipolar disorder
CLM3122,I10,Essential hypertension
CLM3123,J18.9,Pneumonia
CLM3124,R50.9,Fever
CLM3125,J20.9,Acute bronchitis
CLM3126,R07.9,Chest pain
CLM3127,M25.561,Pain in right knee
CLM3128,J06.9,Upper respiratory infection
CLM3129,J06.9,Upper respiratory infection
CLM3130,E78.5,Hyperlipidemia
CLM3131,N18.3,Chronic kidney disease stage 3
CLM3131,E78.5,Hyperlipidemia
CLM3131,E03.9,Hypothyroidism
CLM3132,O24.410,Gestational diabetes
CLM3133,I10,Essential hypertension
CLM3133,E78.5,Hyperlipidemia
CLM3134,L57.0,Actinic keratosis
CLM3135,J02.0,Streptococcal pharyngitis
CLM3136,E03.9,Hypothyroidism
CLM3136,E11.9,Type 2 diabetes mellitus
CLM3137,D22.9,Melanocytic nevus
CLM3138,M54.5,Low back pain
CLM3139,I50.9,Heart failure
CLM3139,I25.10,Coronary artery disease
CLM3140,F41.1,Generalized anxiety disorder
CLM3141,J44.9,COPD
CLM3141,G47.33,Obstructive sleep apnea
CLM3142,F43.10,Post-traumatic stress disorder
CLM3143,E03.9,Hypothyroidism
CLM3144,E03.9,Hypothyroidism
CLM3145,I10,Essential hypertension
CLM3146,J44.9,COPD
CLM3146,J45.909,Asthma
CLM3146,J18.9,Pneumonia
CLM3147,N39.0,UTI
CLM3147,E11.9,Type 2 diabetes mellitus
CLM3148,M54.5,Low back pain
CLM3148,J10.1,Influenza with pneumonia
CLM3149,H66.90,Otitis media
CLM3150,H66.90,Otitis media
CLM3150,J45.909,Asthma
CLM3151,M17.11,Osteoarthritis of right knee
CLM3152,E11.9,Type 2 diabetes mellitus
CLM3153,E05.90,Hyperthyroidism
CLM3154,J06.9,Upper respiratory infection
CLM3154,F41.1,Generalized anxiety disorder
CLM3155,L57.0,Actinic keratosis
CLM3156,M17.11,Osteoarthritis of right knee
CLM3156,M75.101,Rotator cuff tear
CLM3156,M54.5,Low back pain
CLM3157,Z00.00,Routine adult health exam
CLM3158,F31.9,Bipolar disorder
CLM3159,I10,Essential hypertension
CLM3160,I10,Essential hypertension
CLM3161,F41.1,Generalized anxiety disorder
CLM3161,F31.9,Bipolar disorder
CLM3162,G47.33,Obstructive sleep apnea
CLM3163,F41.1,Generalized anxiety disorder
CLM3163,F43.10,Post-traumatic stress disorder
CLM3163,F90.0,ADHD
CLM3164,L20.9,Atopic dermatitis
CLM3164,J02.0,Streptococcal pharyngitis
CLM3164,R50.9,Fever
CLM3165,M54.5,Low back pain
CLM3165,N39.0,UTI
CLM3166,M25.561,Pain in right knee
CLM3167,J06.9,Upper respiratory infection
CLM3168,M54.5,Low back pain
CLM3168,J20.9,Acute bronchitis
CLM3169,L30.9,Dermatitis
CLM3169,L40.0,Psoriasis
CLM3170,E11.9,Type 2 diabetes mellitus
CLM3171,L40.0,Psoriasis
CLM3171,L70.0,Acne vulgaris
CLM3172,L70.0,Acne vulgaris
CLM3173,J10.1,Influenza with pneumonia
CLM3174,E78.5,Hyperlipidemia
CLM3175,C50.911,Breast cancer
CLM3175,C34.90,Lung cancer
CLM3176,Z00.00,Routine adult health exam
CLM3176,E78.5,Hyperlipidemia
CLM3177,D64.9,Anemia
CLM3177,C50.911,Breast cancer
CLM3178,E11.9,Type 2 diabetes mellitus
CLM3178,N18.3,Chronic kidney disease stage 3
CLM3178,E78.5,Hyperlipidemia
CLM3179,D64.9,Anemia
CLM3180,M54.5,Low back pain
CLM3180,M75.101,Rotator cuff tear
CLM3180,M25.561,Pain in right knee
CLM3181,I10,Essential hypertension
CLM3181,Z00.00,Routine adult health exam
CLM3182,E78.5,Hyperlipidemia
CLM3182,J06.9,Upper respiratory infection
CLM3183,E11.9,Type 2 diabetes mellitus
CLM3184,I25.10,Coronary artery disease
CLM3184,I48.91,Atrial fibrillation
CLM3185,J45.909,Asthma
CLM3185,J06.9,Upper respiratory infection
CLM3185,J02.0,Streptococcal pharyngitis
CLM3186,Z00.00,Routine adult health exam
CLM3187,F43.10,Post-traumatic stress disorder
CLM3188,I10,Essential hypertension
CLM3188,E78.5,Hyperlipidemia
CLM3188,R07.9,Chest pain
CLM3189,J10.1,Influenza with pneumonia
CLM3189,N39.0,UTI
CLM3190,Z00.00,Routine adult health exam
CLM3191,F41.1,Generalized anxiety disorder
CLM3191,E11.9,Type 2 diabetes mellitus
CLM3192,J20.9,Acute bronchitis
CLM3193,I10,Essential hypertension
CLM3193,I25.10,Coronary artery disease
CLM3194,J20.9,Acute bronchitis
CLM3195,J20.9,Acute bronchitis
CLM3196,N80.9,Endometriosis
CLM3196,N92.0,Heavy menstrual bleeding
CLM3197,I10,Essential hypertension
CLM3197,E78.5,Hyperlipidemia
CLM3198,I10,Essential hypertension
CLM3198,M54.5,Low back pain
CLM3199,L70.0,Acne vulgaris
CLM3200,I48.91,Atrial fibrillation
CLM3201,F41.1,Generalized anxiety disorder
CLM3201,E78.5,Hyperlipidemia
CLM3202,C18.9,Colon cancer
CLM3203,N18.3,Chronic kidney disease stage 3
CLM3204,R50.9,Fever
CLM3205,J06.9,Upper respiratory infection
CLM3205,R50.9,Fever
CLM3205,H66.90,Otitis media
CLM3206,O24.410,Gestational diabetes
CLM3206,N92.0,Heavy menstrual bleeding
CLM3207,E11.9,Type 2 diabetes mellitus
CLM3208,F90.0,ADHD
CLM3209,I10,Essential hypertension
CLM3210,Z01.419,Routine gynecological exam
CLM3211,F31.9,Bipolar disorder
CLM3211,F32.9,Major depressive disorder
CLM3212,M54.5,Low back pain
CLM3213,I48.91,Atrial fibrillation
CLM3214,J44.9,COPD
CLM3215,F41.1,Generalized anxiety disorder
CLM3216,F41.1,Generalized anxiety disorder
CLM3216,I10,Essential hypertension
CLM3217,N39.0,UTI
CLM3218,J18.9,Pneumonia
CLM3219,J44.9,COPD
CLM3219,G47.33,Obstructive sleep apnea
CLM3219,J45.909,Asthma
CLM3220,I48.91,Atrial fibrillation
CLM3221,J45.909,Asthma
CLM3222,C61,Prostate cancer
CLM3222,C34.90,Lung cancer
CLM3223,Z01.419,Routine gynecological exam
CLM3224,I10,Essential hypertension
CLM3225,J06.9,Upper respiratory infection
CLM3226,M75.101,Rotator cuff tear
CLM3227,Z01.419,Routine gynecological exam
CLM3228,I25.10,Coronary artery disease
CLM3228,I48.91,Atrial fibrillation
CLM3229,E11.9,Type 2 diabetes mellitus
CLM3229,E03.9,Hypothyroidism
CLM3230,Z00.129,Routine child health exam
CLM3230,J02.0,Streptococcal pharyngitis
CLM3231,G47.33,Obstructive sleep apnea
CLM3231,J44.9,COPD
CLM3232,E11.9,Type 2 diabetes mellitus
CLM3233,J45.909,Asthma
CLM3233,R50.9,Fever
CLM3233,H66.90,Otitis media
CLM3234,I25.10,Coronary artery disease
CLM3234,E78.5,Hyperlipidemia
CLM3235,D22.9,Melanocytic nevus
CLM3235,L57.0,Actinic keratosis
CLM3236,F43.10,Post-traumatic stress disorder
CLM3237,I10,Essential hypertension
CLM3238,J10.1,Influenza with pneumonia
CLM3239,C50.911,Breast cancer
CLM3240,C34.90,Lung cancer
CLM3241,M54.5,Low back pain
CLM3241,M25.561,Pain in right knee
CLM3242,R55,Syncope
CLM3243,K21.9,Gastroesophageal reflux disease
CLM3244,L30.9,Dermatitis
CLM3245,R50.9,Fever
CLM3245,H66.90,Otitis media
CLM3245,Z00.129,Routine child health exam
CLM3246,I25.10,Coronary artery disease
CLM3247,R07.9,Chest pain
CLM3248,M54.5,Low back pain
CLM3249,J06.9,Upper respiratory infection
CLM3249,L20.9,Atopic dermatitis
CLM3249,J45.909,Asthma
CLM3250,I10,Essential hypertension
CLM3251,R50.9,Fever
CLM3251,Z00.129,Routine child health exam
CLM3252,M17.11,Osteoarthritis of right knee
CLM3252,M75.101,Rotator cuff tear
CLM3252,S83.511A,ACL sprain of right knee
CLM3253,F32.9,Major depressive disorder
CLM3254,Z01.419,Routine gynecological exam
CLM3255,J06.9,Upper respiratory infection
CLM3255,J10.1,Influenza with pneumonia
CLM3255,J20.9,Acute bronchitis
CLM3256,C50.911,Breast cancer
CLM3256,Z51.11,Encounter for chemotherapy
CLM3256,C61,Prostate cancer
CLM3257,M25.561,Pain in right knee
CLM3257,S83.511A,ACL sprain of right knee
CLM3258,K21.9,Gastroesophageal reflux disease
CLM3258,I10,Essential hypertension
CLM3258,E11.9,Type 2 diabetes mellitus
CLM3259,M75.101,Rotator cuff tear
CLM3259,M17.11,Osteoarthritis of right knee
CLM3260,L20.9,Atopic dermatitis
CLM3260,Z00.129,Routine child health exam
CLM3261,R55,Syncope
CLM3261,R10.9,Abdominal pain
CLM3262,J18.9,Pneumonia
CLM3262,J44.9,COPD
CLM3263,F32.9,Major depressive disorder
CLM3263,F41.1,Generalized anxiety disorder
CLM3264,J18.9,Pneumonia
CLM3264,J44.9,COPD
CLM3265,N80.9,Endometriosis
CLM3266,J10.1,Influenza with pneumonia
CLM3267,J44.9,COPD
CLM3267,J45.909,Asthma
CLM3268,E03.9,Hypothyroidism
CLM3268,E11.65,Type 2 diabetes with hyperglycemia
CLM3269,S06.0X0A,Concussion
CLM3270,E78.5,Hyperlipidemia
CLM3271,E78.5,Hyperlipidemia
CLM3272,S06.0X0A,Concussion
CLM3273,E11.9,Type 2 diabetes mellitus
CLM3273,F41.1,Generalized anxiety disorder
CLM3274,C34.90,Lung cancer
CLM3274,C18.9,Colon cancer
CLM3274,Z51.11,Encounter for chemotherapy
CLM3275,C61,Prostate cancer
CLM3275,C18.9,Colon cancer
CLM3275,Z51.11,Encounter for chemotherapy
CLM3276,E78.5,Hyperlipidemia
CLM3277,S83.511A,ACL sprain of right knee
CLM3277,M75.101,Rotator cuff tear
CLM3278,I50.9,Heart failure
CLM3279,I25.10,Coronary artery disease
CLM3280,J18.9,Pneumonia
CLM3281,F32.9,Major depressive disorder
CLM3282,E03.9,Hypothyroidism
CLM3282,I10,Essential hypertension
CLM3283,J45.909,Asthma
CLM3284,C34.90,Lung cancer
CLM3285,K21.9,Gastroesophageal reflux disease
CLM3286,J06.9,Upper respiratory infection
CLM3287,E78.5,Hyperlipidemia
CLM3288,H66.90,Otitis media
CLM3288,L20.9,Atopic dermatitis
CLM3288,J02.0,Streptococcal pharyngitis
CLM3289,M54.5,Low back pain
CLM3289,M75.101,Rotator cuff tear
CLM3290,F41.1,Generalized anxiety disorder
CLM3291,N39.0,UTI
CLM3291,J20.9,Acute bronchitis
CLM3292,R07.9,Chest pain
CLM3293,J02.0,Streptococcal pharyngitis
CLM3294,J18.9,Pneumonia
CLM3295,J45.909,Asthma
CLM3296,D64.9,Anemia
CLM3297,N80.9,Endometriosis
CLM3298,E78.5,Hyperlipidemia
CLM3299,D64.9,Anemia
CLM3299,E03.9,Hypothyroidism
CLM3299,K21.9,Gastroesophageal reflux disease
CLM3300,N18.3,Chronic kidney disease stage 3
CLM3301,R07.9,Chest pain
CLM3302,F31.9,Bipolar disorder
CLM3302,F32.9,Major depressive disorder
CLM3303,I50.9,Heart failure
CLM3303,I10,Essential hypertension
CLM3304,J06.9,Upper respiratory infection
CLM3305,E05.90,Hyperthyroidism
CLM3305,E66.9,Obesity
CLM3306,D64.9,Anemia
CLM3306,C50.911,Breast cancer
CLM3307,Z34.90,Normal pregnancy supervision
CLM3307,N92.0,Heavy menstrual bleeding
CLM3308,R50.9,Fever
CLM3308,Z00.129,Routine child health exam
CLM3309,J20.9,Acute bronchitis
CLM3309,I10,Essential hypertension
CLM3310,N39.0,UTI
CLM3311,E05.90,Hyperthyroidism
CLM3311,E66.9,Obesity
CLM3312,J10.1,Influenza with pneumonia
CLM3313,R50.9,Fever
CLM3314,E78.5,Hyperlipidemia
CLM3315,J45.909,Asthma
CLM3316,J20.9,Acute bronchitis
CLM3317,F90.0,ADHD
CLM3318,I10,Essential hypertension
CLM3318,E78.5,Hyperlipidemia
CLM3319,J20.9,Acute bronchitis
CLM3320,L70.0,Acne vulgaris
CLM3320,L57.0,Actinic keratosis
CLM3321,Z00.00,Routine adult health exam
CLM3322,J18.9,Pneumonia
CLM3322,J44.9,COPD
CLM3323,I10,Essential hypertension
CLM3323,Z00.00,Routine adult health exam
CLM3324,I25.10,Coronary artery disease
CLM3325,J45.909,Asthma
CLM3326,F41.1,Generalized anxiety disorder
CLM3326,F90.0,ADHD
CLM3326,F31.9,Bipolar disorder
CLM3327,Z00.129,Routine child health exam
CLM3328,J10.1,Influenza with pneumonia
CLM3328,Z00.00,Routine adult health exam
CLM3329,J20.9,Acute bronchitis
CLM3330,F90.0,ADHD
CLM3330,F41.1,Generalized anxiety disorder
CLM3330,F32.9,Major depressive disorder
CLM3331,E78.5,Hyperlipidemia
CLM3332,M54.5,Low back pain
CLM3332,E78.5,Hyperlipidemia
CLM3333,I10,Essential hypertension
CLM3334,N18.3,Chronic kidney disease stage 3
CLM3335,E78.5,Hyperlipidemia
CLM3336,E05.90,Hyperthyroidism
CLM3336,E11.9,Type 2 diabetes mellitus
CLM3337,Z00.129,Routine child health exam
CLM3338,M54.5,Low back pain
CLM3338,J06.9,Upper respiratory infection
CLM3339,M54.5,Low back pain
CLM3339,J20.9,Acute bronchitis
CLM3339,Z00.00,Routine adult health exam
CLM3340,Z51.11,Encounter for chemotherapy
CLM3341,E78.5,Hyperlipidemia
CLM3342,E03.9,Hypothyroidism
CLM3342,N18.3,Chronic kidney disease stage 3
CLM3343,E11.9,Type 2 diabetes mellitus
CLM3344,Z01.419,Routine gynecological exam
CLM3345,C50.911,Breast cancer
CLM3346,L40.0,Psoriasis
CLM3347,Z00.00,Routine adult health exam
CLM3348,F41.1,Generalized anxiety disorder
CLM3349,I50.9,Heart failure
CLM3349,I48.91,Atrial fibrillation
CLM3349,I25.10,Coronary artery disease
CLM3350,L57.0,Actinic keratosis
CLM3351,I10,Essential hypertension
CLM3351,Z00.00,Routine adult health exam
CLM3352,I10,Essential hypertension
CLM3353,Z00.00,Routine adult health exam
CLM3354,L70.0,Acne vulgaris
CLM3354,L57.0,Actinic keratosis
CLM3354,L40.0,Psoriasis
CLM3355,E78.5,Hyperlipidemia
CLM3355,E03.9,Hypothyroidism
CLM3356,D64.9,Anemia
CLM3357,I10,Essential hypertension
CLM3357,I50.9,Heart failure
CLM3357,I48.91,Atrial fibrillation
CLM3358,S83.511A,ACL sprain of right knee
CLM3359,E03.9,Hypothyroidism
CLM3360,I25.10,Coronary artery disease
CLM3361,N18.3,Chronic kidney disease stage 3
CLM3362,E66.9,Obesity
CLM3363,R07.9,Chest pain
CLM3364,Z00.00,Routine adult health exam
CLM3365,N39.0,UTI
CLM3366,S52.501A,Fracture of radius
CLM3367,D64.9,Anemia
CLM3367,C18.9,Colon cancer
CLM3368,E78.5,Hyperlipidemia
CLM3369,E78.5,Hyperlipidemia
CLM3370,E11.65,Type 2 diabetes with hyperglycemia
CLM3370,E05.90,Hyperthyroidism
CLM3371,F41.1,Generalized anxiety disorder
CLM3371,J10.1,Influenza with pneumonia
CLM3372,F41.1,Generalized anxiety disorder
CLM3373,F41.1,Generalized anxiety disorder
CLM3374,D64.9,Anemia
CLM3374,C18.9,Colon cancer
CLM3375,E78.5,Hyperlipidemia
CLM3376,Z00.00,Routine adult health exam
CLM3376,J06.9,Upper respiratory infection
CLM3377,Z00.00,Routine adult health exam
CLM3378,Z34.90,Normal pregnancy supervision
CLM3378,N92.0,Heavy menstrual bleeding
CLM3378,O24.410,Gestational diabetes
CLM3379,F90.0,ADHD
CLM3380,N39.0,UTI
CLM3380,E78.5,Hyperlipidemia
CLM3381,F90.0,ADHD
CLM3382,Z00.129,Routine child health exam
CLM3383,J02.0,Streptococcal pharyngitis
CLM3383,L20.9,Atopic dermatitis
CLM3384,M54.5,Low back pain
CLM3384,J20.9,Acute bronchitis
CLM3384,N39.0,UTI
CLM3385,N39.0,UTI
CLM3386,R10.9,Abdominal pain
CLM3387,E03.9,Hypothyroidism
CLM3388,M54.5,Low back pain
CLM3389,E05.90,Hyperthyroidism
CLM3390,F31.9,Bipolar disorder
CLM3391,M25.561,Pain in right knee
CLM3391,M75.101,Rotator cuff tear
CLM3391,M17.11,Osteoarthritis of right knee
CLM3392,M54.5,Low back pain
CLM3392,F41.1,Generalized anxiety disorder
CLM3393,N18.3,Chronic kidney disease stage 3
CLM3393,D64.9,Anemia
CLM3394,L30.9,Dermatitis
CLM3394,L57.0,Actinic keratosis
CLM3395,D64.9,Anemia
CLM3396,M25.561,Pain in right knee
CLM3397,E03.9,Hypothyroidism
CLM3397,K21.9,Gastroesophageal reflux disease
CLM3398,J02.0,Streptococcal pharyngitis
CLM3399,L70.0,Acne vulgaris
CLM3400,R07.9,Chest pain
CLM3400,I10,Essential hypertension
CLM3401,D22.9,Melanocytic nevus
CLM3401,L70.0,Acne vulgaris
CLM3402,C18.9,Colon cancer
CLM3402,C34.90,Lung cancer
CLM3403,M75.101,Rotator cuff tear
CLM3403,M25.561,Pain in right knee
CLM3404,E78.5,Hyperlipidemia
CLM3405,J20.9,Acute bronchitis
CLM3405,M54.5,Low back pain
CLM3406,E03.9,Hypothyroidism
CLM3407,I48.91,Atrial fibrillation
CLM3407,I50.9,Heart failure
CLM3408,I10,Essential hypertension
CLM3409,I25.10,Coronary artery disease
CLM3410,E05.90,Hyperthyroidism
CLM3411,I48.91,Atrial fibrillation
CLM3411,R07.9,Chest pain
CLM3412,L70.0,Acne vulgaris
CLM3412,L40.0,Psoriasis
CLM3413,I50.9,Heart failure
CLM3413,I10,Essential hypertension
CLM3413,E78.5,Hyperlipidemia
CLM3414,E03.9,Hypothyroidism
CLM3414,E66.9,Obesity
CLM3415,R07.9,Chest pain
CLM3415,I50.9,Heart failure
CLM3416,E11.9,Type 2 diabetes mellitus
CLM3417,E03.9,Hypothyroidism
CLM3417,E78.5,Hyperlipidemia
CLM3418,I10,Essential hypertension
CLM3419,F41.1,Generalized anxiety disorder
CLM3419,F43.10,Post-traumatic stress disorder
CLM3420,S52.501A,Fracture of radius
CLM3421,M54.5,Low back pain
CLM3422,Z00.00,Routine adult health exam
CLM3423,E11.9,Type 2 diabetes mellitus
CLM3423,N39.0,UTI
CLM3423,I10,Essential hypertension
CLM3424,M17.11,Osteoarthritis of right knee
CLM3425,L70.0,Acne vulgaris
CLM3425,L40.0,Psoriasis
CLM3426,N18.3,Chronic kidney disease stage 3
CLM3427,R55,Syncope
CLM3427,S06.0X0A,Concussion
CLM3427,S52.501A,Fracture of radius
CLM3428,J06.9,Upper respiratory infection
CLM3429,F41.1,Generalized anxiety disorder
CLM3429,F43.10,Post-traumatic stress disorder
CLM3429,F90.0,ADHD
CLM3430,E11.9,Type 2 diabetes mellitus
CLM3430,F41.1,Generalized anxiety disorder
CLM3430,J06.9,Upper respiratory infection
CLM3431,M17.11,Osteoarthritis of right knee
CLM3431,M25.561,Pain in right knee
CLM3432,R10.9,Abdominal pain
CLM3432,R07.9,Chest pain
CLM3433,J45.909,Asthma
CLM3434,N39.0,UTI
CLM3435,I10,Essential hypertension
CLM3435,D64.9,Anemia
CLM3435,E03.9,Hypothyroidism
CLM3436,C34.90,Lung cancer
CLM3437,F32.9,Major depressive disorder
CLM3438,R07.9,Chest pain
CLM3439,N80.9,Endometriosis
CLM3440,E11.9,Type 2 diabetes mellitus
CLM3441,E03.9,Hypothyroidism
CLM3441,Z00.00,Routine adult health exam
CLM3441,E11.9,Type 2 diabetes mellitus
CLM3442,S52.501A,Fracture of radius
CLM3442,R10.9,Abdominal pain
CLM3443,J06.9,Upper respiratory infection
CLM3444,I10,Essential hypertension
CLM3445,J06.9,Upper respiratory infection
CLM3446,F41.1,Generalized anxiety disorder
CLM3446,N39.0,UTI
CLM3447,L40.0,Psoriasis
CLM3448,E78.5,Hyperlipidemia
CLM3448,J10.1,Influenza with pneumonia
CLM3449,I10,Essential hypertension
CLM3450,D64.9,Anemia
CLM3450,C50.911,Breast cancer
CLM3451,D22.9,Melanocytic nevus
CLM3452,N18.3,Chronic kidney disease stage 3
CLM3452,E11.9,Type 2 diabetes mellitus
CLM3453,L40.0,Psoriasis
CLM3454,M54.5,Low back pain
CLM3455,M54.5,Low back pain
CLM3456,E78.5,Hyperlipidemia
CLM3457,C18.9,Colon cancer
CLM3458,N18.3,Chronic kidney disease stage 3
CLM3458,E03.9,Hypothyroidism
CLM3459,J45.909,Asthma
CLM3460,I10,Essential hypertension
CLM3461,J02.0,Streptococcal pharyngitis
CLM3462,R07.9,Chest pain
CLM3463,I10,Essential hypertension
CLM3463,M54.5,Low back pain
CLM3464,J06.9,Upper respiratory infection
CLM3465,E78.5,Hyperlipidemia
CLM3465,I25.10,Coronary artery disease
CLM3466,Z00.00,Routine adult health exam
CLM3467,I10,Essential hypertension
CLM3468,E11.9,Type 2 diabetes mellitus
CLM3469,I50.9,Heart failure
CLM3470,N39.0,UTI
CLM3470,E78.5,Hyperlipidemia
CLM3471,D22.9,Melanocytic nevus
CLM3472,F31.9,Bipolar disorder
CLM3473,I48.91,Atrial fibrillation
CLM3473,I25.10,Coronary artery disease
CLM3474,J06.9,Upper respiratory infection
CLM3474,J10.1,Influenza with pneumonia
CLM3475,J06.9,Upper respiratory infection
CLM3475,Z00.129,Routine child health exam
CLM3476,Z00.00,Routine adult health exam
CLM3477,J20.9,Acute bronchitis
CLM3478,Z00.00,Routine adult health exam
CLM3478,N39.0,UTI
CLM3479,L40.0,Psoriasis
CLM3480,Z34.90,Normal pregnancy supervision
CLM3480,N80.9,Endometriosis
CLM3480,Z01.419,Routine gynecological exam
CLM3481,J10.1,Influenza with pneumonia
CLM3481,J06.9,Upper respiratory infection
CLM3482,G47.33,Obstructive sleep apnea
CLM3482,J44.9,COPD
CLM3482,J18.9,Pneumonia
CLM3483,I10,Essential hypertension
CLM3484,E03.9,Hypothyroidism
CLM3485,J18.9,Pneumonia
CLM3485,R10.9,Abdominal pain
CLM3486,C18.9,Colon cancer
CLM3487,J10.1,Influenza with pneumonia
CLM3487,Z00.00,Routine adult health exam
CLM3488,J20.9,Acute bronchitis
CLM3489,J10.1,Influenza with pneumonia
CLM3490,J20.9,Acute bronchitis
CLM3490,E78.5,Hyperlipidemia
CLM3491,F41.1,Generalized anxiety disorder
CLM3491,E78.5,Hyperlipidemia
CLM3492,Z00.129,Routine child health exam
CLM3492,J02.0,Streptococcal pharyngitis
CLM3493,N92.0,Heavy menstrual bleeding
CLM3493,Z01.419,Routine gynecological exam
CLM3493,Z34.90,Normal pregnancy supervision
CLM3494,C50.911,Breast cancer
CLM3495,Z00.00,Routine adult health exam
CLM3495,E11.9,Type 2 diabetes mellitus
CLM3496,C18.9,Colon cancer
CLM3496,C34.90,Lung cancer
CLM3497,E78.5,Hyperlipidemia
CLM3498,Z00.00,Routine adult health exam
CLM3499,I48.91,Atrial fibrillation
CLM3500,J06.9,Upper respiratory infection
CLM3500,Z00.00,Routine adult health exam
CLM3501,F90.0,ADHD
CLM3502,N18.3,Chronic kidney disease stage 3
CLM3502,K21.9,Gastroesophageal reflux disease
CLM3503,D22.9,Melanocytic nevus
CLM3504,I48.91,Atrial fibrillation
CLM3504,E78.5,Hyperlipidemia
CLM3505,E11.9,Type 2 diabetes mellitus
CLM3506,K21.9,Gastroesophageal reflux disease
CLM3507,L70.0,Acne vulgaris
CLM3508,E66.9,Obesity
CLM3508,E05.90,Hyperthyroidism
CLM3509,I25.10,Coronary artery disease
CLM3510,K21.9,Gastroesophageal reflux disease
CLM3510,D64.9,Anemia
CLM3510,I10,Essential hypertension
CLM3511,J10.1,Influenza with pneumonia
CLM3512,R10.9,Abdominal pain
CLM3512,R07.9,Chest pain
CLM3512,S06.0X0A,Concussion
CLM3513,L70.0,Acne vulgaris
CLM3514,C34.90,Lung cancer
CLM3514,C50.911,Breast cancer
CLM3515,I10,Essential hypertension
CLM3516,M54.5,Low back pain
CLM3516,E78.5,Hyperlipidemia
CLM3517,M25.561,Pain in right knee
CLM3518,D64.9,Anemia
CLM3519,M54.5,Low back pain
CLM3520,M54.5,Low back pain
CLM3521,J20.9,Acute bronchitis
CLM3522,E78.5,Hyperlipidemia
CLM3522,Z00.00,Routine adult health exam
CLM3523,I10,Essential hypertension
CLM3524,K21.9,Gastroesophageal reflux disease
CLM3524,N18.3,Chronic kidney disease stage 3
CLM3524,E11.9,Type 2 diabetes mellitus
CLM3525,J18.9,Pneumonia
CLM3525,S52.501A,Fracture of radius
CLM3526,L40.0,Psoriasis
CLM3526,D22.9,Melanocytic nevus
CLM3527,C18.9,Colon cancer
CLM3527,C50.911,Breast cancer
CLM3528,F41.1,Generalized anxiety disorder
CLM3528,F43.10,Post-traumatic stress disorder
CLM3529,F31.9,Bipolar disorder
CLM3530,I50.9,Heart failure
CLM3531,J20.9,Acute bronchitis
CLM3532,F41.1,Generalized anxiety disorder
CLM3533,D64.9,Anemia
CLM3534,J06.9,Upper respiratory infection
CLM3535,I10,Essential hypertension
CLM3535,N18.3,Chronic kidney disease stage 3
CLM3536,R07.9,Chest pain
CLM3536,I10,Essential hypertension
CLM3537,I10,Essential hypertension
CLM3537,E78.5,Hyperlipidemia
CLM3537,D64.9,Anemia
CLM3538,L40.0,Psoriasis
CLM3538,L57.0,Actinic keratosis
CLM3538,L30.9,Dermatitis
CLM3539,Z00.00,Routine adult health exam
CLM3540,E78.5,Hyperlipidemia
CLM3541,N39.0,UTI
CLM3541,F41.1,Generalized anxiety disorder
CLM3542,M54.5,Low back pain
CLM3543,I48.91,Atrial fibrillation
CLM3544,R55,Syncope
CLM3545,L57.0,Actinic keratosis
CLM3545,D22.9,Melanocytic nevus
CLM3545,L30.9,Dermatitis
CLM3546,R55,Syncope
CLM3546,S06.0X0A,Concussion
CLM3547,K21.9,Gastroesophageal reflux disease
CLM3547,D64.9,Anemia
CLM3548,I50.9,Heart failure
CLM3548,I25.10,Coronary artery disease
CLM3549,M54.5,Low back pain
CLM3549,J10.1,Influenza with pneumonia
CLM3550,E11.9,Type 2 diabetes mellitus
CLM3550,J06.9,Upper respiratory infection
CLM3551,Z00.00,Routine adult health exam
CLM3551,N18.3,Chronic kidney disease stage 3
CLM3552,N39.0,UTI
CLM3552,J10.1,Influenza with pneumonia
CLM3553,M54.5,Low back pain
CLM3554,F31.9,Bipolar disorder
CLM3555,M54.5,Low back pain
CLM3556,R55,Syncope
CLM3557,S52.501A,Fracture of radius
CLM3558,F41.1,Generalized anxiety disorder
CLM3559,F90.0,ADHD
CLM3560,M54.5,Low back pain
CLM3560,I10,Essential hypertension
CLM3561,F43.10,Post-traumatic stress disorder
CLM3562,I50.9,Heart failure
CLM3562,I10,Essential hypertension
CLM3563,E03.9,Hypothyroidism
CLM3564,M54.5,Low back pain
CLM3564,F41.1,Generalized anxiety disorder
CLM3565,M25.561,Pain in right knee
CLM3566,E03.9,Hypothyroidism
CLM3567,G47.33,Obstructive sleep apnea
CLM3568,J06.9,Upper respiratory infection
CLM3568,J02.0,Streptococcal pharyngitis
CLM3569,Z00.00,Routine adult health exam
CLM3570,F90.0,ADHD
CLM3571,E11.65,Type 2 diabetes with hyperglycemia
CLM3571,E11.9,Type 2 diabetes mellitus
CLM3572,R07.9,Chest pain
CLM3573,M54.5,Low back pain
CLM3574,M54.5,Low back pain
CLM3574,J20.9,Acute bronchitis
CLM3575,L30.9,Dermatitis
CLM3575,L70.0,Acne vulgaris
CLM3575,D22.9,Melanocytic nevus
CLM3576,R55,Syncope
CLM3577,E03.9,Hypothyroidism
CLM3577,K21.9,Gastroesophageal reflux disease
CLM3577,E11.9,Type 2 diabetes mellitus
CLM3578,F31.9,Bipolar disorder
CLM3579,F41.1,Generalized anxiety disorder
CLM3580,C18.9,Colon cancer
CLM3580,C61,Prostate cancer
CLM3581,E11.9,Type 2 diabetes mellitus
CLM3581,I10,Essential hypertension
CLM3581,E03.9,Hypothyroidism
CLM3582,N39.0,UTI
CLM3582,J06.9,Upper respiratory infection
CLM3583,I10,Essential hypertension
CLM3583,I50.9,Heart failure
CLM3583,I25.10,Coronary artery disease
CLM3584,E11.9,Type 2 diabetes mellitus
CLM3584,D64.9,Anemia
CLM3585,M54.5,Low back pain
CLM3586,J44.9,COPD
CLM3586,G47.33,Obstructive sleep apnea
CLM3587,Z51.11,Encounter for chemotherapy
CLM3588,D64.9,Anemia
CLM3589,D64.9,Anemia
CLM3589,C61,Prostate cancer
CLM3590,Z00.00,Routine adult health exam
CLM3591,Z00.00,Routine adult health exam
CLM3592,M75.101,Rotator cuff tear
CLM3593,S52.501A,Fracture of radius
CLM3593,J18.9,Pneumonia
CLM3594,C34.90,Lung cancer
CLM3594,C61,Prostate cancer
CLM3594,D64.9,Anemia
CLM3595,J18.9,Pneumonia
CLM3596,F43.10,Post-traumatic stress disorder
CLM3597,S06.0X0A,Concussion
CLM3597,R55,Syncope
CLM3598,F41.1,Generalized anxiety disorder
CLM3599,J06.9,Upper respiratory infection
CLM3600,M54.5,Low back pain
CLM3601,M17.11,Osteoarthritis of right knee
CLM3602,J45.909,Asthma
CLM3602,H66.90,Otitis media
CLM3603,E11.9,Type 2 diabetes mellitus
CLM3604,L57.0,Actinic keratosis
CLM3605,M25.561,Pain in right knee
CLM3605,M75.101,Rotator cuff tear
CLM3606,L20.9,Atopic dermatitis
CLM3607,F41.1,Generalized anxiety disorder
CLM3608,Z00.00,Routine adult health exam
CLM3608,J10.1,Influenza with pneumonia
CLM3609,I10,Essential hypertension
CLM3610,E11.9,Type 2 diabetes mellitus
CLM3610,K21.9,Gastroesophageal reflux disease
CLM3611,D64.9,Anemia
CLM3612,D64.9,Anemia
CLM3613,C61,Prostate cancer
CLM3614,F31.9,Bipolar disorder
CLM3614,F41.1,Generalized anxiety disorder
CLM3615,N18.3,Chronic kidney disease stage 3
CLM3616,E03.9,Hypothyroidism
CLM3617,F43.10,Post-traumatic stress disorder
CLM3617,F31.9,Bipolar disorder
CLM3618,J18.9,Pneumonia
CLM3619,D64.9,Anemia
CLM3619,C61,Prostate cancer
CLM3620,K21.9,Gastroesophageal reflux disease
CLM3621,Z00.00,Routine adult health exam
CLM3621,D64.9,Anemia
CLM3622,E11.9,Type 2 diabetes mellitus
CLM3623,C50.911,Breast cancer
CLM3623,Z51.11,Encounter for chemotherapy
CLM3624,N39.0,UTI
CLM3625,L70.0,Acne vulgaris
CLM3626,E11.9,Type 2 diabetes mellitus
CLM3626,N18.3,Chronic kidney disease stage 3
CLM3627,M25.561,Pain in right knee
CLM3628,J10.1,Influenza with pneumonia
CLM3629,L20.9,Atopic dermatitis
CLM3629,R50.9,Fever
CLM3630,E78.5,Hyperlipidemia
CLM3631,E11.9,Type 2 diabetes mellitus
CLM3631,J10.1,Influenza with pneumonia
CLM3632,L40.0,Psoriasis
CLM3633,I10,Essential hypertension
CLM3634,E78.5,Hyperlipidemia
CLM3634,N39.0,UTI
CLM3634,J06.9,Upper respiratory infection
CLM3635,F90.0,ADHD
CLM3636,D64.9,Anemia
CLM3637,I50.9,Heart failure
CLM3638,I10,Essential hypertension
CLM3638,I48.91,Atrial fibrillation
CLM3638,I25.10,Coronary artery disease
CLM3639,E78.5,Hyperlipidemia
CLM3639,E11.9,Type 2 diabetes mellitus
CLM3639,I10,Essential hypertension
CLM3640,D22.9,Melanocytic nevus
CLM3641,N18.3,Chronic kidney disease stage 3
CLM3641,E03.9,Hypothyroidism
CLM3642,I10,Essential hypertension
CLM3643,E78.5,Hyperlipidemia
CLM3644,N18.3,Chronic kidney disease stage 3
CLM3644,E11.9,Type 2 diabetes mellitus
CLM3645,I10,Essential hypertension
CLM3646,J45.909,Asthma
CLM3647,F43.10,Post-traumatic stress disorder
CLM3648,E78.5,Hyperlipidemia
CLM3649,E66.9,Obesity
CLM3650,K21.9,Gastroesophageal reflux disease
CLM3651,R50.9,Fever
CLM3652,I48.91,Atrial fibrillation
CLM3653,C18.9,Colon cancer
CLM3654,E11.9,Type 2 diabetes mellitus
CLM3655,J10.1,Influenza with pneumonia
CLM3655,E78.5,Hyperlipidemia
CLM3655,N39.0,UTI
CLM3656,E11.9,Type 2 diabetes mellitus
CLM3657,I10,Essential hypertension
CLM3658,L57.0,Actinic keratosis
CLM3658,L70.0,Acne vulgaris
CLM3659,L20.9,Atopic dermatitis
CLM3659,H66.90,Otitis media
CLM3660,F41.1,Generalized anxiety disorder
CLM3661,K21.9,Gastroesophageal reflux disease
CLM3662,S52.501A,Fracture of radius
CLM3662,R55,Syncope
CLM3663,J45.909,Asthma
CLM3664,E66.9,Obesity
CLM3664,E05.90,Hyperthyroidism
CLM3664,E11.9,Type 2 diabetes mellitus
CLM3665,D64.9,Anemia
CLM3665,C50.911,Breast cancer
CLM3665,C34.90,Lung cancer
CLM3666,J18.9,Pneumonia
CLM3667,Z00.00,Routine adult health exam
CLM3667,M54.5,Low back pain
CLM3668,E03.9,Hypothyroidism
CLM3669,N18.3,Chronic kidney disease stage 3
CLM3669,E11.9,Type 2 diabetes mellitus
CLM3670,E11.65,Type 2 diabetes with hyperglycemia
CLM3670,E11.9,Type 2 diabetes mellitus
CLM3671,E03.9,Hypothyroidism
CLM3672,D64.9,Anemia
CLM3673,E11.9,Type 2 diabetes mellitus
CLM3674,I50.9,Heart failure
CLM3675,M54.5,Low back pain
CLM3676,D22.9,Melanocytic nevus
CLM3676,L70.0,Acne vulgaris
CLM3677,J20.9,Acute bronchitis
CLM3678,N39.0,UTI
CLM3679,E78.5,Hyperlipidemia
CLM3680,I10,Essential hypertension
CLM3680,E11.9,Type 2 diabetes mellitus
CLM3681,J20.9,Acute bronchitis
CLM3682,L70.0,Acne vulgaris
CLM3683,I10,Essential hypertension
CLM3684,I50.9,Heart failure
CLM3684,R07.9,Chest pain
CLM3685,M17.11,Osteoarthritis of right knee
CLM3686,E11.9,Type 2 diabetes mellitus
CLM3686,J20.9,Acute bronchitis
CLM3687,E11.9,Type 2 diabetes mellitus
CLM3688,L70.0,Acne vulgaris
CLM3688,D22.9,Melanocytic nevus
CLM3689,D64.9,Anemia
CLM3689,I10,Essential hypertension
CLM3690,J06.9,Upper respiratory infection
CLM3690,R50.9,Fever
CLM3690,L20.9,Atopic dermatitis
CLM3691,N92.0,Heavy menstrual bleeding
CLM3692,N39.0,UTI
CLM3693,C50.911,Breast cancer
CLM3694,E78.5,Hyperlipidemia
CLM3695,C18.9,Colon cancer
CLM3695,C34.90,Lung cancer
CLM3696,N92.0,Heavy menstrual bleeding
CLM3696,O24.410,Gestational diabetes
CLM3696,Z34.90,Normal pregnancy supervision
CLM3697,D64.9,Anemia
CLM3698,J44.9,COPD
CLM3698,J45.909,Asthma
CLM3698,J18.9,Pneumonia
CLM3699,N39.0,UTI
CLM3699,J20.9,Acute bronchitis
CLM3700,J20.9,Acute bronchitis
CLM3701,F41.1,Generalized anxiety disorder
CLM3701,Z00.00,Routine adult health exam
CLM3702,I50.9,Heart failure
CLM3703,R50.9,Fever
CLM3703,L20.9,Atopic dermatitis
CLM3704,S83.511A,ACL sprain of right knee
CLM3705,K21.9,Gastroesophageal reflux disease
CLM3705,E78.5,Hyperlipidemia
CLM3706,E78.5,Hyperlipidemia
CLM3707,L70.0,Acne vulgaris
CLM3708,E03.9,Hypothyroidism
CLM3709,L40.0,Psoriasis
CLM3710,D64.9,Anemia
CLM3710,N18.3,Chronic kidney disease stage 3
CLM3710,Z00.00,Routine adult health exam
CLM3711,L40.0,Psoriasis
CLM3712,M54.5,Low back pain
CLM3712,M25.561,Pain in right knee
CLM3712,S83.511A,ACL sprain of right knee
CLM3713,Z00.00,Routine adult health exam
CLM3714,E11.9,Type 2 diabetes mellitus
CLM3715,M75.101,Rotator cuff tear
CLM3716,J06.9,Upper respiratory infection
CLM3717,M17.11,Osteoarthritis of right knee
CLM3718,I10,Essential hypertension
CLM3718,D64.9,Anemia
CLM3719,E11.9,Type 2 diabetes mellitus
CLM3719,E78.5,Hyperlipidemia
CLM3720,N39.0,UTI
CLM3721,I10,Essential hypertension
CLM3721,I50.9,Heart failure
CLM3722,J18.9,Pneumonia
CLM3723,D64.9,Anemia
CLM3724,E78.5,Hyperlipidemia
CLM3725,R10.9,Abdominal pain
CLM3726,R07.9,Chest pain
CLM3726,I10,Essential hypertension
CLM3727,I10,Essential hypertension
CLM3727,I50.9,Heart failure
CLM3728,I10,Essential hypertension
CLM3729,I10,Essential hypertension
CLM3730,E78.5,Hyperlipidemia
CLM3730,D64.9,Anemia
CLM3731,R07.9,Chest pain
CLM3732,C61,Prostate cancer
CLM3733,D64.9,Anemia
CLM3734,M17.11,Osteoarthritis of right knee
CLM3734,S83.511A,ACL sprain of right knee
CLM3735,K21.9,Gastroesophageal reflux disease
CLM3735,I10,Essential hypertension
CLM3735,N18.3,Chronic kidney disease stage 3
CLM3736,E11.9,Type 2 diabetes mellitus
CLM3737,Z00.00,Routine adult health exam
CLM3738,G47.33,Obstructive sleep apnea
CLM3739,L30.9,Dermatitis
CLM3739,L70.0,Acne vulgaris
CLM3739,L40.0,Psoriasis
CLM3740,J18.9,Pneumonia
CLM3740,J44.9,COPD
CLM3741,R55,Syncope
CLM3741,J18.9,Pneumonia
CLM3742,G47.33,Obstructive sleep apnea
CLM3743,J10.1,Influenza with pneumonia
CLM3744,L20.9,Atopic dermatitis
CLM3744,J45.909,Asthma
CLM3745,D64.9,Anemia
CLM3746,F31.9,Bipolar disorder
CLM3747,I10,Essential hypertension
CLM3748,N39.0,UTI
CLM3749,D64.9,Anemia
CLM3750,L20.9,Atopic dermatitis
CLM3750,J02.0,Streptococcal pharyngitis
CLM3751,H66.90,Otitis media
CLM3751,L20.9,Atopic dermatitis
CLM3752,M17.11,Osteoarthritis of right knee
CLM3752,M75.101,Rotator cuff tear
CLM3753,Z00.00,Routine adult health exam
CLM3754,D64.9,Anemia
CLM3755,Z00.00,Routine adult health exam
CLM3756,I48.91,Atrial fibrillation
CLM3756,R07.9,Chest pain
CLM3757,E78.5,Hyperlipidemia
CLM3758,N92.0,Heavy menstrual bleeding
CLM3759,E11.9,Type 2 diabetes mellitus
CLM3760,K21.9,Gastroesophageal reflux disease
CLM3761,Z00.00,Routine adult health exam
CLM3762,J02.0,Streptococcal pharyngitis
CLM3763,M25.561,Pain in right knee
CLM3763,M54.5,Low back pain
CLM3764,D64.9,Anemia
CLM3765,G47.33,Obstructive sleep apnea
CLM3765,J18.9,Pneumonia
CLM3765,J44.9,COPD
CLM3766,E78.5,Hyperlipidemia
CLM3766,J10.1,Influenza with pneumonia
CLM3766,Z00.00,Routine adult health exam
CLM3767,N39.0,UTI
CLM3767,J20.9,Acute bronchitis
CLM3768,E11.9,Type 2 diabetes mellitus
CLM3769,E78.5,Hyperlipidemia
CLM3770,N39.0,UTI
CLM3771,J06.9,Upper respiratory infection
CLM3771,N39.0,UTI
CLM3771,J10.1,Influenza with pneumonia
CLM3772,F41.1,Generalized anxiety disorder
CLM3772,J20.9,Acute bronchitis
CLM3773,H66.90,Otitis media
CLM3773,Z00.129,Routine child health exam
CLM3774,F43.10,Post-traumatic stress disorder
CLM3775,L57.0,Actinic keratosis
CLM3776,C50.911,Breast cancer
CLM3777,M25.561,Pain in right knee
CLM3778,E11.65,Type 2 diabetes with hyperglycemia
CLM3778,E05.90,Hyperthyroidism
CLM3779,N18.3,Chronic kidney disease stage 3
CLM3780,J10.1,Influenza with pneumonia
CLM3781,E11.9,Type 2 diabetes mellitus
CLM3782,E78.5,Hyperlipidemia
CLM3783,J20.9,Acute bronchitis
CLM3784,M54.5,Low back pain
CLM3785,E11.9,Type 2 diabetes mellitus
CLM3786,E78.5,Hyperlipidemia
CLM3787,C50.911,Breast cancer
CLM3787,Z51.11,Encounter for chemotherapy
CLM3788,F43.10,Post-traumatic stress disorder
CLM3789,D22.9,Melanocytic nevus
CLM3790,I50.9,Heart failure
CLM3790,R07.9,Chest pain
CLM3791,J44.9,COPD
CLM3791,J18.9,Pneumonia
CLM3792,F90.0,ADHD
CLM3793,N18.3,Chronic kidney disease stage 3
CLM3793,K21.9,Gastroesophageal reflux disease
CLM3793,E03.9,Hypothyroidism
CLM3794,F43.10,Post-traumatic stress disorder
CLM3795,D64.9,Anemia
CLM3796,E11.9,Type 2 diabetes mellitus
CLM3797,F32.9,Major depressive disorder
CLM3798,J45.909,Asthma
CLM3798,J02.0,Streptococcal pharyngitis
CLM3798,H66.90,Otitis media
CLM3799,I10,Essential hypertension
CLM3799,I48.91,Atrial fibrillation
CLM3800,D64.9,Anemia
CLM3801,E78.5,Hyperlipidemia
CLM3802,R55,Syncope
CLM3803,K21.9,Gastroesophageal reflux disease
CLM3804,J10.1,Influenza with pneumonia
CLM3804,M54.5,Low back pain
CLM3805,E11.9,Type 2 diabetes mellitus
CLM3806,E03.9,Hypothyroidism
CLM3806,E78.5,Hyperlipidemia
CLM3806,D64.9,Anemia
CLM3807,Z51.11,Encounter for chemotherapy
CLM3808,E78.5,Hyperlipidemia
CLM3809,M17.11,Osteoarthritis of right knee
CLM3809,M25.561,Pain in right knee
CLM3810,J20.9,Acute bronchitis
CLM3810,F41.1,Generalized anxiety disorder
CLM3811,S06.0X0A,Concussion
CLM3812,R07.9,Chest pain
CLM3813,E03.9,Hypothyroidism
CLM3814,K21.9,Gastroesophageal reflux disease
CLM3815,K21.9,Gastroesophageal reflux disease
CLM3815,E11.9,Type 2 diabetes mellitus
CLM3816,L30.9,Dermatitis
CLM3817,Z00.00,Routine adult health exam
CLM3817,E78.5,Hyperlipidemia
CLM3818,F41.1,Generalized anxiety disorder
CLM3819,C34.90,Lung cancer
CLM3820,E03.9,Hypothyroidism
CLM3821,F32.9,Major depressive disorder
CLM3822,N18.3,Chronic kidney disease stage 3
CLM3823,J06.9,Upper respiratory infection
CLM3824,E03.9,Hypothyroidism
CLM3825,C61,Prostate cancer
CLM3825,C34.90,Lung cancer
CLM3826,I10,Essential hypertension
CLM3827,E05.90,Hyperthyroidism
CLM3827,E11.9,Type 2 diabetes mellitus
CLM3828,R10.9,Abdominal pain
CLM3829,E78.5,Hyperlipidemia
CLM3830,D64.9,Anemia
CLM3831,E11.9,Type 2 diabetes mellitus
CLM3832,G47.33,Obstructive sleep apnea
CLM3833,J45.909,Asthma
CLM3833,J18.9,Pneumonia
CLM3834,R55,Syncope
CLM3834,R07.9,Chest pain
CLM3834,S06.0X0A,Concussion
CLM3835,E78.5,Hyperlipidemia
CLM3836,J44.9,COPD
CLM3837,F43.10,Post-traumatic stress disorder
CLM3837,F31.9,Bipolar disorder
CLM3837,F41.1,Generalized anxiety disorder
CLM3838,E78.5,Hyperlipidemia
CLM3839,I48.91,Atrial fibrillation
CLM3839,E78.5,Hyperlipidemia
CLM3840,M17.11,Osteoarthritis of right knee
CLM3841,F41.1,Generalized anxiety disorder
CLM3842,E11.9,Type 2 diabetes mellitus
CLM3842,D64.9,Anemia
CLM3843,M54.5,Low back pain
CLM3844,I25.10,Coronary artery disease
CLM3845,R10.9,Abdominal pain
CLM3846,E11.9,Type 2 diabetes mellitus
CLM3847,J10.1,Influenza with pneumonia
CLM3847,Z00.00,Routine adult health exam
CLM3848,C18.9,Colon cancer
CLM3849,J20.9,Acute bronchitis
CLM3850,J18.9,Pneumonia
CLM3851,S06.0X0A,Concussion
CLM3852,M54.5,Low back pain
CLM3853,S83.511A,ACL sprain of right knee
CLM3853,M75.101,Rotator cuff tear
CLM3854,I10,Essential hypertension
CLM3855,E11.9,Type 2 diabetes mellitus
CLM3856,S06.0X0A,Concussion
CLM3857,J02.0,Streptococcal pharyngitis
CLM3857,H66.90,Otitis media
CLM3858,E78.5,Hyperlipidemia
CLM3859,J45.909,Asthma
CLM3860,J02.0,Streptococcal pharyngitis
CLM3861,R55,Syncope
CLM3862,F41.1,Generalized anxiety disorder
CLM3863,F41.1,Generalized anxiety disorder
CLM3864,I50.9,Heart failure
CLM3865,L57.0,Actinic keratosis
CLM3865,L40.0,Psoriasis
CLM3866,Z51.11,Encounter for chemotherapy
CLM3867,E05.90,Hyperthyroidism
CLM3867,E11.65,Type 2 diabetes with hyperglycemia
CLM3868,J20.9,Acute bronchitis
CLM3868,I10,Essential hypertension
CLM3869,L57.0,Actinic keratosis
CLM3869,D22.9,Melanocytic nevus
CLM3870,Z00.129,Routine child health exam
CLM3870,L20.9,Atopic dermatitis
CLM3871,F41.1,Generalized anxiety disorder
CLM3872,E03.9,Hypothyroidism
CLM3873,N18.3,Chronic kidney disease stage 3
CLM3874,S52.501A,Fracture of radius
CLM3874,R55,Syncope
CLM3875,R55,Syncope
CLM3876,S06.0X0A,Concussion
CLM3876,R10.9,Abdominal pain
CLM3877,Z00.00,Routine adult health exam
CLM3878,L20.9,Atopic dermatitis
CLM3879,I10,Essential hypertension
CLM3879,E78.5,Hyperlipidemia
CLM3880,E11.9,Type 2 diabetes mellitus
CLM3880,K21.9,Gastroesophageal reflux disease
CLM3881,E11.9,Type 2 diabetes mellitus
CLM3881,J06.9,Upper respiratory infection
CLM3882,L30.9,Dermatitis
CLM3882,L57.0,Actinic keratosis
CLM3883,I10,Essential hypertension
CLM3884,M17.11,Osteoarthritis of right knee
CLM3885,L70.0,Acne vulgaris
CLM3886,D64.9,Anemia
CLM3886,Z00.00,Routine adult health exam
CLM3887,D22.9,Melanocytic nevus
CLM3888,N39.0,UTI
CLM3888,Z00.00,Routine adult health exam
CLM3888,E11.9,Type 2 diabetes mellitus
CLM3889,H66.90,Otitis media
CLM3889,L20.9,Atopic dermatitis
CLM3890,E78.5,Hyperlipidemia
CLM3890,J20.9,Acute bronchitis
CLM3891,E11.9,Type 2 diabetes mellitus
CLM3891,N39.0,UTI
CLM3892,E03.9,Hypothyroidism
CLM3892,K21.9,Gastroesophageal reflux disease
CLM3893,I50.9,Heart failure
CLM3894,R50.9,Fever
CLM3895,J45.909,Asthma
CLM3896,L30.9,Dermatitis
CLM3897,F41.1,Generalized anxiety disorder
CLM3898,E11.9,Type 2 diabetes mellitus
CLM3898,J20.9,Acute bronchitis
CLM3899,I25.10,Coronary artery disease
CLM3899,R07.9,Chest pain
CLM3899,I50.9,Heart failure
CLM3900,E11.9,Type 2 diabetes mellitus
CLM3901,I10,Essential hypertension
CLM3902,M17.11,Osteoarthritis of right knee
CLM3903,I10,Essential hypertension
CLM3904,N39.0,UTI
CLM3904,M54.5,Low back pain
CLM3905,E05.90,Hyperthyroidism
CLM3906,E11.9,Type 2 diabetes mellitus
CLM3907,L30.9,Dermatitis
CLM3908,N18.3,Chronic kidney disease stage 3
CLM3909,M75.101,Rotator cuff tear
CLM3909,S83.511A,ACL sprain of right knee
CLM3910,J06.9,Upper respiratory infection
CLM3911,L40.0,Psoriasis
CLM3912,I10,Essential hypertension
CLM3913,F90.0,ADHD
CLM3914,J45.909,Asthma
CLM3915,C50.911,Breast cancer
CLM3915,Z51.11,Encounter for chemotherapy
CLM3915,D64.9,Anemia
CLM3916,E78.5,Hyperlipidemia
CLM3917,E78.5,Hyperlipidemia
CLM3918,I25.10,Coronary artery disease
CLM3919,I10,Essential hypertension
CLM3919,J06.9,Upper respiratory infection
CLM3920,N39.0,UTI
CLM3920,M54.5,Low back pain
CLM3921,E03.9,Hypothyroidism
CLM3921,E78.5,Hyperlipidemia
CLM3922,C34.90,Lung cancer
CLM3923,Z51.11,Encounter for chemotherapy
CLM3924,J10.1,Influenza with pneumonia
CLM3924,I10,Essential hypertension
CLM3925,R50.9,Fever
CLM3926,N39.0,UTI
CLM3927,J45.909,Asthma
CLM3928,N39.0,UTI
CLM3929,N39.0,UTI
CLM3930,C18.9,Colon cancer
CLM3930,Z51.11,Encounter for chemotherapy
CLM3931,I25.10,Coronary artery disease
CLM3932,K21.9,Gastroesophageal reflux disease
CLM3932,E78.5,Hyperlipidemia
CLM3933,C18.9,Colon cancer
CLM3934,E11.9,Type 2 diabetes mellitus
CLM3934,F41.1,Generalized anxiety disorder
CLM3934,I10,Essential hypertension
CLM3935,F41.1,Generalized anxiety disorder
CLM3936,E03.9,Hypothyroidism
CLM3937,I10,Essential hypertension
CLM3937,E11.9,Type 2 diabetes mellitus
CLM3937,M54.5,Low back pain
CLM3938,C34.90,Lung cancer
CLM3939,K21.9,Gastroesophageal reflux disease
CLM3940,R10.9,Abdominal pain
CLM3941,E78.5,Hyperlipidemia
CLM3941,I48.91,Atrial fibrillation
CLM3942,D64.9,Anemia
CLM3942,I10,Essential hypertension
CLM3943,Z51.11,Encounter for chemotherapy
CLM3944,H66.90,Otitis media
CLM3945,J10.1,Influenza with pneumonia
CLM3945,F41.1,Generalized anxiety disorder
CLM3946,Z00.00,Routine adult health exam
CLM3946,E78.5,Hyperlipidemia
CLM3947,J18.9,Pneumonia
CLM3948,J06.9,Upper respiratory infection
CLM3949,E11.9,Type 2 diabetes mellitus
CLM3949,I10,Essential hypertension
CLM3950,S52.501A,Fracture of radius
CLM3951,K21.9,Gastroesophageal reflux disease
CLM3951,D64.9,Anemia
CLM3952,D64.9,Anemia
CLM3952,C61,Prostate cancer
CLM3953,J18.9,Pneumonia
CLM3953,G47.33,Obstructive sleep apnea
CLM3954,E78.5,Hyperlipidemia
CLM3955,F90.0,ADHD
CLM3955,F32.9,Major depressive disorder
CLM3956,D64.9,Anemia
CLM3957,F31.9,Bipolar disorder
CLM3958,E66.9,Obesity
CLM3959,M54.5,Low back pain
CLM3959,Z00.00,Routine adult health exam
CLM3960,E03.9,Hypothyroidism
CLM3960,I10,Essential hypertension
CLM3961,R50.9,Fever
CLM3961,J02.0,Streptococcal pharyngitis
CLM3962,R07.9,Chest pain
CLM3963,R50.9,Fever
CLM3963,Z00.129,Routine child health exam
CLM3964,E78.5,Hyperlipidemia
CLM3965,J44.9,COPD
CLM3965,G47.33,Obstructive sleep apnea
CLM3966,I25.10,Coronary artery disease
CLM3967,N39.0,UTI
CLM3968,J06.9,Upper respiratory infection
CLM3969,E78.5,Hyperlipidemia
CLM3970,C18.9,Colon cancer
CLM3971,F43.10,Post-traumatic stress disorder
CLM3971,F90.0,ADHD
CLM3971,F32.9,Major depressive disorder
CLM3972,F32.9,Major depressive disorder
CLM3973,J20.9,Acute bronchitis
CLM3974,C34.90,Lung cancer
CLM3974,Z51.11,Encounter for chemotherapy
CLM3975,I50.9,Heart failure
CLM3976,R07.9,Chest pain
CLM3977,C61,Prostate cancer
CLM3978,M25.561,Pain in right knee
CLM3979,K21.9,Gastroesophageal reflux disease
CLM3979,E03.9,Hypothyroidism
CLM3980,I25.10,Coronary artery disease
CLM3981,N39.0,UTI
CLM3982,R07.9,Chest pain
CLM3983,N80.9,Endometriosis
CLM3984,J44.9,COPD
CLM3985,M54.5,Low back pain
CLM3986,Z00.00,Routine adult health exam
CLM3987,I10,Essential hypertension
CLM3988,I10,Essential hypertension
CLM3989,J06.9,Upper respiratory infection
CLM3990,J45.909,Asthma
CLM3990,R50.9,Fever
CLM3991,M17.11,Osteoarthritis of right knee
CLM3992,M75.101,Rotator cuff tear
CLM3993,S83.511A,ACL sprain of right knee
CLM3993,M17.11,Osteoarthritis of right knee
CLM3994,I48.91,Atrial fibrillation
CLM3995,M54.5,Low back pain
CLM3995,M75.101,Rotator cuff tear
CLM3996,L40.0,Psoriasis
CLM3997,E78.5,Hyperlipidemia
CLM3998,I10,Essential hypertension
CLM3998,Z00.00,Routine adult health exam
CLM3998,F41.1,Generalized anxiety disorder
CLM3999,R07.9,Chest pain
CLM3999,I50.9,Heart failure
CLM4000,M54.5,Low back pain
CLM4001,E11.9,Type 2 diabetes mellitus
CLM4002,Z00.00,Routine adult health exam
CLM4002,E11.9,Type 2 diabetes mellitus
CLM4003,M25.561,Pain in right knee
CLM4004,E11.9,Type 2 diabetes mellitus
CLM4005,K21.9,Gastroesophageal reflux disease
CLM4006,D64.9,Anemia
CLM4007,E11.9,Type 2 diabetes mellitus
CLM4008,N39.0,UTI
CLM4009,F43.10,Post-traumatic stress disorder
CLM4010,J20.9,Acute bronchitis
CLM4011,H66.90,Otitis media
CLM4012,C61,Prostate cancer
CLM4013,N18.3,Chronic kidney disease stage 3
CLM4014,I25.10,Coronary artery disease
CLM4014,E78.5,Hyperlipidemia
CLM4014,I50.9,Heart failure
CLM4015,I10,Essential hypertension
CLM4016,M75.101,Rotator cuff tear
CLM4017,J20.9,Acute bronchitis
CLM4018,E11.9,Type 2 diabetes mellitus
CLM4019,J20.9,Acute bronchitis
CLM4019,E11.9,Type 2 diabetes mellitus
CLM4020,Z00.129,Routine child health exam
CLM4021,J06.9,Upper respiratory infection
CLM4022,F41.1,Generalized anxiety disorder
CLM4023,E11.9,Type 2 diabetes mellitus
CLM4023,N18.3,Chronic kidney disease stage 3
CLM4024,J45.909,Asthma
CLM4025,Z00.00,Routine adult health exam
CLM4026,Z00.00,Routine adult health exam
CLM4027,J45.909,Asthma
CLM4028,Z00.00,Routine adult health exam
CLM4029,E66.9,Obesity
CLM4030,F41.1,Generalized anxiety disorder
CLM4031,J45.909,Asthma
CLM4032,C18.9,Colon cancer
CLM4033,I10,Essential hypertension
CLM4033,J06.9,Upper respiratory infection
CLM4033,E11.9,Type 2 diabetes mellitus
CLM4034,E11.9,Type 2 diabetes mellitus
CLM4035,F41.1,Generalized anxiety disorder
CLM4036,F41.1,Generalized anxiety disorder
CLM4036,F90.0,ADHD
CLM4037,J06.9,Upper respiratory infection
CLM4038,E78.5,Hyperlipidemia
CLM4038,I10,Essential hypertension
CLM4039,R07.9,Chest pain
CLM4040,J20.9,Acute bronchitis
CLM4041,I48.91,Atrial fibrillation
CLM4041,R07.9,Chest pain
CLM4042,I50.9,Heart failure
CLM4042,I48.91,Atrial fibrillation
CLM4042,I10,Essential hypertension
CLM4043,E78.5,Hyperlipidemia
CLM4043,I50.9,Heart failure
CLM4044,Z00.00,Routine adult health exam
CLM4045,N39.0,UTI
CLM4046,I48.91,Atrial fibrillation
CLM4046,E78.5,Hyperlipidemia
CLM4047,E03.9,Hypothyroidism
CLM4048,R07.9,Chest pain
CLM4048,I10,Essential hypertension
CLM4049,D64.9,Anemia
CLM4050,D64.9,Anemia
CLM4051,Z00.00,Routine adult health exam
CLM4052,M54.5,Low back pain
CLM4053,F43.10,Post-traumatic stress disorder
CLM4053,F32.9,Major depressive disorder
CLM4054,Z00.00,Routine adult health exam
CLM4055,L70.0,Acne vulgaris
CLM4056,F41.1,Generalized anxiety disorder
CLM4057,I10,Essential hypertension
CLM4057,I25.10,Coronary artery disease
CLM4058,F41.1,Generalized anxiety disorder
CLM4058,N39.0,UTI
CLM4059,J02.0,Streptococcal pharyngitis
CLM4060,O24.410,Gestational diabetes
CLM4061,I10,Essential hypertension
CLM4061,J06.9,Upper respiratory infection
CLM4062,C18.9,Colon cancer
CLM4063,I25.10,Coronary artery disease
CLM4064,S83.511A,ACL sprain of right knee
CLM4064,M17.11,Osteoarthritis of right knee
CLM4065,R55,Syncope
CLM4065,R07.9,Chest pain
CLM4066,C18.9,Colon cancer
CLM4067,J20.9,Acute bronchitis
CLM4068,L30.9,Dermatitis
CLM4069,E78.5,Hyperlipidemia
CLM4069,I10,Essential hypertension
CLM4070,E66.9,Obesity
CLM4071,I10,Essential hypertension
CLM4071,I48.91,Atrial fibrillation
CLM4072,K21.9,Gastroesophageal reflux disease
CLM4072,E03.9,Hypothyroidism
CLM4073,J45.909,Asthma
CLM4074,E03.9,Hypothyroidism
CLM4075,I10,Essential hypertension
CLM4075,I50.9,Heart failure
CLM4076,E66.9,Obesity
CLM4076,E03.9,Hypothyroidism
CLM4076,E11.9,Type 2 diabetes mellitus
CLM4077,J06.9,Upper respiratory infection
CLM4078,J18.9,Pneumonia
CLM4079,M54.5,Low back pain
CLM4079,E78.5,Hyperlipidemia
CLM4080,Z00.00,Routine adult health exam
CLM4080,K21.9,Gastroesophageal reflux disease
CLM4080,E78.5,Hyperlipidemia
CLM4081,S06.0X0A,Concussion
CLM4082,S06.0X0A,Concussion
CLM4083,S06.0X0A,Concussion
CLM4083,R10.9,Abdominal pain
CLM4083,J18.9,Pneumonia
CLM4084,E03.9,Hypothyroidism
CLM4084,E11.65,Type 2 diabetes with hyperglycemia
CLM4084,E66.9,Obesity
CLM4085,M54.5,Low back pain
CLM4085,E11.9,Type 2 diabetes mellitus
CLM4086,E11.9,Type 2 diabetes mellitus
CLM4087,J18.9,Pneumonia
CLM4087,G47.33,Obstructive sleep apnea
CLM4088,R10.9,Abdominal pain
CLM4089,Z51.11,Encounter for chemotherapy
CLM4089,D64.9,Anemia
CLM4089,C34.90,Lung cancer
CLM4090,Z51.11,Encounter for chemotherapy
CLM4091,C50.911,Breast cancer
CLM4091,C18.9,Colon cancer
CLM4092,F41.1,Generalized anxiety disorder
CLM4093,E11.9,Type 2 diabetes mellitus
CLM4094,E78.5,Hyperlipidemia
CLM4095,R07.9,Chest pain
CLM4096,S06.0X0A,Concussion
CLM4096,R07.9,Chest pain
CLM4097,M54.5,Low back pain
CLM4098,J45.909,Asthma
CLM4098,J44.9,COPD
CLM4098,G47.33,Obstructive sleep apnea
CLM4099,Z00.00,Routine adult health exam
CLM4100,I48.91,Atrial fibrillation
CLM4101,F41.1,Generalized anxiety disorder
CLM4101,F90.0,ADHD
CLM4102,I50.9,Heart failure
CLM4102,I25.10,Coronary artery disease
CLM4103,L40.0,Psoriasis
CLM4104,E78.5,Hyperlipidemia
CLM4105,Z00.00,Routine adult health exam
CLM4106,S06.0X0A,Concussion
CLM4107,E03.9,Hypothyroidism
CLM4108,F41.1,Generalized anxiety disorder
CLM4109,M25.561,Pain in right knee
CLM4110,M17.11,Osteoarthritis of right knee
CLM4111,I25.10,Coronary artery disease
CLM4112,I50.9,Heart failure
CLM4112,I10,Essential hypertension
CLM4112,I48.91,Atrial fibrillation
CLM4113,J18.9,Pneumonia
CLM4113,S52.501A,Fracture of radius
CLM4113,R10.9,Abdominal pain
CLM4114,D64.9,Anemia
CLM4114,Z51.11,Encounter for chemotherapy
CLM4115,N18.3,Chronic kidney disease stage 3
CLM4116,O24.410,Gestational diabetes
CLM4116,N80.9,Endometriosis
CLM4117,S52.501A,Fracture of radius
CLM4117,R10.9,Abdominal pain
CLM4118,J06.9,Upper respiratory infection
CLM4119,M54.5,Low back pain
CLM4119,I10,Essential hypertension
CLM4119,F41.1,Generalized anxiety disorder
CLM4120,I48.91,Atrial fibrillation
CLM4120,E78.5,Hyperlipidemia
CLM4120,R07.9,Chest pain
CLM4121,D22.9,Melanocytic nevus
CLM4122,R55,Syncope
CLM4123,J45.909,Asthma
CLM4124,M25.561,Pain in right knee
CLM4125,Z00.00,Routine adult health exam
CLM4126,N39.0,UTI
CLM4127,J10.1,Influenza with pneumonia
CLM4128,E78.5,Hyperlipidemia
CLM4129,E78.5,Hyperlipidemia
CLM4129,J06.9,Upper respiratory infection
CLM4129,E11.9,Type 2 diabetes mellitus
CLM4130,I25.10,Coronary artery disease
CLM4130,I10,Essential hypertension
CLM4130,I50.9,Heart failure
CLM4131,J10.1,Influenza with pneumonia
CLM4132,E11.9,Type 2 diabetes mellitus
CLM4132,K21.9,Gastroesophageal reflux disease
CLM4133,M75.101,Rotator cuff tear
CLM4133,S83.511A,ACL sprain of right knee
CLM4133,M25.561,Pain in right knee
CLM4134,E11.65,Type 2 diabetes with hyperglycemia
CLM4135,J18.9,Pneumonia
CLM4135,S06.0X0A,Concussion
CLM4136,Z01.419,Routine gynecological exam
CLM4136,Z34.90,Normal pregnancy supervision
CLM4136,N80.9,Endometriosis
CLM4137,M54.5,Low back pain
CLM4138,I25.10,Coronary artery disease
CLM4138,E78.5,Hyperlipidemia
CLM4139,L70.0,Acne vulgaris
CLM4140,J45.909,Asthma
CLM4141,J06.9,Upper respiratory infection
CLM4142,E11.9,Type 2 diabetes mellitus
CLM4143,R55,Syncope
CLM4143,S52.501A,Fracture of radius
CLM4144,E05.90,Hyperthyroidism
CLM4144,E03.9,Hypothyroidism
CLM4144,E66.9,Obesity
CLM4145,F41.1,Generalized anxiety disorder
CLM4146,E78.5,Hyperlipidemia
CLM4146,I10,Essential hypertension
CLM4147,R55,Syncope
CLM4148,K21.9,Gastroesophageal reflux disease
CLM4149,C18.9,Colon cancer
CLM4149,C50.911,Breast cancer
CLM4150,L30.9,Dermatitis
CLM4151,Z01.419,Routine gynecological exam
CLM4152,C34.90,Lung cancer
CLM4153,S52.501A,Fracture of radius
CLM4153,S06.0X0A,Concussion
CLM4154,E11.9,Type 2 diabetes mellitus
CLM4154,K21.9,Gastroesophageal reflux disease
CLM4155,E11.9,Type 2 diabetes mellitus
CLM4155,Z00.00,Routine adult health exam
CLM4156,J18.9,Pneumonia
CLM4157,I10,Essential hypertension
CLM4158,I25.10,Coronary artery disease
CLM4159,N18.3,Chronic kidney disease stage 3
CLM4160,E03.9,Hypothyroidism
CLM4161,J02.0,Streptococcal pharyngitis
CLM4162,R07.9,Chest pain
CLM4163,N18.3,Chronic kidney disease stage 3
CLM4164,D64.9,Anemia
CLM4165,J02.0,Streptococcal pharyngitis
CLM4165,R50.9,Fever
CLM4166,H66.90,Otitis media
CLM4167,M75.101,Rotator cuff tear
CLM4168,M54.5,Low back pain
CLM4169,F41.1,Generalized anxiety disorder
CLM4170,J45.909,Asthma
CLM4170,H66.90,Otitis media
CLM4170,Z00.129,Routine child health exam
CLM4171,I10,Essential hypertension
CLM4171,E03.9,Hypothyroidism
CLM4172,M75.101,Rotator cuff tear
CLM4172,M25.561,Pain in right knee
CLM4173,J06.9,Upper respiratory infection
CLM4173,R50.9,Fever
CLM4174,Z00.00,Routine adult health exam
CLM4174,J06.9,Upper respiratory infection
CLM4175,N18.3,Chronic kidney disease stage 3
CLM4176,M54.5,Low back pain
CLM4177,F32.9,Major depressive disorder
CLM4178,C34.90,Lung cancer
CLM4178,C61,Prostate cancer
CLM4179,E66.9,Obesity
CLM4179,E11.9,Type 2 diabetes mellitus
CLM4180,N39.0,UTI
CLM4180,I10,Essential hypertension
CLM4181,M54.5,Low back pain
CLM4182,I50.9,Heart failure
CLM4183,I10,Essential hypertension
CLM4184,I50.9,Heart failure
CLM4185,J06.9,Upper respiratory infection
CLM4185,H66.90,Otitis media
CLM4185,J45.909,Asthma
CLM4186,R55,Syncope
CLM4187,I48.91,Atrial fibrillation
CLM4187,I25.10,Coronary artery disease
CLM4188,I50.9,Heart failure
CLM4188,I10,Essential hypertension
CLM4189,C61,Prostate cancer
CLM4190,N39.0,UTI
CLM4191,C61,Prostate cancer
CLM4191,C34.90,Lung cancer
CLM4191,C50.911,Breast cancer
CLM4192,C18.9,Colon cancer
CLM4192,C34.90,Lung cancer
CLM4193,I10,Essential hypertension
CLM4193,E78.5,Hyperlipidemia
CLM4193,R07.9,Chest pain
CLM4194,I10,Essential hypertension
CLM4195,I10,Essential hypertension
CLM4195,E78.5,Hyperlipidemia
CLM4195,E11.9,Type 2 diabetes mellitus
CLM4196,M54.5,Low back pain
CLM4196,S83.511A,ACL sprain of right knee
CLM4196,M25.561,Pain in right knee
CLM4197,E78.5,Hyperlipidemia
CLM4198,M54.5,Low back pain
CLM4199,E11.9,Type 2 diabetes mellitus
CLM4200,H66.90,Otitis media
CLM4200,J45.909,Asthma
CLM4201,I25.10,Coronary artery disease
CLM4202,N18.3,Chronic kidney disease stage 3
CLM4203,E11.9,Type 2 diabetes mellitus
CLM4204,G47.33,Obstructive sleep apnea
CLM4205,J06.9,Upper respiratory infection
CLM4206,S52.501A,Fracture of radius
CLM4207,J10.1,Influenza with pneumonia
CLM4207,E78.5,Hyperlipidemia
CLM4208,J02.0,Streptococcal pharyngitis
CLM4208,J06.9,Upper respiratory infection
CLM4209,E78.5,Hyperlipidemia
CLM4210,I50.9,Heart failure
CLM4211,J06.9,Upper respiratory infection
CLM4212,E11.9,Type 2 diabetes mellitus
CLM4212,N39.0,UTI
CLM4213,Z00.00,Routine adult health exam
CLM4214,F90.0,ADHD
CLM4214,F31.9,Bipolar disorder
CLM4215,R07.9,Chest pain
CLM4215,R55,Syncope
CLM4215,S52.501A,Fracture of radius
CLM4216,I10,Essential hypertension
CLM4217,E11.65,Type 2 diabetes with hyperglycemia
CLM4218,F41.1,Generalized anxiety disorder
CLM4219,E03.9,Hypothyroidism
CLM4220,H66.90,Otitis media
CLM4221,C61,Prostate cancer
CLM4222,D64.9,Anemia
CLM4222,Z00.00,Routine adult health exam
CLM4223,E78.5,Hyperlipidemia
CLM4224,N39.0,UTI
CLM4224,M54.5,Low back pain
CLM4224,I10,Essential hypertension
CLM4225,S83.511A,ACL sprain of right knee
CLM4226,E78.5,Hyperlipidemia
CLM4227,Z00.00,Routine adult health exam
CLM4228,D22.9,Melanocytic nevus
CLM4229,E11.9,Type 2 diabetes mellitus
CLM4229,E03.9,Hypothyroidism
CLM4230,E78.5,Hyperlipidemia
CLM4231,Z00.129,Routine child health exam
CLM4232,I25.10,Coronary artery disease
CLM4232,R07.9,Chest pain
CLM4233,H66.90,Otitis media
CLM4234,H66.90,Otitis media
CLM4234,J02.0,Streptococcal pharyngitis
CLM4234,R50.9,Fever
CLM4235,L57.0,Actinic keratosis
CLM4236,R07.9,Chest pain
CLM4236,J18.9,Pneumonia
CLM4237,M25.561,Pain in right knee
CLM4237,S83.511A,ACL sprain of right knee
CLM4238,L20.9,Atopic dermatitis
CLM4239,L40.0,Psoriasis
CLM4240,J06.9,Upper respiratory infection
CLM4240,Z00.00,Routine adult health exam
CLM4240,F41.1,Generalized anxiety disorder
CLM4241,C34.90,Lung cancer
CLM4241,C18.9,Colon cancer
CLM4242,K21.9,Gastroesophageal reflux disease
CLM4243,Z34.90,Normal pregnancy supervision
CLM4243,Z01.419,Routine gynecological exam
CLM4244,K21.9,Gastroesophageal reflux disease
CLM4245,F41.1,Generalized anxiety disorder
CLM4246,M54.5,Low back pain
CLM4246,F41.1,Generalized anxiety disorder
CLM4247,I10,Essential hypertension
CLM4247,I48.91,Atrial fibrillation
CLM4248,N80.9,Endometriosis
CLM4248,Z01.419,Routine gynecological exam
CLM4249,J10.1,Influenza with pneumonia
CLM4250,I25.10,Coronary artery disease
CLM4251,E66.9,Obesity
CLM4252,N18.3,Chronic kidney disease stage 3
CLM4252,K21.9,Gastroesophageal reflux disease
CLM4253,E78.5,Hyperlipidemia
CLM4254,Z00.00,Routine adult health exam
CLM4255,S06.0X0A,Concussion
CLM4256,K21.9,Gastroesophageal reflux disease
CLM4256,N18.3,Chronic kidney disease stage 3
CLM4257,E03.9,Hypothyroidism
CLM4257,E66.9,Obesity
CLM4258,L30.9,Dermatitis
CLM4259,K21.9,Gastroesophageal reflux disease
CLM4260,J20.9,Acute bronchitis
CLM4261,E78.5,Hyperlipidemia
CLM4262,I10,Essential hypertension
CLM4263,J18.9,Pneumonia
CLM4264,J06.9,Upper respiratory infection
CLM4265,Z00.129,Routine child health exam
CLM4265,L20.9,Atopic dermatitis
CLM4265,H66.90,Otitis media
CLM4266,N18.3,Chronic kidney disease stage 3
CLM4266,E78.5,Hyperlipidemia
CLM4267,F31.9,Bipolar disorder
CLM4267,F32.9,Major depressive disorder
CLM4268,C61,Prostate cancer
CLM4268,D64.9,Anemia
CLM4268,C34.90,Lung cancer
CLM4269,R07.9,Chest pain
CLM4269,J18.9,Pneumonia
CLM4270,F41.1,Generalized anxiety disorder
CLM4271,M54.5,Low back pain
CLM4271,M25.561,Pain in right knee
CLM4272,F90.0,ADHD
CLM4273,F31.9,Bipolar disorder
CLM4274,L57.0,Actinic keratosis
CLM4275,Z01.419,Routine gynecological exam
CLM4275,Z34.90,Normal pregnancy supervision
CLM4276,R07.9,Chest pain
CLM4277,S83.511A,ACL sprain of right knee
CLM4277,M25.561,Pain in right knee
CLM4277,M75.101,Rotator cuff tear
CLM4278,Z00.00,Routine adult health exam
CLM4278,J06.9,Upper respiratory infection
CLM4279,J10.1,Influenza with pneumonia
CLM4280,E11.9,Type 2 diabetes mellitus
CLM4281,L70.0,Acne vulgaris
CLM4282,R50.9,Fever
CLM4282,H66.90,Otitis media
CLM4283,Z01.419,Routine gynecological exam
CLM4284,E78.5,Hyperlipidemia
CLM4285,I10,Essential hypertension
CLM4286,Z00.00,Routine adult health exam
CLM4287,M54.5,Low back pain
CLM4288,I10,Essential hypertension
CLM4289,J45.909,Asthma
CLM4289,L20.9,Atopic dermatitis
CLM4290,L70.0,Acne vulgaris
CLM4291,I10,Essential hypertension
CLM4291,E78.5,Hyperlipidemia
CLM4292,F90.0,ADHD
CLM4293,M75.101,Rotator cuff tear
CLM4293,M25.561,Pain in right knee
CLM4294,K21.9,Gastroesophageal reflux disease
CLM4295,N18.3,Chronic kidney disease stage 3
CLM4296,R07.9,Chest pain
CLM4297,Z00.00,Routine adult health exam
CLM4298,N80.9,Endometriosis
CLM4299,J20.9,Acute bronchitis
CLM4299,M54.5,Low back pain
CLM4300,E05.90,Hyperthyroidism
CLM4301,D22.9,Melanocytic nevus
CLM4301,L70.0,Acne vulgaris
CLM4302,I10,Essential hypertension
CLM4302,N18.3,Chronic kidney disease stage 3
CLM4302,K21.9,Gastroesophageal reflux disease
CLM4303,R55,Syncope
CLM4303,R07.9,Chest pain
CLM4304,I25.10,Coronary artery disease
CLM4304,E78.5,Hyperlipidemia
CLM4305,Z00.00,Routine adult health exam
CLM4306,F43.10,Post-traumatic stress disorder
CLM4307,S06.0X0A,Concussion
CLM4308,N18.3,Chronic kidney disease stage 3
CLM4309,E03.9,Hypothyroidism
CLM4310,J06.9,Upper respiratory infection
CLM4311,S06.0X0A,Concussion
CLM4312,G47.33,Obstructive sleep apnea
CLM4313,Z00.00,Routine adult health exam
CLM4313,E11.9,Type 2 diabetes mellitus
CLM4314,E11.65,Type 2 diabetes with hyperglycemia
CLM4314,E66.9,Obesity
CLM4314,E03.9,Hypothyroidism
CLM4315,N39.0,UTI
CLM4316,D64.9,Anemia
CLM4317,Z00.00,Routine adult health exam
CLM4317,J10.1,Influenza with pneumonia
CLM4318,E78.5,Hyperlipidemia
CLM4319,D22.9,Melanocytic nevus
CLM4320,E11.9,Type 2 diabetes mellitus
CLM4321,N39.0,UTI
CLM4321,E11.9,Type 2 diabetes mellitus
CLM4322,I25.10,Coronary artery disease
CLM4322,I10,Essential hypertension
CLM4323,E66.9,Obesity
CLM4323,E05.90,Hyperthyroidism
CLM4323,E11.65,Type 2 diabetes with hyperglycemia
CLM4324,E78.5,Hyperlipidemia
CLM4325,E78.5,Hyperlipidemia
CLM4325,J06.9,Upper respiratory infection
CLM4326,C18.9,Colon cancer
CLM4327,N39.0,UTI
CLM4327,J20.9,Acute bronchitis
CLM4328,S06.0X0A,Concussion
CLM4328,S52.501A,Fracture of radius
CLM4329,C50.911,Breast cancer
CLM4330,F32.9,Major depressive disorder
CLM4331,N39.0,UTI
CLM4332,F41.1,Generalized anxiety disorder
CLM4333,I25.10,Coronary artery disease
CLM4334,R50.9,Fever
CLM4335,M54.5,Low back pain
CLM4336,J20.9,Acute bronchitis
CLM4336,E78.5,Hyperlipidemia
CLM4336,F41.1,Generalized anxiety disorder
CLM4337,Z00.00,Routine adult health exam
CLM4337,K21.9,Gastroesophageal reflux disease
CLM4338,E78.5,Hyperlipidemia
CLM4339,J20.9,Acute bronchitis
CLM4340,I10,Essential hypertension
CLM4341,I10,Essential hypertension
CLM4342,H66.90,Otitis media
CLM4342,R50.9,Fever
CLM4343,F41.1,Generalized anxiety disorder
CLM4344,Z00.00,Routine adult health exam
CLM4345,I10,Essential hypertension
CLM4345,N39.0,UTI
CLM4346,L30.9,Dermatitis
CLM4346,L70.0,Acne vulgaris
CLM4346,L40.0,Psoriasis
CLM4347,I48.91,Atrial fibrillation
CLM4347,I50.9,Heart failure
CLM4348,E78.5,Hyperlipidemia
CLM4348,Z00.00,Routine adult health exam
CLM4348,J10.1,Influenza with pneumonia
CLM4349,F32.9,Major depressive disorder
CLM4349,F43.10,Post-traumatic stress disorder
CLM4349,F31.9,Bipolar disorder
CLM4350,Z00.00,Routine adult health exam
CLM4350,I10,Essential hypertension
CLM4351,D64.9,Anemia
CLM4352,E03.9,Hypothyroidism
CLM4352,Z00.00,Routine adult health exam
CLM4353,J10.1,Influenza with pneumonia
CLM4353,E11.9,Type 2 diabetes mellitus
CLM4354,D22.9,Melanocytic nevus
CLM4355,I10,Essential hypertension
CLM4356,Z00.129,Routine child health exam
CLM4357,E03.9,Hypothyroidism
CLM4358,Z00.129,Routine child health exam
CLM4359,J10.1,Influenza with pneumonia
CLM4359,Z00.00,Routine adult health exam
CLM4359,E78.5,Hyperlipidemia
CLM4360,Z00.00,Routine adult health exam
CLM4361,R10.9,Abdominal pain
CLM4362,H66.90,Otitis media
CLM4363,E78.5,Hyperlipidemia
CLM4364,R10.9,Abdominal pain
CLM4364,J18.9,Pneumonia
CLM4365,J45.909,Asthma
CLM4366,Z00.00,Routine adult health exam
CLM4366,D64.9,Anemia
CLM4367,R07.9,Chest pain
CLM4367,I48.91,Atrial fibrillation
CLM4368,J45.909,Asthma
CLM4368,G47.33,Obstructive sleep apnea
CLM4369,M17.11,Osteoarthritis of right knee
CLM4370,E11.9,Type 2 diabetes mellitus
CLM4370,E78.5,Hyperlipidemia
CLM4371,D64.9,Anemia
CLM4372,F41.1,Generalized anxiety disorder
CLM4373,E78.5,Hyperlipidemia
CLM4373,I10,Essential hypertension
CLM4373,I48.91,Atrial fibrillation
CLM4374,M25.561,Pain in right knee
CLM4375,J02.0,Streptococcal pharyngitis
CLM4375,Z00.129,Routine child health exam
CLM4376,J45.909,Asthma
CLM4377,R07.9,Chest pain
CLM4378,Z00.00,Routine adult health exam
CLM4378,N39.0,UTI
CLM4378,J20.9,Acute bronchitis
CLM4379,C18.9,Colon cancer
CLM4379,D64.9,Anemia
CLM4379,C34.90,Lung cancer
CLM4380,F41.1,Generalized anxiety disorder
CLM4381,S06.0X0A,Concussion
CLM4382,Z00.00,Routine adult health exam
CLM4383,M54.5,Low back pain
CLM4384,Z00.00,Routine adult health exam
CLM4385,E66.9,Obesity
CLM4385,E03.9,Hypothyroidism
CLM4386,I50.9,Heart failure
CLM4387,M54.5,Low back pain
CLM4387,Z00.00,Routine adult health exam
CLM4387,I10,Essential hypertension
CLM4388,R10.9,Abdominal pain
CLM4388,R55,Syncope
CLM4389,I25.10,Coronary artery disease
CLM4389,I10,Essential hypertension
CLM4389,I48.91,Atrial fibrillation
CLM4390,L40.0,Psoriasis
CLM4391,J20.9,Acute bronchitis
CLM4392,I25.10,Coronary artery disease
CLM4393,Z00.00,Routine adult health exam
CLM4393,I10,Essential hypertension
CLM4394,Z00.00,Routine adult health exam
CLM4395,L57.0,Actinic keratosis
CLM4396,Z00.00,Routine adult health exam
CLM4396,N39.0,UTI
CLM4397,Z00.00,Routine adult health exam
CLM4397,K21.9,Gastroesophageal reflux disease
CLM4397,E78.5,Hyperlipidemia
CLM4398,E11.9,Type 2 diabetes mellitus
CLM4399,Z51.11,Encounter for chemotherapy
CLM4399,D64.9,Anemia
CLM4400,F31.9,Bipolar disorder
CLM4401,E03.9,Hypothyroidism
CLM4401,Z00.00,Routine adult health exam
CLM4402,E78.5,Hyperlipidemia
CLM4403,S83.511A,ACL sprain of right knee
CLM4404,I10,Essential hypertension
CLM4405,S06.0X0A,Concussion
CLM4405,S52.501A,Fracture of radius
CLM4406,J18.9,Pneumonia
CLM4406,R10.9,Abdominal pain
CLM4407,F41.1,Generalized anxiety disorder
CLM4408,E78.5,Hyperlipidemia
CLM4408,R07.9,Chest pain
CLM4408,I10,Essential hypertension
CLM4409,Z01.419,Routine gynecological exam
CLM4410,I50.9,Heart failure
CLM4411,E78.5,Hyperlipidemia
CLM4412,E03.9,Hypothyroidism
CLM4412,E11.65,Type 2 diabetes with hyperglycemia
CLM4413,N80.9,Endometriosis
CLM4413,O24.410,Gestational diabetes
CLM4414,G47.33,Obstructive sleep apnea
CLM4415,M54.5,Low back pain
CLM4416,M54.5,Low back pain
CLM4417,S83.511A,ACL sprain of right knee
CLM4418,M54.5,Low back pain
CLM4418,S83.511A,ACL sprain of right knee
CLM4419,I10,Essential hypertension
CLM4419,J20.9,Acute bronchitis
CLM4420,F32.9,Major depressive disorder
CLM4420,F31.9,Bipolar disorder
CLM4421,G47.33,Obstructive sleep apnea
CLM4422,M17.11,Osteoarthritis of right knee
CLM4423,E78.5,Hyperlipidemia
CLM4423,D64.9,Anemia
CLM4424,I25.10,Coronary artery disease
CLM4425,G47.33,Obstructive sleep apnea
CLM4426,E78.5,Hyperlipidemia
CLM4426,E03.9,Hypothyroidism
CLM4427,K21.9,Gastroesophageal reflux disease
CLM4428,M17.11,Osteoarthritis of right knee
CLM4429,S06.0X0A,Concussion
CLM4430,Z00.129,Routine child health exam
CLM4431,L70.0,Acne vulgaris
CLM4432,E11.9,Type 2 diabetes mellitus
CLM4432,D64.9,Anemia
CLM4433,E03.9,Hypothyroidism
CLM4434,J45.909,Asthma
CLM4435,E78.5,Hyperlipidemia
CLM4436,F32.9,Major depressive disorder
CLM4436,F31.9,Bipolar disorder
CLM4436,F41.1,Generalized anxiety disorder
CLM4437,J45.909,Asthma
CLM4438,J44.9,COPD
CLM4438,J45.909,Asthma
CLM4439,O24.410,Gestational diabetes
CLM4440,M75.101,Rotator cuff tear
CLM4440,M54.5,Low back pain
CLM4441,F41.1,Generalized anxiety disorder
CLM4442,I10,Essential hypertension
CLM4443,L30.9,Dermatitis
CLM4443,L57.0,Actinic keratosis
CLM4444,E78.5,Hyperlipidemia
CLM4444,E03.9,Hypothyroidism
CLM4444,N18.3,Chronic kidney disease stage 3
CLM4445,G47.33,Obstructive sleep apnea
CLM4446,I25.10,Coronary artery disease
CLM4447,I50.9,Heart failure
CLM4447,I48.91,Atrial fibrillation
CLM4447,I10,Essential hypertension
CLM4448,N39.0,UTI
CLM4448,Z00.00,Routine adult health exam
CLM4449,O24.410,Gestational diabetes
CLM4450,E78.5,Hyperlipidemia
CLM4451,C50.911,Breast cancer
CLM4452,R07.9,Chest pain
CLM4452,J18.9,Pneumonia
CLM4453,L40.0,Psoriasis
CLM4453,L70.0,Acne vulgaris
CLM4454,Z00.129,Routine child health exam
CLM4454,J02.0,Streptococcal pharyngitis
CLM4455,Z00.00,Routine adult health exam
CLM4456,D22.9,Melanocytic nevus
CLM4457,Z51.11,Encounter for chemotherapy
CLM4457,C34.90,Lung cancer
CLM4458,N18.3,Chronic kidney disease stage 3
CLM4459,N18.3,Chronic kidney disease stage 3
CLM4460,S06.0X0A,Concussion
CLM4460,R07.9,Chest pain
CLM4460,R55,Syncope
CLM4461,N39.0,UTI
CLM4462,M54.5,Low back pain
CLM4462,J10.1,Influenza with pneumonia
CLM4463,F43.10,Post-traumatic stress disorder
CLM4464,M17.11,Osteoarthritis of right knee
CLM4464,M25.561,Pain in right knee
CLM4465,E11.9,Type 2 diabetes mellitus
CLM4466,I10,Essential hypertension
CLM4467,E78.5,Hyperlipidemia
CLM4467,E11.9,Type 2 diabetes mellitus
CLM4468,E11.9,Type 2 diabetes mellitus
CLM4469,J44.9,COPD
CLM4470,E78.5,Hyperlipidemia
CLM4470,R07.9,Chest pain
CLM4471,E78.5,Hyperlipidemia
CLM4471,Z00.00,Routine adult health exam
CLM4472,F90.0,ADHD
CLM4472,F31.9,Bipolar disorder
CLM4473,R55,Syncope
CLM4473,S06.0X0A,Concussion
CLM4474,I25.10,Coronary artery disease
CLM4474,R07.9,Chest pain
CLM4475,L30.9,Dermatitis
CLM4475,D22.9,Melanocytic nevus
CLM4476,I10,Essential hypertension
CLM4476,E11.9,Type 2 diabetes mellitus
CLM4477,I10,Essential hypertension
CLM4478,C61,Prostate cancer
CLM4478,Z51.11,Encounter for chemotherapy
CLM4479,J20.9,Acute bronchitis
CLM4480,J44.9,COPD
CLM4481,J20.9,Acute bronchitis
CLM4482,L30.9,Dermatitis
CLM4482,L57.0,Actinic keratosis
CLM4483,K21.9,Gastroesophageal reflux disease
CLM4484,I50.9,Heart failure
CLM4484,E78.5,Hyperlipidemia
CLM4485,J20.9,Acute bronchitis
CLM4486,G47.33,Obstructive sleep apnea
CLM4487,E05.90,Hyperthyroidism
CLM4487,E11.9,Type 2 diabetes mellitus
CLM4487,E66.9,Obesity
CLM4488,E11.9,Type 2 diabetes mellitus
CLM4489,Z00.00,Routine adult health exam
CLM4489,E78.5,Hyperlipidemia
CLM4490,I10,Essential hypertension
CLM4491,I25.10,Coronary artery disease
CLM4491,E78.5,Hyperlipidemia
CLM4492,S83.511A,ACL sprain of right knee
CLM4492,M75.101,Rotator cuff tear
CLM4493,R50.9,Fever
CLM4493,H66.90,Otitis media
CLM4494,E11.9,Type 2 diabetes mellitus
CLM4495,M25.561,Pain in right knee
CLM4496,M17.11,Osteoarthritis of right knee
CLM4497,F41.1,Generalized anxiety disorder
CLM4497,J06.9,Upper respiratory infection
CLM4498,E78.5,Hyperlipidemia
CLM4499,G47.33,Obstructive sleep apnea
CLM4500,I50.9,Heart failure
CLM4500,I48.91,Atrial fibrillation
CLM4501,Z00.00,Routine adult health exam
CLM4501,F41.1,Generalized anxiety disorder
CLM4501,N39.0,UTI
CLM4502,E78.5,Hyperlipidemia
CLM4502,N39.0,UTI
CLM4503,S06.0X0A,Concussion
CLM4504,E05.90,Hyperthyroidism
CLM4504,E11.9,Type 2 diabetes mellitus
CLM4505,R10.9,Abdominal pain
CLM4506,N92.0,Heavy menstrual bleeding
CLM4506,N80.9,Endometriosis
CLM4507,S83.511A,ACL sprain of right knee
CLM4508,E11.65,Type 2 diabetes with hyperglycemia
CLM4509,J02.0,Streptococcal pharyngitis
CLM4509,L20.9,Atopic dermatitis
CLM4509,J06.9,Upper respiratory infection
CLM4510,E11.9,Type 2 diabetes mellitus
CLM4510,K21.9,Gastroesophageal reflux disease
CLM4511,N39.0,UTI
CLM4512,Z51.11,Encounter for chemotherapy
CLM4513,I48.91,Atrial fibrillation
CLM4513,I50.9,Heart failure
CLM4514,E05.90,Hyperthyroidism
CLM4515,J10.1,Influenza with pneumonia
CLM4516,M25.561,Pain in right knee
CLM4516,M75.101,Rotator cuff tear
CLM4516,S83.511A,ACL sprain of right knee
CLM4517,M17.11,Osteoarthritis of right knee
CLM4517,M75.101,Rotator cuff tear
CLM4518,F43.10,Post-traumatic stress disorder
CLM4519,L30.9,Dermatitis
CLM4520,I10,Essential hypertension
CLM4521,E11.9,Type 2 diabetes mellitus
CLM4522,E78.5,Hyperlipidemia
CLM4523,I10,Essential hypertension
CLM4524,E78.5,Hyperlipidemia
CLM4525,F32.9,Major depressive disorder
CLM4526,F41.1,Generalized anxiety disorder
CLM4527,K21.9,Gastroesophageal reflux disease
CLM4528,E03.9,Hypothyroidism
CLM4529,Z01.419,Routine gynecological exam
CLM4530,E03.9,Hypothyroidism
CLM4530,I10,Essential hypertension
CLM4530,K21.9,Gastroesophageal reflux disease
CLM4531,E78.5,Hyperlipidemia
CLM4532,R50.9,Fever
CLM4533,F43.10,Post-traumatic stress disorder
CLM4533,F31.9,Bipolar disorder
CLM4534,Z00.00,Routine adult health exam
CLM4534,E11.9,Type 2 diabetes mellitus
CLM4535,M25.561,Pain in right knee
CLM4536,R10.9,Abdominal pain
CLM4537,J45.909,Asthma
CLM4538,F41.1,Generalized anxiety disorder
CLM4538,F31.9,Bipolar disorder
CLM4539,S06.0X0A,Concussion
CLM4539,S52.501A,Fracture of radius
CLM4540,J06.9,Upper respiratory infection
CLM4541,Z00.00,Routine adult health exam
CLM4542,E78.5,Hyperlipidemia
CLM4543,N39.0,UTI
CLM4543,E78.5,Hyperlipidemia
CLM4544,I50.9,Heart failure
CLM4544,I25.10,Coronary artery disease
CLM4544,I48.91,Atrial fibrillation
CLM4545,I48.91,Atrial fibrillation
CLM4545,I25.10,Coronary artery disease
CLM4546,M54.5,Low back pain
CLM4546,M17.11,Osteoarthritis of right knee
CLM4547,J02.0,Streptococcal pharyngitis
CLM4547,J45.909,Asthma
CLM4548,E66.9,Obesity
CLM4548,E11.65,Type 2 diabetes with hyperglycemia
CLM4549,J02.0,Streptococcal pharyngitis
CLM4550,I25.10,Coronary artery disease
CLM4551,E78.5,Hyperlipidemia
CLM4552,F41.1,Generalized anxiety disorder
CLM4552,F32.9,Major depressive disorder
CLM4553,C34.90,Lung cancer
CLM4554,J02.0,Streptococcal pharyngitis
CLM4555,S06.0X0A,Concussion
CLM4556,E78.5,Hyperlipidemia
CLM4556,N18.3,Chronic kidney disease stage 3
CLM4557,N39.0,UTI
CLM4557,E11.9,Type 2 diabetes mellitus
CLM4558,J06.9,Upper respiratory infection
CLM4559,E78.5,Hyperlipidemia
CLM4560,S83.511A,ACL sprain of right knee
CLM4561,M75.101,Rotator cuff tear
CLM4562,H66.90,Otitis media
CLM4562,Z00.129,Routine child health exam
CLM4563,I10,Essential hypertension
CLM4564,N39.0,UTI
CLM4565,J02.0,Streptococcal pharyngitis
CLM4566,I50.9,Heart failure
CLM4566,R07.9,Chest pain
CLM4567,Z00.00,Routine adult health exam
CLM4567,E78.5,Hyperlipidemia
CLM4567,E11.9,Type 2 diabetes mellitus
CLM4568,N18.3,Chronic kidney disease stage 3
CLM4568,D64.9,Anemia
CLM4569,F31.9,Bipolar disorder
CLM4569,F43.10,Post-traumatic stress disorder
CLM4570,R07.9,Chest pain
CLM4571,I25.10,Coronary artery disease
CLM4571,I48.91,Atrial fibrillation
CLM4572,I25.10,Coronary artery disease
CLM4572,R07.9,Chest pain
CLM4572,I10,Essential hypertension
CLM4573,E11.9,Type 2 diabetes mellitus
CLM4574,I48.91,Atrial fibrillation
CLM4574,I10,Essential hypertension
CLM4575,E78.5,Hyperlipidemia
CLM4576,R50.9,Fever
CLM4577,N39.0,UTI
CLM4578,L70.0,Acne vulgaris
CLM4578,L30.9,Dermatitis
CLM4579,R07.9,Chest pain
CLM4579,I10,Essential hypertension
CLM4580,E11.9,Type 2 diabetes mellitus
CLM4581,M25.561,Pain in right knee
CLM4582,R07.9,Chest pain
CLM4582,I10,Essential hypertension
CLM4582,I48.91,Atrial fibrillation
CLM4583,F43.10,Post-traumatic stress disorder
CLM4584,I10,Essential hypertension
CLM4584,J10.1,Influenza with pneumonia
CLM4585,J44.9,COPD
CLM4585,J45.909,Asthma
CLM4586,E11.9,Type 2 diabetes mellitus
CLM4587,R10.9,Abdominal pain
CLM4587,R07.9,Chest pain
CLM4587,R55,Syncope
CLM4588,L57.0,Actinic keratosis
CLM4588,L70.0,Acne vulgaris
CLM4589,M17.11,Osteoarthritis of right knee
CLM4589,M54.5,Low back pain
CLM4590,E11.9,Type 2 diabetes mellitus
CLM4590,K21.9,Gastroesophageal reflux disease
CLM4591,J10.1,Influenza with pneumonia
CLM4591,J06.9,Upper respiratory infection
CLM4591,E11.9,Type 2 diabetes mellitus
CLM4592,F90.0,ADHD
CLM4593,J06.9,Upper respiratory infection
CLM4594,Z51.11,Encounter for chemotherapy
CLM4595,E11.9,Type 2 diabetes mellitus
CLM4596,I10,Essential hypertension
CLM4596,E03.9,Hypothyroidism
CLM4597,G47.33,Obstructive sleep apnea
CLM4597,J18.9,Pneumonia
CLM4598,L57.0,Actinic keratosis
CLM4599,F41.1,Generalized anxiety disorder
CLM4600,Z00.00,Routine adult health exam
CLM4601,I10,Essential hypertension
CLM4601,J10.1,Influenza with pneumonia
CLM4602,R07.9,Chest pain
CLM4603,R07.9,Chest pain
CLM4603,I48.91,Atrial fibrillation
CLM4603,I25.10,Coronary artery disease
CLM4604,E11.65,Type 2 diabetes with hyperglycemia
CLM4605,Z00.00,Routine adult health exam
CLM4606,N39.0,UTI
CLM4606,E78.5,Hyperlipidemia
CLM4606,J20.9,Acute bronchitis
CLM4607,S52.501A,Fracture of radius
CLM4608,Z00.00,Routine adult health exam
CLM4609,F90.0,ADHD
CLM4610,E78.5,Hyperlipidemia
CLM4611,I10,Essential hypertension
CLM4612,L30.9,Dermatitis
CLM4613,Z00.00,Routine adult health exam
CLM4613,E78.5,Hyperlipidemia
CLM4614,I10,Essential hypertension
CLM4615,Z51.11,Encounter for chemotherapy
CLM4616,J10.1,Influenza with pneumonia
CLM4617,E05.90,Hyperthyroidism
CLM4617,E03.9,Hypothyroidism
CLM4618,F43.10,Post-traumatic stress disorder
CLM4618,F32.9,Major depressive disorder
CLM4618,F31.9,Bipolar disorder
CLM4619,E11.9,Type 2 diabetes mellitus
CLM4619,E03.9,Hypothyroidism
CLM4620,E78.5,Hyperlipidemia
CLM4620,M54.5,Low back pain
CLM4621,J18.9,Pneumonia
CLM4622,E78.5,Hyperlipidemia
CLM4622,R07.9,Chest pain
CLM4623,E11.9,Type 2 diabetes mellitus
CLM4624,F41.1,Generalized anxiety disorder
CLM4625,J45.909,Asthma
CLM4626,I10,Essential hypertension
CLM4626,E11.9,Type 2 diabetes mellitus
CLM4627,J45.909,Asthma
CLM4628,R07.9,Chest pain
CLM4629,I48.91,Atrial fibrillation
CLM4630,J06.9,Upper respiratory infection
CLM4630,F41.1,Generalized anxiety disorder
CLM4630,J20.9,Acute bronchitis
CLM4631,Z00.00,Routine adult health exam
CLM4632,M75.101,Rotator cuff tear
CLM4632,M25.561,Pain in right knee
CLM4633,M54.5,Low back pain
CLM4633,S83.511A,ACL sprain of right knee
CLM4634,I10,Essential hypertension
CLM4634,I25.10,Coronary artery disease
CLM4635,C50.911,Breast cancer
CLM4635,C34.90,Lung cancer
CLM4636,K21.9,Gastroesophageal reflux disease
CLM4637,S52.501A,Fracture of radius
CLM4638,I48.91,Atrial fibrillation
CLM4639,L30.9,Dermatitis
CLM4639,L40.0,Psoriasis
CLM4639,L57.0,Actinic keratosis
CLM4640,J20.9,Acute bronchitis
CLM4640,I10,Essential hypertension
CLM4641,I48.91,Atrial fibrillation
CLM4642,C18.9,Colon cancer
CLM4643,E66.9,Obesity
CLM4643,E05.90,Hyperthyroidism
CLM4643,E11.9,Type 2 diabetes mellitus
CLM4644,Z00.00,Routine adult health exam
CLM4644,K21.9,Gastroesophageal reflux disease
CLM4645,R07.9,Chest pain
CLM4646,E03.9,Hypothyroidism
CLM4646,Z00.00,Routine adult health exam
CLM4647,I50.9,Heart failure
CLM4648,J45.909,Asthma
CLM4649,E78.5,Hyperlipidemia
CLM4650,E78.5,Hyperlipidemia
CLM4651,J06.9,Upper respiratory infection
CLM4652,J44.9,COPD
CLM4652,G47.33,Obstructive sleep apnea
CLM4652,J18.9,Pneumonia
CLM4653,D64.9,Anemia
CLM4653,E11.9,Type 2 diabetes mellitus
CLM4654,F32.9,Major depressive disorder
CLM4655,I50.9,Heart failure
CLM4656,R55,Syncope
CLM4657,J18.9,Pneumonia
CLM4657,J44.9,COPD
CLM4658,I50.9,Heart failure
CLM4659,L40.0,Psoriasis
CLM4660,N92.0,Heavy menstrual bleeding
CLM4661,M54.5,Low back pain
CLM4662,I50.9,Heart failure
CLM4663,G47.33,Obstructive sleep apnea
CLM4664,M54.5,Low back pain
CLM4664,J10.1,Influenza with pneumonia
CLM4665,R07.9,Chest pain
CLM4665,I48.91,Atrial fibrillation
CLM4665,I50.9,Heart failure
CLM4666,E03.9,Hypothyroidism
CLM4666,N18.3,Chronic kidney disease stage 3
CLM4667,J06.9,Upper respiratory infection
CLM4668,J18.9,Pneumonia
CLM4668,J45.909,Asthma
CLM4669,I48.91,Atrial fibrillation
CLM4669,I25.10,Coronary artery disease
CLM4669,I10,Essential hypertension
CLM4670,Z00.129,Routine child health exam
CLM4670,H66.90,Otitis media
CLM4671,R50.9,Fever
CLM4671,J45.909,Asthma
CLM4672,I50.9,Heart failure
CLM4673,F32.9,Major depressive disorder
CLM4674,E11.9,Type 2 diabetes mellitus
CLM4675,F31.9,Bipolar disorder
CLM4676,M75.101,Rotator cuff tear
CLM4677,F31.9,Bipolar disorder
CLM4677,F90.0,ADHD
CLM4677,F32.9,Major depressive disorder
CLM4678,L20.9,Atopic dermatitis
CLM4678,Z00.129,Routine child health exam
CLM4678,R50.9,Fever
CLM4679,R55,Syncope
CLM4679,R10.9,Abdominal pain
CLM4680,I10,Essential hypertension
CLM4680,N39.0,UTI
CLM4681,J06.9,Upper respiratory infection
CLM4681,J02.0,Streptococcal pharyngitis
CLM4682,S06.0X0A,Concussion
CLM4683,K21.9,Gastroesophageal reflux disease
CLM4683,N18.3,Chronic kidney disease stage 3
CLM4684,M25.561,Pain in right knee
CLM4684,M54.5,Low back pain
CLM4684,S83.511A,ACL sprain of right knee
CLM4685,J10.1,Influenza with pneumonia
CLM4686,E11.9,Type 2 diabetes mellitus
CLM4687,R07.9,Chest pain
CLM4687,E78.5,Hyperlipidemia
CLM4688,O24.410,Gestational diabetes
CLM4689,E03.9,Hypothyroidism
CLM4690,F41.1,Generalized anxiety disorder
CLM4690,Z00.00,Routine adult health exam
CLM4690,J10.1,Influenza with pneumonia
CLM4691,C50.911,Breast cancer
CLM4692,I48.91,Atrial fibrillation
CLM4693,L40.0,Psoriasis
CLM4693,D22.9,Melanocytic nevus
CLM4693,L70.0,Acne vulgaris
CLM4694,R07.9,Chest pain
CLM4695,K21.9,Gastroesophageal reflux disease
CLM4696,J45.909,Asthma
CLM4697,J10.1,Influenza with pneumonia
CLM4697,M54.5,Low back pain
CLM4698,F41.1,Generalized anxiety disorder
CLM4699,S06.0X0A,Concussion
CLM4700,J10.1,Influenza with pneumonia
CLM4701,I10,Essential hypertension
CLM4701,J06.9,Upper respiratory infection
CLM4702,S52.501A,Fracture of radius
CLM4703,C50.911,Breast cancer
CLM4704,Z00.00,Routine adult health exam
CLM4705,I10,Essential hypertension
CLM4706,R07.9,Chest pain
CLM4707,F32.9,Major depressive disorder
CLM4708,J18.9,Pneumonia
CLM4709,S06.0X0A,Concussion
CLM4709,R07.9,Chest pain
CLM4710,J06.9,Upper respiratory infection
CLM4710,R50.9,Fever
CLM4711,D64.9,Anemia
CLM4711,Z51.11,Encounter for chemotherapy
CLM4712,K21.9,Gastroesophageal reflux disease
CLM4713,H66.90,Otitis media
CLM4714,I50.9,Heart failure
CLM4715,E11.9,Type 2 diabetes mellitus
CLM4715,D64.9,Anemia
CLM4716,S83.511A,ACL sprain of right knee
CLM4716,M75.101,Rotator cuff tear
CLM4717,S06.0X0A,Concussion
CLM4717,R55,Syncope
CLM4718,K21.9,Gastroesophageal reflux disease
CLM4719,F90.0,ADHD
CLM4720,I10,Essential hypertension
CLM4721,J10.1,Influenza with pneumonia
CLM4722,J20.9,Acute bronchitis
CLM4723,F31.9,Bipolar disorder
CLM4723,F41.1,Generalized anxiety disorder
CLM4724,L57.0,Actinic keratosis
CLM4724,L70.0,Acne vulgaris
CLM4725,M17.11,Osteoarthritis of right knee
CLM4725,M25.561,Pain in right knee
CLM4726,R07.9,Chest pain
CLM4726,S06.0X0A,Concussion
CLM4727,M25.561,Pain in right knee
CLM4727,S83.511A,ACL sprain of right knee
CLM4727,M75.101,Rotator cuff tear
CLM4728,C50.911,Breast cancer
CLM4729,E11.9,Type 2 diabetes mellitus
CLM4730,K21.9,Gastroesophageal reflux disease
CLM4730,N18.3,Chronic kidney disease stage 3
CLM4731,J06.9,Upper respiratory infection
CLM4731,N39.0,UTI
CLM4732,E78.5,Hyperlipidemia
CLM4732,K21.9,Gastroesophageal reflux disease
CLM4732,E11.9,Type 2 diabetes mellitus
CLM4733,S06.0X0A,Concussion
CLM4734,E11.9,Type 2 diabetes mellitus
CLM4734,N18.3,Chronic kidney disease stage 3
CLM4734,E03.9,Hypothyroidism
CLM4735,J10.1,Influenza with pneumonia
CLM4736,E78.5,Hyperlipidemia
CLM4737,Z01.419,Routine gynecological exam
CLM4738,M54.5,Low back pain
CLM4739,E78.5,Hyperlipidemia
CLM4740,R10.9,Abdominal pain
CLM4741,J02.0,Streptococcal pharyngitis
CLM4741,J06.9,Upper respiratory infection
CLM4742,E03.9,Hypothyroidism
CLM4742,D64.9,Anemia
CLM4742,N18.3,Chronic kidney disease stage 3
CLM4743,I10,Essential hypertension
CLM4743,E03.9,Hypothyroidism
CLM4744,E11.9,Type 2 diabetes mellitus
CLM4745,K21.9,Gastroesophageal reflux disease
CLM4746,E11.9,Type 2 diabetes mellitus
CLM4746,M54.5,Low back pain
CLM4747,J18.9,Pneumonia
CLM4748,Z00.00,Routine adult health exam
CLM4748,E11.9,Type 2 diabetes mellitus
CLM4749,M25.561,Pain in right knee
CLM4749,M54.5,Low back pain
CLM4750,J20.9,Acute bronchitis
CLM4751,D64.9,Anemia
CLM4752,C34.90,Lung cancer
CLM4752,Z51.11,Encounter for chemotherapy
CLM4753,I50.9,Heart failure
CLM4753,I48.91,Atrial fibrillation
CLM4754,I10,Essential hypertension
CLM4755,I10,Essential hypertension
CLM4755,E03.9,Hypothyroidism
CLM4756,Z00.00,Routine adult health exam
CLM4757,I10,Essential hypertension
CLM4757,I50.9,Heart failure
CLM4758,I50.9,Heart failure
CLM4758,I48.91,Atrial fibrillation
CLM4759,Z00.00,Routine adult health exam
CLM4760,E11.9,Type 2 diabetes mellitus
CLM4760,E78.5,Hyperlipidemia
CLM4761,Z00.129,Routine child health exam
CLM4761,J02.0,Streptococcal pharyngitis
CLM4762,E11.65,Type 2 diabetes with hyperglycemia
CLM4762,E11.9,Type 2 diabetes mellitus
CLM4763,R50.9,Fever
CLM4764,D64.9,Anemia
CLM4764,Z51.11,Encounter for chemotherapy
CLM4765,Z00.129,Routine child health exam
CLM4765,L20.9,Atopic dermatitis
CLM4766,R55,Syncope
CLM4766,S52.501A,Fracture of radius
CLM4767,R55,Syncope
CLM4767,S06.0X0A,Concussion
CLM4768,N18.3,Chronic kidney disease stage 3
CLM4769,L70.0,Acne vulgaris
CLM4769,L30.9,Dermatitis
CLM4770,F31.9,Bipolar disorder
CLM4770,F41.1,Generalized anxiety disorder
CLM4771,L30.9,Dermatitis
CLM4772,M54.5,Low back pain
CLM4772,J06.9,Upper respiratory infection
CLM4773,J10.1,Influenza with pneumonia
CLM4774,J44.9,COPD
CLM4774,J45.909,Asthma
CLM4775,S52.501A,Fracture of radius
CLM4775,R55,Syncope
CLM4776,Z01.419,Routine gynecological exam
CLM4776,O24.410,Gestational diabetes
CLM4776,Z34.90,Normal pregnancy supervision
CLM4777,Z00.00,Routine adult health exam
CLM4778,E11.9,Type 2 diabetes mellitus
CLM4779,J18.9,Pneumonia
CLM4779,S52.501A,Fracture of radius
CLM4780,Z00.129,Routine child health exam
CLM4780,J02.0,Streptococcal pharyngitis
CLM4780,J45.909,Asthma
CLM4781,R07.9,Chest pain
CLM4781,E78.5,Hyperlipidemia
CLM4782,E11.9,Type 2 diabetes mellitus
CLM4782,E05.90,Hyperthyroidism
CLM4783,I10,Essential hypertension
CLM4784,F43.10,Post-traumatic stress disorder
CLM4785,Z00.00,Routine adult health exam
CLM4785,D64.9,Anemia
CLM4786,F43.10,Post-traumatic stress disorder
CLM4787,N18.3,Chronic kidney disease stage 3
CLM4787,I10,Essential hypertension
CLM4788,I10,Essential hypertension
CLM4789,S52.501A,Fracture of radius
CLM4790,L30.9,Dermatitis
CLM4791,L40.0,Psoriasis
CLM4792,Z00.00,Routine adult health exam
CLM4792,E03.9,Hypothyroidism
CLM4792,K21.9,Gastroesophageal reflux disease
CLM4793,R07.9,Chest pain
CLM4794,S06.0X0A,Concussion
CLM4795,J20.9,Acute bronchitis
CLM4796,L57.0,Actinic keratosis
CLM4796,D22.9,Melanocytic nevus
CLM4796,L70.0,Acne vulgaris
CLM4797,E11.9,Type 2 diabetes mellitus
CLM4797,M54.5,Low back pain
CLM4798,I48.91,Atrial fibrillation
CLM4799,I10,Essential hypertension
CLM4799,R07.9,Chest pain
CLM4800,F43.10,Post-traumatic stress disorder
CLM4801,J44.9,COPD
CLM4802,N18.3,Chronic kidney disease stage 3
CLM4803,J45.909,Asthma
CLM4803,L20.9,Atopic dermatitis
CLM4804,S06.0X0A,Concussion
CLM4804,R10.9,Abdominal pain
CLM4805,Z00.00,Routine adult health exam
CLM4806,D22.9,Melanocytic nevus
CLM4807,E03.9,Hypothyroidism
CLM4807,E66.9,Obesity
CLM4808,L30.9,Dermatitis
CLM4809,E11.9,Type 2 diabetes mellitus
CLM4810,Z00.00,Routine adult health exam
CLM4811,N18.3,Chronic kidney disease stage 3
CLM4811,E03.9,Hypothyroidism
CLM4812,C61,Prostate cancer
CLM4813,E11.65,Type 2 diabetes with hyperglycemia
CLM4814,O24.410,Gestational diabetes
CLM4815,H66.90,Otitis media
CLM4815,R50.9,Fever
CLM4816,F43.10,Post-traumatic stress disorder
CLM4816,F32.9,Major depressive disorder
CLM4817,F32.9,Major depressive disorder
CLM4817,F43.10,Post-traumatic stress disorder
CLM4817,F41.1,Generalized anxiety disorder
CLM4818,R07.9,Chest pain
CLM4818,I50.9,Heart failure
CLM4818,I10,Essential hypertension
CLM4819,F32.9,Major depressive disorder
CLM4820,E11.9,Type 2 diabetes mellitus
CLM4821,L20.9,Atopic dermatitis
CLM4821,J45.909,Asthma
CLM4821,J06.9,Upper respiratory infection
CLM4822,R55,Syncope
CLM4822,R10.9,Abdominal pain
CLM4823,R07.9,Chest pain
CLM4823,E78.5,Hyperlipidemia
CLM4824,E78.5,Hyperlipidemia
CLM4824,N39.0,UTI
CLM4825,L30.9,Dermatitis
CLM4826,S06.0X0A,Concussion
CLM4827,E03.9,Hypothyroidism
CLM4828,J18.9,Pneumonia
CLM4829,I48.91,Atrial fibrillation
CLM4830,L70.0,Acne vulgaris
CLM4831,I48.91,Atrial fibrillation
CLM4832,E78.5,Hyperlipidemia
CLM4832,F41.1,Generalized anxiety disorder
CLM4833,F41.1,Generalized anxiety disorder
CLM4833,E78.5,Hyperlipidemia
CLM4834,I10,Essential hypertension
CLM4834,N39.0,UTI
CLM4835,H66.90,Otitis media
CLM4836,H66.90,Otitis media
CLM4836,J06.9,Upper respiratory infection
CLM4837,Z00.00,Routine adult health exam
CLM4838,I48.91,Atrial fibrillation
CLM4839,Z00.00,Routine adult health exam
CLM4839,E03.9,Hypothyroidism
CLM4839,K21.9,Gastroesophageal reflux disease
CLM4840,E78.5,Hyperlipidemia
CLM4841,J45.909,Asthma
CLM4842,J06.9,Upper respiratory infection
CLM4843,D22.9,Melanocytic nevus
CLM4844,J18.9,Pneumonia
CLM4845,J18.9,Pneumonia
CLM4845,S06.0X0A,Concussion
CLM4846,E78.5,Hyperlipidemia
CLM4846,K21.9,Gastroesophageal reflux disease
CLM4846,I10,Essential hypertension
CLM4847,E78.5,Hyperlipidemia
CLM4848,C18.9,Colon cancer
CLM4849,I10,Essential hypertension
CLM4850,F41.1,Generalized anxiety disorder
CLM4851,E78.5,Hyperlipidemia
CLM4851,Z00.00,Routine adult health exam
CLM4851,E03.9,Hypothyroidism
CLM4852,E78.5,Hyperlipidemia
CLM4853,C18.9,Colon cancer
CLM4853,Z51.11,Encounter for chemotherapy
CLM4854,K21.9,Gastroesophageal reflux disease
CLM4855,E11.65,Type 2 diabetes with hyperglycemia
CLM4855,E66.9,Obesity
CLM4855,E05.90,Hyperthyroidism
CLM4856,D64.9,Anemia
CLM4857,M25.561,Pain in right knee
CLM4858,D64.9,Anemia
CLM4858,K21.9,Gastroesophageal reflux disease
CLM4859,E78.5,Hyperlipidemia
CLM4859,N18.3,Chronic kidney disease stage 3
CLM4860,N39.0,UTI
CLM4860,J10.1,Influenza with pneumonia
CLM4861,I10,Essential hypertension
CLM4861,D64.9,Anemia
CLM4862,J20.9,Acute bronchitis
CLM4863,E78.5,Hyperlipidemia
CLM4864,J45.909,Asthma
CLM4865,E78.5,Hyperlipidemia
CLM4865,M54.5,Low back pain
CLM4866,E11.9,Type 2 diabetes mellitus
CLM4866,K21.9,Gastroesophageal reflux disease
CLM4867,E11.9,Type 2 diabetes mellitus
CLM4868,Z00.00,Routine adult health exam
CLM4869,E03.9,Hypothyroidism
CLM4870,I50.9,Heart failure
CLM4871,J44.9,COPD
CLM4872,R50.9,Fever
CLM4872,H66.90,Otitis media
CLM4873,F90.0,ADHD
CLM4873,F43.10,Post-traumatic stress disorder
CLM4873,F32.9,Major depressive disorder
CLM4874,I10,Essential hypertension
CLM4874,F41.1,Generalized anxiety disorder
CLM4875,E11.9,Type 2 diabetes mellitus
CLM4876,M54.5,Low back pain
CLM4877,J18.9,Pneumonia
CLM4878,L70.0,Acne vulgaris
CLM4879,Z51.11,Encounter for chemotherapy
CLM4879,C61,Prostate cancer
CLM4880,F43.10,Post-traumatic stress disorder
CLM4881,I25.10,Coronary artery disease
CLM4881,R07.9,Chest pain
CLM4882,J45.909,Asthma
CLM4883,L30.9,Dermatitis
CLM4884,E11.9,Type 2 diabetes mellitus
CLM4885,D64.9,Anemia
CLM4885,Z51.11,Encounter for chemotherapy
CLM4886,F41.1,Generalized anxiety disorder
CLM4887,E05.90,Hyperthyroidism
CLM4888,R55,Syncope
CLM4889,Z00.00,Routine adult health exam
CLM4890,J06.9,Upper respiratory infection
CLM4891,S52.501A,Fracture of radius
CLM4891,R55,Syncope
CLM4892,J18.9,Pneumonia
CLM4893,M25.561,Pain in right knee
CLM4893,M17.11,Osteoarthritis of right knee
CLM4894,S06.0X0A,Concussion
CLM4895,M54.5,Low back pain
CLM4895,S83.511A,ACL sprain of right knee
CLM4895,M17.11,Osteoarthritis of right knee
CLM4896,E11.9,Type 2 diabetes mellitus
CLM4897,I10,Essential hypertension
CLM4897,Z00.00,Routine adult health exam
CLM4898,L57.0,Actinic keratosis
CLM4899,R10.9,Abdominal pain
CLM4899,R55,Syncope
CLM4899,J18.9,Pneumonia
CLM4900,J18.9,Pneumonia
CLM4901,H66.90,Otitis media
CLM4902,F41.1,Generalized anxiety disorder
CLM4903,J18.9,Pneumonia
CLM4904,R07.9,Chest pain
CLM4904,I10,Essential hypertension
CLM4905,L30.9,Dermatitis
CLM4906,I10,Essential hypertension
CLM4907,J44.9,COPD
CLM4908,J06.9,Upper respiratory infection
CLM4909,L30.9,Dermatitis
CLM4910,I50.9,Heart failure
CLM4910,I10,Essential hypertension
CLM4911,Z00.00,Routine adult health exam
CLM4911,E11.9,Type 2 diabetes mellitus
CLM4911,D64.9,Anemia
CLM4912,Z00.129,Routine child health exam
CLM4913,E78.5,Hyperlipidemia
CLM4913,Z00.00,Routine adult health exam
CLM4914,F41.1,Generalized anxiety disorder
CLM4915,N18.3,Chronic kidney disease stage 3
CLM4916,F43.10,Post-traumatic stress disorder
CLM4916,F32.9,Major depressive disorder
CLM4916,F41.1,Generalized anxiety disorder
CLM4917,M54.5,Low back pain
CLM4918,F31.9,Bipolar disorder
CLM4918,F90.0,ADHD
CLM4919,E66.9,Obesity
CLM4919,E11.65,Type 2 diabetes with hyperglycemia
CLM4920,J45.909,Asthma
CLM4921,E11.9,Type 2 diabetes mellitus
CLM4922,H66.90,Otitis media
CLM4922,R50.9,Fever
CLM4923,I25.10,Coronary artery disease
CLM4923,I50.9,Heart failure
CLM4924,M54.5,Low back pain
CLM4925,N39.0,UTI
CLM4926,N18.3,Chronic kidney disease stage 3
CLM4927,S83.511A,ACL sprain of right knee
CLM4928,I10,Essential hypertension
CLM4928,Z00.00,Routine adult health exam
CLM4929,N80.9,Endometriosis
CLM4930,L30.9,Dermatitis
CLM4931,S52.501A,Fracture of radius
CLM4931,R07.9,Chest pain
CLM4932,R07.9,Chest pain
CLM4933,Z34.90,Normal pregnancy supervision
CLM4934,R07.9,Chest pain
CLM4934,R10.9,Abdominal pain
CLM4934,J18.9,Pneumonia
CLM4935,S83.511A,ACL sprain of right knee
CLM4936,K21.9,Gastroesophageal reflux disease
CLM4937,D64.9,Anemia
CLM4937,I10,Essential hypertension
CLM4938,I10,Essential hypertension
CLM4938,I48.91,Atrial fibrillation
CLM4939,R50.9,Fever
CLM4939,L20.9,Atopic dermatitis
CLM4939,J45.909,Asthma
CLM4940,E11.9,Type 2 diabetes mellitus
CLM4941,Z00.00,Routine adult health exam
CLM4941,I10,Essential hypertension
CLM4942,I10,Essential hypertension
CLM4943,I25.10,Coronary artery disease
CLM4943,I50.9,Heart failure
CLM4943,R07.9,Chest pain
CLM4944,I48.91,Atrial fibrillation
CLM4945,E78.5,Hyperlipidemia
CLM4946,J18.9,Pneumonia
CLM4946,G47.33,Obstructive sleep apnea
CLM4947,J10.1,Influenza with pneumonia
CLM4948,D64.9,Anemia
CLM4948,E78.5,Hyperlipidemia
CLM4949,N18.3,Chronic kidney disease stage 3
CLM4949,E03.9,Hypothyroidism
CLM4949,I10,Essential hypertension
CLM4950,M25.561,Pain in right knee
CLM4951,E11.9,Type 2 diabetes mellitus
CLM4952,R07.9,Chest pain
CLM4953,I50.9,Heart failure
CLM4954,E78.5,Hyperlipidemia
CLM4955,S06.0X0A,Concussion
CLM4955,J18.9,Pneumonia
CLM4956,S06.0X0A,Concussion
CLM4957,C34.90,Lung cancer
CLM4957,D64.9,Anemia
CLM4958,N18.3,Chronic kidney disease stage 3
CLM4958,I10,Essential hypertension
CLM4959,S06.0X0A,Concussion
CLM4959,J18.9,Pneumonia
CLM4959,R10.9,Abdominal pain
CLM4960,I50.9,Heart failure
CLM4961,F31.9,Bipolar disorder
CLM4962,E78.5,Hyperlipidemia
CLM4963,M54.5,Low back pain
CLM4964,J18.9,Pneumonia
CLM4965,M54.5,Low back pain
CLM4966,J45.909,Asthma
CLM4966,J44.9,COPD
CLM4967,K21.9,Gastroesophageal reflux disease
CLM4968,E05.90,Hyperthyroidism
CLM4969,E03.9,Hypothyroidism
CLM4970,J10.1,Influenza with pneumonia
CLM4970,J20.9,Acute bronchitis
CLM4971,J20.9,Acute bronchitis
CLM4972,Z00.00,Routine adult health exam
CLM4973,I10,Essential hypertension
CLM4974,C34.90,Lung cancer
CLM4975,J45.909,Asthma
CLM4975,Z00.129,Routine child health exam
CLM4976,F41.1,Generalized anxiety disorder
CLM4977,D64.9,Anemia
CLM4978,M17.11,Osteoarthritis of right knee
CLM4979,J45.909,Asthma
CLM4980,J45.909,Asthma
CLM4980,J02.0,Streptococcal pharyngitis
CLM4981,D64.9,Anemia
CLM4982,E78.5,Hyperlipidemia
CLM4982,J06.9,Upper respiratory infection
CLM4983,E03.9,Hypothyroidism
CLM4984,I10,Essential hypertension
CLM4985,L30.9,Dermatitis
CLM4986,M54.5,Low back pain
CLM4987,Z00.00,Routine adult health exam
CLM4988,M17.11,Osteoarthritis of right knee
CLM4988,M25.561,Pain in right knee
CLM4989,L20.9,Atopic dermatitis
CLM4989,R50.9,Fever
CLM4990,I10,Essential hypertension
CLM4991,K21.9,Gastroesophageal reflux disease
CLM4992,I10,Essential hypertension
CLM4992,J06.9,Upper respiratory infection
CLM4992,N39.0,UTI
CLM4993,E11.65,Type 2 diabetes with hyperglycemia
CLM4994,L30.9,Dermatitis
CLM4995,N39.0,UTI
CLM4995,I10,Essential hypertension
CLM4995,J20.9,Acute bronchitis
CLM4996,R55,Syncope
CLM4997,J10.1,Influenza with pneumonia
CLM4998,J44.9,COPD
CLM4999,S52.501A,Fracture of radius
CLM5000,J10.1,Influenza with pneumonia
CLM5001,E11.9,Type 2 diabetes mellitus
CLM5002,J06.9,Upper respiratory infection
CLM5003,L40.0,Psoriasis
CLM5003,L57.0,Actinic keratosis
CLM5004,N18.3,Chronic kidney disease stage 3
CLM5005,F41.1,Generalized anxiety disorder
CLM5005,J10.1,Influenza with pneumonia
CLM5005,I10,Essential hypertension
CLM5006,E11.9,Type 2 diabetes mellitus
CLM5007,I10,Essential hypertension
CLM5007,J10.1,Influenza with pneumonia
CLM5007,J06.9,Upper respiratory infection
CLM5008,N39.0,UTI
CLM5008,E11.9,Type 2 diabetes mellitus
CLM5009,J10.1,Influenza with pneumonia
CLM5009,E78.5,Hyperlipidemia
CLM5009,M54.5,Low back pain
CLM5010,L30.9,Dermatitis
CLM5011,E11.9,Type 2 diabetes mellitus
CLM5011,E03.9,Hypothyroidism
CLM5011,E78.5,Hyperlipidemia
CLM5012,I25.10,Coronary artery disease
CLM5013,I10,Essential hypertension
CLM5013,R07.9,Chest pain
CLM5014,Z00.00,Routine adult health exam
CLM5015,C18.9,Colon cancer
CLM5015,C50.911,Breast cancer
CLM5015,C61,Prostate cancer
CLM5016,S06.0X0A,Concussion
CLM5017,M54.5,Low back pain
CLM5018,F43.10,Post-traumatic stress disorder
CLM5018,F90.0,ADHD
CLM5019,L30.9,Dermatitis
CLM5020,E11.65,Type 2 diabetes with hyperglycemia
CLM5020,E11.9,Type 2 diabetes mellitus
CLM5020,E66.9,Obesity
CLM5021,F32.9,Major depressive disorder
CLM5022,Z00.00,Routine adult health exam
CLM5023,R07.9,Chest pain
CLM5024,M54.5,Low back pain
CLM5024,M25.561,Pain in right knee
CLM5025,E78.5,Hyperlipidemia
CLM5025,Z00.00,Routine adult health exam
CLM5025,K21.9,Gastroesophageal reflux disease
CLM5026,L70.0,Acne vulgaris
CLM5027,O24.410,Gestational diabetes
CLM5028,J10.1,Influenza with pneumonia
CLM5028,J20.9,Acute bronchitis
CLM5029,R50.9,Fever
CLM5029,J06.9,Upper respiratory infection
CLM5030,I10,Essential hypertension
CLM5031,N39.0,UTI
CLM5032,E78.5,Hyperlipidemia
CLM5032,R07.9,Chest pain
CLM5032,I48.91,Atrial fibrillation
CLM5033,I50.9,Heart failure
CLM5034,E11.65,Type 2 diabetes with hyperglycemia
CLM5035,N39.0,UTI
CLM5035,J20.9,Acute bronchitis
CLM5036,J02.0,Streptococcal pharyngitis
CLM5036,R50.9,Fever
CLM5036,Z00.129,Routine child health exam
CLM5037,J45.909,Asthma
CLM5038,F41.1,Generalized anxiety disorder
CLM5039,G47.33,Obstructive sleep apnea
CLM5039,J18.9,Pneumonia
CLM5039,J44.9,COPD
CLM5040,J20.9,Acute bronchitis
CLM5041,I25.10,Coronary artery disease
CLM5042,Z00.129,Routine child health exam
CLM5042,J45.909,Asthma
CLM5043,K21.9,Gastroesophageal reflux disease
CLM5044,L40.0,Psoriasis
CLM5045,E66.9,Obesity
CLM5045,E03.9,Hypothyroidism
CLM5046,E11.9,Type 2 diabetes mellitus
CLM5046,M54.5,Low back pain
CLM5046,J06.9,Upper respiratory infection
CLM5047,L20.9,Atopic dermatitis
CLM5048,K21.9,Gastroesophageal reflux disease
CLM5049,M17.11,Osteoarthritis of right knee
CLM5050,J10.1,Influenza with pneumonia
CLM5051,N18.3,Chronic kidney disease stage 3
CLM5052,J10.1,Influenza with pneumonia
CLM5053,J10.1,Influenza with pneumonia
CLM5054,F32.9,Major depressive disorder
CLM5055,E66.9,Obesity
CLM5055,E11.65,Type 2 diabetes with hyperglycemia
CLM5056,L57.0,Actinic keratosis
CLM5056,D22.9,Melanocytic nevus
CLM5057,N39.0,UTI
CLM5057,E11.9,Type 2 diabetes mellitus
CLM5057,F41.1,Generalized anxiety disorder
CLM5058,E03.9,Hypothyroidism
CLM5058,E11.9,Type 2 diabetes mellitus
CLM5059,R07.9,Chest pain
CLM5060,Z00.00,Routine adult health exam
CLM5061,N39.0,UTI
CLM5062,H66.90,Otitis media
CLM5063,F90.0,ADHD
CLM5064,F41.1,Generalized anxiety disorder
CLM5065,N39.0,UTI
CLM5066,F90.0,ADHD
CLM5066,F32.9,Major depressive disorder
CLM5067,E11.9,Type 2 diabetes mellitus
CLM5067,I10,Essential hypertension
CLM5068,J45.909,Asthma
CLM5069,M75.101,Rotator cuff tear
CLM5069,M25.561,Pain in right knee
CLM5069,S83.511A,ACL sprain of right knee
CLM5070,S52.501A,Fracture of radius
CLM5070,R10.9,Abdominal pain
CLM5071,E78.5,Hyperlipidemia
CLM5072,S06.0X0A,Concussion
CLM5072,R55,Syncope
CLM5073,I10,Essential hypertension
CLM5074,I10,Essential hypertension
CLM5075,J45.909,Asthma
CLM5076,I10,Essential hypertension
CLM5077,M54.5,Low back pain
CLM5077,M75.101,Rotator cuff tear
CLM5078,M54.5,Low back pain
CLM5078,Z00.00,Routine adult health exam
CLM5079,I10,Essential hypertension
CLM5079,E78.5,Hyperlipidemia
CLM5080,E05.90,Hyperthyroidism
CLM5080,E03.9,Hypothyroidism
CLM5081,R07.9,Chest pain
CLM5081,R55,Syncope
CLM5082,S06.0X0A,Concussion
CLM5082,R10.9,Abdominal pain
CLM5083,R07.9,Chest pain
CLM5084,J20.9,Acute bronchitis
CLM5085,M25.561,Pain in right knee
CLM5085,M75.101,Rotator cuff tear
CLM5086,J06.9,Upper respiratory infection
CLM5087,D64.9,Anemia
CLM5088,J44.9,COPD
CLM5088,G47.33,Obstructive sleep apnea
CLM5089,I10,Essential hypertension
CLM5089,I25.10,Coronary artery disease
CLM5090,E11.9,Type 2 diabetes mellitus
CLM5091,M25.561,Pain in right knee
CLM5092,Z34.90,Normal pregnancy supervision
CLM5093,J06.9,Upper respiratory infection
CLM5093,J10.1,Influenza with pneumonia
CLM5093,Z00.00,Routine adult health exam
CLM5094,I10,Essential hypertension
CLM5095,F32.9,Major depressive disorder
CLM5095,F43.10,Post-traumatic stress disorder
CLM5095,F31.9,Bipolar disorder
CLM5096,E11.65,Type 2 diabetes with hyperglycemia
CLM5097,E78.5,Hyperlipidemia
CLM5098,C61,Prostate cancer
CLM5099,G47.33,Obstructive sleep apnea
CLM5099,J45.909,Asthma
CLM5099,J44.9,COPD
CLM5100,N18.3,Chronic kidney disease stage 3
CLM5101,F32.9,Major depressive disorder
CLM5102,I10,Essential hypertension
CLM5103,I10,Essential hypertension
CLM5104,R55,Syncope
CLM5105,R07.9,Chest pain
CLM5105,S06.0X0A,Concussion
CLM5105,R55,Syncope
CLM5106,Z00.129,Routine child health exam
CLM5107,E03.9,Hypothyroidism
CLM5108,N39.0,UTI
CLM5108,E78.5,Hyperlipidemia
CLM5108,J06.9,Upper respiratory infection
CLM5109,R10.9,Abdominal pain
CLM5109,R07.9,Chest pain
CLM5109,R55,Syncope
CLM5110,E78.5,Hyperlipidemia
CLM5111,C34.90,Lung cancer
CLM5112,M54.5,Low back pain
CLM5112,E78.5,Hyperlipidemia
CLM5113,I10,Essential hypertension
CLM5113,D64.9,Anemia
CLM5114,L40.0,Psoriasis
CLM5114,L30.9,Dermatitis
CLM5114,L70.0,Acne vulgaris
CLM5115,M25.561,Pain in right knee
CLM5116,N39.0,UTI
CLM5117,F90.0,ADHD
CLM5118,J18.9,Pneumonia
CLM5118,J45.909,Asthma
CLM5118,G47.33,Obstructive sleep apnea
CLM5119,M25.561,Pain in right knee
CLM5119,S83.511A,ACL sprain of right knee
CLM5120,J45.909,Asthma
CLM5120,G47.33,Obstructive sleep apnea
CLM5120,J18.9,Pneumonia
CLM5121,M54.5,Low back pain
CLM5121,N39.0,UTI
CLM5122,I48.91,Atrial fibrillation
CLM5122,I50.9,Heart failure
CLM5123,H66.90,Otitis media
CLM5123,Z00.129,Routine child health exam
CLM5124,E78.5,Hyperlipidemia
CLM5125,J18.9,Pneumonia
CLM5126,J44.9,COPD
CLM5127,K21.9,Gastroesophageal reflux disease
CLM5128,E78.5,Hyperlipidemia
CLM5128,Z00.00,Routine adult health exam
CLM5129,J02.0,Streptococcal pharyngitis
CLM5129,L20.9,Atopic dermatitis
CLM5130,F32.9,Major depressive disorder
CLM5131,J45.909,Asthma
CLM5132,C50.911,Breast cancer
CLM5132,C61,Prostate cancer
CLM5132,C18.9,Colon cancer
CLM5133,N80.9,Endometriosis
CLM5133,Z01.419,Routine gynecological exam
CLM5133,Z34.90,Normal pregnancy supervision
CLM5134,F41.1,Generalized anxiety disorder
CLM5134,N39.0,UTI
CLM5135,J20.9,Acute bronchitis
CLM5136,E03.9,Hypothyroidism
CLM5137,N18.3,Chronic kidney disease stage 3
CLM5137,E11.9,Type 2 diabetes mellitus
CLM5138,Z00.00,Routine adult health exam
CLM5139,I50.9,Heart failure
CLM5140,F41.1,Generalized anxiety disorder
CLM5141,E11.9,Type 2 diabetes mellitus
CLM5141,J10.1,Influenza with pneumonia
CLM5142,E11.9,Type 2 diabetes mellitus
CLM5143,M54.5,Low back pain
CLM5144,Z00.00,Routine adult health exam
CLM5145,R07.9,Chest pain
CLM5146,D64.9,Anemia
CLM5147,E03.9,Hypothyroidism
CLM5148,S52.501A,Fracture of radius
CLM5149,I10,Essential hypertension
CLM5150,S83.511A,ACL sprain of right knee
CLM5150,M17.11,Osteoarthritis of right knee
CLM5150,M75.101,Rotator cuff tear
CLM5151,J45.909,Asthma
CLM5151,J44.9,COPD
CLM5152,J06.9,Upper respiratory infection
CLM5152,N39.0,UTI
CLM5153,E78.5,Hyperlipidemia
CLM5153,E11.9,Type 2 diabetes mellitus
CLM5153,Z00.00,Routine adult health exam
CLM5154,Z00.00,Routine adult health exam
CLM5154,E11.9,Type 2 diabetes mellitus
CLM5155,M54.5,Low back pain
CLM5156,R50.9,Fever
CLM5157,L20.9,Atopic dermatitis
CLM5157,J45.909,Asthma
CLM5158,N39.0,UTI
CLM5158,Z00.00,Routine adult health exam
CLM5159,I25.10,Coronary artery disease
CLM5160,Z51.11,Encounter for chemotherapy
CLM5160,C34.90,Lung cancer
CLM5161,M54.5,Low back pain
CLM5161,J06.9,Upper respiratory infection
CLM5162,F41.1,Generalized anxiety disorder
CLM5163,G47.33,Obstructive sleep apnea
CLM5164,E78.5,Hyperlipidemia
CLM5164,I10,Essential hypertension
CLM5164,E03.9,Hypothyroidism
CLM5165,E03.9,Hypothyroidism
CLM5166,E78.5,Hyperlipidemia
CLM5167,C61,Prostate cancer
CLM5168,E03.9,Hypothyroidism
CLM5169,Z00.00,Routine adult health exam
CLM5170,J02.0,Streptococcal pharyngitis
CLM5170,J45.909,Asthma
CLM5171,J10.1,Influenza with pneumonia
CLM5172,I25.10,Coronary artery disease
CLM5173,Z00.00,Routine adult health exam
CLM5174,F41.1,Generalized anxiety disorder
CLM5174,F32.9,Major depressive disorder
CLM5175,J02.0,Streptococcal pharyngitis
CLM5176,K21.9,Gastroesophageal reflux disease
CLM5177,E78.5,Hyperlipidemia
CLM5178,I10,Essential hypertension
CLM5179,I10,Essential hypertension
CLM5180,I50.9,Heart failure
CLM5181,O24.410,Gestational diabetes
CLM5182,D64.9,Anemia
CLM5182,C61,Prostate cancer
CLM5183,E78.5,Hyperlipidemia
CLM5184,E03.9,Hypothyroidism
CLM5185,R07.9,Chest pain
CLM5185,J18.9,Pneumonia
CLM5186,E11.9,Type 2 diabetes mellitus
CLM5186,E66.9,Obesity
CLM5187,R07.9,Chest pain
CLM5188,J06.9,Upper respiratory infection
CLM5189,J06.9,Upper respiratory infection
CLM5190,C61,Prostate cancer
CLM5190,D64.9,Anemia
CLM5191,E78.5,Hyperlipidemia
CLM5192,F41.1,Generalized anxiety disorder
CLM5192,F31.9,Bipolar disorder
CLM5193,E11.9,Type 2 diabetes mellitus
CLM5194,E03.9,Hypothyroidism
CLM5194,Z00.00,Routine adult health exam
CLM5194,E11.9,Type 2 diabetes mellitus
CLM5195,E11.9,Type 2 diabetes mellitus
CLM5195,E78.5,Hyperlipidemia
CLM5196,E03.9,Hypothyroidism
CLM5197,I10,Essential hypertension
CLM5197,E78.5,Hyperlipidemia
CLM5198,Z00.00,Routine adult health exam
CLM5198,F41.1,Generalized anxiety disorder
CLM5199,Z00.00,Routine adult health exam
CLM5199,K21.9,Gastroesophageal reflux disease
CLM5200,E78.5,Hyperlipidemia
CLM5201,L40.0,Psoriasis
CLM5201,L30.9,Dermatitis
CLM5202,E03.9,Hypothyroidism
CLM5202,E05.90,Hyperthyroidism
CLM5203,F41.1,Generalized anxiety disorder
CLM5203,F43.10,Post-traumatic stress disorder
CLM5204,E11.9,Type 2 diabetes mellitus
CLM5204,N39.0,UTI
CLM5205,F90.0,ADHD
CLM5206,D64.9,Anemia
CLM5206,N18.3,Chronic kidney disease stage 3
CLM5207,Z00.129,Routine child health exam
CLM5207,R50.9,Fever
CLM5208,Z01.419,Routine gynecological exam
CLM5208,O24.410,Gestational diabetes
CLM5209,C61,Prostate cancer
CLM5210,R07.9,Chest pain
CLM5211,F41.1,Generalized anxiety disorder
CLM5212,J44.9,COPD
CLM5212,G47.33,Obstructive sleep apnea
CLM5213,O24.410,Gestational diabetes
CLM5213,Z01.419,Routine gynecological exam
CLM5213,N92.0,Heavy menstrual bleeding
CLM5214,I48.91,Atrial fibrillation
CLM5214,I10,Essential hypertension
CLM5215,Z00.129,Routine child health exam
CLM5216,N39.0,UTI
CLM5217,L70.0,Acne vulgaris
CLM5218,R07.9,Chest pain
CLM5218,I10,Essential hypertension
CLM5219,I50.9,Heart failure
CLM5220,J45.909,Asthma
CLM5220,G47.33,Obstructive sleep apnea
CLM5221,S06.0X0A,Concussion
CLM5222,F43.10,Post-traumatic stress disorder
CLM5222,F32.9,Major depressive disorder
CLM5223,E78.5,Hyperlipidemia
CLM5224,F41.1,Generalized anxiety disorder
CLM5225,J45.909,Asthma
CLM5226,J20.9,Acute bronchitis
CLM5226,J06.9,Upper respiratory infection
CLM5227,F41.1,Generalized anxiety disorder
CLM5228,E78.5,Hyperlipidemia
CLM5228,Z00.00,Routine adult health exam
CLM5229,Z00.00,Routine adult health exam
CLM5230,J06.9,Upper respiratory infection
CLM5231,E11.9,Type 2 diabetes mellitus
CLM5231,D64.9,Anemia
CLM5232,I48.91,Atrial fibrillation
CLM5232,I25.10,Coronary artery disease
CLM5233,E78.5,Hyperlipidemia
CLM5233,E03.9,Hypothyroidism
CLM5233,N18.3,Chronic kidney disease stage 3
CLM5234,J06.9,Upper respiratory infection
CLM5234,H66.90,Otitis media
CLM5235,Z00.00,Routine adult health exam
CLM5236,E11.9,Type 2 diabetes mellitus
CLM5237,C61,Prostate cancer
CLM5237,Z51.11,Encounter for chemotherapy
CLM5238,N39.0,UTI
CLM5238,M54.5,Low back pain
CLM5239,E11.9,Type 2 diabetes mellitus
CLM5239,N18.3,Chronic kidney disease stage 3
CLM5240,R10.9,Abdominal pain
CLM5241,M54.5,Low back pain
CLM5242,Z00.129,Routine child health exam
CLM5242,L20.9,Atopic dermatitis
CLM5243,J10.1,Influenza with pneumonia
CLM5244,Z00.00,Routine adult health exam
CLM5244,M54.5,Low back pain
CLM5244,J10.1,Influenza with pneumonia
CLM5245,J18.9,Pneumonia
CLM5245,R07.9,Chest pain
CLM5246,R07.9,Chest pain
CLM5247,N39.0,UTI
CLM5248,C18.9,Colon cancer
CLM5248,D64.9,Anemia
CLM5249,R07.9,Chest pain
CLM5250,N18.3,Chronic kidney disease stage 3
CLM5251,R10.9,Abdominal pain
CLM5251,S52.501A,Fracture of radius
CLM5252,M75.101,Rotator cuff tear
CLM5253,L40.0,Psoriasis
CLM5254,I50.9,Heart failure
CLM5255,E11.9,Type 2 diabetes mellitus
CLM5255,F41.1,Generalized anxiety disorder
CLM5255,J20.9,Acute bronchitis
CLM5256,Z00.129,Routine child health exam
CLM5256,R50.9,Fever
CLM5257,M54.5,Low back pain
CLM5258,Z00.129,Routine child health exam
CLM5259,E78.5,Hyperlipidemia
CLM5260,G47.33,Obstructive sleep apnea
CLM5261,J06.9,Upper respiratory infection
CLM5261,J20.9,Acute bronchitis
CLM5261,I10,Essential hypertension
CLM5262,F41.1,Generalized anxiety disorder
CLM5262,I10,Essential hypertension
CLM5263,R07.9,Chest pain
CLM5263,J18.9,Pneumonia
CLM5264,L40.0,Psoriasis
CLM5264,D22.9,Melanocytic nevus
CLM5265,J02.0,Streptococcal pharyngitis
CLM5266,N39.0,UTI
CLM5266,I10,Essential hypertension
CLM5267,M54.5,Low back pain
CLM5267,N39.0,UTI
CLM5268,R55,Syncope
CLM5268,R07.9,Chest pain
CLM5269,Z00.00,Routine adult health exam
CLM5270,E66.9,Obesity
CLM5271,E11.9,Type 2 diabetes mellitus
CLM5272,M17.11,Osteoarthritis of right knee
CLM5272,M75.101,Rotator cuff tear
CLM5273,K21.9,Gastroesophageal reflux disease
CLM5273,Z00.00,Routine adult health exam
CLM5274,Z00.00,Routine adult health exam
CLM5275,E78.5,Hyperlipidemia
CLM5275,I10,Essential hypertension
CLM5276,Z00.00,Routine adult health exam
CLM5277,H66.90,Otitis media
CLM5278,J20.9,Acute bronchitis
CLM5279,J06.9,Upper respiratory infection
CLM5279,M54.5,Low back pain
CLM5280,J20.9,Acute bronchitis
CLM5280,I10,Essential hypertension
CLM5281,I25.10,Coronary artery disease
CLM5281,R07.9,Chest pain
CLM5281,I10,Essential hypertension
CLM5282,S83.511A,ACL sprain of right knee
CLM5282,M54.5,Low back pain
CLM5282,M25.561,Pain in right knee
CLM5283,C18.9,Colon cancer
CLM5284,I25.10,Coronary artery disease
CLM5284,I50.9,Heart failure
CLM5285,K21.9,Gastroesophageal reflux disease
CLM5286,I50.9,Heart failure
CLM5286,I10,Essential hypertension
CLM5286,I48.91,Atrial fibrillation
CLM5287,M25.561,Pain in right knee
CLM5288,E78.5,Hyperlipidemia
CLM5288,J10.1,Influenza with pneumonia
CLM5289,F90.0,ADHD
CLM5290,D64.9,Anemia
CLM5290,K21.9,Gastroesophageal reflux disease
CLM5291,E05.90,Hyperthyroidism
CLM5291,E11.65,Type 2 diabetes with hyperglycemia
CLM5292,J44.9,COPD
CLM5293,L40.0,Psoriasis
CLM5293,L57.0,Actinic keratosis
CLM5293,D22.9,Melanocytic nevus
CLM5294,E03.9,Hypothyroidism
CLM5294,E66.9,Obesity
CLM5295,I10,Essential hypertension
CLM5296,Z00.00,Routine adult health exam
CLM5296,K21.9,Gastroesophageal reflux disease
CLM5297,I48.91,Atrial fibrillation
CLM5297,I10,Essential hypertension
CLM5297,R07.9,Chest pain
CLM5298,M54.5,Low back pain
CLM5298,I10,Essential hypertension
CLM5299,M25.561,Pain in right knee
CLM5300,J45.909,Asthma
CLM5301,K21.9,Gastroesophageal reflux disease
CLM5302,I25.10,Coronary artery disease
CLM5302,I48.91,Atrial fibrillation
CLM5303,E03.9,Hypothyroidism
CLM5304,E11.9,Type 2 diabetes mellitus
CLM5305,J02.0,Streptococcal pharyngitis
CLM5306,R55,Syncope
CLM5306,J18.9,Pneumonia
CLM5306,S52.501A,Fracture of radius
CLM5307,C50.911,Breast cancer
CLM5308,R07.9,Chest pain
CLM5309,J10.1,Influenza with pneumonia
CLM5309,Z00.00,Routine adult health exam
CLM5309,N39.0,UTI
CLM5310,E78.5,Hyperlipidemia
CLM5311,M25.561,Pain in right knee
CLM5312,R07.9,Chest pain
CLM5312,I25.10,Coronary artery disease
CLM5312,I10,Essential hypertension
CLM5313,Z34.90,Normal pregnancy supervision
CLM5313,O24.410,Gestational diabetes
CLM5314,Z00.129,Routine child health exam
CLM5314,J45.909,Asthma
CLM5314,L20.9,Atopic dermatitis
CLM5315,J10.1,Influenza with pneumonia
CLM5315,E78.5,Hyperlipidemia
CLM5315,F41.1,Generalized anxiety disorder
CLM5316,J20.9,Acute bronchitis
CLM5317,E03.9,Hypothyroidism
CLM5318,I50.9,Heart failure
CLM5318,R07.9,Chest pain
CLM5319,I48.91,Atrial fibrillation
CLM5320,R07.9,Chest pain
CLM5321,K21.9,Gastroesophageal reflux disease
CLM5322,N18.3,Chronic kidney disease stage 3
CLM5323,Z01.419,Routine gynecological exam
CLM5324,S83.511A,ACL sprain of right knee
CLM5325,J10.1,Influenza with pneumonia
CLM5326,Z00.00,Routine adult health exam
CLM5326,J06.9,Upper respiratory infection
CLM5327,I48.91,Atrial fibrillation
CLM5327,R07.9,Chest pain
CLM5328,J18.9,Pneumonia
CLM5328,J44.9,COPD
CLM5328,J45.909,Asthma
CLM5329,F43.10,Post-traumatic stress disorder
CLM5329,F41.1,Generalized anxiety disorder
CLM5330,E05.90,Hyperthyroidism
CLM5331,I10,Essential hypertension
CLM5331,E78.5,Hyperlipidemia
CLM5332,I10,Essential hypertension
CLM5332,E78.5,Hyperlipidemia
CLM5333,E78.5,Hyperlipidemia
CLM5334,M54.5,Low back pain
CLM5335,N39.0,UTI
CLM5336,Z00.00,Routine adult health exam
CLM5337,R07.9,Chest pain
CLM5338,Z51.11,Encounter for chemotherapy
CLM5338,C61,Prostate cancer
CLM5339,D64.9,Anemia
CLM5339,C18.9,Colon cancer
CLM5339,C50.911,Breast cancer
CLM5340,Z01.419,Routine gynecological exam
CLM5341,J06.9,Upper respiratory infection
CLM5342,M17.11,Osteoarthritis of right knee
CLM5342,M75.101,Rotator cuff tear
CLM5343,Z00.00,Routine adult health exam
CLM5343,I10,Essential hypertension
CLM5344,J45.909,Asthma
CLM5345,J10.1,Influenza with pneumonia
CLM5346,J06.9,Upper respiratory infection
CLM5347,F90.0,ADHD
CLM5348,G47.33,Obstructive sleep apnea
CLM5349,J10.1,Influenza with pneumonia
CLM5349,N39.0,UTI
CLM5350,E11.9,Type 2 diabetes mellitus
CLM5351,N80.9,Endometriosis
CLM5352,E78.5,Hyperlipidemia
CLM5352,I48.91,Atrial fibrillation
CLM5353,C18.9,Colon cancer
CLM5353,D64.9,Anemia
CLM5354,J10.1,Influenza with pneumonia
CLM5355,I10,Essential hypertension
CLM5356,I25.10,Coronary artery disease
CLM5357,M17.11,Osteoarthritis of right knee
CLM5358,I48.91,Atrial fibrillation
CLM5359,M54.5,Low back pain
CLM5360,D22.9,Melanocytic nevus
CLM5360,L40.0,Psoriasis
CLM5361,E66.9,Obesity
CLM5362,M54.5,Low back pain
CLM5362,E78.5,Hyperlipidemia
CLM5362,J20.9,Acute bronchitis
CLM5363,D22.9,Melanocytic nevus
CLM5364,N39.0,UTI
CLM5365,S52.501A,Fracture of radius
CLM5366,F41.1,Generalized anxiety disorder
CLM5367,L70.0,Acne vulgaris
CLM5368,R10.9,Abdominal pain
CLM5369,R07.9,Chest pain
CLM5370,E11.65,Type 2 diabetes with hyperglycemia
CLM5371,M54.5,Low back pain
CLM5372,Z00.00,Routine adult health exam
CLM5372,E11.9,Type 2 diabetes mellitus
CLM5373,R10.9,Abdominal pain
CLM5373,R07.9,Chest pain
CLM5373,S06.0X0A,Concussion
CLM5374,E78.5,Hyperlipidemia
CLM5374,Z00.00,Routine adult health exam
CLM5374,M54.5,Low back pain
CLM5375,E78.5,Hyperlipidemia
CLM5376,E78.5,Hyperlipidemia
CLM5377,F90.0,ADHD
CLM5378,J02.0,Streptococcal pharyngitis
CLM5379,E11.9,Type 2 diabetes mellitus
CLM5380,F43.10,Post-traumatic stress disorder
CLM5381,Z01.419,Routine gynecological exam
CLM5382,I25.10,Coronary artery disease
CLM5383,L40.0,Psoriasis
CLM5383,L57.0,Actinic keratosis
CLM5384,I10,Essential hypertension
CLM5385,E11.9,Type 2 diabetes mellitus
CLM5386,F41.1,Generalized anxiety disorder
CLM5387,E03.9,Hypothyroidism
CLM5387,Z00.00,Routine adult health exam
CLM5387,I10,Essential hypertension
CLM5388,I48.91,Atrial fibrillation
CLM5389,J06.9,Upper respiratory infection
CLM5389,J20.9,Acute bronchitis
CLM5390,J18.9,Pneumonia
CLM5390,J44.9,COPD
CLM5391,J20.9,Acute bronchitis
CLM5392,I10,Essential hypertension
CLM5393,J20.9,Acute bronchitis
CLM5393,E11.9,Type 2 diabetes mellitus
CLM5394,J20.9,Acute bronchitis
CLM5395,Z00.00,Routine adult health exam
CLM5396,F32.9,Major depressive disorder
CLM5396,F90.0,ADHD
CLM5397,S06.0X0A,Concussion
CLM5397,J18.9,Pneumonia
CLM5398,J10.1,Influenza with pneumonia
CLM5398,I10,Essential hypertension
CLM5398,E11.9,Type 2 diabetes mellitus
CLM5399,I10,Essential hypertension
CLM5400,J20.9,Acute bronchitis
CLM5400,Z00.00,Routine adult health exam
CLM5401,F41.1,Generalized anxiety disorder
CLM5401,J10.1,Influenza with pneumonia
CLM5402,E03.9,Hypothyroidism
CLM5402,E11.9,Type 2 diabetes mellitus
CLM5402,Z00.00,Routine adult health exam
CLM5403,R07.9,Chest pain
CLM5403,S52.501A,Fracture of radius
CLM5404,N39.0,UTI
CLM5404,M54.5,Low back pain
CLM5405,D64.9,Anemia
CLM5406,S06.0X0A,Concussion
CLM5406,J18.9,Pneumonia
CLM5407,D64.9,Anemia
CLM5407,K21.9,Gastroesophageal reflux disease
CLM5408,C18.9,Colon cancer
CLM5409,I10,Essential hypertension
CLM5409,I25.10,Coronary artery disease
CLM5410,Z51.11,Encounter for chemotherapy
CLM5411,E11.9,Type 2 diabetes mellitus
CLM5411,E03.9,Hypothyroidism
CLM5411,E78.5,Hyperlipidemia
CLM5412,D22.9,Melanocytic nevus
CLM5413,N80.9,Endometriosis
CLM5414,J10.1,Influenza with pneumonia
CLM5415,E78.5,Hyperlipidemia
CLM5415,I48.91,Atrial fibrillation
CLM5416,I48.91,Atrial fibrillation
CLM5417,D64.9,Anemia
CLM5418,H66.90,Otitis media
CLM5419,R07.9,Chest pain
CLM5420,K21.9,Gastroesophageal reflux disease
CLM5420,E11.9,Type 2 diabetes mellitus
CLM5421,E78.5,Hyperlipidemia
CLM5421,J20.9,Acute bronchitis
CLM5422,R07.9,Chest pain
CLM5422,I48.91,Atrial fibrillation
CLM5423,E11.9,Type 2 diabetes mellitus
CLM5424,K21.9,Gastroesophageal reflux disease
CLM5424,E78.5,Hyperlipidemia
CLM5425,R07.9,Chest pain
CLM5426,F41.1,Generalized anxiety disorder
CLM5427,F32.9,Major depressive disorder
CLM5427,F41.1,Generalized anxiety disorder
CLM5428,I25.10,Coronary artery disease
CLM5429,R07.9,Chest pain
CLM5430,I25.10,Coronary artery disease
CLM5430,E78.5,Hyperlipidemia
CLM5431,J06.9,Upper respiratory infection
CLM5431,I10,Essential hypertension
CLM5432,D64.9,Anemia
CLM5432,C18.9,Colon cancer
CLM5433,E78.5,Hyperlipidemia
CLM5434,E78.5,Hyperlipidemia
CLM5434,I48.91,Atrial fibrillation
CLM5435,F31.9,Bipolar disorder
CLM5436,J06.9,Upper respiratory infection
CLM5436,J45.909,Asthma
CLM5436,J02.0,Streptococcal pharyngitis
CLM5437,D22.9,Melanocytic nevus
CLM5437,L40.0,Psoriasis
CLM5438,N80.9,Endometriosis
CLM5439,J18.9,Pneumonia
CLM5439,S06.0X0A,Concussion
CLM5439,S52.501A,Fracture of radius
CLM5440,L20.9,Atopic dermatitis
CLM5440,R50.9,Fever
CLM5441,K21.9,Gastroesophageal reflux disease
CLM5441,E03.9,Hypothyroidism
CLM5442,Z00.00,Routine adult health exam
CLM5442,D64.9,Anemia
CLM5443,F43.10,Post-traumatic stress disorder
CLM5443,F90.0,ADHD
CLM5444,M25.561,Pain in right knee
CLM5444,M75.101,Rotator cuff tear
CLM5444,S83.511A,ACL sprain of right knee
CLM5445,E03.9,Hypothyroidism
CLM5445,E78.5,Hyperlipidemia
CLM5445,I10,Essential hypertension
CLM5446,Z00.00,Routine adult health exam
CLM5446,I10,Essential hypertension
CLM5447,M75.101,Rotator cuff tear
CLM5448,K21.9,Gastroesophageal reflux disease
CLM5448,D64.9,Anemia
CLM5449,C50.911,Breast cancer
CLM5449,Z51.11,Encounter for chemotherapy
CLM5449,C61,Prostate cancer
CLM5450,J10.1,Influenza with pneumonia
CLM5450,Z00.00,Routine adult health exam
CLM5451,E11.9,Type 2 diabetes mellitus
CLM5452,M54.5,Low back pain
CLM5453,R55,Syncope
CLM5453,R07.9,Chest pain
CLM5454,M17.11,Osteoarthritis of right knee
CLM5455,Z51.11,Encounter for chemotherapy
CLM5456,F31.9,Bipolar disorder
CLM5456,F43.10,Post-traumatic stress disorder
CLM5456,F41.1,Generalized anxiety disorder
CLM5457,I10,Essential hypertension
CLM5458,R50.9,Fever
CLM5459,S83.511A,ACL sprain of right knee
CLM5460,D22.9,Melanocytic nevus
CLM5460,L70.0,Acne vulgaris
CLM5460,L57.0,Actinic keratosis
CLM5461,K21.9,Gastroesophageal reflux disease
CLM5461,E78.5,Hyperlipidemia
CLM5461,D64.9,Anemia
CLM5462,K21.9,Gastroesophageal reflux disease
CLM5463,E11.9,Type 2 diabetes mellitus
CLM5464,N39.0,UTI
CLM5465,S52.501A,Fracture of radius
CLM5465,R55,Syncope
CLM5466,D64.9,Anemia
CLM5467,L40.0,Psoriasis
CLM5468,C50.911,Breast cancer
CLM5468,D64.9,Anemia
CLM5468,C34.90,Lung cancer
CLM5469,M75.101,Rotator cuff tear
CLM5469,M54.5,Low back pain
CLM5470,I10,Essential hypertension
CLM5471,J18.9,Pneumonia
CLM5472,I10,Essential hypertension
CLM5473,J10.1,Influenza with pneumonia
CLM5473,I10,Essential hypertension
CLM5473,N39.0,UTI
CLM5474,N39.0,UTI
CLM5475,J18.9,Pneumonia
CLM5476,E78.5,Hyperlipidemia
CLM5477,J20.9,Acute bronchitis
CLM5477,E11.9,Type 2 diabetes mellitus
CLM5477,I10,Essential hypertension
CLM5478,R10.9,Abdominal pain
CLM5478,S52.501A,Fracture of radius
CLM5478,S06.0X0A,Concussion
CLM5479,E11.9,Type 2 diabetes mellitus
CLM5479,I10,Essential hypertension
CLM5480,N39.0,UTI
CLM5481,J18.9,Pneumonia
CLM5481,R55,Syncope
CLM5482,S52.501A,Fracture of radius
CLM5483,F41.1,Generalized anxiety disorder
CLM5483,E78.5,Hyperlipidemia
CLM5483,E11.9,Type 2 diabetes mellitus
CLM5484,F41.1,Generalized anxiety disorder
CLM5484,N39.0,UTI
CLM5484,J10.1,Influenza with pneumonia
CLM5485,J44.9,COPD
CLM5486,D64.9,Anemia
CLM5487,C50.911,Breast cancer
CLM5487,C34.90,Lung cancer
CLM5488,J45.909,Asthma
CLM5489,E11.9,Type 2 diabetes mellitus
CLM5490,L40.0,Psoriasis
CLM5490,L30.9,Dermatitis
CLM5490,L70.0,Acne vulgaris
CLM5491,E78.5,Hyperlipidemia
CLM5491,Z00.00,Routine adult health exam
CLM5492,D64.9,Anemia
CLM5492,Z51.11,Encounter for chemotherapy
CLM5492,C50.911,Breast cancer
CLM5493,E03.9,Hypothyroidism
CLM5493,E11.9,Type 2 diabetes mellitus
CLM5494,E11.65,Type 2 diabetes with hyperglycemia
CLM5495,J45.909,Asthma
CLM5496,L40.0,Psoriasis
CLM5496,L57.0,Actinic keratosis
CLM5497,Z00.00,Routine adult health exam
CLM5497,J06.9,Upper respiratory infection
CLM5498,K21.9,Gastroesophageal reflux disease
CLM5499,Z34.90,Normal pregnancy supervision
CLM5500,R50.9,Fever
CLM5500,L20.9,Atopic dermatitis
CLM5501,R55,Syncope
CLM5501,R10.9,Abdominal pain
CLM5502,F43.10,Post-traumatic stress disorder
CLM5503,F41.1,Generalized anxiety disorder
CLM5504,Z00.00,Routine adult health exam
CLM5505,I10,Essential hypertension
CLM5505,E03.9,Hypothyroidism
CLM5506,F90.0,ADHD
CLM5507,F90.0,ADHD
CLM5507,F31.9,Bipolar disorder
CLM5508,E11.9,Type 2 diabetes mellitus
CLM5509,Z00.00,Routine adult health exam
CLM5509,J20.9,Acute bronchitis
CLM5510,F41.1,Generalized anxiety disorder
CLM5511,J06.9,Upper respiratory infection
CLM5512,M54.5,Low back pain
CLM5512,E78.5,Hyperlipidemia
CLM5513,R07.9,Chest pain
CLM5514,Z00.00,Routine adult health exam
CLM5514,N39.0,UTI
CLM5515,J45.909,Asthma
CLM5515,J44.9,COPD
CLM5516,Z00.129,Routine child health exam
CLM5517,S83.511A,ACL sprain of right knee
CLM5518,C18.9,Colon cancer
CLM5518,C61,Prostate cancer
CLM5518,Z51.11,Encounter for chemotherapy
CLM5519,C61,Prostate cancer
CLM5519,C34.90,Lung cancer
CLM5519,C50.911,Breast cancer
CLM5520,E11.9,Type 2 diabetes mellitus
CLM5520,K21.9,Gastroesophageal reflux disease
CLM5521,R07.9,Chest pain
CLM5521,I50.9,Heart failure
CLM5522,N39.0,UTI
CLM5523,J18.9,Pneumonia
CLM5524,R55,Syncope
CLM5525,R07.9,Chest pain
CLM5525,I48.91,Atrial fibrillation
CLM5526,J06.9,Upper respiratory infection
CLM5527,K21.9,Gastroesophageal reflux disease
CLM5528,D64.9,Anemia
CLM5528,N18.3,Chronic kidney disease stage 3
CLM5529,J20.9,Acute bronchitis
CLM5530,F41.1,Generalized anxiety disorder
CLM5531,M25.561,Pain in right knee
CLM5531,M54.5,Low back pain
CLM5532,J18.9,Pneumonia
CLM5533,L40.0,Psoriasis
CLM5533,L30.9,Dermatitis
CLM5533,L70.0,Acne vulgaris
CLM5534,J06.9,Upper respiratory infection
CLM5535,K21.9,Gastroesophageal reflux disease
CLM5535,D64.9,Anemia
CLM5536,D22.9,Melanocytic nevus
CLM5536,L30.9,Dermatitis
CLM5537,J44.9,COPD
CLM5538,R55,Syncope
CLM5538,R10.9,Abdominal pain
CLM5539,E11.65,Type 2 diabetes with hyperglycemia
CLM5540,I25.10,Coronary artery disease
CLM5541,J45.909,Asthma
CLM5541,J44.9,COPD
CLM5542,R07.9,Chest pain
CLM5543,E11.9,Type 2 diabetes mellitus
CLM5543,M54.5,Low back pain
CLM5544,F41.1,Generalized anxiety disorder
CLM5545,M25.561,Pain in right knee
CLM5545,S83.511A,ACL sprain of right knee
CLM5546,I10,Essential hypertension
CLM5547,F43.10,Post-traumatic stress disorder
CLM5547,F32.9,Major depressive disorder
CLM5548,Z51.11,Encounter for chemotherapy
CLM5549,S52.501A,Fracture of radius
CLM5549,S06.0X0A,Concussion
CLM5550,N18.3,Chronic kidney disease stage 3
CLM5550,D64.9,Anemia
CLM5550,E03.9,Hypothyroidism
CLM5551,K21.9,Gastroesophageal reflux disease
CLM5552,J45.909,Asthma
CLM5552,Z00.129,Routine child health exam
CLM5553,E11.9,Type 2 diabetes mellitus
CLM5554,F41.1,Generalized anxiety disorder
CLM5554,I10,Essential hypertension
CLM5555,G47.33,Obstructive sleep apnea
CLM5555,J18.9,Pneumonia
CLM5556,E03.9,Hypothyroidism
CLM5557,S06.0X0A,Concussion
CLM5558,R07.9,Chest pain
CLM5558,S06.0X0A,Concussion
CLM5559,S83.511A,ACL sprain of right knee
CLM5560,M25.561,Pain in right knee
CLM5561,D22.9,Melanocytic nevus
CLM5561,L57.0,Actinic keratosis
CLM5562,N18.3,Chronic kidney disease stage 3
CLM5563,K21.9,Gastroesophageal reflux disease
CLM5564,H66.90,Otitis media
CLM5565,Z00.00,Routine adult health exam
CLM5566,E78.5,Hyperlipidemia
CLM5566,I50.9,Heart failure
CLM5567,M54.5,Low back pain
CLM5567,N39.0,UTI
CLM5568,G47.33,Obstructive sleep apnea
CLM5568,J44.9,COPD
CLM5569,J44.9,COPD
CLM5570,J02.0,Streptococcal pharyngitis
CLM5570,Z00.129,Routine child health exam
CLM5571,I48.91,Atrial fibrillation
CLM5571,I25.10,Coronary artery disease
CLM5572,D64.9,Anemia
CLM5572,C18.9,Colon cancer
CLM5573,R55,Syncope
CLM5573,J18.9,Pneumonia
CLM5574,J10.1,Influenza with pneumonia
CLM5574,J06.9,Upper respiratory infection
CLM5575,J06.9,Upper respiratory infection
CLM5576,R50.9,Fever
CLM5577,I10,Essential hypertension
CLM5577,I50.9,Heart failure
CLM5578,M54.5,Low back pain
CLM5578,F41.1,Generalized anxiety disorder
CLM5579,I10,Essential hypertension
CLM5580,I50.9,Heart failure
CLM5580,I10,Essential hypertension
CLM5580,I25.10,Coronary artery disease
CLM5581,I50.9,Heart failure
CLM5582,E78.5,Hyperlipidemia
CLM5583,J10.1,Influenza with pneumonia
CLM5584,J45.909,Asthma
CLM5585,F32.9,Major depressive disorder
CLM5586,L40.0,Psoriasis
CLM5587,K21.9,Gastroesophageal reflux disease
CLM5588,E03.9,Hypothyroidism
CLM5589,E66.9,Obesity
CLM5590,J20.9,Acute bronchitis
CLM5591,E78.5,Hyperlipidemia
CLM5591,D64.9,Anemia
CLM5592,I25.10,Coronary artery disease
CLM5593,I10,Essential hypertension
CLM5593,M54.5,Low back pain
CLM5594,K21.9,Gastroesophageal reflux disease
CLM5595,Z00.00,Routine adult health exam
CLM5596,J45.909,Asthma
CLM5596,L20.9,Atopic dermatitis
CLM5597,J45.909,Asthma
CLM5597,J44.9,COPD
CLM5597,G47.33,Obstructive sleep apnea
CLM5598,R07.9,Chest pain
CLM5599,R55,Syncope
CLM5599,R07.9,Chest pain
CLM5599,S06.0X0A,Concussion
CLM5600,S52.501A,Fracture of radius
CLM5600,S06.0X0A,Concussion
CLM5601,J18.9,Pneumonia
CLM5601,J44.9,COPD
CLM5602,J06.9,Upper respiratory infection
CLM5602,Z00.129,Routine child health exam
CLM5603,D22.9,Melanocytic nevus
CLM5604,E78.5,Hyperlipidemia
CLM5604,M54.5,Low back pain
CLM5605,M75.101,Rotator cuff tear
CLM5606,E78.5,Hyperlipidemia
CLM5606,R07.9,Chest pain
CLM5607,Z00.00,Routine adult health exam
CLM5608,G47.33,Obstructive sleep apnea
CLM5609,D64.9,Anemia
CLM5609,E11.9,Type 2 diabetes mellitus
CLM5609,K21.9,Gastroesophageal reflux disease
CLM5610,E78.5,Hyperlipidemia
CLM5610,E11.9,Type 2 diabetes mellitus
CLM5610,F41.1,Generalized anxiety disorder
CLM5611,J06.9,Upper respiratory infection
CLM5611,E78.5,Hyperlipidemia
CLM5611,M54.5,Low back pain
CLM5612,L70.0,Acne vulgaris
CLM5612,D22.9,Melanocytic nevus
CLM5613,M17.11,Osteoarthritis of right knee
CLM5614,L57.0,Actinic keratosis
CLM5614,L30.9,Dermatitis
CLM5615,M54.5,Low back pain
CLM5616,F43.10,Post-traumatic stress disorder
CLM5617,F41.1,Generalized anxiety disorder
CLM5617,E11.9,Type 2 diabetes mellitus
CLM5618,E11.65,Type 2 diabetes with hyperglycemia
CLM5619,I48.91,Atrial fibrillation
CLM5619,R07.9,Chest pain
CLM5620,L57.0,Actinic keratosis
CLM5620,L70.0,Acne vulgaris
CLM5621,E78.5,Hyperlipidemia
CLM5621,I10,Essential hypertension
CLM5622,I10,Essential hypertension
CLM5623,J20.9,Acute bronchitis
CLM5624,D64.9,Anemia
CLM5625,D64.9,Anemia
CLM5626,R10.9,Abdominal pain
CLM5626,S52.501A,Fracture of radius
CLM5627,C18.9,Colon cancer
CLM5627,C50.911,Breast cancer
CLM5628,E03.9,Hypothyroidism
CLM5629,E78.5,Hyperlipidemia
CLM5629,J20.9,Acute bronchitis
CLM5630,I10,Essential hypertension
CLM5631,R55,Syncope
CLM5632,E11.9,Type 2 diabetes mellitus
CLM5632,I10,Essential hypertension
CLM5633,D64.9,Anemia
CLM5634,F41.1,Generalized anxiety disorder
CLM5634,M54.5,Low back pain
CLM5635,F41.1,Generalized anxiety disorder
CLM5635,F32.9,Major depressive disorder
CLM5636,D64.9,Anemia
CLM5637,N39.0,UTI
CLM5638,F41.1,Generalized anxiety disorder
CLM5639,Z51.11,Encounter for chemotherapy
CLM5640,Z00.00,Routine adult health exam
CLM5640,K21.9,Gastroesophageal reflux disease
CLM5640,E11.9,Type 2 diabetes mellitus
CLM5641,N39.0,UTI
CLM5642,I50.9,Heart failure
CLM5642,E78.5,Hyperlipidemia
CLM5642,I25.10,Coronary artery disease
CLM5643,D64.9,Anemia
CLM5643,C50.911,Breast cancer
CLM5643,C34.90,Lung cancer
CLM5644,F41.1,Generalized anxiety disorder
CLM5644,J06.9,Upper respiratory infection
CLM5645,Z00.00,Routine adult health exam
CLM5646,E11.9,Type 2 diabetes mellitus
CLM5647,I10,Essential hypertension
CLM5647,N39.0,UTI
CLM5647,Z00.00,Routine adult health exam
CLM5648,F41.1,Generalized anxiety disorder
CLM5649,M17.11,Osteoarthritis of right knee
CLM5649,M75.101,Rotator cuff tear
CLM5650,J06.9,Upper respiratory infection
CLM5651,F43.10,Post-traumatic stress disorder
CLM5652,I10,Essential hypertension
CLM5653,E11.9,Type 2 diabetes mellitus
CLM5653,E11.65,Type 2 diabetes with hyperglycemia
CLM5654,D22.9,Melanocytic nevus
CLM5655,F41.1,Generalized anxiety disorder
CLM5655,E78.5,Hyperlipidemia
CLM5656,G47.33,Obstructive sleep apnea
CLM5657,F41.1,Generalized anxiety disorder
CLM5657,E11.9,Type 2 diabetes mellitus
CLM5657,E78.5,Hyperlipidemia
CLM5658,E11.9,Type 2 diabetes mellitus
CLM5659,K21.9,Gastroesophageal reflux disease
CLM5659,D64.9,Anemia
CLM5660,E03.9,Hypothyroidism
CLM5661,K21.9,Gastroesophageal reflux disease
CLM5662,D64.9,Anemia
CLM5663,E78.5,Hyperlipidemia
CLM5664,N18.3,Chronic kidney disease stage 3
CLM5665,D64.9,Anemia
CLM5666,M75.101,Rotator cuff tear
CLM5666,M17.11,Osteoarthritis of right knee
CLM5667,J06.9,Upper respiratory infection
CLM5668,M54.5,Low back pain
CLM5669,E11.9,Type 2 diabetes mellitus
CLM5669,D64.9,Anemia
CLM5670,F90.0,ADHD
CLM5671,M75.101,Rotator cuff tear
CLM5671,M25.561,Pain in right knee
CLM5672,D64.9,Anemia
CLM5673,D22.9,Melanocytic nevus
CLM5673,L40.0,Psoriasis
CLM5674,K21.9,Gastroesophageal reflux disease
CLM5674,D64.9,Anemia
CLM5675,E03.9,Hypothyroidism
CLM5675,E78.5,Hyperlipidemia
CLM5676,M17.11,Osteoarthritis of right knee
CLM5677,L20.9,Atopic dermatitis
CLM5677,J45.909,Asthma
CLM5677,Z00.129,Routine child health exam
CLM5678,L20.9,Atopic dermatitis
CLM5679,L20.9,Atopic dermatitis
CLM5680,Z00.00,Routine adult health exam
CLM5680,D64.9,Anemia
CLM5681,I50.9,Heart failure
CLM5681,I48.91,Atrial fibrillation
CLM5682,L70.0,Acne vulgaris
CLM5683,L70.0,Acne vulgaris
CLM5683,L40.0,Psoriasis
CLM5684,E78.5,Hyperlipidemia
CLM5685,S83.511A,ACL sprain of right knee
CLM5686,J02.0,Streptococcal pharyngitis
CLM5687,R55,Syncope
CLM5687,R10.9,Abdominal pain
CLM5688,D64.9,Anemia
CLM5689,K21.9,Gastroesophageal reflux disease
CLM5690,E03.9,Hypothyroidism
CLM5691,J20.9,Acute bronchitis
CLM5692,Z00.00,Routine adult health exam
CLM5693,D22.9,Melanocytic nevus
CLM5694,I10,Essential hypertension
CLM5694,N39.0,UTI
CLM5694,J06.9,Upper respiratory infection
CLM5695,N18.3,Chronic kidney disease stage 3
CLM5695,E11.9,Type 2 diabetes mellitus
CLM5695,K21.9,Gastroesophageal reflux disease
CLM5696,J45.909,Asthma
CLM5696,J18.9,Pneumonia
CLM5697,M17.11,Osteoarthritis of right knee
CLM5697,M25.561,Pain in right knee
CLM5698,J45.909,Asthma
CLM5699,M25.561,Pain in right knee
CLM5699,M75.101,Rotator cuff tear
CLM5700,E11.9,Type 2 diabetes mellitus
CLM5700,K21.9,Gastroesophageal reflux disease
CLM5701,J45.909,Asthma
CLM5702,F41.1,Generalized anxiety disorder
CLM5702,F43.10,Post-traumatic stress disorder
CLM5703,F43.10,Post-traumatic stress disorder
CLM5703,F32.9,Major depressive disorder
CLM5703,F90.0,ADHD
CLM5704,J06.9,Upper respiratory infection
CLM5705,F41.1,Generalized anxiety disorder
CLM5706,F41.1,Generalized anxiety disorder
CLM5707,R55,Syncope
CLM5708,R10.9,Abdominal pain
CLM5709,M54.5,Low back pain
CLM5710,E11.9,Type 2 diabetes mellitus
CLM5710,E78.5,Hyperlipidemia
CLM5711,N18.3,Chronic kidney disease stage 3
CLM5711,I10,Essential hypertension
CLM5712,L30.9,Dermatitis
CLM5713,C61,Prostate cancer
CLM5714,E03.9,Hypothyroidism
CLM5715,D22.9,Melanocytic nevus
CLM5715,L70.0,Acne vulgaris
CLM5716,N39.0,UTI
CLM5717,L70.0,Acne vulgaris
CLM5717,L57.0,Actinic keratosis
CLM5718,Z00.00,Routine adult health exam
CLM5719,C34.90,Lung cancer
CLM5719,C61,Prostate cancer
CLM5719,C50.911,Breast cancer
CLM5720,N18.3,Chronic kidney disease stage 3
CLM5721,Z01.419,Routine gynecological exam
CLM5722,E03.9,Hypothyroidism
CLM5723,F90.0,ADHD
CLM5724,J06.9,Upper respiratory infection
CLM5725,G47.33,Obstructive sleep apnea
CLM5726,J10.1,Influenza with pneumonia
CLM5726,E11.9,Type 2 diabetes mellitus
CLM5726,Z00.00,Routine adult health exam
CLM5727,M25.561,Pain in right knee
CLM5727,S83.511A,ACL sprain of right knee
CLM5728,M25.561,Pain in right knee
CLM5729,N18.3,Chronic kidney disease stage 3
CLM5729,E03.9,Hypothyroidism
CLM5730,J10.1,Influenza with pneumonia
CLM5731,M54.5,Low back pain
CLM5732,J20.9,Acute bronchitis
CLM5733,C50.911,Breast cancer
CLM5734,N80.9,Endometriosis
CLM5735,J06.9,Upper respiratory infection
CLM5736,J18.9,Pneumonia
CLM5737,Z00.129,Routine child health exam
CLM5737,R50.9,Fever
CLM5738,M25.561,Pain in right knee
CLM5739,E11.9,Type 2 diabetes mellitus
CLM5740,Z01.419,Routine gynecological exam
CLM5741,N18.3,Chronic kidney disease stage 3
CLM5741,E78.5,Hyperlipidemia
CLM5742,K21.9,Gastroesophageal reflux disease
CLM5742,N18.3,Chronic kidney disease stage 3
CLM5743,I50.9,Heart failure
CLM5744,H66.90,Otitis media
CLM5745,D64.9,Anemia
CLM5746,E03.9,Hypothyroidism
CLM5747,F32.9,Major depressive disorder
CLM5748,L30.9,Dermatitis
CLM5748,L57.0,Actinic keratosis
CLM5748,L40.0,Psoriasis
CLM5749,Z00.00,Routine adult health exam
CLM5749,E03.9,Hypothyroidism
CLM5750,E78.5,Hyperlipidemia
CLM5750,I10,Essential hypertension
CLM5750,R07.9,Chest pain
CLM5751,M54.5,Low back pain
CLM5752,M17.11,Osteoarthritis of right knee
CLM5753,C34.90,Lung cancer
CLM5754,E78.5,Hyperlipidemia
CLM5755,D64.9,Anemia
CLM5756,M54.5,Low back pain
CLM5757,E78.5,Hyperlipidemia
CLM5757,I10,Essential hypertension
CLM5758,Z51.11,Encounter for chemotherapy
CLM5758,D64.9,Anemia
CLM5759,J18.9,Pneumonia
CLM5760,C34.90,Lung cancer
CLM5761,R07.9,Chest pain
CLM5762,F32.9,Major depressive disorder
CLM5762,F90.0,ADHD
CLM5763,Z00.00,Routine adult health exam
CLM5763,E11.9,Type 2 diabetes mellitus
CLM5764,M75.101,Rotator cuff tear
CLM5765,J45.909,Asthma
CLM5766,D64.9,Anemia
CLM5767,N39.0,UTI
CLM5768,J45.909,Asthma
CLM5769,D64.9,Anemia
CLM5769,E78.5,Hyperlipidemia
CLM5770,H66.90,Otitis media
CLM5771,J10.1,Influenza with pneumonia
CLM5771,N39.0,UTI
CLM5771,J06.9,Upper respiratory infection
CLM5772,J18.9,Pneumonia
CLM5772,J45.909,Asthma
CLM5773,F41.1,Generalized anxiety disorder
CLM5774,N39.0,UTI
CLM5774,J06.9,Upper respiratory infection
CLM5774,J10.1,Influenza with pneumonia
CLM5775,S06.0X0A,Concussion
CLM5776,K21.9,Gastroesophageal reflux disease
CLM5777,E11.9,Type 2 diabetes mellitus
CLM5778,E78.5,Hyperlipidemia
CLM5779,J06.9,Upper respiratory infection
CLM5779,I10,Essential hypertension
CLM5780,F41.1,Generalized anxiety disorder
CLM5781,L30.9,Dermatitis
CLM5782,J20.9,Acute bronchitis
CLM5783,R10.9,Abdominal pain
CLM5784,I50.9,Heart failure
CLM5785,K21.9,Gastroesophageal reflux disease
CLM5786,I25.10,Coronary artery disease
CLM5787,E11.9,Type 2 diabetes mellitus
CLM5788,R10.9,Abdominal pain
CLM5789,J44.9,COPD
CLM5790,L20.9,Atopic dermatitis
CLM5791,J20.9,Acute bronchitis
CLM5791,J10.1,Influenza with pneumonia
CLM5792,M17.11,Osteoarthritis of right knee
CLM5793,J06.9,Upper respiratory infection
CLM5794,E11.9,Type 2 diabetes mellitus
CLM5795,I25.10,Coronary artery disease
CLM5795,E78.5,Hyperlipidemia
CLM5796,F31.9,Bipolar disorder
CLM5796,F43.10,Post-traumatic stress disorder
CLM5796,F41.1,Generalized anxiety disorder
CLM5797,Z00.00,Routine adult health exam
CLM5798,M54.5,Low back pain
CLM5799,Z01.419,Routine gynecological exam
CLM5800,J10.1,Influenza with pneumonia
CLM5801,J18.9,Pneumonia
CLM5802,J06.9,Upper respiratory infection
CLM5802,E11.9,Type 2 diabetes mellitus
CLM5803,I10,Essential hypertension
CLM5803,N39.0,UTI
CLM5804,F32.9,Major depressive disorder
CLM5805,Z34.90,Normal pregnancy supervision
CLM5806,E78.5,Hyperlipidemia
CLM5806,J20.9,Acute bronchitis
CLM5807,J10.1,Influenza with pneumonia
CLM5808,J45.909,Asthma
CLM5808,G47.33,Obstructive sleep apnea
CLM5808,J44.9,COPD
CLM5809,J45.909,Asthma
CLM5810,J10.1,Influenza with pneumonia
CLM5810,I10,Essential hypertension
CLM5811,I48.91,Atrial fibrillation
CLM5812,E03.9,Hypothyroidism
CLM5812,E11.9,Type 2 diabetes mellitus
CLM5813,E78.5,Hyperlipidemia
CLM5813,D64.9,Anemia
CLM5814,I25.10,Coronary artery disease
CLM5814,I48.91,Atrial fibrillation
CLM5814,I50.9,Heart failure
CLM5815,M75.101,Rotator cuff tear
CLM5816,L57.0,Actinic keratosis
CLM5816,D22.9,Melanocytic nevus
CLM5817,M54.5,Low back pain
CLM5818,L30.9,Dermatitis
CLM5819,J18.9,Pneumonia
CLM5820,M25.561,Pain in right knee
CLM5820,S83.511A,ACL sprain of right knee
CLM5821,R07.9,Chest pain
CLM5821,I50.9,Heart failure
CLM5822,E03.9,Hypothyroidism
CLM5823,L20.9,Atopic dermatitis
CLM5823,R50.9,Fever
CLM5823,J45.909,Asthma
CLM5824,J06.9,Upper respiratory infection
CLM5824,J20.9,Acute bronchitis
CLM5825,C34.90,Lung cancer
CLM5826,E78.5,Hyperlipidemia
CLM5827,L70.0,Acne vulgaris
CLM5828,R07.9,Chest pain
CLM5829,C50.911,Breast cancer
CLM5829,C18.9,Colon cancer
CLM5829,C34.90,Lung cancer
CLM5830,K21.9,Gastroesophageal reflux disease
CLM5831,C50.911,Breast cancer
CLM5831,C18.9,Colon cancer
CLM5831,D64.9,Anemia
CLM5832,E78.5,Hyperlipidemia
CLM5832,I25.10,Coronary artery disease
CLM5833,J20.9,Acute bronchitis
CLM5834,I25.10,Coronary artery disease
CLM5835,I48.91,Atrial fibrillation
CLM5836,E78.5,Hyperlipidemia
CLM5836,I10,Essential hypertension
CLM5837,R50.9,Fever
CLM5838,S83.511A,ACL sprain of right knee
CLM5839,O24.410,Gestational diabetes
CLM5840,M54.5,Low back pain
CLM5840,M17.11,Osteoarthritis of right knee
CLM5841,E11.9,Type 2 diabetes mellitus
CLM5842,S83.511A,ACL sprain of right knee
CLM5843,J45.909,Asthma
CLM5844,I48.91,Atrial fibrillation
CLM5845,R55,Syncope
CLM5846,F41.1,Generalized anxiety disorder
CLM5847,S06.0X0A,Concussion
CLM5847,R55,Syncope
CLM5847,R10.9,Abdominal pain
CLM5848,G47.33,Obstructive sleep apnea
CLM5848,J18.9,Pneumonia
CLM5849,J18.9,Pneumonia
CLM5850,R10.9,Abdominal pain
CLM5851,E03.9,Hypothyroidism
CLM5852,E11.9,Type 2 diabetes mellitus
CLM5852,Z00.00,Routine adult health exam
CLM5852,N39.0,UTI
CLM5853,F31.9,Bipolar disorder
CLM5854,E78.5,Hyperlipidemia
CLM5854,R07.9,Chest pain
CLM5855,J06.9,Upper respiratory infection
CLM5856,F43.10,Post-traumatic stress disorder
CLM5857,I10,Essential hypertension
CLM5857,Z00.00,Routine adult health exam
CLM5858,F41.1,Generalized anxiety disorder
CLM5858,J20.9,Acute bronchitis
CLM5858,Z00.00,Routine adult health exam
CLM5859,E66.9,Obesity
CLM5859,E03.9,Hypothyroidism
CLM5860,M54.5,Low back pain
CLM5861,Z00.00,Routine adult health exam
CLM5861,M54.5,Low back pain
CLM5861,E11.9,Type 2 diabetes mellitus
CLM5862,Z00.00,Routine adult health exam
CLM5862,I10,Essential hypertension
CLM5863,D64.9,Anemia
CLM5863,I10,Essential hypertension
CLM5864,R10.9,Abdominal pain
CLM5864,J18.9,Pneumonia
CLM5864,R55,Syncope
CLM5865,I25.10,Coronary artery disease
CLM5865,R07.9,Chest pain
CLM5866,Z01.419,Routine gynecological exam
CLM5867,J18.9,Pneumonia
CLM5868,J45.909,Asthma
CLM5869,G47.33,Obstructive sleep apnea
CLM5869,J45.909,Asthma
CLM5870,E11.9,Type 2 diabetes mellitus
CLM5871,F43.10,Post-traumatic stress disorder
CLM5872,J45.909,Asthma
CLM5872,J06.9,Upper respiratory infection
CLM5872,H66.90,Otitis media
CLM5873,R07.9,Chest pain
CLM5874,E11.9,Type 2 diabetes mellitus
CLM5874,I10,Essential hypertension
CLM5875,E03.9,Hypothyroidism
CLM5875,E05.90,Hyperthyroidism
CLM5876,E11.9,Type 2 diabetes mellitus
CLM5876,K21.9,Gastroesophageal reflux disease
CLM5877,E78.5,Hyperlipidemia
CLM5878,J06.9,Upper respiratory infection
CLM5879,S52.501A,Fracture of radius
CLM5879,J18.9,Pneumonia
CLM5879,S06.0X0A,Concussion
CLM5880,J45.909,Asthma
CLM5880,G47.33,Obstructive sleep apnea
CLM5881,N39.0,UTI
CLM5881,M54.5,Low back pain
CLM5882,R55,Syncope
CLM5883,J02.0,Streptococcal pharyngitis
CLM5884,N18.3,Chronic kidney disease stage 3
CLM5884,I10,Essential hypertension
CLM5884,E78.5,Hyperlipidemia
CLM5885,F32.9,Major depressive disorder
CLM5885,F90.0,ADHD
CLM5886,E03.9,Hypothyroidism
CLM5886,E11.9,Type 2 diabetes mellitus
CLM5887,L40.0,Psoriasis
CLM5888,N18.3,Chronic kidney disease stage 3
CLM5889,R07.9,Chest pain
CLM5890,R07.9,Chest pain
CLM5891,I50.9,Heart failure
CLM5891,R07.9,Chest pain
CLM5892,S83.511A,ACL sprain of right knee
CLM5892,M54.5,Low back pain
CLM5893,M25.561,Pain in right knee
CLM5894,E11.9,Type 2 diabetes mellitus
CLM5894,E78.5,Hyperlipidemia
CLM5895,R55,Syncope
CLM5895,S52.501A,Fracture of radius
CLM5896,E66.9,Obesity
CLM5897,K21.9,Gastroesophageal reflux disease
CLM5898,S06.0X0A,Concussion
CLM5899,E05.90,Hyperthyroidism
CLM5900,I10,Essential hypertension
CLM5900,E78.5,Hyperlipidemia
CLM5900,N18.3,Chronic kidney disease stage 3
CLM5901,N18.3,Chronic kidney disease stage 3
CLM5901,Z00.00,Routine adult health exam
CLM5902,D64.9,Anemia
CLM5902,C50.911,Breast cancer
CLM5903,K21.9,Gastroesophageal reflux disease
CLM5904,E11.9,Type 2 diabetes mellitus
CLM5904,N18.3,Chronic kidney disease stage 3
CLM5905,J20.9,Acute bronchitis
CLM5905,F41.1,Generalized anxiety disorder
CLM5906,E03.9,Hypothyroidism
CLM5907,Z00.00,Routine adult health exam
CLM5907,E78.5,Hyperlipidemia
CLM5908,M25.561,Pain in right knee
CLM5908,M54.5,Low back pain
CLM5909,J18.9,Pneumonia
CLM5909,G47.33,Obstructive sleep apnea
CLM5910,D64.9,Anemia
CLM5911,E78.5,Hyperlipidemia
CLM5911,E11.9,Type 2 diabetes mellitus
CLM5912,N39.0,UTI
CLM5913,D64.9,Anemia
CLM5913,Z00.00,Routine adult health exam
CLM5914,M54.5,Low back pain
CLM5914,J10.1,Influenza with pneumonia
CLM5915,M54.5,Low back pain
CLM5915,N39.0,UTI
CLM5915,J10.1,Influenza with pneumonia
CLM5916,J18.9,Pneumonia
CLM5916,S52.501A,Fracture of radius
CLM5917,C50.911,Breast cancer
CLM5917,C34.90,Lung cancer
CLM5918,M25.561,Pain in right knee
CLM5918,M54.5,Low back pain
CLM5919,E78.5,Hyperlipidemia
CLM5919,M54.5,Low back pain
CLM5919,J20.9,Acute bronchitis
CLM5920,E78.5,Hyperlipidemia
CLM5921,E05.90,Hyperthyroidism
CLM5921,E11.65,Type 2 diabetes with hyperglycemia
CLM5922,Z00.00,Routine adult health exam
CLM5923,L57.0,Actinic keratosis
CLM5923,D22.9,Melanocytic nevus
CLM5924,M17.11,Osteoarthritis of right knee
CLM5924,M54.5,Low back pain
CLM5924,M25.561,Pain in right knee
CLM5925,J18.9,Pneumonia
CLM5926,C50.911,Breast cancer
CLM5927,J45.909,Asthma
CLM5927,G47.33,Obstructive sleep apnea
CLM5927,J18.9,Pneumonia
CLM5928,J06.9,Upper respiratory infection
CLM5928,F41.1,Generalized anxiety disorder
CLM5929,D64.9,Anemia
CLM5929,C34.90,Lung cancer
CLM5930,M25.561,Pain in right knee
CLM5930,M54.5,Low back pain
CLM5931,E78.5,Hyperlipidemia
CLM5932,L70.0,Acne vulgaris
CLM5933,N39.0,UTI
CLM5934,E05.90,Hyperthyroidism
CLM5934,E66.9,Obesity
CLM5935,G47.33,Obstructive sleep apnea
CLM5935,J18.9,Pneumonia
CLM5936,Z00.00,Routine adult health exam
CLM5936,I10,Essential hypertension
CLM5937,I10,Essential hypertension
CLM5938,M17.11,Osteoarthritis of right knee
CLM5938,M54.5,Low back pain
CLM5939,I10,Essential hypertension
CLM5939,J20.9,Acute bronchitis
CLM5940,J10.1,Influenza with pneumonia
CLM5940,F41.1,Generalized anxiety disorder
CLM5940,J06.9,Upper respiratory infection
CLM5941,I10,Essential hypertension
CLM5941,F41.1,Generalized anxiety disorder
CLM5942,J06.9,Upper respiratory infection
CLM5943,L30.9,Dermatitis
CLM5943,L70.0,Acne vulgaris
CLM5944,S52.501A,Fracture of radius
CLM5945,N18.3,Chronic kidney disease stage 3
CLM5946,D64.9,Anemia
CLM5946,C50.911,Breast cancer
CLM5947,J10.1,Influenza with pneumonia
CLM5947,J06.9,Upper respiratory infection
CLM5948,C50.911,Breast cancer
CLM5948,C61,Prostate cancer
CLM5949,D64.9,Anemia
CLM5950,E03.9,Hypothyroidism
CLM5951,N18.3,Chronic kidney disease stage 3
CLM5951,K21.9,Gastroesophageal reflux disease
CLM5952,E03.9,Hypothyroidism
CLM5953,D64.9,Anemia
CLM5954,E11.9,Type 2 diabetes mellitus
CLM5955,I25.10,Coronary artery disease
CLM5956,D22.9,Melanocytic nevus
CLM5956,L70.0,Acne vulgaris
CLM5957,N92.0,Heavy menstrual bleeding
CLM5958,F90.0,ADHD
CLM5958,F32.9,Major depressive disorder
CLM5959,M25.561,Pain in right knee
CLM5960,I50.9,Heart failure
CLM5960,I25.10,Coronary artery disease
CLM5961,J20.9,Acute bronchitis
CLM5961,I10,Essential hypertension
CLM5962,L30.9,Dermatitis
CLM5963,D64.9,Anemia
CLM5964,M25.561,Pain in right knee
CLM5965,F90.0,ADHD
CLM5965,F41.1,Generalized anxiety disorder
CLM5965,F31.9,Bipolar disorder
CLM5966,E78.5,Hyperlipidemia
CLM5967,E78.5,Hyperlipidemia
CLM5967,Z00.00,Routine adult health exam
CLM5968,J45.909,Asthma
CLM5969,F32.9,Major depressive disorder
CLM5969,F90.0,ADHD
CLM5969,F41.1,Generalized anxiety disorder
CLM5970,Z00.00,Routine adult health exam
CLM5971,N18.3,Chronic kidney disease stage 3
CLM5971,K21.9,Gastroesophageal reflux disease
CLM5971,Z00.00,Routine adult health exam
CLM5972,K21.9,Gastroesophageal reflux disease
CLM5973,Z51.11,Encounter for chemotherapy
CLM5974,E78.5,Hyperlipidemia
CLM5975,J44.9,COPD
CLM5975,J45.909,Asthma
CLM5976,J10.1,Influenza with pneumonia
CLM5977,J44.9,COPD
CLM5977,G47.33,Obstructive sleep apnea
CLM5978,O24.410,Gestational diabetes
CLM5978,N92.0,Heavy menstrual bleeding
CLM5979,M54.5,Low back pain
CLM5980,J45.909,Asthma
CLM5981,E03.9,Hypothyroidism
CLM5981,D64.9,Anemia
CLM5982,F32.9,Major depressive disorder
CLM5982,F90.0,ADHD
CLM5982,F41.1,Generalized anxiety disorder
CLM5983,D22.9,Melanocytic nevus
CLM5984,E11.9,Type 2 diabetes mellitus
CLM5984,J06.9,Upper respiratory infection
CLM5985,Z00.00,Routine adult health exam
CLM5986,L40.0,Psoriasis
CLM5986,L70.0,Acne vulgaris
CLM5986,L57.0,Actinic keratosis
CLM5987,E11.9,Type 2 diabetes mellitus
CLM5988,J06.9,Upper respiratory infection
CLM5988,N39.0,UTI
CLM5988,J20.9,Acute bronchitis
CLM5989,J10.1,Influenza with pneumonia
CLM5989,N39.0,UTI
CLM5990,I10,Essential hypertension
CLM5990,I48.91,Atrial fibrillation
CLM5991,J20.9,Acute bronchitis
CLM5992,E05.90,Hyperthyroidism
CLM5992,E11.9,Type 2 diabetes mellitus
CLM5993,C18.9,Colon cancer
CLM5993,C61,Prostate cancer
CLM5994,E78.5,Hyperlipidemia
CLM5994,I10,Essential hypertension
CLM5995,J44.9,COPD
CLM5996,N18.3,Chronic kidney disease stage 3
CLM5997,M25.561,Pain in right knee
CLM5997,S83.511A,ACL sprain of right knee
CLM5998,I25.10,Coronary artery disease
CLM5998,I48.91,Atrial fibrillation
CLM5999,C50.911,Breast cancer
CLM6000,E11.9,Type 2 diabetes mellitus
CLM6001,J18.9,Pneumonia
CLM6001,J44.9,COPD
CLM6002,S06.0X0A,Concussion
CLM6002,J18.9,Pneumonia
CLM6003,R07.9,Chest pain
CLM6004,J20.9,Acute bronchitis
CLM6005,E03.9,Hypothyroidism
CLM6005,E11.9,Type 2 diabetes mellitus
CLM6006,N39.0,UTI
CLM6006,J06.9,Upper respiratory infection
CLM6007,F43.10,Post-traumatic stress disorder
CLM6007,F90.0,ADHD
CLM6008,Z01.419,Routine gynecological exam
CLM6009,C61,Prostate cancer
CLM6010,Z00.00,Routine adult health exam
CLM6010,E03.9,Hypothyroidism
CLM6010,K21.9,Gastroesophageal reflux disease
CLM6011,N39.0,UTI
CLM6012,E03.9,Hypothyroidism
CLM6013,R07.9,Chest pain
CLM6014,J10.1,Influenza with pneumonia
CLM6015,D22.9,Melanocytic nevus
CLM6016,J10.1,Influenza with pneumonia
CLM6016,I10,Essential hypertension
CLM6016,F41.1,Generalized anxiety disorder
CLM6017,J02.0,Streptococcal pharyngitis
CLM6018,I25.10,Coronary artery disease
CLM6019,E11.9,Type 2 diabetes mellitus
CLM6019,F41.1,Generalized anxiety disorder
CLM6019,I10,Essential hypertension
CLM6020,C61,Prostate cancer
CLM6020,D64.9,Anemia
CLM6020,C18.9,Colon cancer
CLM6021,I25.10,Coronary artery disease
CLM6021,R07.9,Chest pain
CLM6022,D22.9,Melanocytic nevus
CLM6023,I25.10,Coronary artery disease
CLM6024,J18.9,Pneumonia
CLM6025,N92.0,Heavy menstrual bleeding
CLM6025,Z01.419,Routine gynecological exam
CLM6026,J06.9,Upper respiratory infection
CLM6026,J10.1,Influenza with pneumonia
CLM6026,F41.1,Generalized anxiety disorder
CLM6027,M54.5,Low back pain
CLM6027,M17.11,Osteoarthritis of right knee
CLM6028,I25.10,Coronary artery disease
CLM6028,I50.9,Heart failure
CLM6028,I10,Essential hypertension
CLM6029,R07.9,Chest pain
CLM6030,L30.9,Dermatitis
CLM6031,S83.511A,ACL sprain of right knee
CLM6031,M17.11,Osteoarthritis of right knee
CLM6032,J20.9,Acute bronchitis
CLM6033,M25.561,Pain in right knee
CLM6034,L40.0,Psoriasis
CLM6035,R07.9,Chest pain
CLM6035,I25.10,Coronary artery disease
CLM6036,E03.9,Hypothyroidism
CLM6036,E11.65,Type 2 diabetes with hyperglycemia
CLM6037,N39.0,UTI
CLM6037,F41.1,Generalized anxiety disorder
CLM6037,J06.9,Upper respiratory infection
CLM6038,M75.101,Rotator cuff tear
CLM6039,Z00.00,Routine adult health exam
CLM6040,F90.0,ADHD
CLM6040,F43.10,Post-traumatic stress disorder
CLM6041,F41.1,Generalized anxiety disorder
CLM6042,Z00.00,Routine adult health exam
CLM6043,E78.5,Hyperlipidemia
CLM6043,I25.10,Coronary artery disease
CLM6043,I50.9,Heart failure
CLM6044,R55,Syncope
CLM6045,F41.1,Generalized anxiety disorder
CLM6045,F32.9,Major depressive disorder
CLM6045,F90.0,ADHD
CLM6046,Z00.00,Routine adult health exam
CLM6046,N18.3,Chronic kidney disease stage 3
CLM6047,L57.0,Actinic keratosis
CLM6048,S52.501A,Fracture of radius
CLM6048,J18.9,Pneumonia
CLM6048,R10.9,Abdominal pain
CLM6049,D22.9,Melanocytic nevus
CLM6050,D64.9,Anemia
CLM6051,M54.5,Low back pain
CLM6051,M25.561,Pain in right knee
CLM6051,M17.11,Osteoarthritis of right knee
CLM6052,F90.0,ADHD
CLM6053,Z51.11,Encounter for chemotherapy
CLM6054,M54.5,Low back pain
CLM6055,J06.9,Upper respiratory infection
CLM6056,E11.9,Type 2 diabetes mellitus
CLM6057,I48.91,Atrial fibrillation
CLM6058,R07.9,Chest pain
CLM6059,H66.90,Otitis media
CLM6060,Z00.00,Routine adult health exam
CLM6061,K21.9,Gastroesophageal reflux disease
CLM6061,I10,Essential hypertension
CLM6062,E11.65,Type 2 diabetes with hyperglycemia
CLM6063,D64.9,Anemia
CLM6064,F90.0,ADHD
CLM6064,F32.9,Major depressive disorder
CLM6065,E11.9,Type 2 diabetes mellitus
CLM6065,Z00.00,Routine adult health exam
CLM6066,N39.0,UTI
CLM6067,J20.9,Acute bronchitis
CLM6067,F41.1,Generalized anxiety disorder
CLM6068,F41.1,Generalized anxiety disorder
CLM6068,M54.5,Low back pain
CLM6068,E78.5,Hyperlipidemia
CLM6069,F41.1,Generalized anxiety disorder
CLM6069,E11.9,Type 2 diabetes mellitus
CLM6070,C34.90,Lung cancer
CLM6070,C50.911,Breast cancer
CLM6071,S83.511A,ACL sprain of right knee
CLM6071,M25.561,Pain in right knee
CLM6071,M17.11,Osteoarthritis of right knee
CLM6072,N18.3,Chronic kidney disease stage 3
CLM6072,E03.9,Hypothyroidism
CLM6073,M54.5,Low back pain
CLM6074,M54.5,Low back pain
CLM6074,S83.511A,ACL sprain of right knee
CLM6075,L70.0,Acne vulgaris
CLM6076,N18.3,Chronic kidney disease stage 3
CLM6077,E78.5,Hyperlipidemia
CLM6078,I48.91,Atrial fibrillation
CLM6078,I10,Essential hypertension
CLM6078,I50.9,Heart failure
CLM6079,Z00.00,Routine adult health exam
CLM6080,N18.3,Chronic kidney disease stage 3
CLM6081,J45.909,Asthma
CLM6082,N80.9,Endometriosis
CLM6083,J44.9,COPD
CLM6084,I10,Essential hypertension
CLM6084,E78.5,Hyperlipidemia
CLM6085,M17.11,Osteoarthritis of right knee
CLM6086,Z34.90,Normal pregnancy supervision
CLM6086,N92.0,Heavy menstrual bleeding
CLM6087,N39.0,UTI
CLM6088,E11.9,Type 2 diabetes mellitus
CLM6088,E78.5,Hyperlipidemia
CLM6089,E11.9,Type 2 diabetes mellitus
CLM6089,I10,Essential hypertension
CLM6090,I25.10,Coronary artery disease
CLM6091,S06.0X0A,Concussion
CLM6092,S06.0X0A,Concussion
CLM6093,E11.9,Type 2 diabetes mellitus
CLM6094,G47.33,Obstructive sleep apnea
CLM6095,I10,Essential hypertension
CLM6096,E03.9,Hypothyroidism
CLM6096,N18.3,Chronic kidney disease stage 3
CLM6096,E11.9,Type 2 diabetes mellitus
CLM6097,F31.9,Bipolar disorder
CLM6097,F43.10,Post-traumatic stress disorder
CLM6098,H66.90,Otitis media
CLM6098,R50.9,Fever
CLM6098,J06.9,Upper respiratory infection
CLM6099,J02.0,Streptococcal pharyngitis
CLM6100,I10,Essential hypertension
CLM6100,Z00.00,Routine adult health exam
CLM6101,J45.909,Asthma
CLM6102,O24.410,Gestational diabetes
CLM6103,J20.9,Acute bronchitis
CLM6104,E11.9,Type 2 diabetes mellitus
CLM6105,J45.909,Asthma
CLM6106,L20.9,Atopic dermatitis
CLM6106,Z00.129,Routine child health exam
CLM6107,E78.5,Hyperlipidemia
CLM6107,I10,Essential hypertension
CLM6108,F90.0,ADHD
CLM6109,J10.1,Influenza with pneumonia
CLM6109,F41.1,Generalized anxiety disorder
CLM6110,I10,Essential hypertension
CLM6111,I25.10,Coronary artery disease
CLM6111,I50.9,Heart failure
CLM6111,I48.91,Atrial fibrillation
CLM6112,R07.9,Chest pain
CLM6112,I10,Essential hypertension
CLM6113,J06.9,Upper respiratory infection
CLM6114,N18.3,Chronic kidney disease stage 3
CLM6115,J20.9,Acute bronchitis
CLM6116,J44.9,COPD
CLM6117,F43.10,Post-traumatic stress disorder
CLM6118,L30.9,Dermatitis
CLM6119,L30.9,Dermatitis
CLM6119,L70.0,Acne vulgaris
CLM6120,J10.1,Influenza with pneumonia
CLM6120,Z00.00,Routine adult health exam
CLM6121,Z00.00,Routine adult health exam
CLM6121,E11.9,Type 2 diabetes mellitus
CLM6122,K21.9,Gastroesophageal reflux disease
CLM6123,I10,Essential hypertension
CLM6123,J20.9,Acute bronchitis
CLM6124,R07.9,Chest pain
CLM6125,F31.9,Bipolar disorder
CLM6126,E05.90,Hyperthyroidism
CLM6127,J06.9,Upper respiratory infection
CLM6128,R10.9,Abdominal pain
CLM6129,S52.501A,Fracture of radius
CLM6130,I50.9,Heart failure
CLM6131,E05.90,Hyperthyroidism
CLM6131,E11.9,Type 2 diabetes mellitus
CLM6132,J44.9,COPD
CLM6132,J45.909,Asthma
CLM6133,Z00.00,Routine adult health exam
CLM6134,I50.9,Heart failure
CLM6135,J20.9,Acute bronchitis
CLM6136,E78.5,Hyperlipidemia
CLM6136,E03.9,Hypothyroidism
CLM6136,Z00.00,Routine adult health exam
CLM6137,C50.911,Breast cancer
CLM6138,E11.9,Type 2 diabetes mellitus
CLM6138,J06.9,Upper respiratory infection
CLM6139,M54.5,Low back pain
CLM6139,S83.511A,ACL sprain of right knee
CLM6140,I10,Essential hypertension
CLM6141,E78.5,Hyperlipidemia
CLM6142,M54.5,Low back pain
CLM6143,Z00.129,Routine child health exam
CLM6143,J45.909,Asthma
CLM6144,J10.1,Influenza with pneumonia
CLM6145,M17.11,Osteoarthritis of right knee
CLM6146,I48.91,Atrial fibrillation
CLM6147,J20.9,Acute bronchitis
CLM6147,N39.0,UTI
CLM6148,M54.5,Low back pain
CLM6149,N39.0,UTI
CLM6149,F41.1,Generalized anxiety disorder
CLM6150,L40.0,Psoriasis
CLM6151,Z34.90,Normal pregnancy supervision
CLM6152,I50.9,Heart failure
CLM6153,E78.5,Hyperlipidemia
CLM6154,E66.9,Obesity
CLM6155,E78.5,Hyperlipidemia
CLM6156,N18.3,Chronic kidney disease stage 3
CLM6156,E78.5,Hyperlipidemia
CLM6156,Z00.00,Routine adult health exam
CLM6157,C18.9,Colon cancer
CLM6158,E03.9,Hypothyroidism
CLM6158,E66.9,Obesity
CLM6159,D64.9,Anemia
CLM6160,F90.0,ADHD
CLM6161,L57.0,Actinic keratosis
CLM6162,S52.501A,Fracture of radius
CLM6162,J18.9,Pneumonia
CLM6162,R10.9,Abdominal pain
CLM6163,F41.1,Generalized anxiety disorder
CLM6163,J10.1,Influenza with pneumonia
CLM6164,E05.90,Hyperthyroidism
CLM6164,E11.9,Type 2 diabetes mellitus
CLM6165,I48.91,Atrial fibrillation
CLM6166,J06.9,Upper respiratory infection
CLM6166,J10.1,Influenza with pneumonia
CLM6167,L70.0,Acne vulgaris
CLM6167,L30.9,Dermatitis
CLM6168,J06.9,Upper respiratory infection
CLM6169,E11.9,Type 2 diabetes mellitus
CLM6170,J10.1,Influenza with pneumonia
CLM6171,N39.0,UTI
CLM6171,I10,Essential hypertension
CLM6172,E11.9,Type 2 diabetes mellitus
CLM6173,R07.9,Chest pain
CLM6174,C18.9,Colon cancer
CLM6175,J44.9,COPD
CLM6176,F41.1,Generalized anxiety disorder
CLM6176,E11.9,Type 2 diabetes mellitus
CLM6177,M75.101,Rotator cuff tear
CLM6178,I25.10,Coronary artery disease
CLM6179,F41.1,Generalized anxiety disorder
CLM6179,J10.1,Influenza with pneumonia
CLM6180,F32.9,Major depressive disorder
CLM6180,F31.9,Bipolar disorder
CLM6181,E78.5,Hyperlipidemia
CLM6182,J20.9,Acute bronchitis
CLM6182,M54.5,Low back pain
CLM6183,Z00.00,Routine adult health exam
CLM6184,J06.9,Upper respiratory infection
CLM6185,M54.5,Low back pain
CLM6185,F41.1,Generalized anxiety disorder
CLM6185,J20.9,Acute bronchitis
CLM6186,R55,Syncope
CLM6187,N39.0,UTI
CLM6188,I10,Essential hypertension
CLM6188,E03.9,Hypothyroidism
CLM6189,M54.5,Low back pain
CLM6190,E05.90,Hyperthyroidism
CLM6191,J18.9,Pneumonia
CLM6191,R55,Syncope
CLM6191,R10.9,Abdominal pain
CLM6192,R55,Syncope
CLM6193,Z00.129,Routine child health exam
CLM6194,L40.0,Psoriasis
CLM6195,I48.91,Atrial fibrillation
CLM6196,I10,Essential hypertension
CLM6197,R55,Syncope
CLM6197,S06.0X0A,Concussion
CLM6198,D64.9,Anemia
CLM6199,F41.1,Generalized anxiety disorder
CLM6200,S83.511A,ACL sprain of right knee
CLM6201,N39.0,UTI
CLM6202,J06.9,Upper respiratory infection
CLM6203,I10,Essential hypertension
CLM6204,M75.101,Rotator cuff tear
CLM6205,S06.0X0A,Concussion
CLM6206,F90.0,ADHD
CLM6206,F31.9,Bipolar disorder
CLM6206,F32.9,Major depressive disorder
CLM6207,M25.561,Pain in right knee
CLM6208,S83.511A,ACL sprain of right knee
CLM6208,M75.101,Rotator cuff tear
CLM6208,M54.5,Low back pain
CLM6209,J06.9,Upper respiratory infection
CLM6210,I48.91,Atrial fibrillation
CLM6211,J20.9,Acute bronchitis
CLM6212,E78.5,Hyperlipidemia
CLM6213,M17.11,Osteoarthritis of right knee
CLM6213,M25.561,Pain in right knee
CLM6214,C18.9,Colon cancer
CLM6215,I10,Essential hypertension
CLM6215,R07.9,Chest pain
CLM6216,R07.9,Chest pain
CLM6216,S52.501A,Fracture of radius
CLM6216,R10.9,Abdominal pain
CLM6217,N18.3,Chronic kidney disease stage 3
CLM6217,E11.9,Type 2 diabetes mellitus
CLM6217,Z00.00,Routine adult health exam
CLM6218,F41.1,Generalized anxiety disorder
CLM6218,M54.5,Low back pain
CLM6219,G47.33,Obstructive sleep apnea
CLM6219,J18.9,Pneumonia
CLM6220,J45.909,Asthma
CLM6220,J06.9,Upper respiratory infection
CLM6221,E11.9,Type 2 diabetes mellitus
CLM6222,D22.9,Melanocytic nevus
CLM6223,J20.9,Acute bronchitis
CLM6223,J10.1,Influenza with pneumonia
CLM6223,E78.5,Hyperlipidemia
CLM6224,E03.9,Hypothyroidism
CLM6225,I10,Essential hypertension
CLM6226,E03.9,Hypothyroidism
CLM6227,R07.9,Chest pain
CLM6227,I10,Essential hypertension
CLM6228,J06.9,Upper respiratory infection
CLM6229,I48.91,Atrial fibrillation
CLM6230,L40.0,Psoriasis
CLM6231,F41.1,Generalized anxiety disorder
CLM6231,N39.0,UTI
CLM6232,J06.9,Upper respiratory infection
CLM6233,S83.511A,ACL sprain of right knee
CLM6234,Z00.129,Routine child health exam
CLM6234,J06.9,Upper respiratory infection
CLM6234,L20.9,Atopic dermatitis
CLM6235,D22.9,Melanocytic nevus
CLM6236,R07.9,Chest pain
CLM6237,M54.5,Low back pain
CLM6237,J10.1,Influenza with pneumonia
CLM6238,E11.9,Type 2 diabetes mellitus
CLM6239,J45.909,Asthma
CLM6239,J06.9,Upper respiratory infection
CLM6240,J06.9,Upper respiratory infection
CLM6241,I10,Essential hypertension
CLM6242,I10,Essential hypertension
CLM6243,E11.65,Type 2 diabetes with hyperglycemia
CLM6244,I48.91,Atrial fibrillation
CLM6244,I10,Essential hypertension
CLM6245,M54.5,Low back pain
CLM6246,F90.0,ADHD
CLM6246,F32.9,Major depressive disorder
CLM6246,F43.10,Post-traumatic stress disorder
CLM6247,N18.3,Chronic kidney disease stage 3
CLM6248,M17.11,Osteoarthritis of right knee
CLM6249,N18.3,Chronic kidney disease stage 3
CLM6250,K21.9,Gastroesophageal reflux disease
CLM6250,E78.5,Hyperlipidemia
CLM6250,I10,Essential hypertension
CLM6251,H66.90,Otitis media
CLM6251,Z00.129,Routine child health exam
CLM6252,D64.9,Anemia
CLM6253,E66.9,Obesity
CLM6254,I10,Essential hypertension
CLM6254,E78.5,Hyperlipidemia
CLM6255,J06.9,Upper respiratory infection
CLM6256,J18.9,Pneumonia
CLM6257,S83.511A,ACL sprain of right knee
CLM6257,M75.101,Rotator cuff tear
CLM6258,R07.9,Chest pain
CLM6259,E78.5,Hyperlipidemia
CLM6260,I10,Essential hypertension
CLM6260,D64.9,Anemia
CLM6261,F41.1,Generalized anxiety disorder
CLM6261,N39.0,UTI
CLM6262,J45.909,Asthma
CLM6263,N18.3,Chronic kidney disease stage 3
CLM6264,E03.9,Hypothyroidism
CLM6265,L30.9,Dermatitis
CLM6266,E03.9,Hypothyroidism
CLM6267,I25.10,Coronary artery disease
CLM6267,E78.5,Hyperlipidemia
CLM6267,I48.91,Atrial fibrillation
CLM6268,J10.1,Influenza with pneumonia
CLM6269,E78.5,Hyperlipidemia
CLM6270,M54.5,Low back pain
CLM6270,M17.11,Osteoarthritis of right knee
CLM6270,M25.561,Pain in right knee
CLM6271,N18.3,Chronic kidney disease stage 3
CLM6271,I10,Essential hypertension
CLM6272,I10,Essential hypertension
CLM6272,I50.9,Heart failure
CLM6273,L40.0,Psoriasis
CLM6274,Z00.00,Routine adult health exam
CLM6274,J10.1,Influenza with pneumonia
CLM6274,F41.1,Generalized anxiety disorder
CLM6275,J20.9,Acute bronchitis
CLM6275,I10,Essential hypertension
CLM6276,C18.9,Colon cancer
CLM6277,C34.90,Lung cancer
CLM6277,Z51.11,Encounter for chemotherapy
CLM6278,Z00.00,Routine adult health exam
CLM6278,D64.9,Anemia
CLM6279,I48.91,Atrial fibrillation
CLM6279,E78.5,Hyperlipidemia
CLM6280,M75.101,Rotator cuff tear
CLM6280,M25.561,Pain in right knee
CLM6280,M17.11,Osteoarthritis of right knee
CLM6281,I25.10,Coronary artery disease
CLM6281,I10,Essential hypertension
CLM6282,L57.0,Actinic keratosis
CLM6283,G47.33,Obstructive sleep apnea
CLM6283,J18.9,Pneumonia
CLM6283,J45.909,Asthma
CLM6284,Z00.00,Routine adult health exam
CLM6285,F41.1,Generalized anxiety disorder
CLM6286,G47.33,Obstructive sleep apnea
CLM6287,F32.9,Major depressive disorder
CLM6287,F90.0,ADHD
CLM6287,F43.10,Post-traumatic stress disorder
CLM6288,D64.9,Anemia
CLM6289,I48.91,Atrial fibrillation
CLM6289,I25.10,Coronary artery disease
CLM6290,C61,Prostate cancer
CLM6291,O24.410,Gestational diabetes
CLM6292,E78.5,Hyperlipidemia
CLM6293,F31.9,Bipolar disorder
CLM6293,F43.10,Post-traumatic stress disorder
CLM6294,N92.0,Heavy menstrual bleeding
CLM6295,J02.0,Streptococcal pharyngitis
CLM6296,J44.9,COPD
CLM6296,J45.909,Asthma
CLM6297,Z51.11,Encounter for chemotherapy
CLM6298,Z01.419,Routine gynecological exam
CLM6299,F41.1,Generalized anxiety disorder
CLM6300,M54.5,Low back pain
CLM6301,I10,Essential hypertension
CLM6301,E03.9,Hypothyroidism
CLM6302,I10,Essential hypertension
CLM6303,E78.5,Hyperlipidemia
CLM6304,E03.9,Hypothyroidism
CLM6305,I10,Essential hypertension
CLM6306,E78.5,Hyperlipidemia
CLM6307,F32.9,Major depressive disorder
CLM6308,J44.9,COPD
CLM6309,E78.5,Hyperlipidemia
CLM6310,J18.9,Pneumonia
CLM6311,I50.9,Heart failure
CLM6312,E03.9,Hypothyroidism
CLM6313,H66.90,Otitis media
CLM6313,R50.9,Fever
CLM6314,M17.11,Osteoarthritis of right knee
CLM6315,E78.5,Hyperlipidemia
CLM6315,I25.10,Coronary artery disease
CLM6316,J10.1,Influenza with pneumonia
CLM6317,E66.9,Obesity
CLM6317,E05.90,Hyperthyroidism
CLM6318,C34.90,Lung cancer
CLM6319,N18.3,Chronic kidney disease stage 3
CLM6319,E03.9,Hypothyroidism
CLM6319,E78.5,Hyperlipidemia
CLM6320,J06.9,Upper respiratory infection
CLM6321,E03.9,Hypothyroidism
CLM6322,G47.33,Obstructive sleep apnea
CLM6323,J06.9,Upper respiratory infection
CLM6324,E78.5,Hyperlipidemia
CLM6325,S83.511A,ACL sprain of right knee
CLM6326,E11.65,Type 2 diabetes with hyperglycemia
CLM6326,E05.90,Hyperthyroidism
CLM6327,I10,Essential hypertension
CLM6327,N18.3,Chronic kidney disease stage 3
CLM6328,R07.9,Chest pain
CLM6329,E78.5,Hyperlipidemia
CLM6330,I10,Essential hypertension
CLM6330,J10.1,Influenza with pneumonia
CLM6331,K21.9,Gastroesophageal reflux disease
CLM6331,N18.3,Chronic kidney disease stage 3
CLM6332,F31.9,Bipolar disorder
CLM6332,F90.0,ADHD
CLM6332,F43.10,Post-traumatic stress disorder
CLM6333,R55,Syncope
CLM6334,E78.5,Hyperlipidemia
CLM6335,J06.9,Upper respiratory infection
CLM6335,J45.909,Asthma
CLM6335,L20.9,Atopic dermatitis
CLM6336,F32.9,Major depressive disorder
CLM6336,F31.9,Bipolar disorder
CLM6337,R55,Syncope
CLM6338,E11.9,Type 2 diabetes mellitus
CLM6338,E66.9,Obesity
CLM6338,E05.90,Hyperthyroidism
CLM6339,M54.5,Low back pain
CLM6339,J20.9,Acute bronchitis
CLM6340,S06.0X0A,Concussion
CLM6340,R07.9,Chest pain
CLM6340,S52.501A,Fracture of radius
CLM6341,I10,Essential hypertension
CLM6342,E11.65,Type 2 diabetes with hyperglycemia
CLM6343,I10,Essential hypertension
CLM6343,E11.9,Type 2 diabetes mellitus
CLM6344,Z00.00,Routine adult health exam
CLM6345,I10,Essential hypertension
CLM6346,K21.9,Gastroesophageal reflux disease
CLM6346,D64.9,Anemia
CLM6347,I48.91,Atrial fibrillation
CLM6348,F41.1,Generalized anxiety disorder
CLM6348,F43.10,Post-traumatic stress disorder
CLM6349,I10,Essential hypertension
CLM6349,M54.5,Low back pain
CLM6350,L30.9,Dermatitis
CLM6350,L57.0,Actinic keratosis
CLM6350,L40.0,Psoriasis
CLM6351,I25.10,Coronary artery disease
CLM6352,J10.1,Influenza with pneumonia
CLM6352,M54.5,Low back pain
CLM6353,J10.1,Influenza with pneumonia
CLM6353,J06.9,Upper respiratory infection
CLM6353,I10,Essential hypertension
CLM6354,D64.9,Anemia
CLM6355,M54.5,Low back pain
CLM6356,R10.9,Abdominal pain
CLM6357,J20.9,Acute bronchitis
CLM6358,Z00.00,Routine adult health exam
CLM6359,Z00.00,Routine adult health exam
CLM6360,J20.9,Acute bronchitis
CLM6361,F32.9,Major depressive disorder
CLM6362,Z00.129,Routine child health exam
CLM6362,J45.909,Asthma
CLM6363,I48.91,Atrial fibrillation
CLM6364,S83.511A,ACL sprain of right knee
CLM6365,O24.410,Gestational diabetes
CLM6366,I10,Essential hypertension
CLM6367,E11.9,Type 2 diabetes mellitus
CLM6368,R50.9,Fever
CLM6368,Z00.129,Routine child health exam
CLM6369,L70.0,Acne vulgaris
CLM6370,N39.0,UTI
CLM6371,I10,Essential hypertension
CLM6372,J06.9,Upper respiratory infection
CLM6372,Z00.00,Routine adult health exam
CLM6373,M75.101,Rotator cuff tear
CLM6374,F31.9,Bipolar disorder
CLM6374,F43.10,Post-traumatic stress disorder
CLM6375,C18.9,Colon cancer
CLM6375,C61,Prostate cancer
CLM6375,C50.911,Breast cancer
CLM6376,F32.9,Major depressive disorder
CLM6377,M17.11,Osteoarthritis of right knee
CLM6377,M25.561,Pain in right knee
CLM6378,R07.9,Chest pain
CLM6379,M54.5,Low back pain
CLM6379,J06.9,Upper respiratory infection
CLM6379,F41.1,Generalized anxiety disorder
CLM6380,C50.911,Breast cancer
CLM6381,J20.9,Acute bronchitis
CLM6382,E11.9,Type 2 diabetes mellitus
CLM6382,I10,Essential hypertension
CLM6383,M54.5,Low back pain
CLM6383,Z00.00,Routine adult health exam
CLM6384,L20.9,Atopic dermatitis
CLM6384,J45.909,Asthma
CLM6384,J06.9,Upper respiratory infection
CLM6385,E78.5,Hyperlipidemia
CLM6386,N18.3,Chronic kidney disease stage 3
CLM6387,R07.9,Chest pain
CLM6387,I25.10,Coronary artery disease
CLM6387,I50.9,Heart failure
CLM6388,J44.9,COPD
CLM6389,I10,Essential hypertension
CLM6390,J06.9,Upper respiratory infection
CLM6391,K21.9,Gastroesophageal reflux disease
CLM6391,N18.3,Chronic kidney disease stage 3
CLM6392,I48.91,Atrial fibrillation
CLM6393,M54.5,Low back pain
CLM6394,D22.9,Melanocytic nevus
CLM6394,L57.0,Actinic keratosis
CLM6395,F41.1,Generalized anxiety disorder
CLM6396,F32.9,Major depressive disorder
CLM6397,J20.9,Acute bronchitis
CLM6397,N39.0,UTI
CLM6398,J20.9,Acute bronchitis
CLM6398,F41.1,Generalized anxiety disorder
CLM6399,E78.5,Hyperlipidemia
CLM6399,M54.5,Low back pain
CLM6399,N39.0,UTI
CLM6400,F31.9,Bipolar disorder
CLM6401,J45.909,Asthma
CLM6401,J18.9,Pneumonia
CLM6401,J44.9,COPD
CLM6402,E66.9,Obesity
CLM6403,D64.9,Anemia
CLM6403,E03.9,Hypothyroidism
CLM6404,J45.909,Asthma
CLM6404,R50.9,Fever
CLM6405,R07.9,Chest pain
CLM6406,J45.909,Asthma
CLM6407,N18.3,Chronic kidney disease stage 3
CLM6407,I10,Essential hypertension
CLM6407,Z00.00,Routine adult health exam
CLM6408,F43.10,Post-traumatic stress disorder
CLM6408,F32.9,Major depressive disorder
CLM6409,J18.9,Pneumonia
CLM6409,R07.9,Chest pain
CLM6410,F31.9,Bipolar disorder
CLM6411,E05.90,Hyperthyroidism
CLM6411,E11.9,Type 2 diabetes mellitus
CLM6412,E78.5,Hyperlipidemia
CLM6412,I48.91,Atrial fibrillation
CLM6413,N39.0,UTI
CLM6414,F41.1,Generalized anxiety disorder
CLM6414,F32.9,Major depressive disorder
CLM6415,Z00.129,Routine child health exam
CLM6415,R50.9,Fever
CLM6415,J06.9,Upper respiratory infection
CLM6416,R10.9,Abdominal pain
CLM6417,J10.1,Influenza with pneumonia
CLM6418,J18.9,Pneumonia
CLM6419,D64.9,Anemia
CLM6419,E78.5,Hyperlipidemia
CLM6419,N18.3,Chronic kidney disease stage 3
CLM6420,Z00.00,Routine adult health exam
CLM6421,Z00.00,Routine adult health exam
CLM6421,I10,Essential hypertension
CLM6421,K21.9,Gastroesophageal reflux disease
CLM6422,R50.9,Fever
CLM6423,I50.9,Heart failure
CLM6423,I10,Essential hypertension
CLM6424,J45.909,Asthma
CLM6425,R50.9,Fever
CLM6425,J45.909,Asthma
CLM6426,D64.9,Anemia
CLM6427,J45.909,Asthma
CLM6428,F90.0,ADHD
CLM6428,F43.10,Post-traumatic stress disorder
CLM6429,I10,Essential hypertension
CLM6429,I25.10,Coronary artery disease
CLM6429,I48.91,Atrial fibrillation
CLM6430,E78.5,Hyperlipidemia
CLM6431,K21.9,Gastroesophageal reflux disease
CLM6431,D64.9,Anemia
CLM6432,L70.0,Acne vulgaris
CLM6433,S83.511A,ACL sprain of right knee
CLM6434,K21.9,Gastroesophageal reflux disease
CLM6435,K21.9,Gastroesophageal reflux disease
CLM6436,N18.3,Chronic kidney disease stage 3
CLM6437,J10.1,Influenza with pneumonia
CLM6438,I25.10,Coronary artery disease
CLM6439,F43.10,Post-traumatic stress disorder
CLM6439,F31.9,Bipolar disorder
CLM6440,E11.9,Type 2 diabetes mellitus
CLM6440,F41.1,Generalized anxiety disorder
CLM6441,C61,Prostate cancer
CLM6441,C50.911,Breast cancer
CLM6442,F41.1,Generalized anxiety disorder
CLM6442,F32.9,Major depressive disorder
CLM6443,L70.0,Acne vulgaris
CLM6443,L30.9,Dermatitis
CLM6444,K21.9,Gastroesophageal reflux disease
CLM6444,E11.9,Type 2 diabetes mellitus
CLM6445,Z34.90,Normal pregnancy supervision
CLM6445,N92.0,Heavy menstrual bleeding
CLM6446,Z00.00,Routine adult health exam
CLM6446,K21.9,Gastroesophageal reflux disease
CLM6446,E03.9,Hypothyroidism
CLM6447,Z00.00,Routine adult health exam
CLM6448,N18.3,Chronic kidney disease stage 3
CLM6449,R55,Syncope
CLM6450,E78.5,Hyperlipidemia
CLM6451,R10.9,Abdominal pain
CLM6452,I25.10,Coronary artery disease
CLM6453,M54.5,Low back pain
CLM6454,S52.501A,Fracture of radius
CLM6454,R10.9,Abdominal pain
CLM6455,E03.9,Hypothyroidism
CLM6456,D64.9,Anemia
CLM6456,E03.9,Hypothyroidism
CLM6457,I10,Essential hypertension
CLM6458,S83.511A,ACL sprain of right knee
CLM6459,D64.9,Anemia
CLM6459,K21.9,Gastroesophageal reflux disease
CLM6460,N18.3,Chronic kidney disease stage 3
CLM6460,K21.9,Gastroesophageal reflux disease
CLM6460,D64.9,Anemia
CLM6461,R55,Syncope
CLM6462,C34.90,Lung cancer
CLM6463,E11.9,Type 2 diabetes mellitus
CLM6464,H66.90,Otitis media
CLM6465,R55,Syncope
CLM6466,F31.9,Bipolar disorder
CLM6466,F32.9,Major depressive disorder
CLM6466,F41.1,Generalized anxiety disorder
CLM6467,I50.9,Heart failure
CLM6468,I50.9,Heart failure
CLM6468,R07.9,Chest pain
CLM6469,R10.9,Abdominal pain
CLM6470,N39.0,UTI
CLM6471,E78.5,Hyperlipidemia
CLM6471,I10,Essential hypertension
CLM6472,H66.90,Otitis media
CLM6473,E03.9,Hypothyroidism
CLM6474,E78.5,Hyperlipidemia
CLM6475,J18.9,Pneumonia
CLM6475,G47.33,Obstructive sleep apnea
CLM6476,E03.9,Hypothyroidism
CLM6477,D22.9,Melanocytic nevus
CLM6478,F32.9,Major depressive disorder
CLM6478,F31.9,Bipolar disorder
CLM6479,E78.5,Hyperlipidemia
CLM6479,I50.9,Heart failure
CLM6480,N18.3,Chronic kidney disease stage 3
CLM6481,F31.9,Bipolar disorder
CLM6482,N39.0,UTI
CLM6482,J20.9,Acute bronchitis
CLM6482,Z00.00,Routine adult health exam
CLM6483,I25.10,Coronary artery disease
CLM6483,E78.5,Hyperlipidemia
CLM6484,J06.9,Upper respiratory infection
CLM6485,F31.9,Bipolar disorder
CLM6485,F32.9,Major depressive disorder
CLM6485,F90.0,ADHD
CLM6486,E66.9,Obesity
CLM6487,K21.9,Gastroesophageal reflux disease
CLM6488,I10,Essential hypertension
CLM6488,E78.5,Hyperlipidemia
CLM6488,I50.9,Heart failure
CLM6489,J45.909,Asthma
CLM6489,H66.90,Otitis media
CLM6490,K21.9,Gastroesophageal reflux disease
CLM6491,I25.10,Coronary artery disease
CLM6491,I10,Essential hypertension
CLM6492,R07.9,Chest pain
CLM6492,E78.5,Hyperlipidemia
CLM6492,I50.9,Heart failure
CLM6493,J18.9,Pneumonia
CLM6493,S06.0X0A,Concussion
CLM6494,M54.5,Low back pain
CLM6494,E11.9,Type 2 diabetes mellitus
CLM6495,R55,Syncope
CLM6496,S83.511A,ACL sprain of right knee
CLM6496,M54.5,Low back pain
CLM6497,L20.9,Atopic dermatitis
CLM6498,R10.9,Abdominal pain
CLM6499,J18.9,Pneumonia
CLM6499,J45.909,Asthma
CLM6500,K21.9,Gastroesophageal reflux disease
CLM6501,E05.90,Hyperthyroidism
CLM6502,J45.909,Asthma
CLM6502,Z00.129,Routine child health exam
CLM6503,N80.9,Endometriosis
CLM6503,Z34.90,Normal pregnancy supervision
CLM6504,H66.90,Otitis media
CLM6504,L20.9,Atopic dermatitis
CLM6505,K21.9,Gastroesophageal reflux disease
CLM6506,Z00.129,Routine child health exam
CLM6507,I10,Essential hypertension
CLM6508,N18.3,Chronic kidney disease stage 3
CLM6509,F32.9,Major depressive disorder
CLM6509,F43.10,Post-traumatic stress disorder
CLM6510,I10,Essential hypertension
CLM6510,J06.9,Upper respiratory infection
CLM6510,Z00.00,Routine adult health exam
CLM6511,J18.9,Pneumonia
CLM6511,J45.909,Asthma
CLM6511,G47.33,Obstructive sleep apnea
CLM6512,J10.1,Influenza with pneumonia
CLM6512,E78.5,Hyperlipidemia
CLM6513,N18.3,Chronic kidney disease stage 3
CLM6514,M54.5,Low back pain
CLM6515,N18.3,Chronic kidney disease stage 3
CLM6515,E11.9,Type 2 diabetes mellitus
CLM6516,E03.9,Hypothyroidism
CLM6517,S06.0X0A,Concussion
CLM6518,L20.9,Atopic dermatitis
CLM6519,Z34.90,Normal pregnancy supervision
CLM6519,N80.9,Endometriosis
CLM6519,Z01.419,Routine gynecological exam
CLM6520,E78.5,Hyperlipidemia
CLM6521,E78.5,Hyperlipidemia
CLM6522,D64.9,Anemia
CLM6523,S52.501A,Fracture of radius
CLM6524,M54.5,Low back pain
CLM6525,G47.33,Obstructive sleep apnea
CLM6526,E11.9,Type 2 diabetes mellitus
CLM6526,I10,Essential hypertension
CLM6526,F41.1,Generalized anxiety disorder
CLM6527,E78.5,Hyperlipidemia
CLM6528,R07.9,Chest pain
CLM6529,R55,Syncope
CLM6530,M17.11,Osteoarthritis of right knee
CLM6530,M54.5,Low back pain
CLM6531,J45.909,Asthma
CLM6532,M54.5,Low back pain
CLM6533,E03.9,Hypothyroidism
CLM6534,J18.9,Pneumonia
CLM6535,F90.0,ADHD
CLM6535,F41.1,Generalized anxiety disorder
CLM6535,F43.10,Post-traumatic stress disorder
CLM6536,J06.9,Upper respiratory infection
CLM6537,L57.0,Actinic keratosis
CLM6538,F41.1,Generalized anxiety disorder
CLM6539,R10.9,Abdominal pain
CLM6539,R07.9,Chest pain
CLM6539,R55,Syncope
CLM6540,L30.9,Dermatitis
CLM6541,Z01.419,Routine gynecological exam
CLM6541,N80.9,Endometriosis
CLM6542,I10,Essential hypertension
CLM6542,Z00.00,Routine adult health exam
CLM6543,J18.9,Pneumonia
CLM6543,J45.909,Asthma
CLM6544,D64.9,Anemia
CLM6545,Z34.90,Normal pregnancy supervision
CLM6545,O24.410,Gestational diabetes
CLM6545,Z01.419,Routine gynecological exam
CLM6546,R55,Syncope
CLM6546,R07.9,Chest pain
CLM6547,M54.5,Low back pain
CLM6548,J45.909,Asthma
CLM6548,J18.9,Pneumonia
CLM6549,E78.5,Hyperlipidemia
CLM6549,J20.9,Acute bronchitis
CLM6550,M54.5,Low back pain
CLM6551,J02.0,Streptococcal pharyngitis
CLM6552,R55,Syncope
CLM6553,S83.511A,ACL sprain of right knee
CLM6554,Z34.90,Normal pregnancy supervision
CLM6555,E03.9,Hypothyroidism
CLM6556,F43.10,Post-traumatic stress disorder
CLM6557,E66.9,Obesity
CLM6558,L30.9,Dermatitis
CLM6559,I48.91,Atrial fibrillation
CLM6559,I10,Essential hypertension
CLM6560,I50.9,Heart failure
CLM6561,D64.9,Anemia
CLM6561,E11.9,Type 2 diabetes mellitus
CLM6562,I48.91,Atrial fibrillation
CLM6563,Z00.00,Routine adult health exam
CLM6563,N39.0,UTI
CLM6564,F31.9,Bipolar disorder
CLM6564,F43.10,Post-traumatic stress disorder
CLM6565,F41.1,Generalized anxiety disorder
CLM6566,I10,Essential hypertension
CLM6567,J45.909,Asthma
CLM6568,E78.5,Hyperlipidemia
CLM6569,M54.5,Low back pain
CLM6569,N39.0,UTI
CLM6570,I10,Essential hypertension
CLM6571,E78.5,Hyperlipidemia
CLM6572,I10,Essential hypertension
CLM6572,I25.10,Coronary artery disease
CLM6572,I50.9,Heart failure
CLM6573,J20.9,Acute bronchitis
CLM6574,J45.909,Asthma
CLM6575,L57.0,Actinic keratosis
CLM6576,E03.9,Hypothyroidism
CLM6577,I10,Essential hypertension
CLM6577,E03.9,Hypothyroidism
CLM6578,J45.909,Asthma
CLM6578,J02.0,Streptococcal pharyngitis
CLM6578,R50.9,Fever
CLM6579,Z00.00,Routine adult health exam
CLM6580,J20.9,Acute bronchitis
CLM6581,E66.9,Obesity
CLM6581,E11.9,Type 2 diabetes mellitus
CLM6582,E11.9,Type 2 diabetes mellitus
CLM6583,S06.0X0A,Concussion
CLM6583,R07.9,Chest pain
CLM6584,Z00.00,Routine adult health exam
CLM6585,M54.5,Low back pain
CLM6586,S83.511A,ACL sprain of right knee
CLM6587,E05.90,Hyperthyroidism
CLM6587,E11.65,Type 2 diabetes with hyperglycemia
CLM6588,M17.11,Osteoarthritis of right knee
CLM6588,M25.561,Pain in right knee
CLM6589,D64.9,Anemia
CLM6590,G47.33,Obstructive sleep apnea
CLM6590,J45.909,Asthma
CLM6591,R07.9,Chest pain
CLM6592,L20.9,Atopic dermatitis
CLM6593,I25.10,Coronary artery disease
CLM6593,I10,Essential hypertension
CLM6593,R07.9,Chest pain
CLM6594,Z01.419,Routine gynecological exam
CLM6595,S52.501A,Fracture of radius
CLM6595,S06.0X0A,Concussion
CLM6596,D64.9,Anemia
CLM6597,D64.9,Anemia
CLM6598,E78.5,Hyperlipidemia
CLM6598,I48.91,Atrial fibrillation
CLM6599,D64.9,Anemia
CLM6599,E03.9,Hypothyroidism
CLM6600,E78.5,Hyperlipidemia
CLM6600,J10.1,Influenza with pneumonia
CLM6601,E78.5,Hyperlipidemia
CLM6602,K21.9,Gastroesophageal reflux disease
CLM6603,F32.9,Major depressive disorder
CLM6604,J02.0,Streptococcal pharyngitis
CLM6605,J02.0,Streptococcal pharyngitis
CLM6605,Z00.129,Routine child health exam
CLM6606,Z00.00,Routine adult health exam
CLM6606,E11.9,Type 2 diabetes mellitus
CLM6607,F32.9,Major depressive disorder
CLM6608,E03.9,Hypothyroidism
CLM6609,O24.410,Gestational diabetes
CLM6609,Z34.90,Normal pregnancy supervision
CLM6610,Z00.00,Routine adult health exam
CLM6611,S06.0X0A,Concussion
CLM6612,E78.5,Hyperlipidemia
CLM6613,R07.9,Chest pain
CLM6614,Z01.419,Routine gynecological exam
CLM6615,O24.410,Gestational diabetes
CLM6616,M75.101,Rotator cuff tear
CLM6617,M54.5,Low back pain
CLM6618,I10,Essential hypertension
CLM6619,R55,Syncope
CLM6620,C34.90,Lung cancer
CLM6620,Z51.11,Encounter for chemotherapy
CLM6620,C61,Prostate cancer
CLM6621,E11.65,Type 2 diabetes with hyperglycemia
CLM6622,S83.511A,ACL sprain of right knee
CLM6622,M75.101,Rotator cuff tear
CLM6623,Z34.90,Normal pregnancy supervision
CLM6624,S06.0X0A,Concussion
CLM6624,S52.501A,Fracture of radius
CLM6625,R10.9,Abdominal pain
CLM6625,S52.501A,Fracture of radius
CLM6626,I10,Essential hypertension
CLM6627,M17.11,Osteoarthritis of right knee
CLM6628,R50.9,Fever
CLM6628,J45.909,Asthma
CLM6629,E11.65,Type 2 diabetes with hyperglycemia
CLM6630,I10,Essential hypertension
CLM6631,I10,Essential hypertension
CLM6632,J06.9,Upper respiratory infection
CLM6633,I48.91,Atrial fibrillation
CLM6634,E78.5,Hyperlipidemia
CLM6635,J06.9,Upper respiratory infection
CLM6636,E78.5,Hyperlipidemia
CLM6637,J44.9,COPD
CLM6638,N80.9,Endometriosis
CLM6639,E78.5,Hyperlipidemia
CLM6640,D64.9,Anemia
CLM6641,N80.9,Endometriosis
CLM6642,J06.9,Upper respiratory infection
CLM6643,E78.5,Hyperlipidemia
CLM6644,E03.9,Hypothyroidism
CLM6645,S52.501A,Fracture of radius
CLM6645,S06.0X0A,Concussion
CLM6646,E78.5,Hyperlipidemia
CLM6647,J02.0,Streptococcal pharyngitis
CLM6648,I25.10,Coronary artery disease
CLM6649,H66.90,Otitis media
CLM6649,J06.9,Upper respiratory infection
CLM6649,Z00.129,Routine child health exam
CLM6650,S52.501A,Fracture of radius
CLM6650,S06.0X0A,Concussion
CLM6651,I50.9,Heart failure
CLM6652,J20.9,Acute bronchitis
CLM6653,J10.1,Influenza with pneumonia
CLM6654,R07.9,Chest pain
CLM6655,C34.90,Lung cancer
CLM6656,L30.9,Dermatitis
CLM6656,D22.9,Melanocytic nevus
CLM6657,Z01.419,Routine gynecological exam
CLM6658,R07.9,Chest pain
CLM6659,R10.9,Abdominal pain
CLM6659,S52.501A,Fracture of radius
CLM6660,G47.33,Obstructive sleep apnea
CLM6661,M54.5,Low back pain
CLM6662,M75.101,Rotator cuff tear
CLM6662,M25.561,Pain in right knee
CLM6662,M17.11,Osteoarthritis of right knee
CLM6663,E78.5,Hyperlipidemia
CLM6663,Z00.00,Routine adult health exam
CLM6664,F41.1,Generalized anxiety disorder
CLM6665,M17.11,Osteoarthritis of right knee
CLM6666,E11.9,Type 2 diabetes mellitus
CLM6667,D64.9,Anemia
CLM6668,E11.9,Type 2 diabetes mellitus
CLM6669,D64.9,Anemia
CLM6670,E03.9,Hypothyroidism
CLM6671,I48.91,Atrial fibrillation
CLM6671,I25.10,Coronary artery disease
CLM6671,I50.9,Heart failure
CLM6672,F41.1,Generalized anxiety disorder
CLM6673,R55,Syncope
CLM6673,R07.9,Chest pain
CLM6674,L20.9,Atopic dermatitis
CLM6674,J06.9,Upper respiratory infection
CLM6675,L30.9,Dermatitis
CLM6676,J10.1,Influenza with pneumonia
CLM6677,I50.9,Heart failure
CLM6678,I10,Essential hypertension
CLM6678,E78.5,Hyperlipidemia
CLM6678,F41.1,Generalized anxiety disorder
CLM6679,E11.65,Type 2 diabetes with hyperglycemia
CLM6680,S06.0X0A,Concussion
CLM6680,R55,Syncope
CLM6681,E78.5,Hyperlipidemia
CLM6682,R10.9,Abdominal pain
CLM6682,R07.9,Chest pain
CLM6682,S52.501A,Fracture of radius
CLM6683,R55,Syncope
CLM6683,R07.9,Chest pain
CLM6684,C34.90,Lung cancer
CLM6685,H66.90,Otitis media
CLM6686,E78.5,Hyperlipidemia
CLM6686,E11.9,Type 2 diabetes mellitus
CLM6687,M54.5,Low back pain
CLM6688,I10,Essential hypertension
CLM6689,Z00.00,Routine adult health exam
CLM6690,J44.9,COPD
CLM6691,H66.90,Otitis media
CLM6692,Z00.00,Routine adult health exam
CLM6692,E11.9,Type 2 diabetes mellitus
CLM6693,I10,Essential hypertension
CLM6694,F43.10,Post-traumatic stress disorder
CLM6695,J45.909,Asthma
CLM6695,G47.33,Obstructive sleep apnea
CLM6695,J44.9,COPD
CLM6696,J10.1,Influenza with pneumonia
CLM6696,E11.9,Type 2 diabetes mellitus
CLM6697,N18.3,Chronic kidney disease stage 3
CLM6698,L40.0,Psoriasis
CLM6698,L30.9,Dermatitis
CLM6699,F41.1,Generalized anxiety disorder
CLM6700,E78.5,Hyperlipidemia
CLM6700,F41.1,Generalized anxiety disorder
CLM6700,N39.0,UTI
CLM6701,M54.5,Low back pain
CLM6701,F41.1,Generalized anxiety disorder
CLM6701,E11.9,Type 2 diabetes mellitus
CLM6702,H66.90,Otitis media
CLM6703,D64.9,Anemia
CLM6703,Z00.00,Routine adult health exam
CLM6704,I10,Essential hypertension
CLM6704,E03.9,Hypothyroidism
CLM6705,J20.9,Acute bronchitis
CLM6706,E11.9,Type 2 diabetes mellitus
CLM6707,E78.5,Hyperlipidemia
CLM6707,Z00.00,Routine adult health exam
CLM6707,E03.9,Hypothyroidism
CLM6708,F31.9,Bipolar disorder
CLM6708,F41.1,Generalized anxiety disorder
CLM6708,F43.10,Post-traumatic stress disorder
CLM6709,E03.9,Hypothyroidism
CLM6710,J45.909,Asthma
CLM6711,G47.33,Obstructive sleep apnea
CLM6712,I48.91,Atrial fibrillation
CLM6712,I25.10,Coronary artery disease
CLM6712,R07.9,Chest pain
CLM6713,R55,Syncope
CLM6713,J18.9,Pneumonia
CLM6714,R07.9,Chest pain
CLM6714,I10,Essential hypertension
CLM6715,J10.1,Influenza with pneumonia
CLM6715,N39.0,UTI
CLM6715,E78.5,Hyperlipidemia
CLM6716,I10,Essential hypertension
CLM6716,R07.9,Chest pain
CLM6717,M54.5,Low back pain
CLM6717,E78.5,Hyperlipidemia
CLM6718,J06.9,Upper respiratory infection
CLM6719,F32.9,Major depressive disorder
CLM6720,Z51.11,Encounter for chemotherapy
CLM6721,E78.5,Hyperlipidemia
CLM6722,J18.9,Pneumonia
CLM6723,J45.909,Asthma
CLM6724,J10.1,Influenza with pneumonia
CLM6724,F41.1,Generalized anxiety disorder
CLM6724,E11.9,Type 2 diabetes mellitus
CLM6725,Z00.00,Routine adult health exam
CLM6725,J20.9,Acute bronchitis
CLM6726,J18.9,Pneumonia
CLM6726,J44.9,COPD
CLM6727,D22.9,Melanocytic nevus
CLM6728,E11.9,Type 2 diabetes mellitus
CLM6729,E03.9,Hypothyroidism
CLM6729,Z00.00,Routine adult health exam
CLM6729,E11.9,Type 2 diabetes mellitus
CLM6730,D64.9,Anemia
CLM6731,Z00.129,Routine child health exam
CLM6731,J02.0,Streptococcal pharyngitis
CLM6731,R50.9,Fever
CLM6732,J06.9,Upper respiratory infection
CLM6732,L20.9,Atopic dermatitis
CLM6733,I10,Essential hypertension
CLM6734,R07.9,Chest pain
CLM6734,I25.10,Coronary artery disease
CLM6735,L57.0,Actinic keratosis
CLM6736,J06.9,Upper respiratory infection
CLM6737,O24.410,Gestational diabetes
CLM6738,R07.9,Chest pain
CLM6738,R10.9,Abdominal pain
CLM6739,L40.0,Psoriasis
CLM6740,E03.9,Hypothyroidism
CLM6741,R10.9,Abdominal pain
CLM6742,N18.3,Chronic kidney disease stage 3
CLM6743,S06.0X0A,Concussion
CLM6744,M25.561,Pain in right knee
CLM6745,N18.3,Chronic kidney disease stage 3
CLM6746,L70.0,Acne vulgaris
CLM6746,L57.0,Actinic keratosis
CLM6747,E78.5,Hyperlipidemia
CLM6748,F32.9,Major depressive disorder
CLM6748,F31.9,Bipolar disorder
CLM6749,C18.9,Colon cancer
CLM6749,C34.90,Lung cancer
CLM6749,Z51.11,Encounter for chemotherapy
CLM6750,D64.9,Anemia
CLM6750,K21.9,Gastroesophageal reflux disease
CLM6751,G47.33,Obstructive sleep apnea
CLM6751,J18.9,Pneumonia
CLM6752,F90.0,ADHD
CLM6752,F41.1,Generalized anxiety disorder
CLM6753,D64.9,Anemia
CLM6754,J20.9,Acute bronchitis
CLM6754,F41.1,Generalized anxiety disorder
CLM6755,H66.90,Otitis media
CLM6755,R50.9,Fever
CLM6755,L20.9,Atopic dermatitis
CLM6756,E03.9,Hypothyroidism
CLM6757,S83.511A,ACL sprain of right knee
CLM6757,M17.11,Osteoarthritis of right knee
CLM6758,N39.0,UTI
CLM6759,I10,Essential hypertension
CLM6760,R50.9,Fever
CLM6760,J06.9,Upper respiratory infection
CLM6761,Z00.00,Routine adult health exam
CLM6761,J10.1,Influenza with pneumonia
CLM6762,I10,Essential hypertension
CLM6762,J06.9,Upper respiratory infection
CLM6763,D64.9,Anemia
CLM6763,E78.5,Hyperlipidemia
CLM6764,F31.9,Bipolar disorder
CLM6764,F90.0,ADHD
CLM6765,F90.0,ADHD
CLM6765,F43.10,Post-traumatic stress disorder
CLM6766,J45.909,Asthma
CLM6766,L20.9,Atopic dermatitis
CLM6766,H66.90,Otitis media
CLM6767,C50.911,Breast cancer
CLM6767,D64.9,Anemia
CLM6767,C34.90,Lung cancer
CLM6768,R07.9,Chest pain
CLM6769,N18.3,Chronic kidney disease stage 3
CLM6769,E03.9,Hypothyroidism
CLM6770,F31.9,Bipolar disorder
CLM6771,E78.5,Hyperlipidemia
CLM6772,R07.9,Chest pain
CLM6772,S52.501A,Fracture of radius
CLM6773,E03.9,Hypothyroidism
CLM6774,M25.561,Pain in right knee
CLM6775,E78.5,Hyperlipidemia
CLM6776,R10.9,Abdominal pain
CLM6777,N80.9,Endometriosis
CLM6777,N92.0,Heavy menstrual bleeding
CLM6777,O24.410,Gestational diabetes
CLM6778,F43.10,Post-traumatic stress disorder
CLM6778,F31.9,Bipolar disorder
CLM6779,N18.3,Chronic kidney disease stage 3
CLM6779,D64.9,Anemia
CLM6779,E11.9,Type 2 diabetes mellitus
CLM6780,J06.9,Upper respiratory infection
CLM6780,I10,Essential hypertension
CLM6780,J10.1,Influenza with pneumonia
CLM6781,J06.9,Upper respiratory infection
CLM6782,J44.9,COPD
CLM6783,Z00.00,Routine adult health exam
CLM6784,L30.9,Dermatitis
CLM6785,J44.9,COPD
CLM6785,J45.909,Asthma
CLM6785,J18.9,Pneumonia
CLM6786,S52.501A,Fracture of radius
CLM6786,R55,Syncope
CLM6787,J20.9,Acute bronchitis
CLM6787,E78.5,Hyperlipidemia
CLM6787,Z00.00,Routine adult health exam
CLM6788,M17.11,Osteoarthritis of right knee
CLM6789,E11.65,Type 2 diabetes with hyperglycemia
CLM6790,L70.0,Acne vulgaris
CLM6790,L40.0,Psoriasis
CLM6790,L57.0,Actinic keratosis
CLM6791,K21.9,Gastroesophageal reflux disease
CLM6791,E11.9,Type 2 diabetes mellitus
CLM6792,I48.91,Atrial fibrillation
CLM6792,E78.5,Hyperlipidemia
CLM6793,H66.90,Otitis media
CLM6794,N39.0,UTI
CLM6795,M75.101,Rotator cuff tear
CLM6795,S83.511A,ACL sprain of right knee
CLM6796,I25.10,Coronary artery disease
CLM6797,I50.9,Heart failure
CLM6797,I48.91,Atrial fibrillation
CLM6798,F41.1,Generalized anxiety disorder
CLM6799,O24.410,Gestational diabetes
CLM6800,M17.11,Osteoarthritis of right knee
CLM6801,J10.1,Influenza with pneumonia
CLM6801,E78.5,Hyperlipidemia
CLM6802,I10,Essential hypertension
CLM6802,E78.5,Hyperlipidemia
CLM6802,Z00.00,Routine adult health exam
CLM6803,J45.909,Asthma
CLM6803,J18.9,Pneumonia
CLM6804,I10,Essential hypertension
CLM6804,I48.91,Atrial fibrillation
CLM6805,R10.9,Abdominal pain
CLM6806,K21.9,Gastroesophageal reflux disease
CLM6806,D64.9,Anemia
CLM6807,R07.9,Chest pain
CLM6808,F31.9,Bipolar disorder
CLM6809,F43.10,Post-traumatic stress disorder
CLM6810,N18.3,Chronic kidney disease stage 3
CLM6811,Z01.419,Routine gynecological exam
CLM6812,J10.1,Influenza with pneumonia
CLM6813,E11.9,Type 2 diabetes mellitus
CLM6813,N18.3,Chronic kidney disease stage 3
CLM6814,I10,Essential hypertension
CLM6815,I25.10,Coronary artery disease
CLM6815,I50.9,Heart failure
CLM6815,I10,Essential hypertension
CLM6816,S83.511A,ACL sprain of right knee
CLM6817,S06.0X0A,Concussion
CLM6818,G47.33,Obstructive sleep apnea
CLM6818,J45.909,Asthma
CLM6819,S06.0X0A,Concussion
CLM6820,J06.9,Upper respiratory infection
CLM6820,N39.0,UTI
CLM6821,E11.9,Type 2 diabetes mellitus
CLM6821,I10,Essential hypertension
CLM6822,I25.10,Coronary artery disease
CLM6823,E78.5,Hyperlipidemia
CLM6823,I10,Essential hypertension
CLM6824,R10.9,Abdominal pain
CLM6825,F41.1,Generalized anxiety disorder
CLM6826,J45.909,Asthma
CLM6827,S83.511A,ACL sprain of right knee
CLM6828,E78.5,Hyperlipidemia
CLM6828,I10,Essential hypertension
CLM6829,L57.0,Actinic keratosis
CLM6829,L30.9,Dermatitis
CLM6829,L40.0,Psoriasis
CLM6830,J20.9,Acute bronchitis
CLM6830,I10,Essential hypertension
CLM6831,G47.33,Obstructive sleep apnea
CLM6831,J45.909,Asthma
CLM6832,Z00.00,Routine adult health exam
CLM6832,E78.5,Hyperlipidemia
CLM6833,J20.9,Acute bronchitis
CLM6833,M54.5,Low back pain
CLM6834,E03.9,Hypothyroidism
CLM6835,F90.0,ADHD
CLM6836,L57.0,Actinic keratosis
CLM6836,L30.9,Dermatitis
CLM6837,E11.9,Type 2 diabetes mellitus
CLM6838,R07.9,Chest pain
CLM6838,R55,Syncope
CLM6838,R10.9,Abdominal pain
CLM6839,J20.9,Acute bronchitis
CLM6840,I25.10,Coronary artery disease
CLM6840,I50.9,Heart failure
CLM6841,Z00.00,Routine adult health exam
CLM6842,S06.0X0A,Concussion
CLM6843,I10,Essential hypertension
CLM6844,J20.9,Acute bronchitis
CLM6845,I10,Essential hypertension
CLM6846,F41.1,Generalized anxiety disorder
CLM6846,J06.9,Upper respiratory infection
CLM6847,I10,Essential hypertension
CLM6848,R07.9,Chest pain
CLM6848,I48.91,Atrial fibrillation
CLM6849,F41.1,Generalized anxiety disorder
CLM6850,I10,Essential hypertension
CLM6851,M54.5,Low back pain
CLM6852,S52.501A,Fracture of radius
CLM6852,R10.9,Abdominal pain
CLM6853,Z00.00,Routine adult health exam
CLM6853,E11.9,Type 2 diabetes mellitus
CLM6854,J06.9,Upper respiratory infection
CLM6854,E11.9,Type 2 diabetes mellitus
CLM6855,I50.9,Heart failure
CLM6856,M75.101,Rotator cuff tear
CLM6856,M54.5,Low back pain
CLM6857,I10,Essential hypertension
CLM6858,D64.9,Anemia
CLM6858,Z00.00,Routine adult health exam
CLM6859,F41.1,Generalized anxiety disorder
CLM6859,M54.5,Low back pain
CLM6860,I10,Essential hypertension
CLM6861,E11.9,Type 2 diabetes mellitus
CLM6862,J44.9,COPD
CLM6863,K21.9,Gastroesophageal reflux disease
CLM6863,I10,Essential hypertension
CLM6864,D64.9,Anemia
CLM6865,L40.0,Psoriasis
CLM6866,E03.9,Hypothyroidism
CLM6866,I10,Essential hypertension
CLM6867,D64.9,Anemia
CLM6868,R07.9,Chest pain
CLM6869,E05.90,Hyperthyroidism
CLM6869,E03.9,Hypothyroidism
CLM6870,R07.9,Chest pain
CLM6870,R55,Syncope
CLM6871,I10,Essential hypertension
CLM6871,Z00.00,Routine adult health exam
CLM6872,H66.90,Otitis media
CLM6872,J02.0,Streptococcal pharyngitis
CLM6873,J10.1,Influenza with pneumonia
CLM6873,M54.5,Low back pain
CLM6873,Z00.00,Routine adult health exam
CLM6874,K21.9,Gastroesophageal reflux disease
CLM6874,I10,Essential hypertension
CLM6875,N18.3,Chronic kidney disease stage 3
CLM6876,E11.9,Type 2 diabetes mellitus
CLM6877,C50.911,Breast cancer
CLM6877,C18.9,Colon cancer
CLM6878,C34.90,Lung cancer
CLM6878,C18.9,Colon cancer
CLM6879,L70.0,Acne vulgaris
CLM6880,J02.0,Streptococcal pharyngitis
CLM6881,M54.5,Low back pain
CLM6882,D22.9,Melanocytic nevus
CLM6882,L57.0,Actinic keratosis
CLM6882,L30.9,Dermatitis
CLM6883,L57.0,Actinic keratosis
CLM6883,L30.9,Dermatitis
CLM6884,J06.9,Upper respiratory infection
CLM6885,E11.9,Type 2 diabetes mellitus
CLM6886,I50.9,Heart failure
CLM6887,R07.9,Chest pain
CLM6888,L57.0,Actinic keratosis
CLM6888,D22.9,Melanocytic nevus
CLM6888,L30.9,Dermatitis
CLM6889,M17.11,Osteoarthritis of right knee
CLM6890,I50.9,Heart failure
CLM6890,I48.91,Atrial fibrillation
CLM6890,R07.9,Chest pain
CLM6891,L20.9,Atopic dermatitis
CLM6892,N39.0,UTI
CLM6892,E78.5,Hyperlipidemia
CLM6893,R50.9,Fever
CLM6894,O24.410,Gestational diabetes
CLM6895,L57.0,Actinic keratosis
CLM6895,L30.9,Dermatitis
CLM6896,I48.91,Atrial fibrillation
CLM6896,E78.5,Hyperlipidemia
CLM6897,R07.9,Chest pain
CLM6897,R10.9,Abdominal pain
CLM6898,J10.1,Influenza with pneumonia
CLM6899,E03.9,Hypothyroidism
CLM6900,D64.9,Anemia
CLM6901,I10,Essential hypertension
CLM6902,Z00.00,Routine adult health exam
CLM6902,E03.9,Hypothyroidism
CLM6903,F41.1,Generalized anxiety disorder
CLM6903,F31.9,Bipolar disorder
CLM6904,C34.90,Lung cancer
CLM6904,C50.911,Breast cancer
CLM6905,K21.9,Gastroesophageal reflux disease
CLM6906,E11.9,Type 2 diabetes mellitus
CLM6907,F41.1,Generalized anxiety disorder
CLM6907,F32.9,Major depressive disorder
CLM6907,F90.0,ADHD
CLM6908,L20.9,Atopic dermatitis
CLM6908,H66.90,Otitis media
CLM6908,J02.0,Streptococcal pharyngitis
CLM6909,J45.909,Asthma
CLM6910,E78.5,Hyperlipidemia
CLM6911,S83.511A,ACL sprain of right knee
CLM6912,F31.9,Bipolar disorder
CLM6912,F32.9,Major depressive disorder
CLM6913,D64.9,Anemia
CLM6914,E11.9,Type 2 diabetes mellitus
CLM6914,J20.9,Acute bronchitis
CLM6915,J06.9,Upper respiratory infection
CLM6915,J45.909,Asthma
CLM6916,J06.9,Upper respiratory infection
CLM6916,I10,Essential hypertension
CLM6917,L20.9,Atopic dermatitis
CLM6918,I25.10,Coronary artery disease
CLM6919,S52.501A,Fracture of radius
CLM6920,J02.0,Streptococcal pharyngitis
CLM6921,I10,Essential hypertension
CLM6921,E78.5,Hyperlipidemia
CLM6921,J06.9,Upper respiratory infection
CLM6922,C18.9,Colon cancer
CLM6922,Z51.11,Encounter for chemotherapy
CLM6922,D64.9,Anemia
CLM6923,D64.9,Anemia
CLM6923,I10,Essential hypertension
CLM6924,E11.9,Type 2 diabetes mellitus
CLM6924,F41.1,Generalized anxiety disorder
CLM6925,M17.11,Osteoarthritis of right knee
CLM6926,E11.9,Type 2 diabetes mellitus
CLM6927,M25.561,Pain in right knee
CLM6928,R07.9,Chest pain
CLM6929,I50.9,Heart failure
CLM6929,E78.5,Hyperlipidemia
CLM6930,K21.9,Gastroesophageal reflux disease
CLM6931,F41.1,Generalized anxiety disorder
CLM6931,F31.9,Bipolar disorder
CLM6932,I10,Essential hypertension
CLM6932,E03.9,Hypothyroidism
CLM6933,D22.9,Melanocytic nevus
CLM6933,L70.0,Acne vulgaris
CLM6933,L30.9,Dermatitis
CLM6934,J06.9,Upper respiratory infection
CLM6934,F41.1,Generalized anxiety disorder
CLM6935,I10,Essential hypertension
CLM6935,I48.91,Atrial fibrillation
CLM6936,M25.561,Pain in right knee
CLM6937,J45.909,Asthma
CLM6938,E78.5,Hyperlipidemia
CLM6939,E78.5,Hyperlipidemia
CLM6940,F41.1,Generalized anxiety disorder
CLM6940,I10,Essential hypertension
CLM6941,E78.5,Hyperlipidemia
CLM6942,E11.9,Type 2 diabetes mellitus
CLM6943,H66.90,Otitis media
CLM6944,R07.9,Chest pain
CLM6944,R55,Syncope
CLM6945,Z01.419,Routine gynecological exam
CLM6946,H66.90,Otitis media
CLM6946,J06.9,Upper respiratory infection
CLM6947,M54.5,Low back pain
CLM6948,K21.9,Gastroesophageal reflux disease
CLM6948,E11.9,Type 2 diabetes mellitus
CLM6949,J20.9,Acute bronchitis
CLM6950,Z00.129,Routine child health exam
CLM6951,I25.10,Coronary artery disease
CLM6952,E78.5,Hyperlipidemia
CLM6952,I10,Essential hypertension
CLM6953,M17.11,Osteoarthritis of right knee
CLM6954,M75.101,Rotator cuff tear
CLM6954,M25.561,Pain in right knee
CLM6955,O24.410,Gestational diabetes
CLM6956,J18.9,Pneumonia
CLM6957,L40.0,Psoriasis
CLM6958,K21.9,Gastroesophageal reflux disease
CLM6958,D64.9,Anemia
CLM6959,J18.9,Pneumonia
CLM6960,E11.65,Type 2 diabetes with hyperglycemia
CLM6961,J45.909,Asthma
CLM6962,I48.91,Atrial fibrillation
CLM6962,I10,Essential hypertension
CLM6963,E11.65,Type 2 diabetes with hyperglycemia
CLM6964,E11.9,Type 2 diabetes mellitus
CLM6964,F41.1,Generalized anxiety disorder
CLM6965,E11.9,Type 2 diabetes mellitus
CLM6966,C18.9,Colon cancer
CLM6966,C34.90,Lung cancer
CLM6967,Z00.00,Routine adult health exam
CLM6968,I48.91,Atrial fibrillation
CLM6968,I10,Essential hypertension
CLM6969,S83.511A,ACL sprain of right knee
CLM6969,M75.101,Rotator cuff tear
CLM6970,Z51.11,Encounter for chemotherapy
CLM6970,C50.911,Breast cancer
CLM6970,C18.9,Colon cancer
CLM6971,N39.0,UTI
CLM6972,S83.511A,ACL sprain of right knee
CLM6973,I48.91,Atrial fibrillation
CLM6973,I50.9,Heart failure
CLM6974,O24.410,Gestational diabetes
CLM6975,K21.9,Gastroesophageal reflux disease
CLM6975,N18.3,Chronic kidney disease stage 3
CLM6976,N39.0,UTI
CLM6977,N39.0,UTI
CLM6977,M54.5,Low back pain
CLM6978,F43.10,Post-traumatic stress disorder
CLM6979,J10.1,Influenza with pneumonia
CLM6979,E78.5,Hyperlipidemia
CLM6980,I48.91,Atrial fibrillation
CLM6981,Z51.11,Encounter for chemotherapy
CLM6981,C34.90,Lung cancer
CLM6981,C50.911,Breast cancer
CLM6982,R50.9,Fever
CLM6982,J02.0,Streptococcal pharyngitis
CLM6983,H66.90,Otitis media
CLM6984,R07.9,Chest pain
CLM6985,R07.9,Chest pain
CLM6985,S06.0X0A,Concussion
CLM6986,J20.9,Acute bronchitis
CLM6986,Z00.00,Routine adult health exam
CLM6986,E11.9,Type 2 diabetes mellitus
CLM6987,Z00.129,Routine child health exam
CLM6987,J02.0,Streptococcal pharyngitis
CLM6988,Z51.11,Encounter for chemotherapy
CLM6988,C50.911,Breast cancer
CLM6988,C61,Prostate cancer
CLM6989,C50.911,Breast cancer
CLM6990,I25.10,Coronary artery disease
CLM6991,N80.9,Endometriosis
CLM6991,N92.0,Heavy menstrual bleeding
CLM6992,M75.101,Rotator cuff tear
CLM6992,S83.511A,ACL sprain of right knee
CLM6993,Z00.00,Routine adult health exam
CLM6993,E11.9,Type 2 diabetes mellitus
CLM6994,Z00.00,Routine adult health exam
CLM6995,F90.0,ADHD
CLM6995,F32.9,Major depressive disorder
CLM6996,M54.5,Low back pain
CLM6997,K21.9,Gastroesophageal reflux disease
CLM6998,J06.9,Upper respiratory infection
CLM6998,J45.909,Asthma
CLM6999,E78.5,Hyperlipidemia
CLM7000,N39.0,UTI
CLM7000,J10.1,Influenza with pneumonia
CLM7001,D64.9,Anemia
CLM7001,N18.3,Chronic kidney disease stage 3
CLM7002,I10,Essential hypertension
CLM7003,I10,Essential hypertension
CLM7004,E03.9,Hypothyroidism
CLM7004,E05.90,Hyperthyroidism
CLM7004,E11.65,Type 2 diabetes with hyperglycemia
CLM7005,F90.0,ADHD
CLM7006,N39.0,UTI
CLM7007,F90.0,ADHD
CLM7008,R50.9,Fever
CLM7008,J45.909,Asthma
CLM7009,E78.5,Hyperlipidemia
CLM7009,I48.91,Atrial fibrillation
CLM7010,Z51.11,Encounter for chemotherapy
CLM7011,C50.911,Breast cancer
CLM7011,C61,Prostate cancer
CLM7012,I10,Essential hypertension
CLM7013,I10,Essential hypertension
CLM7013,K21.9,Gastroesophageal reflux disease
CLM7014,R55,Syncope
CLM7015,O24.410,Gestational diabetes
CLM7016,E78.5,Hyperlipidemia
CLM7016,I25.10,Coronary artery disease
CLM7017,F41.1,Generalized anxiety disorder
CLM7018,S52.501A,Fracture of radius
CLM7019,J06.9,Upper respiratory infection
CLM7019,M54.5,Low back pain
CLM7020,I48.91,Atrial fibrillation
CLM7021,L40.0,Psoriasis
CLM7022,K21.9,Gastroesophageal reflux disease
CLM7022,I10,Essential hypertension
CLM7023,Z51.11,Encounter for chemotherapy
CLM7023,D64.9,Anemia
CLM7023,C50.911,Breast cancer
CLM7024,S52.501A,Fracture of radius
CLM7025,I10,Essential hypertension
CLM7026,N80.9,Endometriosis
CLM7026,O24.410,Gestational diabetes
CLM7026,N92.0,Heavy menstrual bleeding
CLM7027,R50.9,Fever
CLM7027,J45.909,Asthma
CLM7028,N18.3,Chronic kidney disease stage 3
CLM7029,F41.1,Generalized anxiety disorder
CLM7029,E78.5,Hyperlipidemia
CLM7030,H66.90,Otitis media
CLM7031,L20.9,Atopic dermatitis
CLM7032,M25.561,Pain in right knee
CLM7033,I48.91,Atrial fibrillation
CLM7034,R50.9,Fever
CLM7034,J06.9,Upper respiratory infection
CLM7035,Z51.11,Encounter for chemotherapy
CLM7036,L70.0,Acne vulgaris
CLM7037,J20.9,Acute bronchitis
CLM7038,F41.1,Generalized anxiety disorder
CLM7039,R50.9,Fever
CLM7039,J45.909,Asthma
CLM7040,F41.1,Generalized anxiety disorder
CLM7040,E78.5,Hyperlipidemia
CLM7041,S52.501A,Fracture of radius
CLM7042,E03.9,Hypothyroidism
CLM7042,I10,Essential hypertension
CLM7043,M54.5,Low back pain
CLM7044,F41.1,Generalized anxiety disorder
CLM7045,F41.1,Generalized anxiety disorder
CLM7046,L57.0,Actinic keratosis
CLM7046,L30.9,Dermatitis
CLM7047,J10.1,Influenza with pneumonia
CLM7048,L30.9,Dermatitis
CLM7049,S52.501A,Fracture of radius
CLM7050,N92.0,Heavy menstrual bleeding
CLM7051,Z00.00,Routine adult health exam
CLM7051,N39.0,UTI
CLM7052,C18.9,Colon cancer
CLM7052,D64.9,Anemia
CLM7052,C61,Prostate cancer
CLM7053,J18.9,Pneumonia
CLM7054,F90.0,ADHD
CLM7054,F31.9,Bipolar disorder
CLM7054,F41.1,Generalized anxiety disorder
CLM7055,I10,Essential hypertension
CLM7056,Z51.11,Encounter for chemotherapy
CLM7056,C50.911,Breast cancer
CLM7057,Z00.00,Routine adult health exam
CLM7057,I10,Essential hypertension
CLM7058,N39.0,UTI
CLM7059,N18.3,Chronic kidney disease stage 3
CLM7060,I10,Essential hypertension
CLM7061,J10.1,Influenza with pneumonia
CLM7062,M54.5,Low back pain
CLM7062,M75.101,Rotator cuff tear
CLM7063,I25.10,Coronary artery disease
CLM7064,L20.9,Atopic dermatitis
CLM7064,Z00.129,Routine child health exam
CLM7065,C61,Prostate cancer
CLM7066,R10.9,Abdominal pain
CLM7067,R07.9,Chest pain
CLM7067,I48.91,Atrial fibrillation
CLM7068,I50.9,Heart failure
CLM7068,R07.9,Chest pain
CLM7069,E78.5,Hyperlipidemia
CLM7070,M25.561,Pain in right knee
CLM7070,M75.101,Rotator cuff tear
CLM7071,E78.5,Hyperlipidemia
CLM7072,Z00.00,Routine adult health exam
CLM7073,L30.9,Dermatitis
CLM7074,I10,Essential hypertension
CLM7075,J45.909,Asthma
CLM7076,I50.9,Heart failure
CLM7077,N18.3,Chronic kidney disease stage 3
CLM7077,D64.9,Anemia
CLM7078,S83.511A,ACL sprain of right knee
CLM7078,M75.101,Rotator cuff tear
CLM7079,J45.909,Asthma
CLM7080,F32.9,Major depressive disorder
CLM7080,F41.1,Generalized anxiety disorder
CLM7080,F90.0,ADHD
CLM7081,F41.1,Generalized anxiety disorder
CLM7081,E78.5,Hyperlipidemia
CLM7082,L40.0,Psoriasis
CLM7083,R10.9,Abdominal pain
CLM7083,S06.0X0A,Concussion
CLM7084,M54.5,Low back pain
CLM7085,L57.0,Actinic keratosis
CLM7085,L40.0,Psoriasis
CLM7086,Z00.00,Routine adult health exam
CLM7087,E11.65,Type 2 diabetes with hyperglycemia
CLM7088,K21.9,Gastroesophageal reflux disease
CLM7089,E11.9,Type 2 diabetes mellitus
CLM7090,S52.501A,Fracture of radius
CLM7090,S06.0X0A,Concussion
CLM7090,R55,Syncope
CLM7091,R07.9,Chest pain
CLM7092,J02.0,Streptococcal pharyngitis
CLM7092,J45.909,Asthma
CLM7092,H66.90,Otitis media
CLM7093,S06.0X0A,Concussion
CLM7094,F32.9,Major depressive disorder
CLM7094,F31.9,Bipolar disorder
CLM7095,E11.9,Type 2 diabetes mellitus
CLM7095,J06.9,Upper respiratory infection
CLM7096,E11.9,Type 2 diabetes mellitus
CLM7097,F90.0,ADHD
CLM7097,F43.10,Post-traumatic stress disorder
CLM7098,E78.5,Hyperlipidemia
CLM7099,E78.5,Hyperlipidemia
CLM7100,Z00.00,Routine adult health exam
CLM7101,J10.1,Influenza with pneumonia
CLM7101,Z00.00,Routine adult health exam
CLM7102,C50.911,Breast cancer
CLM7103,Z34.90,Normal pregnancy supervision
CLM7103,Z01.419,Routine gynecological exam
CLM7104,E11.9,Type 2 diabetes mellitus
CLM7104,F41.1,Generalized anxiety disorder
CLM7105,F32.9,Major depressive disorder
CLM7105,F90.0,ADHD
CLM7105,F31.9,Bipolar disorder
CLM7106,J45.909,Asthma
CLM7106,J44.9,COPD
CLM7107,C18.9,Colon cancer
CLM7108,E78.5,Hyperlipidemia
CLM7108,N39.0,UTI
CLM7109,J20.9,Acute bronchitis
CLM7110,I10,Essential hypertension
CLM7111,S06.0X0A,Concussion
CLM7112,L20.9,Atopic dermatitis
CLM7113,M75.101,Rotator cuff tear
CLM7114,E78.5,Hyperlipidemia
CLM7115,N18.3,Chronic kidney disease stage 3
CLM7116,J18.9,Pneumonia
CLM7116,J45.909,Asthma
CLM7117,Z00.00,Routine adult health exam
CLM7117,N18.3,Chronic kidney disease stage 3
CLM7118,F90.0,ADHD
CLM7118,F41.1,Generalized anxiety disorder
CLM7119,D64.9,Anemia
CLM7120,M54.5,Low back pain
CLM7120,S83.511A,ACL sprain of right knee
CLM7120,M17.11,Osteoarthritis of right knee
CLM7121,J18.9,Pneumonia
CLM7122,Z00.129,Routine child health exam
CLM7123,I10,Essential hypertension
CLM7124,N92.0,Heavy menstrual bleeding
CLM7124,Z34.90,Normal pregnancy supervision
CLM7125,L40.0,Psoriasis
CLM7126,D64.9,Anemia
CLM7127,I48.91,Atrial fibrillation
CLM7128,R07.9,Chest pain
CLM7129,I48.91,Atrial fibrillation
CLM7129,R07.9,Chest pain
CLM7130,F90.0,ADHD
CLM7130,F31.9,Bipolar disorder
CLM7131,F41.1,Generalized anxiety disorder
CLM7131,F32.9,Major depressive disorder
CLM7132,M75.101,Rotator cuff tear
CLM7133,I50.9,Heart failure
CLM7134,E11.9,Type 2 diabetes mellitus
CLM7135,I50.9,Heart failure
CLM7136,L30.9,Dermatitis
CLM7136,D22.9,Melanocytic nevus
CLM7137,L70.0,Acne vulgaris
CLM7138,Z00.00,Routine adult health exam
CLM7139,Z00.00,Routine adult health exam
CLM7139,E11.9,Type 2 diabetes mellitus
CLM7140,M25.561,Pain in right knee
CLM7140,M75.101,Rotator cuff tear
CLM7141,J45.909,Asthma
CLM7142,M54.5,Low back pain
CLM7142,F41.1,Generalized anxiety disorder
CLM7143,J20.9,Acute bronchitis
CLM7143,J06.9,Upper respiratory infection
CLM7143,I10,Essential hypertension
CLM7144,N18.3,Chronic kidney disease stage 3
CLM7145,J20.9,Acute bronchitis
CLM7146,R07.9,Chest pain
CLM7147,R07.9,Chest pain
CLM7148,J10.1,Influenza with pneumonia
CLM7149,E11.9,Type 2 diabetes mellitus
CLM7149,J06.9,Upper respiratory infection
CLM7149,F41.1,Generalized anxiety disorder
CLM7150,E05.90,Hyperthyroidism
CLM7151,J45.909,Asthma
CLM7152,E11.9,Type 2 diabetes mellitus
CLM7153,J06.9,Upper respiratory infection
CLM7154,I25.10,Coronary artery disease
CLM7155,I25.10,Coronary artery disease
CLM7156,I50.9,Heart failure
CLM7157,R07.9,Chest pain
CLM7158,M25.561,Pain in right knee
CLM7159,J10.1,Influenza with pneumonia
CLM7159,E11.9,Type 2 diabetes mellitus
CLM7160,J20.9,Acute bronchitis
CLM7161,F41.1,Generalized anxiety disorder
CLM7161,J10.1,Influenza with pneumonia
CLM7162,Z00.00,Routine adult health exam
CLM7162,E78.5,Hyperlipidemia
CLM7163,E78.5,Hyperlipidemia
CLM7164,J45.909,Asthma
CLM7165,I10,Essential hypertension
CLM7166,E78.5,Hyperlipidemia
CLM7167,M54.5,Low back pain
CLM7167,M25.561,Pain in right knee
CLM7168,M54.5,Low back pain
CLM7169,F41.1,Generalized anxiety disorder
CLM7169,F32.9,Major depressive disorder
CLM7170,L30.9,Dermatitis
CLM7170,L57.0,Actinic keratosis
CLM7171,R50.9,Fever
CLM7172,E78.5,Hyperlipidemia
CLM7172,I25.10,Coronary artery disease
CLM7173,I25.10,Coronary artery disease
CLM7174,E03.9,Hypothyroidism
CLM7174,E78.5,Hyperlipidemia
CLM7175,L30.9,Dermatitis
CLM7176,Z00.00,Routine adult health exam
CLM7176,D64.9,Anemia
CLM7177,S52.501A,Fracture of radius
CLM7178,M54.5,Low back pain
CLM7179,J20.9,Acute bronchitis
CLM7179,J06.9,Upper respiratory infection
CLM7179,E11.9,Type 2 diabetes mellitus
CLM7180,Z00.129,Routine child health exam
CLM7181,I10,Essential hypertension
CLM7181,J20.9,Acute bronchitis
CLM7182,R55,Syncope
CLM7183,E78.5,Hyperlipidemia
CLM7184,F41.1,Generalized anxiety disorder
CLM7185,N39.0,UTI
CLM7186,E78.5,Hyperlipidemia
CLM7187,L20.9,Atopic dermatitis
CLM7188,N18.3,Chronic kidney disease stage 3
CLM7188,K21.9,Gastroesophageal reflux disease
CLM7189,D22.9,Melanocytic nevus
CLM7190,E78.5,Hyperlipidemia
CLM7191,I10,Essential hypertension
CLM7191,N39.0,UTI
CLM7192,C34.90,Lung cancer
CLM7193,H66.90,Otitis media
CLM7193,J06.9,Upper respiratory infection
CLM7194,F41.1,Generalized anxiety disorder
CLM7195,I10,Essential hypertension
CLM7196,I25.10,Coronary artery disease
CLM7196,E78.5,Hyperlipidemia
CLM7197,K21.9,Gastroesophageal reflux disease
CLM7198,I48.91,Atrial fibrillation
CLM7199,J10.1,Influenza with pneumonia
CLM7200,E03.9,Hypothyroidism
CLM7200,Z00.00,Routine adult health exam
CLM7200,K21.9,Gastroesophageal reflux disease
CLM7201,N39.0,UTI
CLM7202,E11.9,Type 2 diabetes mellitus
CLM7202,E05.90,Hyperthyroidism
CLM7203,L30.9,Dermatitis
CLM7203,L40.0,Psoriasis
CLM7204,E66.9,Obesity
CLM7204,E11.65,Type 2 diabetes with hyperglycemia
CLM7204,E11.9,Type 2 diabetes mellitus
CLM7205,C61,Prostate cancer
CLM7206,M25.561,Pain in right knee
CLM7206,M75.101,Rotator cuff tear
CLM7206,S83.511A,ACL sprain of right knee
CLM7207,R07.9,Chest pain
CLM7208,I50.9,Heart failure
CLM7209,N39.0,UTI
CLM7210,S06.0X0A,Concussion
CLM7210,S52.501A,Fracture of radius
CLM7210,R55,Syncope
CLM7211,E11.9,Type 2 diabetes mellitus
CLM7212,D64.9,Anemia
CLM7213,I50.9,Heart failure
CLM7213,I10,Essential hypertension
CLM7213,I25.10,Coronary artery disease
CLM7214,E11.65,Type 2 diabetes with hyperglycemia
CLM7215,I10,Essential hypertension
CLM7216,I50.9,Heart failure
CLM7217,M54.5,Low back pain
CLM7218,N80.9,Endometriosis
CLM7219,F31.9,Bipolar disorder
CLM7219,F32.9,Major depressive disorder
CLM7220,M54.5,Low back pain
CLM7220,J06.9,Upper respiratory infection
CLM7220,J20.9,Acute bronchitis
CLM7221,K21.9,Gastroesophageal reflux disease
CLM7222,C50.911,Breast cancer
CLM7223,E78.5,Hyperlipidemia
CLM7224,C50.911,Breast cancer
CLM7224,D64.9,Anemia
CLM7225,F32.9,Major depressive disorder
CLM7225,F43.10,Post-traumatic stress disorder
CLM7226,J06.9,Upper respiratory infection
CLM7227,C61,Prostate cancer
CLM7228,I48.91,Atrial fibrillation
CLM7229,I48.91,Atrial fibrillation
CLM7229,E78.5,Hyperlipidemia
CLM7230,L57.0,Actinic keratosis
CLM7230,L30.9,Dermatitis
CLM7231,E78.5,Hyperlipidemia
CLM7231,E11.9,Type 2 diabetes mellitus
CLM7232,N39.0,UTI
CLM7232,J06.9,Upper respiratory infection
CLM7233,F31.9,Bipolar disorder
CLM7234,J10.1,Influenza with pneumonia
CLM7235,I25.10,Coronary artery disease
CLM7236,L20.9,Atopic dermatitis
CLM7237,L70.0,Acne vulgaris
CLM7238,M54.5,Low back pain
CLM7239,J10.1,Influenza with pneumonia
CLM7240,M54.5,Low back pain
CLM7241,Z00.00,Routine adult health exam
CLM7242,M17.11,Osteoarthritis of right knee
CLM7242,M75.101,Rotator cuff tear
CLM7242,M25.561,Pain in right knee
CLM7243,J20.9,Acute bronchitis
CLM7243,N39.0,UTI
CLM7244,E11.9,Type 2 diabetes mellitus
CLM7245,J20.9,Acute bronchitis
CLM7245,J06.9,Upper respiratory infection
CLM7246,J10.1,Influenza with pneumonia
CLM7247,J20.9,Acute bronchitis
CLM7247,M54.5,Low back pain
CLM7248,J06.9,Upper respiratory infection
CLM7249,E11.9,Type 2 diabetes mellitus
CLM7249,M54.5,Low back pain
CLM7250,M25.561,Pain in right knee
CLM7250,M75.101,Rotator cuff tear
CLM7251,L40.0,Psoriasis
CLM7251,L57.0,Actinic keratosis
CLM7252,N92.0,Heavy menstrual bleeding
CLM7252,Z34.90,Normal pregnancy supervision
CLM7253,J45.909,Asthma
CLM7253,H66.90,Otitis media
CLM7254,I48.91,Atrial fibrillation
CLM7255,M75.101,Rotator cuff tear
CLM7256,N80.9,Endometriosis
CLM7257,J18.9,Pneumonia
CLM7257,R55,Syncope
CLM7258,J18.9,Pneumonia
CLM7259,O24.410,Gestational diabetes
CLM7259,Z01.419,Routine gynecological exam
CLM7259,N80.9,Endometriosis
CLM7260,F41.1,Generalized anxiety disorder
CLM7261,I10,Essential hypertension
CLM7261,K21.9,Gastroesophageal reflux disease
CLM7262,Z00.00,Routine adult health exam
CLM7263,R10.9,Abdominal pain
CLM7264,L57.0,Actinic keratosis
CLM7264,L70.0,Acne vulgaris
CLM7265,C61,Prostate cancer
CLM7266,E03.9,Hypothyroidism
CLM7266,E66.9,Obesity
CLM7267,J20.9,Acute bronchitis
CLM7267,N39.0,UTI
CLM7268,I10,Essential hypertension
CLM7269,I25.10,Coronary artery disease
CLM7269,I48.91,Atrial fibrillation
CLM7269,E78.5,Hyperlipidemia
CLM7270,N18.3,Chronic kidney disease stage 3
CLM7270,Z00.00,Routine adult health exam
CLM7271,M54.5,Low back pain
CLM7271,S83.511A,ACL sprain of right knee
CLM7272,E11.65,Type 2 diabetes with hyperglycemia
CLM7272,E66.9,Obesity
CLM7273,E03.9,Hypothyroidism
CLM7273,E78.5,Hyperlipidemia
CLM7273,K21.9,Gastroesophageal reflux disease
CLM7274,I10,Essential hypertension
CLM7275,I48.91,Atrial fibrillation
CLM7276,N39.0,UTI
CLM7276,I10,Essential hypertension
CLM7277,Z00.00,Routine adult health exam
CLM7278,M54.5,Low back pain
CLM7279,E78.5,Hyperlipidemia
CLM7279,I10,Essential hypertension
CLM7280,Z00.129,Routine child health exam
CLM7280,R50.9,Fever
CLM7280,J06.9,Upper respiratory infection
CLM7281,K21.9,Gastroesophageal reflux disease
CLM7282,J10.1,Influenza with pneumonia
CLM7282,E11.9,Type 2 diabetes mellitus
CLM7283,Z51.11,Encounter for chemotherapy
CLM7284,J20.9,Acute bronchitis
CLM7285,I48.91,Atrial fibrillation
CLM7286,C61,Prostate cancer
CLM7287,N92.0,Heavy menstrual bleeding
CLM7288,Z01.419,Routine gynecological exam
CLM7289,Z00.129,Routine child health exam
CLM7290,G47.33,Obstructive sleep apnea
CLM7291,E03.9,Hypothyroidism
CLM7291,Z00.00,Routine adult health exam
CLM7292,E05.90,Hyperthyroidism
CLM7292,E11.9,Type 2 diabetes mellitus
CLM7293,N92.0,Heavy menstrual bleeding
CLM7293,O24.410,Gestational diabetes
CLM7294,J20.9,Acute bronchitis
CLM7295,E03.9,Hypothyroidism
CLM7295,E11.9,Type 2 diabetes mellitus
CLM7296,S83.511A,ACL sprain of right knee
CLM7297,J06.9,Upper respiratory infection
CLM7297,I10,Essential hypertension
CLM7298,L30.9,Dermatitis
CLM7299,D22.9,Melanocytic nevus
CLM7299,L30.9,Dermatitis
CLM7300,F41.1,Generalized anxiety disorder
CLM7301,R10.9,Abdominal pain
CLM7302,F41.1,Generalized anxiety disorder
CLM7303,L70.0,Acne vulgaris
CLM7304,E05.90,Hyperthyroidism
CLM7305,R07.9,Chest pain
CLM7306,R50.9,Fever
CLM7306,J45.909,Asthma
CLM7306,L20.9,Atopic dermatitis
CLM7307,Z00.00,Routine adult health exam
CLM7308,Z00.00,Routine adult health exam
CLM7308,I10,Essential hypertension
CLM7309,L57.0,Actinic keratosis
CLM7309,L30.9,Dermatitis
CLM7309,L40.0,Psoriasis
CLM7310,I25.10,Coronary artery disease
CLM7310,I50.9,Heart failure
CLM7310,I10,Essential hypertension
CLM7311,F43.10,Post-traumatic stress disorder
CLM7311,F90.0,ADHD
CLM7312,J44.9,COPD
CLM7313,E11.65,Type 2 diabetes with hyperglycemia
CLM7314,C61,Prostate cancer
CLM7314,C34.90,Lung cancer
CLM7314,C18.9,Colon cancer
CLM7315,L30.9,Dermatitis
CLM7316,J06.9,Upper respiratory infection
CLM7316,H66.90,Otitis media
CLM7317,R10.9,Abdominal pain
CLM7318,F31.9,Bipolar disorder
CLM7319,N18.3,Chronic kidney disease stage 3
CLM7319,D64.9,Anemia
CLM7319,Z00.00,Routine adult health exam
CLM7320,D64.9,Anemia
CLM7320,C18.9,Colon cancer
CLM7320,Z51.11,Encounter for chemotherapy
CLM7321,I10,Essential hypertension
CLM7321,I48.91,Atrial fibrillation
CLM7322,J10.1,Influenza with pneumonia
CLM7323,Z34.90,Normal pregnancy supervision
CLM7324,M17.11,Osteoarthritis of right knee
CLM7325,D64.9,Anemia
CLM7325,Z00.00,Routine adult health exam
CLM7326,N39.0,UTI
CLM7326,E78.5,Hyperlipidemia
CLM7327,I50.9,Heart failure
CLM7327,I10,Essential hypertension
CLM7328,N39.0,UTI
CLM7329,F31.9,Bipolar disorder
CLM7330,S52.501A,Fracture of radius
CLM7330,R10.9,Abdominal pain
CLM7331,I10,Essential hypertension
CLM7331,I25.10,Coronary artery disease
CLM7332,I10,Essential hypertension
CLM7332,I50.9,Heart failure
CLM7333,E78.5,Hyperlipidemia
CLM7334,S83.511A,ACL sprain of right knee
CLM7335,N18.3,Chronic kidney disease stage 3
CLM7336,I10,Essential hypertension
CLM7337,I10,Essential hypertension
CLM7338,I10,Essential hypertension
CLM7338,E78.5,Hyperlipidemia
CLM7339,L57.0,Actinic keratosis
CLM7340,N18.3,Chronic kidney disease stage 3
CLM7340,Z00.00,Routine adult health exam
CLM7341,J02.0,Streptococcal pharyngitis
CLM7342,N18.3,Chronic kidney disease stage 3
CLM7343,F43.10,Post-traumatic stress disorder
CLM7344,I10,Essential hypertension
CLM7344,J20.9,Acute bronchitis
CLM7345,F90.0,ADHD
CLM7346,E11.9,Type 2 diabetes mellitus
CLM7347,N18.3,Chronic kidney disease stage 3
CLM7348,C18.9,Colon cancer
CLM7349,J45.909,Asthma
CLM7350,E11.9,Type 2 diabetes mellitus
CLM7351,N18.3,Chronic kidney disease stage 3
CLM7352,I10,Essential hypertension
CLM7352,R07.9,Chest pain
CLM7353,R55,Syncope
CLM7353,R10.9,Abdominal pain
CLM7354,J18.9,Pneumonia
CLM7354,R07.9,Chest pain
CLM7355,I48.91,Atrial fibrillation
CLM7355,I50.9,Heart failure
CLM7356,J18.9,Pneumonia
CLM7356,S52.501A,Fracture of radius
CLM7357,J20.9,Acute bronchitis
CLM7357,I10,Essential hypertension
CLM7358,H66.90,Otitis media
CLM7359,I48.91,Atrial fibrillation
CLM7359,I10,Essential hypertension
CLM7359,R07.9,Chest pain
CLM7360,J10.1,Influenza with pneumonia
CLM7361,Z01.419,Routine gynecological exam
CLM7362,E78.5,Hyperlipidemia
CLM7363,E78.5,Hyperlipidemia
CLM7363,J06.9,Upper respiratory infection
CLM7363,J10.1,Influenza with pneumonia
CLM7364,M25.561,Pain in right knee
CLM7364,S83.511A,ACL sprain of right knee
CLM7364,M54.5,Low back pain
CLM7365,J18.9,Pneumonia
CLM7365,G47.33,Obstructive sleep apnea
CLM7366,M54.5,Low back pain
CLM7366,M25.561,Pain in right knee
CLM7366,M17.11,Osteoarthritis of right knee
CLM7367,J06.9,Upper respiratory infection
CLM7367,E11.9,Type 2 diabetes mellitus
CLM7368,I50.9,Heart failure
CLM7369,F41.1,Generalized anxiety disorder
CLM7370,Z00.00,Routine adult health exam
CLM7371,F41.1,Generalized anxiety disorder
CLM7372,J10.1,Influenza with pneumonia
CLM7373,I50.9,Heart failure
CLM7374,F90.0,ADHD
CLM7374,F41.1,Generalized anxiety disorder
CLM7375,J10.1,Influenza with pneumonia
CLM7376,L57.0,Actinic keratosis
CLM7377,F90.0,ADHD
CLM7378,I48.91,Atrial fibrillation
CLM7378,I50.9,Heart failure
CLM7378,I10,Essential hypertension
CLM7379,D22.9,Melanocytic nevus
CLM7379,L30.9,Dermatitis
CLM7379,L40.0,Psoriasis
CLM7380,R50.9,Fever
CLM7381,L70.0,Acne vulgaris
CLM7382,E11.9,Type 2 diabetes mellitus
CLM7382,E78.5,Hyperlipidemia
CLM7383,I25.10,Coronary artery disease
CLM7384,C18.9,Colon cancer
CLM7385,I48.91,Atrial fibrillation
CLM7385,I50.9,Heart failure
CLM7386,Z00.00,Routine adult health exam
CLM7387,K21.9,Gastroesophageal reflux disease
CLM7387,I10,Essential hypertension
CLM7388,G47.33,Obstructive sleep apnea
CLM7389,Z00.00,Routine adult health exam
CLM7390,K21.9,Gastroesophageal reflux disease
CLM7391,J18.9,Pneumonia
CLM7392,F32.9,Major depressive disorder
CLM7392,F43.10,Post-traumatic stress disorder
CLM7393,G47.33,Obstructive sleep apnea
CLM7394,R10.9,Abdominal pain
CLM7394,S06.0X0A,Concussion
CLM7394,R55,Syncope
CLM7395,I48.91,Atrial fibrillation
CLM7396,S83.511A,ACL sprain of right knee
CLM7396,M17.11,Osteoarthritis of right knee
CLM7397,D64.9,Anemia
CLM7397,C18.9,Colon cancer
CLM7398,J02.0,Streptococcal pharyngitis
CLM7398,L20.9,Atopic dermatitis
CLM7399,J45.909,Asthma
CLM7399,J44.9,COPD
CLM7400,K21.9,Gastroesophageal reflux disease
CLM7401,L20.9,Atopic dermatitis
CLM7402,L30.9,Dermatitis
CLM7403,I10,Essential hypertension
CLM7403,E78.5,Hyperlipidemia
CLM7403,I50.9,Heart failure
CLM7404,I10,Essential hypertension
CLM7405,N18.3,Chronic kidney disease stage 3
CLM7406,F41.1,Generalized anxiety disorder
CLM7407,C18.9,Colon cancer
CLM7407,Z51.11,Encounter for chemotherapy
CLM7407,C61,Prostate cancer
CLM7408,J18.9,Pneumonia
CLM7408,J45.909,Asthma
CLM7408,G47.33,Obstructive sleep apnea
CLM7409,M25.561,Pain in right knee
CLM7410,J02.0,Streptococcal pharyngitis
CLM7411,N39.0,UTI
CLM7411,Z00.00,Routine adult health exam
CLM7411,J10.1,Influenza with pneumonia
CLM7412,N92.0,Heavy menstrual bleeding
CLM7412,N80.9,Endometriosis
CLM7413,M75.101,Rotator cuff tear
CLM7413,M25.561,Pain in right knee
CLM7414,D64.9,Anemia
CLM7415,I10,Essential hypertension
CLM7416,F32.9,Major depressive disorder
CLM7417,Z00.00,Routine adult health exam
CLM7418,I25.10,Coronary artery disease
CLM7418,I10,Essential hypertension
CLM7419,J20.9,Acute bronchitis
CLM7420,Z00.00,Routine adult health exam
CLM7421,D64.9,Anemia
CLM7421,E11.9,Type 2 diabetes mellitus
CLM7422,J20.9,Acute bronchitis
CLM7423,Z01.419,Routine gynecological exam
CLM7424,F41.1,Generalized anxiety disorder
CLM7424,F43.10,Post-traumatic stress disorder
CLM7424,F90.0,ADHD
CLM7425,J06.9,Upper respiratory infection
CLM7426,M54.5,Low back pain
CLM7426,S83.511A,ACL sprain of right knee
CLM7427,K21.9,Gastroesophageal reflux disease
CLM7428,F41.1,Generalized anxiety disorder
CLM7429,F90.0,ADHD
CLM7429,F43.10,Post-traumatic stress disorder
CLM7429,F32.9,Major depressive disorder
CLM7430,G47.33,Obstructive sleep apnea
CLM7430,J45.909,Asthma
CLM7430,J18.9,Pneumonia
CLM7431,J10.1,Influenza with pneumonia
CLM7432,O24.410,Gestational diabetes
CLM7433,J02.0,Streptococcal pharyngitis
CLM7433,J45.909,Asthma
CLM7434,J06.9,Upper respiratory infection
CLM7434,E78.5,Hyperlipidemia
CLM7435,I25.10,Coronary artery disease
CLM7436,H66.90,Otitis media
CLM7437,M54.5,Low back pain
CLM7438,M75.101,Rotator cuff tear
CLM7439,Z00.00,Routine adult health exam
CLM7439,D64.9,Anemia
CLM7440,F90.0,ADHD
CLM7441,J18.9,Pneumonia
CLM7441,J44.9,COPD
CLM7441,G47.33,Obstructive sleep apnea
CLM7442,N39.0,UTI
CLM7442,J10.1,Influenza with pneumonia
CLM7443,I10,Essential hypertension
CLM7443,J06.9,Upper respiratory infection
CLM7444,I10,Essential hypertension
CLM7445,J06.9,Upper respiratory infection
CLM7446,J06.9,Upper respiratory infection
CLM7447,I10,Essential hypertension
CLM7448,M25.561,Pain in right knee
CLM7448,S83.511A,ACL sprain of right knee
CLM7449,I25.10,Coronary artery disease
CLM7450,R07.9,Chest pain
CLM7450,S52.501A,Fracture of radius
CLM7451,Z00.00,Routine adult health exam
CLM7451,I10,Essential hypertension
CLM7452,L40.0,Psoriasis
CLM7453,M54.5,Low back pain
CLM7453,E78.5,Hyperlipidemia
CLM7454,N39.0,UTI
CLM7454,I10,Essential hypertension
CLM7455,D64.9,Anemia
CLM7456,J45.909,Asthma
CLM7457,J44.9,COPD
CLM7458,F32.9,Major depressive disorder
CLM7459,M54.5,Low back pain
CLM7460,J44.9,COPD
CLM7461,J45.909,Asthma
CLM7461,J02.0,Streptococcal pharyngitis
CLM7462,F90.0,ADHD
CLM7462,F41.1,Generalized anxiety disorder
CLM7463,S83.511A,ACL sprain of right knee
CLM7464,J45.909,Asthma
CLM7465,S06.0X0A,Concussion
CLM7466,I10,Essential hypertension
CLM7466,I48.91,Atrial fibrillation
CLM7467,N18.3,Chronic kidney disease stage 3
CLM7467,I10,Essential hypertension
CLM7468,F43.10,Post-traumatic stress disorder
CLM7468,F32.9,Major depressive disorder
CLM7469,E05.90,Hyperthyroidism
CLM7469,E03.9,Hypothyroidism
CLM7469,E11.65,Type 2 diabetes with hyperglycemia
CLM7470,Z00.129,Routine child health exam
CLM7470,J45.909,Asthma
CLM7471,D64.9,Anemia
CLM7471,Z51.11,Encounter for chemotherapy
CLM7472,E03.9,Hypothyroidism
CLM7473,N39.0,UTI
CLM7474,J10.1,Influenza with pneumonia
CLM7475,E03.9,Hypothyroidism
CLM7475,K21.9,Gastroesophageal reflux disease
CLM7476,H66.90,Otitis media
CLM7477,E78.5,Hyperlipidemia
CLM7478,E11.9,Type 2 diabetes mellitus
CLM7478,Z00.00,Routine adult health exam
CLM7479,J20.9,Acute bronchitis
CLM7479,E78.5,Hyperlipidemia
CLM7479,J10.1,Influenza with pneumonia
CLM7480,I50.9,Heart failure
CLM7480,R07.9,Chest pain
CLM7481,J02.0,Streptococcal pharyngitis
CLM7481,L20.9,Atopic dermatitis
CLM7482,F43.10,Post-traumatic stress disorder
CLM7483,F31.9,Bipolar disorder
CLM7484,R07.9,Chest pain
CLM7484,I50.9,Heart failure
CLM7484,E78.5,Hyperlipidemia
CLM7485,J06.9,Upper respiratory infection
CLM7485,J02.0,Streptococcal pharyngitis
CLM7486,M25.561,Pain in right knee
CLM7486,M54.5,Low back pain
CLM7487,Z51.11,Encounter for chemotherapy
CLM7487,C34.90,Lung cancer
CLM7488,J20.9,Acute bronchitis
CLM7489,M75.101,Rotator cuff tear
CLM7490,J10.1,Influenza with pneumonia
CLM7491,I10,Essential hypertension
CLM7491,Z00.00,Routine adult health exam
CLM7492,I10,Essential hypertension
CLM7493,S52.501A,Fracture of radius
CLM7494,Z51.11,Encounter for chemotherapy
CLM7494,D64.9,Anemia
CLM7494,C61,Prostate cancer
CLM7495,E78.5,Hyperlipidemia
CLM7496,D22.9,Melanocytic nevus
CLM7497,Z00.00,Routine adult health exam
CLM7498,F43.10,Post-traumatic stress disorder
CLM7499,J20.9,Acute bronchitis
CLM7500,J06.9,Upper respiratory infection
CLM7500,F41.1,Generalized anxiety disorder
CLM7501,Z00.00,Routine adult health exam
CLM7501,N39.0,UTI
CLM7502,I10,Essential hypertension
CLM7503,Z00.00,Routine adult health exam
CLM7503,N18.3,Chronic kidney disease stage 3
CLM7503,E11.9,Type 2 diabetes mellitus
CLM7504,J18.9,Pneumonia
CLM7504,S06.0X0A,Concussion
CLM7505,Z01.419,Routine gynecological exam
CLM7505,Z34.90,Normal pregnancy supervision
CLM7506,R07.9,Chest pain
CLM7507,G47.33,Obstructive sleep apnea
CLM7508,I10,Essential hypertension
CLM7509,F32.9,Major depressive disorder
CLM7510,I50.9,Heart failure
CLM7510,E78.5,Hyperlipidemia
CLM7510,I25.10,Coronary artery disease
CLM7511,L40.0,Psoriasis
CLM7512,N39.0,UTI
CLM7512,M54.5,Low back pain
CLM7513,E78.5,Hyperlipidemia
CLM7513,R07.9,Chest pain
CLM7514,E11.9,Type 2 diabetes mellitus
CLM7515,L30.9,Dermatitis
CLM7516,M75.101,Rotator cuff tear
CLM7517,J20.9,Acute bronchitis
CLM7518,D64.9,Anemia
CLM7519,R50.9,Fever
CLM7519,J45.909,Asthma
CLM7520,M54.5,Low back pain
CLM7521,J20.9,Acute bronchitis
CLM7522,Z00.00,Routine adult health exam
CLM7522,I10,Essential hypertension
CLM7522,F41.1,Generalized anxiety disorder
CLM7523,J20.9,Acute bronchitis
CLM7524,S06.0X0A,Concussion
CLM7525,I48.91,Atrial fibrillation
CLM7526,S06.0X0A,Concussion
CLM7527,C50.911,Breast cancer
CLM7528,R55,Syncope
CLM7529,L30.9,Dermatitis
CLM7529,L57.0,Actinic keratosis
CLM7530,I48.91,Atrial fibrillation
CLM7530,E78.5,Hyperlipidemia
CLM7530,I25.10,Coronary artery disease
CLM7531,E78.5,Hyperlipidemia
CLM7532,J18.9,Pneumonia
CLM7532,S52.501A,Fracture of radius
CLM7532,R55,Syncope
CLM7533,D64.9,Anemia
CLM7533,C34.90,Lung cancer
CLM7534,E03.9,Hypothyroidism
CLM7534,E11.9,Type 2 diabetes mellitus
CLM7535,I10,Essential hypertension
CLM7536,E03.9,Hypothyroidism
CLM7537,N39.0,UTI
CLM7538,C50.911,Breast cancer
CLM7538,Z51.11,Encounter for chemotherapy
CLM7539,I25.10,Coronary artery disease
CLM7540,K21.9,Gastroesophageal reflux disease
CLM7541,F41.1,Generalized anxiety disorder
CLM7542,E78.5,Hyperlipidemia
CLM7543,F90.0,ADHD
CLM7544,F32.9,Major depressive disorder
CLM7545,I10,Essential hypertension
CLM7546,I10,Essential hypertension
CLM7547,E66.9,Obesity
CLM7548,K21.9,Gastroesophageal reflux disease
CLM7548,E03.9,Hypothyroidism
CLM7549,L57.0,Actinic keratosis
CLM7549,L30.9,Dermatitis
CLM7549,D22.9,Melanocytic nevus
CLM7550,L57.0,Actinic keratosis
CLM7550,L40.0,Psoriasis
CLM7551,H66.90,Otitis media
CLM7551,L20.9,Atopic dermatitis
CLM7552,L70.0,Acne vulgaris
CLM7553,E78.5,Hyperlipidemia
CLM7554,N18.3,Chronic kidney disease stage 3
CLM7555,I48.91,Atrial fibrillation
CLM7555,I10,Essential hypertension
CLM7556,E78.5,Hyperlipidemia
CLM7557,Z00.129,Routine child health exam
CLM7558,E78.5,Hyperlipidemia
CLM7559,Z00.00,Routine adult health exam
CLM7559,I10,Essential hypertension
CLM7560,K21.9,Gastroesophageal reflux disease
CLM7560,E11.9,Type 2 diabetes mellitus
CLM7561,S83.511A,ACL sprain of right knee
CLM7561,M75.101,Rotator cuff tear
CLM7562,E78.5,Hyperlipidemia
CLM7563,E03.9,Hypothyroidism
CLM7564,J44.9,COPD
CLM7565,E78.5,Hyperlipidemia
CLM7566,R07.9,Chest pain
CLM7567,R50.9,Fever
CLM7567,Z00.129,Routine child health exam
CLM7567,J45.909,Asthma
CLM7568,N18.3,Chronic kidney disease stage 3
CLM7569,J45.909,Asthma
CLM7570,D64.9,Anemia
CLM7571,N18.3,Chronic kidney disease stage 3
CLM7571,K21.9,Gastroesophageal reflux disease
CLM7572,J45.909,Asthma
CLM7573,I48.91,Atrial fibrillation
CLM7574,L57.0,Actinic keratosis
CLM7575,N18.3,Chronic kidney disease stage 3
CLM7576,E66.9,Obesity
CLM7577,E11.65,Type 2 diabetes with hyperglycemia
CLM7578,Z00.00,Routine adult health exam
CLM7579,J10.1,Influenza with pneumonia
CLM7580,I10,Essential hypertension
CLM7580,E78.5,Hyperlipidemia
CLM7581,M54.5,Low back pain
CLM7581,J06.9,Upper respiratory infection
CLM7582,I25.10,Coronary artery disease
CLM7582,I50.9,Heart failure
CLM7583,E11.9,Type 2 diabetes mellitus
CLM7584,Z00.00,Routine adult health exam
CLM7585,J06.9,Upper respiratory infection
CLM7585,J20.9,Acute bronchitis
CLM7586,E66.9,Obesity
CLM7587,J10.1,Influenza with pneumonia
CLM7588,J18.9,Pneumonia
CLM7588,S06.0X0A,Concussion
CLM7589,M54.5,Low back pain
CLM7589,J20.9,Acute bronchitis
CLM7590,L40.0,Psoriasis
CLM7590,L70.0,Acne vulgaris
CLM7591,E78.5,Hyperlipidemia
CLM7591,I10,Essential hypertension
CLM7592,R07.9,Chest pain
CLM7592,E78.5,Hyperlipidemia
CLM7592,I50.9,Heart failure
CLM7593,J06.9,Upper respiratory infection
CLM7593,J10.1,Influenza with pneumonia
CLM7594,L30.9,Dermatitis
CLM7594,L57.0,Actinic keratosis
CLM7595,E11.9,Type 2 diabetes mellitus
CLM7596,M25.561,Pain in right knee
CLM7597,J44.9,COPD
CLM7598,Z00.129,Routine child health exam
CLM7598,J45.909,Asthma
CLM7599,E11.9,Type 2 diabetes mellitus
CLM7600,E78.5,Hyperlipidemia
CLM7600,Z00.00,Routine adult health exam
CLM7600,I10,Essential hypertension
CLM7601,H66.90,Otitis media
CLM7601,J02.0,Streptococcal pharyngitis
CLM7602,E78.5,Hyperlipidemia
CLM7603,Z00.00,Routine adult health exam
CLM7604,F90.0,ADHD
CLM7605,Z00.00,Routine adult health exam
CLM7605,I10,Essential hypertension
CLM7606,K21.9,Gastroesophageal reflux disease
CLM7607,E03.9,Hypothyroidism
CLM7608,C50.911,Breast cancer
CLM7609,R55,Syncope
CLM7610,R07.9,Chest pain
CLM7610,E78.5,Hyperlipidemia
CLM7611,J02.0,Streptococcal pharyngitis
CLM7612,Z00.00,Routine adult health exam
CLM7612,N39.0,UTI
CLM7613,E78.5,Hyperlipidemia
CLM7614,I10,Essential hypertension
CLM7615,G47.33,Obstructive sleep apnea
CLM7615,J18.9,Pneumonia
CLM7616,I48.91,Atrial fibrillation
CLM7617,Z00.00,Routine adult health exam
CLM7617,J20.9,Acute bronchitis
CLM7617,J06.9,Upper respiratory infection
CLM7618,J20.9,Acute bronchitis
CLM7619,G47.33,Obstructive sleep apnea
CLM7619,J44.9,COPD
CLM7620,J06.9,Upper respiratory infection
CLM7621,L70.0,Acne vulgaris
CLM7622,I48.91,Atrial fibrillation
CLM7623,Z00.00,Routine adult health exam
CLM7623,J06.9,Upper respiratory infection
CLM7624,M17.11,Osteoarthritis of right knee
CLM7625,Z34.90,Normal pregnancy supervision
CLM7626,K21.9,Gastroesophageal reflux disease
CLM7626,I10,Essential hypertension
CLM7627,N18.3,Chronic kidney disease stage 3
CLM7628,I25.10,Coronary artery disease
CLM7629,E78.5,Hyperlipidemia
CLM7630,F32.9,Major depressive disorder
CLM7631,E11.9,Type 2 diabetes mellitus
CLM7631,E11.65,Type 2 diabetes with hyperglycemia
CLM7632,E78.5,Hyperlipidemia
CLM7633,E78.5,Hyperlipidemia
CLM7633,I10,Essential hypertension
CLM7634,F41.1,Generalized anxiety disorder
CLM7634,F90.0,ADHD
CLM7635,J06.9,Upper respiratory infection
CLM7636,R07.9,Chest pain
CLM7637,E11.9,Type 2 diabetes mellitus
CLM7637,Z00.00,Routine adult health exam
CLM7638,M54.5,Low back pain
CLM7638,E78.5,Hyperlipidemia
CLM7638,F41.1,Generalized anxiety disorder
CLM7639,S06.0X0A,Concussion
CLM7640,S06.0X0A,Concussion
CLM7640,R55,Syncope
CLM7641,E11.9,Type 2 diabetes mellitus
CLM7642,I10,Essential hypertension
CLM7643,M17.11,Osteoarthritis of right knee
CLM7644,E11.9,Type 2 diabetes mellitus
CLM7645,F90.0,ADHD
CLM7645,F32.9,Major depressive disorder
CLM7646,Z00.00,Routine adult health exam
CLM7647,N80.9,Endometriosis
CLM7647,Z34.90,Normal pregnancy supervision
CLM7648,E03.9,Hypothyroidism
CLM7648,E05.90,Hyperthyroidism
CLM7649,L20.9,Atopic dermatitis
CLM7649,J06.9,Upper respiratory infection
CLM7649,J02.0,Streptococcal pharyngitis
CLM7650,N39.0,UTI
CLM7650,I10,Essential hypertension
CLM7651,I50.9,Heart failure
CLM7652,D22.9,Melanocytic nevus
CLM7653,C50.911,Breast cancer
CLM7654,J18.9,Pneumonia
CLM7654,J44.9,COPD
CLM7655,E11.9,Type 2 diabetes mellitus
CLM7655,J10.1,Influenza with pneumonia
CLM7656,Z34.90,Normal pregnancy supervision
CLM7657,I10,Essential hypertension
CLM7658,Z00.00,Routine adult health exam
CLM7659,N18.3,Chronic kidney disease stage 3
CLM7660,K21.9,Gastroesophageal reflux disease
CLM7661,C50.911,Breast cancer
CLM7662,J18.9,Pneumonia
CLM7663,J06.9,Upper respiratory infection
CLM7664,R55,Syncope
CLM7665,E03.9,Hypothyroidism
CLM7666,E78.5,Hyperlipidemia
CLM7667,E78.5,Hyperlipidemia
CLM7667,N39.0,UTI
CLM7668,Z01.419,Routine gynecological exam
CLM7669,F43.10,Post-traumatic stress disorder
CLM7670,D64.9,Anemia
CLM7671,M54.5,Low back pain
CLM7671,S83.511A,ACL sprain of right knee
CLM7672,M54.5,Low back pain
CLM7673,E66.9,Obesity
CLM7673,E05.90,Hyperthyroidism
CLM7673,E11.9,Type 2 diabetes mellitus
CLM7674,E11.9,Type 2 diabetes mellitus
CLM7675,K21.9,Gastroesophageal reflux disease
CLM7675,I10,Essential hypertension
CLM7676,Z00.00,Routine adult health exam
CLM7676,E11.9,Type 2 diabetes mellitus
CLM7677,Z00.00,Routine adult health exam
CLM7678,J20.9,Acute bronchitis
CLM7678,N39.0,UTI
CLM7679,Z00.00,Routine adult health exam
CLM7680,N80.9,Endometriosis
CLM7681,F41.1,Generalized anxiety disorder
CLM7682,J18.9,Pneumonia
CLM7683,G47.33,Obstructive sleep apnea
CLM7683,J45.909,Asthma
CLM7683,J18.9,Pneumonia
CLM7684,E78.5,Hyperlipidemia
CLM7684,I50.9,Heart failure
CLM7685,R55,Syncope
CLM7686,L57.0,Actinic keratosis
CLM7687,E78.5,Hyperlipidemia
CLM7688,E11.9,Type 2 diabetes mellitus
CLM7688,M54.5,Low back pain
CLM7689,E11.9,Type 2 diabetes mellitus
CLM7689,I10,Essential hypertension
CLM7689,J20.9,Acute bronchitis
CLM7690,Z00.00,Routine adult health exam
CLM7691,M54.5,Low back pain
CLM7691,F41.1,Generalized anxiety disorder
CLM7692,E78.5,Hyperlipidemia
CLM7693,J45.909,Asthma
CLM7693,J44.9,COPD
CLM7693,G47.33,Obstructive sleep apnea
CLM7694,J20.9,Acute bronchitis
CLM7695,M75.101,Rotator cuff tear
CLM7696,I10,Essential hypertension
CLM7697,Z00.00,Routine adult health exam
CLM7698,I48.91,Atrial fibrillation
CLM7698,I50.9,Heart failure
CLM7698,I10,Essential hypertension
CLM7699,S83.511A,ACL sprain of right knee
CLM7699,M54.5,Low back pain
CLM7699,M17.11,Osteoarthritis of right knee
CLM7700,D64.9,Anemia
CLM7701,L40.0,Psoriasis
CLM7701,D22.9,Melanocytic nevus
CLM7702,I10,Essential hypertension
CLM7702,K21.9,Gastroesophageal reflux disease
CLM7703,E78.5,Hyperlipidemia
CLM7704,J18.9,Pneumonia
CLM7705,I48.91,Atrial fibrillation
CLM7706,J20.9,Acute bronchitis
CLM7707,F32.9,Major depressive disorder
CLM7708,E11.9,Type 2 diabetes mellitus
CLM7709,M17.11,Osteoarthritis of right knee
CLM7709,S83.511A,ACL sprain of right knee
CLM7710,I48.91,Atrial fibrillation
CLM7710,I10,Essential hypertension
CLM7711,M54.5,Low back pain
CLM7711,Z00.00,Routine adult health exam
CLM7712,L20.9,Atopic dermatitis
CLM7712,H66.90,Otitis media
CLM7713,C50.911,Breast cancer
CLM7713,C34.90,Lung cancer
CLM7714,I10,Essential hypertension
CLM7715,I25.10,Coronary artery disease
CLM7716,J18.9,Pneumonia
CLM7716,S06.0X0A,Concussion
CLM7717,J18.9,Pneumonia
CLM7718,Z00.00,Routine adult health exam
CLM7719,J20.9,Acute bronchitis
CLM7719,Z00.00,Routine adult health exam
CLM7720,D22.9,Melanocytic nevus
CLM7721,J18.9,Pneumonia
CLM7722,F90.0,ADHD
CLM7722,F41.1,Generalized anxiety disorder
CLM7722,F31.9,Bipolar disorder
CLM7723,F41.1,Generalized anxiety disorder
CLM7724,Z00.00,Routine adult health exam
CLM7725,H66.90,Otitis media
CLM7726,E11.9,Type 2 diabetes mellitus
CLM7727,C50.911,Breast cancer
CLM7728,J18.9,Pneumonia
CLM7728,G47.33,Obstructive sleep apnea
CLM7729,S83.511A,ACL sprain of right knee
CLM7729,M25.561,Pain in right knee
CLM7730,N18.3,Chronic kidney disease stage 3
CLM7730,Z00.00,Routine adult health exam
CLM7731,R55,Syncope
CLM7732,E11.9,Type 2 diabetes mellitus
CLM7733,I25.10,Coronary artery disease
CLM7733,I50.9,Heart failure
CLM7733,R07.9,Chest pain
CLM7734,E03.9,Hypothyroidism
CLM7734,E05.90,Hyperthyroidism
CLM7734,E11.9,Type 2 diabetes mellitus
CLM7735,J06.9,Upper respiratory infection
CLM7736,K21.9,Gastroesophageal reflux disease
CLM7737,Z00.00,Routine adult health exam
CLM7737,J06.9,Upper respiratory infection
CLM7737,F41.1,Generalized anxiety disorder
CLM7738,Z34.90,Normal pregnancy supervision
CLM7739,C18.9,Colon cancer
CLM7740,C34.90,Lung cancer
CLM7740,C50.911,Breast cancer
CLM7741,I10,Essential hypertension
CLM7742,F41.1,Generalized anxiety disorder
CLM7743,E05.90,Hyperthyroidism
CLM7744,J20.9,Acute bronchitis
CLM7744,Z00.00,Routine adult health exam
CLM7745,I10,Essential hypertension
CLM7745,Z00.00,Routine adult health exam
CLM7746,Z51.11,Encounter for chemotherapy
CLM7747,D64.9,Anemia
CLM7747,I10,Essential hypertension
CLM7747,E11.9,Type 2 diabetes mellitus
CLM7748,Z00.129,Routine child health exam
CLM7748,H66.90,Otitis media
CLM7749,E11.9,Type 2 diabetes mellitus
CLM7750,L70.0,Acne vulgaris
CLM7750,L30.9,Dermatitis
CLM7750,D22.9,Melanocytic nevus
CLM7751,E78.5,Hyperlipidemia
CLM7752,E11.9,Type 2 diabetes mellitus
CLM7752,E66.9,Obesity
CLM7753,C18.9,Colon cancer
CLM7754,L20.9,Atopic dermatitis
CLM7754,Z00.129,Routine child health exam
CLM7755,C34.90,Lung cancer
CLM7755,Z51.11,Encounter for chemotherapy
CLM7756,H66.90,Otitis media
CLM7756,R50.9,Fever
CLM7756,J06.9,Upper respiratory infection
CLM7757,E78.5,Hyperlipidemia
CLM7758,I50.9,Heart failure
CLM7759,I10,Essential hypertension
CLM7759,F41.1,Generalized anxiety disorder
CLM7760,N39.0,UTI
CLM7761,E03.9,Hypothyroidism
CLM7761,Z00.00,Routine adult health exam
CLM7762,J20.9,Acute bronchitis
CLM7763,F32.9,Major depressive disorder
CLM7763,F43.10,Post-traumatic stress disorder
CLM7764,E03.9,Hypothyroidism
CLM7764,E78.5,Hyperlipidemia
CLM7765,E11.9,Type 2 diabetes mellitus
CLM7765,E03.9,Hypothyroidism
CLM7765,N18.3,Chronic kidney disease stage 3
CLM7766,F31.9,Bipolar disorder
CLM7767,E11.65,Type 2 diabetes with hyperglycemia
CLM7768,Z00.00,Routine adult health exam
CLM7769,N92.0,Heavy menstrual bleeding
CLM7770,I50.9,Heart failure
CLM7771,J20.9,Acute bronchitis
CLM7772,C18.9,Colon cancer
CLM7772,C50.911,Breast cancer
CLM7773,R07.9,Chest pain
CLM7774,K21.9,Gastroesophageal reflux disease
CLM7774,Z00.00,Routine adult health exam
CLM7775,R07.9,Chest pain
CLM7776,N18.3,Chronic kidney disease stage 3
CLM7777,J20.9,Acute bronchitis
CLM7778,R10.9,Abdominal pain
CLM7778,S06.0X0A,Concussion
CLM7779,J18.9,Pneumonia
CLM7779,G47.33,Obstructive sleep apnea
CLM7779,J45.909,Asthma
CLM7780,H66.90,Otitis media
CLM7780,J45.909,Asthma
CLM7781,M54.5,Low back pain
CLM7782,R07.9,Chest pain
CLM7782,I25.10,Coronary artery disease
CLM7783,C50.911,Breast cancer
CLM7784,S52.501A,Fracture of radius
CLM7785,J18.9,Pneumonia
CLM7786,J18.9,Pneumonia
CLM7787,J45.909,Asthma
CLM7788,G47.33,Obstructive sleep apnea
CLM7789,I48.91,Atrial fibrillation
CLM7790,N39.0,UTI
CLM7790,E78.5,Hyperlipidemia
CLM7791,M54.5,Low back pain
CLM7791,S83.511A,ACL sprain of right knee
CLM7792,J45.909,Asthma
CLM7792,J02.0,Streptococcal pharyngitis
CLM7793,E66.9,Obesity
CLM7793,E05.90,Hyperthyroidism
CLM7794,E03.9,Hypothyroidism
CLM7795,E11.9,Type 2 diabetes mellitus
CLM7796,S83.511A,ACL sprain of right knee
CLM7796,M25.561,Pain in right knee
CLM7796,M54.5,Low back pain
CLM7797,Z00.129,Routine child health exam
CLM7797,J02.0,Streptococcal pharyngitis
CLM7797,J45.909,Asthma
CLM7798,L70.0,Acne vulgaris
CLM7798,L30.9,Dermatitis
CLM7798,L57.0,Actinic keratosis
CLM7799,H66.90,Otitis media
CLM7800,R50.9,Fever
CLM7800,J45.909,Asthma
CLM7801,F31.9,Bipolar disorder
CLM7802,S52.501A,Fracture of radius
CLM7803,R07.9,Chest pain
CLM7803,I25.10,Coronary artery disease
CLM7803,I10,Essential hypertension
CLM7804,J45.909,Asthma
CLM7805,D22.9,Melanocytic nevus
CLM7806,F41.1,Generalized anxiety disorder
CLM7806,E78.5,Hyperlipidemia
CLM7807,C18.9,Colon cancer
CLM7808,I25.10,Coronary artery disease
CLM7808,E78.5,Hyperlipidemia
CLM7808,I50.9,Heart failure
CLM7809,I10,Essential hypertension
CLM7810,I10,Essential hypertension
CLM7811,H66.90,Otitis media
CLM7812,R50.9,Fever
CLM7813,E11.9,Type 2 diabetes mellitus
CLM7814,J20.9,Acute bronchitis
CLM7815,E78.5,Hyperlipidemia
CLM7816,J20.9,Acute bronchitis
CLM7816,I10,Essential hypertension
CLM7817,I10,Essential hypertension
CLM7818,J10.1,Influenza with pneumonia
CLM7818,F41.1,Generalized anxiety disorder
CLM7819,Z00.129,Routine child health exam
CLM7819,J45.909,Asthma
CLM7820,Z00.129,Routine child health exam
CLM7821,F41.1,Generalized anxiety disorder
CLM7821,J20.9,Acute bronchitis
CLM7822,F43.10,Post-traumatic stress disorder
CLM7822,F90.0,ADHD
CLM7823,M25.561,Pain in right knee
CLM7824,J06.9,Upper respiratory infection
CLM7825,J06.9,Upper respiratory infection
CLM7826,F90.0,ADHD
CLM7827,E11.9,Type 2 diabetes mellitus
CLM7828,I10,Essential hypertension
CLM7828,F41.1,Generalized anxiety disorder
CLM7829,I10,Essential hypertension
CLM7830,I10,Essential hypertension
CLM7831,S83.511A,ACL sprain of right knee
CLM7832,E66.9,Obesity
CLM7832,E11.9,Type 2 diabetes mellitus
CLM7833,Z51.11,Encounter for chemotherapy
CLM7834,Z00.00,Routine adult health exam
CLM7834,J20.9,Acute bronchitis
CLM7834,I10,Essential hypertension
CLM7835,C18.9,Colon cancer
CLM7835,D64.9,Anemia
CLM7835,Z51.11,Encounter for chemotherapy
CLM7836,M54.5,Low back pain
CLM7837,N39.0,UTI
CLM7837,E78.5,Hyperlipidemia
CLM7838,Z00.00,Routine adult health exam
CLM7838,E78.5,Hyperlipidemia
CLM7839,M54.5,Low back pain
CLM7839,M25.561,Pain in right knee
CLM7840,E03.9,Hypothyroidism
CLM7841,M54.5,Low back pain
CLM7842,N18.3,Chronic kidney disease stage 3
CLM7842,I10,Essential hypertension
CLM7842,E03.9,Hypothyroidism
CLM7843,I10,Essential hypertension
CLM7844,E78.5,Hyperlipidemia
CLM7845,N18.3,Chronic kidney disease stage 3
CLM7846,I10,Essential hypertension
CLM7847,M54.5,Low back pain
CLM7847,Z00.00,Routine adult health exam
CLM7848,H66.90,Otitis media
CLM7849,I10,Essential hypertension
CLM7850,D64.9,Anemia
CLM7851,E78.5,Hyperlipidemia
CLM7852,D64.9,Anemia
CLM7853,J06.9,Upper respiratory infection
CLM7853,F41.1,Generalized anxiety disorder
CLM7853,N39.0,UTI
CLM7854,F41.1,Generalized anxiety disorder
CLM7854,F90.0,ADHD
CLM7854,F43.10,Post-traumatic stress disorder
CLM7855,F41.1,Generalized anxiety disorder
CLM7856,F41.1,Generalized anxiety disorder
CLM7857,C34.90,Lung cancer
CLM7858,J06.9,Upper respiratory infection
CLM7858,J10.1,Influenza with pneumonia
CLM7859,E78.5,Hyperlipidemia
CLM7860,F32.9,Major depressive disorder
CLM7861,E11.9,Type 2 diabetes mellitus
CLM7862,Z00.00,Routine adult health exam
CLM7863,S06.0X0A,Concussion
CLM7864,E11.65,Type 2 diabetes with hyperglycemia
CLM7865,R07.9,Chest pain
CLM7865,I50.9,Heart failure
CLM7866,F41.1,Generalized anxiety disorder
CLM7867,E11.65,Type 2 diabetes with hyperglycemia
CLM7867,E03.9,Hypothyroidism
CLM7867,E11.9,Type 2 diabetes mellitus
CLM7868,I48.91,Atrial fibrillation
CLM7869,S06.0X0A,Concussion
CLM7870,E11.9,Type 2 diabetes mellitus
CLM7871,I10,Essential hypertension
CLM7872,J20.9,Acute bronchitis
CLM7872,J10.1,Influenza with pneumonia
CLM7872,N39.0,UTI
CLM7873,F41.1,Generalized anxiety disorder
CLM7873,E11.9,Type 2 diabetes mellitus
CLM7874,D64.9,Anemia
CLM7874,I10,Essential hypertension
CLM7875,I10,Essential hypertension
CLM7875,I25.10,Coronary artery disease
CLM7876,J44.9,COPD
CLM7877,Z00.00,Routine adult health exam
CLM7878,J06.9,Upper respiratory infection
CLM7879,F43.10,Post-traumatic stress disorder
CLM7879,F41.1,Generalized anxiety disorder
CLM7880,E78.5,Hyperlipidemia
CLM7881,S83.511A,ACL sprain of right knee
CLM7882,J06.9,Upper respiratory infection
CLM7883,F32.9,Major depressive disorder
CLM7884,J18.9,Pneumonia
CLM7884,S52.501A,Fracture of radius
CLM7884,S06.0X0A,Concussion
CLM7885,E03.9,Hypothyroidism
CLM7886,D64.9,Anemia
CLM7887,R55,Syncope
CLM7887,S06.0X0A,Concussion
CLM7888,R55,Syncope
CLM7889,K21.9,Gastroesophageal reflux disease
CLM7889,N18.3,Chronic kidney disease stage 3
CLM7890,R07.9,Chest pain
CLM7891,D64.9,Anemia
CLM7892,J20.9,Acute bronchitis
CLM7892,E78.5,Hyperlipidemia
CLM7893,F41.1,Generalized anxiety disorder
CLM7893,J20.9,Acute bronchitis
CLM7894,L40.0,Psoriasis
CLM7895,L30.9,Dermatitis
CLM7895,L57.0,Actinic keratosis
CLM7896,L30.9,Dermatitis
CLM7896,L70.0,Acne vulgaris
CLM7896,L57.0,Actinic keratosis
CLM7897,N18.3,Chronic kidney disease stage 3
CLM7897,Z00.00,Routine adult health exam
CLM7897,D64.9,Anemia
CLM7898,I10,Essential hypertension
CLM7898,E03.9,Hypothyroidism
CLM7899,R07.9,Chest pain
CLM7900,E03.9,Hypothyroidism
CLM7901,J45.909,Asthma
CLM7902,I10,Essential hypertension
CLM7902,F41.1,Generalized anxiety disorder
CLM7903,R50.9,Fever
CLM7904,J44.9,COPD
CLM7905,J20.9,Acute bronchitis
CLM7906,D64.9,Anemia
CLM7907,I10,Essential hypertension
CLM7907,E03.9,Hypothyroidism
CLM7908,Z00.00,Routine adult health exam
CLM7908,E03.9,Hypothyroidism
CLM7908,E11.9,Type 2 diabetes mellitus
CLM7909,M54.5,Low back pain
CLM7910,G47.33,Obstructive sleep apnea
CLM7911,F41.1,Generalized anxiety disorder
CLM7912,R07.9,Chest pain
CLM7912,E78.5,Hyperlipidemia
CLM7913,E03.9,Hypothyroidism
CLM7914,J18.9,Pneumonia
CLM7915,E78.5,Hyperlipidemia
CLM7916,C34.90,Lung cancer
CLM7916,C50.911,Breast cancer
CLM7917,Z00.00,Routine adult health exam
CLM7918,S83.511A,ACL sprain of right knee
CLM7919,J45.909,Asthma
CLM7919,J18.9,Pneumonia
CLM7920,C61,Prostate cancer
CLM7920,Z51.11,Encounter for chemotherapy
CLM7921,M54.5,Low back pain
CLM7922,E78.5,Hyperlipidemia
CLM7922,E03.9,Hypothyroidism
CLM7922,E11.9,Type 2 diabetes mellitus
CLM7923,M54.5,Low back pain
CLM7924,J06.9,Upper respiratory infection
CLM7924,Z00.00,Routine adult health exam
CLM7925,Z00.129,Routine child health exam
CLM7925,J45.909,Asthma
CLM7925,R50.9,Fever
CLM7926,H66.90,Otitis media
CLM7927,I10,Essential hypertension
CLM7928,E11.9,Type 2 diabetes mellitus
CLM7929,I50.9,Heart failure
CLM7930,F90.0,ADHD
CLM7930,F43.10,Post-traumatic stress disorder
CLM7931,L70.0,Acne vulgaris
CLM7931,L40.0,Psoriasis
CLM7932,M54.5,Low back pain
CLM7932,S83.511A,ACL sprain of right knee
CLM7933,R07.9,Chest pain
CLM7934,R50.9,Fever
CLM7935,I25.10,Coronary artery disease
CLM7936,J18.9,Pneumonia
CLM7937,C18.9,Colon cancer
CLM7937,Z51.11,Encounter for chemotherapy
CLM7938,I10,Essential hypertension
CLM7938,J20.9,Acute bronchitis
CLM7938,J06.9,Upper respiratory infection
CLM7939,M25.561,Pain in right knee
CLM7939,M17.11,Osteoarthritis of right knee
CLM7940,L40.0,Psoriasis
CLM7941,S06.0X0A,Concussion
CLM7942,E11.9,Type 2 diabetes mellitus
CLM7942,J06.9,Upper respiratory infection
CLM7943,M75.101,Rotator cuff tear
CLM7944,F43.10,Post-traumatic stress disorder
CLM7945,E78.5,Hyperlipidemia
CLM7945,I48.91,Atrial fibrillation
CLM7946,E11.9,Type 2 diabetes mellitus
CLM7947,Z00.00,Routine adult health exam
CLM7947,M54.5,Low back pain
CLM7948,R10.9,Abdominal pain
CLM7948,S06.0X0A,Concussion
CLM7949,E05.90,Hyperthyroidism
CLM7950,D22.9,Melanocytic nevus
CLM7951,R07.9,Chest pain
CLM7951,J18.9,Pneumonia
CLM7951,R55,Syncope
CLM7952,F31.9,Bipolar disorder
CLM7952,F32.9,Major depressive disorder
CLM7953,J10.1,Influenza with pneumonia
CLM7954,I50.9,Heart failure
CLM7954,R07.9,Chest pain
CLM7955,J06.9,Upper respiratory infection
CLM7956,C50.911,Breast cancer
CLM7957,E78.5,Hyperlipidemia
CLM7957,K21.9,Gastroesophageal reflux disease
CLM7958,N80.9,Endometriosis
CLM7959,L20.9,Atopic dermatitis
CLM7960,R10.9,Abdominal pain
CLM7960,S52.501A,Fracture of radius
CLM7961,E03.9,Hypothyroidism
CLM7962,S52.501A,Fracture of radius
CLM7963,F31.9,Bipolar disorder
CLM7964,J06.9,Upper respiratory infection
CLM7965,R07.9,Chest pain
CLM7966,D64.9,Anemia
CLM7966,E11.9,Type 2 diabetes mellitus
CLM7967,I25.10,Coronary artery disease
CLM7967,R07.9,Chest pain
CLM7968,I50.9,Heart failure
CLM7969,E66.9,Obesity
CLM7970,R10.9,Abdominal pain
CLM7971,J18.9,Pneumonia
CLM7971,S06.0X0A,Concussion
CLM7971,S52.501A,Fracture of radius
CLM7972,Z00.00,Routine adult health exam
CLM7973,L57.0,Actinic keratosis
CLM7974,I50.9,Heart failure
CLM7974,I25.10,Coronary artery disease
CLM7975,I10,Essential hypertension
CLM7976,N18.3,Chronic kidney disease stage 3
CLM7977,J18.9,Pneumonia
CLM7978,L30.9,Dermatitis
CLM7979,I10,Essential hypertension
CLM7980,Z00.00,Routine adult health exam
CLM7981,C61,Prostate cancer
CLM7981,C18.9,Colon cancer
CLM7982,E11.9,Type 2 diabetes mellitus
CLM7982,E66.9,Obesity
CLM7983,N18.3,Chronic kidney disease stage 3
CLM7983,I10,Essential hypertension
CLM7983,Z00.00,Routine adult health exam
CLM7984,Z01.419,Routine gynecological exam
CLM7984,N80.9,Endometriosis
CLM7985,J20.9,Acute bronchitis
CLM7986,E78.5,Hyperlipidemia
CLM7987,R07.9,Chest pain
CLM7988,N39.0,UTI
CLM7989,N18.3,Chronic kidney disease stage 3
CLM7990,Z01.419,Routine gynecological exam
CLM7990,O24.410,Gestational diabetes
CLM7991,J20.9,Acute bronchitis
CLM7992,E11.9,Type 2 diabetes mellitus
CLM7993,E66.9,Obesity
CLM7994,L57.0,Actinic keratosis
CLM7994,L30.9,Dermatitis
CLM7995,E05.90,Hyperthyroidism
CLM7996,L70.0,Acne vulgaris
CLM7997,F41.1,Generalized anxiety disorder
CLM7997,I10,Essential hypertension
CLM7997,M54.5,Low back pain
CLM7998,E78.5,Hyperlipidemia
CLM7999,M25.561,Pain in right knee
CLM7999,M75.101,Rotator cuff tear
CLM7999,S83.511A,ACL sprain of right knee
CLM8000,E03.9,Hypothyroidism
CLM8001,N18.3,Chronic kidney disease stage 3
CLM8001,I10,Essential hypertension
CLM8001,E11.9,Type 2 diabetes mellitus
CLM8002,L40.0,Psoriasis
CLM8002,L30.9,Dermatitis
CLM8003,N18.3,Chronic kidney disease stage 3
CLM8003,E11.9,Type 2 diabetes mellitus
CLM8004,I25.10,Coronary artery disease
CLM8005,F90.0,ADHD
CLM8005,F32.9,Major depressive disorder
CLM8006,K21.9,Gastroesophageal reflux disease
CLM8006,E11.9,Type 2 diabetes mellitus
CLM8007,J10.1,Influenza with pneumonia
CLM8007,M54.5,Low back pain
CLM8008,I10,Essential hypertension
CLM8009,M75.101,Rotator cuff tear
CLM8010,K21.9,Gastroesophageal reflux disease
CLM8011,L57.0,Actinic keratosis
CLM8011,L30.9,Dermatitis
CLM8012,F41.1,Generalized anxiety disorder
CLM8013,J44.9,COPD
CLM8013,J18.9,Pneumonia
CLM8014,Z00.00,Routine adult health exam
CLM8015,F41.1,Generalized anxiety disorder
CLM8015,F43.10,Post-traumatic stress disorder
CLM8016,O24.410,Gestational diabetes
CLM8017,Z51.11,Encounter for chemotherapy
CLM8018,J45.909,Asthma
CLM8019,J02.0,Streptococcal pharyngitis
CLM8020,Z34.90,Normal pregnancy supervision
CLM8021,F41.1,Generalized anxiety disorder
CLM8021,F32.9,Major depressive disorder
CLM8022,E78.5,Hyperlipidemia
CLM8023,D64.9,Anemia
CLM8024,D64.9,Anemia
CLM8025,E78.5,Hyperlipidemia
CLM8025,D64.9,Anemia
CLM8026,E05.90,Hyperthyroidism
CLM8026,E03.9,Hypothyroidism
CLM8027,J20.9,Acute bronchitis
CLM8027,M54.5,Low back pain
CLM8028,Z00.00,Routine adult health exam
CLM8028,E78.5,Hyperlipidemia
CLM8029,Z00.00,Routine adult health exam
CLM8029,N39.0,UTI
CLM8029,E11.9,Type 2 diabetes mellitus
CLM8030,H66.90,Otitis media
CLM8030,R50.9,Fever
CLM8031,C34.90,Lung cancer
CLM8031,Z51.11,Encounter for chemotherapy
CLM8032,S52.501A,Fracture of radius
CLM8033,K21.9,Gastroesophageal reflux disease
CLM8034,E78.5,Hyperlipidemia
CLM8035,Z51.11,Encounter for chemotherapy
CLM8036,I10,Essential hypertension
CLM8037,E78.5,Hyperlipidemia
CLM8038,H66.90,Otitis media
CLM8038,Z00.129,Routine child health exam
CLM8039,I25.10,Coronary artery disease
CLM8040,J45.909,Asthma
CLM8041,D64.9,Anemia
CLM8042,Z00.00,Routine adult health exam
CLM8042,E78.5,Hyperlipidemia
CLM8043,J18.9,Pneumonia
CLM8044,M54.5,Low back pain
CLM8045,F43.10,Post-traumatic stress disorder
CLM8045,F90.0,ADHD
CLM8045,F41.1,Generalized anxiety disorder
CLM8046,E11.9,Type 2 diabetes mellitus
CLM8047,I10,Essential hypertension
CLM8048,Z00.00,Routine adult health exam
CLM8049,E11.65,Type 2 diabetes with hyperglycemia
CLM8050,H66.90,Otitis media
CLM8050,J02.0,Streptococcal pharyngitis
CLM8051,E05.90,Hyperthyroidism
CLM8052,J20.9,Acute bronchitis
CLM8053,I25.10,Coronary artery disease
CLM8053,I10,Essential hypertension
CLM8053,E78.5,Hyperlipidemia
CLM8054,M75.101,Rotator cuff tear
CLM8055,N18.3,Chronic kidney disease stage 3
CLM8055,Z00.00,Routine adult health exam
CLM8056,I10,Essential hypertension
CLM8057,I10,Essential hypertension
CLM8057,J20.9,Acute bronchitis
CLM8058,R07.9,Chest pain
CLM8059,R50.9,Fever
CLM8060,J45.909,Asthma
CLM8061,N18.3,Chronic kidney disease stage 3
CLM8062,I10,Essential hypertension
CLM8062,E11.9,Type 2 diabetes mellitus
CLM8063,Z01.419,Routine gynecological exam
CLM8063,Z34.90,Normal pregnancy supervision
CLM8064,Z00.00,Routine adult health exam
CLM8064,J20.9,Acute bronchitis
CLM8065,I48.91,Atrial fibrillation
CLM8066,F41.1,Generalized anxiety disorder
CLM8067,I10,Essential hypertension
CLM8068,F32.9,Major depressive disorder
CLM8069,Z51.11,Encounter for chemotherapy
CLM8070,R07.9,Chest pain
CLM8071,S06.0X0A,Concussion
CLM8072,L70.0,Acne vulgaris
CLM8073,E03.9,Hypothyroidism
CLM8074,E03.9,Hypothyroidism
CLM8074,E05.90,Hyperthyroidism
CLM8075,M54.5,Low back pain
CLM8076,Z00.129,Routine child health exam
CLM8077,M54.5,Low back pain
CLM8078,E11.9,Type 2 diabetes mellitus
CLM8079,R07.9,Chest pain
CLM8079,I50.9,Heart failure
CLM8079,I10,Essential hypertension
CLM8080,F32.9,Major depressive disorder
CLM8081,I50.9,Heart failure
CLM8082,M54.5,Low back pain
CLM8082,Z00.00,Routine adult health exam
CLM8083,J02.0,Streptococcal pharyngitis
CLM8083,L20.9,Atopic dermatitis
CLM8084,Z00.00,Routine adult health exam
CLM8085,J45.909,Asthma
CLM8086,C61,Prostate cancer
CLM8087,I10,Essential hypertension
CLM8088,I10,Essential hypertension
CLM8088,J06.9,Upper respiratory infection
CLM8089,I50.9,Heart failure
CLM8090,G47.33,Obstructive sleep apnea
CLM8091,R07.9,Chest pain
CLM8092,I10,Essential hypertension
CLM8093,F41.1,Generalized anxiety disorder
CLM8093,Z00.00,Routine adult health exam
CLM8094,I48.91,Atrial fibrillation
CLM8095,D22.9,Melanocytic nevus
CLM8096,J06.9,Upper respiratory infection
CLM8096,J10.1,Influenza with pneumonia
CLM8097,E11.9,Type 2 diabetes mellitus
CLM8098,E03.9,Hypothyroidism
CLM8098,E05.90,Hyperthyroidism
CLM8099,L40.0,Psoriasis
CLM8099,L57.0,Actinic keratosis
CLM8100,C18.9,Colon cancer
CLM8101,Z00.129,Routine child health exam
CLM8102,Z00.00,Routine adult health exam
CLM8103,H66.90,Otitis media
CLM8104,E78.5,Hyperlipidemia
CLM8105,M25.561,Pain in right knee
CLM8106,I10,Essential hypertension
CLM8107,C50.911,Breast cancer
CLM8108,L20.9,Atopic dermatitis
CLM8109,R07.9,Chest pain
CLM8109,I25.10,Coronary artery disease
CLM8109,I10,Essential hypertension
CLM8110,F41.1,Generalized anxiety disorder
CLM8110,F43.10,Post-traumatic stress disorder
CLM8111,N18.3,Chronic kidney disease stage 3
CLM8112,N39.0,UTI
CLM8113,K21.9,Gastroesophageal reflux disease
CLM8114,L57.0,Actinic keratosis
CLM8115,I10,Essential hypertension
CLM8116,R07.9,Chest pain
CLM8117,L20.9,Atopic dermatitis
CLM8118,C50.911,Breast cancer
CLM8118,C61,Prostate cancer
CLM8118,C34.90,Lung cancer
CLM8119,M17.11,Osteoarthritis of right knee
CLM8120,J10.1,Influenza with pneumonia
CLM8120,I10,Essential hypertension
CLM8121,J44.9,COPD
CLM8122,E11.9,Type 2 diabetes mellitus
CLM8122,E78.5,Hyperlipidemia
CLM8123,J10.1,Influenza with pneumonia
CLM8123,Z00.00,Routine adult health exam
CLM8123,F41.1,Generalized anxiety disorder
CLM8124,D22.9,Melanocytic nevus
CLM8125,M54.5,Low back pain
CLM8126,F32.9,Major depressive disorder
CLM8127,N18.3,Chronic kidney disease stage 3
CLM8128,E78.5,Hyperlipidemia
CLM8128,D64.9,Anemia
CLM8128,Z00.00,Routine adult health exam
CLM8129,Z00.00,Routine adult health exam
CLM8130,N18.3,Chronic kidney disease stage 3
CLM8130,K21.9,Gastroesophageal reflux disease
CLM8131,E03.9,Hypothyroidism
CLM8131,E66.9,Obesity
CLM8132,M25.561,Pain in right knee
CLM8133,N92.0,Heavy menstrual bleeding
CLM8134,J06.9,Upper respiratory infection
CLM8135,Z00.00,Routine adult health exam
CLM8135,E78.5,Hyperlipidemia
CLM8136,D64.9,Anemia
CLM8136,C61,Prostate cancer
CLM8137,Z00.00,Routine adult health exam
CLM8138,M54.5,Low back pain
CLM8139,E78.5,Hyperlipidemia
CLM8139,F41.1,Generalized anxiety disorder
CLM8140,E05.90,Hyperthyroidism
CLM8140,E66.9,Obesity
CLM8141,N39.0,UTI
CLM8142,Z00.00,Routine adult health exam
CLM8143,R50.9,Fever
CLM8143,J45.909,Asthma
CLM8143,H66.90,Otitis media
CLM8144,I50.9,Heart failure
CLM8144,E78.5,Hyperlipidemia
CLM8145,F90.0,ADHD
CLM8145,F31.9,Bipolar disorder
CLM8146,J45.909,Asthma
CLM8146,Z00.129,Routine child health exam
CLM8147,E78.5,Hyperlipidemia
CLM8148,Z00.00,Routine adult health exam
CLM8148,D64.9,Anemia
CLM8149,I10,Essential hypertension
CLM8150,S06.0X0A,Concussion
CLM8151,J18.9,Pneumonia
CLM8151,J44.9,COPD
CLM8152,I10,Essential hypertension
CLM8152,F41.1,Generalized anxiety disorder
CLM8152,J20.9,Acute bronchitis
CLM8153,F41.1,Generalized anxiety disorder
CLM8154,E78.5,Hyperlipidemia
CLM8155,F41.1,Generalized anxiety disorder
CLM8156,E11.9,Type 2 diabetes mellitus
CLM8157,S52.501A,Fracture of radius
CLM8157,R55,Syncope
CLM8158,I25.10,Coronary artery disease
CLM8159,K21.9,Gastroesophageal reflux disease
CLM8160,E78.5,Hyperlipidemia
CLM8161,I25.10,Coronary artery disease
CLM8162,R07.9,Chest pain
CLM8162,I25.10,Coronary artery disease
CLM8163,K21.9,Gastroesophageal reflux disease
CLM8163,E11.9,Type 2 diabetes mellitus
CLM8164,I48.91,Atrial fibrillation
CLM8165,E11.9,Type 2 diabetes mellitus
CLM8166,M54.5,Low back pain
CLM8166,J20.9,Acute bronchitis
CLM8166,Z00.00,Routine adult health exam
CLM8167,L30.9,Dermatitis
CLM8168,E03.9,Hypothyroidism
CLM8169,Z00.00,Routine adult health exam
CLM8169,M54.5,Low back pain
CLM8170,J06.9,Upper respiratory infection
CLM8170,J45.909,Asthma
CLM8171,S52.501A,Fracture of radius
CLM8171,S06.0X0A,Concussion
CLM8172,I10,Essential hypertension
CLM8173,N39.0,UTI
CLM8174,L20.9,Atopic dermatitis
CLM8174,J06.9,Upper respiratory infection
CLM8175,C34.90,Lung cancer
CLM8175,Z51.11,Encounter for chemotherapy
CLM8176,L70.0,Acne vulgaris
CLM8177,M25.561,Pain in right knee
CLM8178,N39.0,UTI
CLM8178,E78.5,Hyperlipidemia
CLM8179,Z00.00,Routine adult health exam
CLM8180,J06.9,Upper respiratory infection
CLM8181,L40.0,Psoriasis
CLM8182,J44.9,COPD
CLM8183,C34.90,Lung cancer
CLM8184,D64.9,Anemia
CLM8184,I10,Essential hypertension
CLM8184,Z00.00,Routine adult health exam
CLM8185,F32.9,Major depressive disorder
CLM8186,J18.9,Pneumonia
CLM8186,J44.9,COPD
CLM8187,K21.9,Gastroesophageal reflux disease
CLM8187,D64.9,Anemia
CLM8188,L20.9,Atopic dermatitis
CLM8189,S06.0X0A,Concussion
CLM8190,F31.9,Bipolar disorder
CLM8190,F41.1,Generalized anxiety disorder
CLM8191,Z00.00,Routine adult health exam
CLM8191,F41.1,Generalized anxiety disorder
CLM8192,E78.5,Hyperlipidemia
CLM8192,Z00.00,Routine adult health exam
CLM8193,E11.9,Type 2 diabetes mellitus
CLM8194,F31.9,Bipolar disorder
CLM8194,F41.1,Generalized anxiety disorder
CLM8195,K21.9,Gastroesophageal reflux disease
CLM8196,E78.5,Hyperlipidemia
CLM8197,D64.9,Anemia
CLM8197,E78.5,Hyperlipidemia
CLM8198,I10,Essential hypertension
CLM8199,J10.1,Influenza with pneumonia
CLM8200,J18.9,Pneumonia
CLM8201,Z00.00,Routine adult health exam
CLM8201,D64.9,Anemia
CLM8201,N18.3,Chronic kidney disease stage 3
CLM8202,L57.0,Actinic keratosis
CLM8203,I48.91,Atrial fibrillation
CLM8204,J10.1,Influenza with pneumonia
CLM8205,D22.9,Melanocytic nevus
CLM8206,J18.9,Pneumonia
CLM8207,I10,Essential hypertension
CLM8208,K21.9,Gastroesophageal reflux disease
CLM8209,I10,Essential hypertension
CLM8210,I10,Essential hypertension
CLM8211,I50.9,Heart failure
CLM8211,I48.91,Atrial fibrillation
CLM8211,R07.9,Chest pain
CLM8212,Z00.00,Routine adult health exam
CLM8213,R07.9,Chest pain
CLM8214,J45.909,Asthma
CLM8215,J18.9,Pneumonia
CLM8216,E11.9,Type 2 diabetes mellitus
CLM8217,I48.91,Atrial fibrillation
CLM8217,I25.10,Coronary artery disease
CLM8217,I10,Essential hypertension
CLM8218,I10,Essential hypertension
CLM8218,M54.5,Low back pain
CLM8218,E11.9,Type 2 diabetes mellitus
CLM8219,R07.9,Chest pain
CLM8220,R07.9,Chest pain
CLM8221,L70.0,Acne vulgaris
CLM8221,L57.0,Actinic keratosis
CLM8221,L40.0,Psoriasis
CLM8222,F31.9,Bipolar disorder
CLM8223,Z51.11,Encounter for chemotherapy
CLM8224,J45.909,Asthma
CLM8225,M25.561,Pain in right knee
CLM8226,L20.9,Atopic dermatitis
CLM8227,D22.9,Melanocytic nevus
CLM8227,L30.9,Dermatitis
CLM8228,Z00.00,Routine adult health exam
CLM8228,J20.9,Acute bronchitis
CLM8228,F41.1,Generalized anxiety disorder
CLM8229,M75.101,Rotator cuff tear
CLM8230,J06.9,Upper respiratory infection
CLM8230,L20.9,Atopic dermatitis
CLM8231,M54.5,Low back pain
CLM8231,J20.9,Acute bronchitis
CLM8232,I10,Essential hypertension
CLM8232,E78.5,Hyperlipidemia
CLM8232,R07.9,Chest pain
CLM8233,Z00.00,Routine adult health exam
CLM8234,J20.9,Acute bronchitis
CLM8234,J10.1,Influenza with pneumonia
CLM8235,M75.101,Rotator cuff tear
CLM8235,S83.511A,ACL sprain of right knee
CLM8235,M17.11,Osteoarthritis of right knee
CLM8236,J10.1,Influenza with pneumonia
CLM8236,N39.0,UTI
CLM8237,L30.9,Dermatitis
CLM8237,D22.9,Melanocytic nevus
CLM8237,L40.0,Psoriasis
CLM8238,R50.9,Fever
CLM8238,J02.0,Streptococcal pharyngitis
CLM8239,Z00.00,Routine adult health exam
CLM8240,D64.9,Anemia
CLM8241,Z00.00,Routine adult health exam
CLM8241,K21.9,Gastroesophageal reflux disease
CLM8242,I10,Essential hypertension
CLM8242,K21.9,Gastroesophageal reflux disease
CLM8242,Z00.00,Routine adult health exam
CLM8243,L20.9,Atopic dermatitis
CLM8244,I10,Essential hypertension
CLM8244,F41.1,Generalized anxiety disorder
CLM8244,M54.5,Low back pain
CLM8245,J06.9,Upper respiratory infection
CLM8245,E78.5,Hyperlipidemia
CLM8246,M54.5,Low back pain
CLM8247,C18.9,Colon cancer
CLM8248,S83.511A,ACL sprain of right knee
CLM8249,S06.0X0A,Concussion
CLM8250,R07.9,Chest pain
CLM8250,I48.91,Atrial fibrillation
CLM8251,I10,Essential hypertension
CLM8251,D64.9,Anemia
CLM8252,N39.0,UTI
CLM8252,F41.1,Generalized anxiety disorder
CLM8252,J20.9,Acute bronchitis
CLM8253,E66.9,Obesity
CLM8254,J02.0,Streptococcal pharyngitis
CLM8255,F32.9,Major depressive disorder
CLM8255,F43.10,Post-traumatic stress disorder
CLM8256,E78.5,Hyperlipidemia
CLM8257,N39.0,UTI
CLM8257,E78.5,Hyperlipidemia
CLM8258,F41.1,Generalized anxiety disorder
CLM8258,J20.9,Acute bronchitis
CLM8258,M54.5,Low back pain
CLM8259,E05.90,Hyperthyroidism
CLM8259,E66.9,Obesity
CLM8259,E03.9,Hypothyroidism
CLM8260,J44.9,COPD
CLM8261,Z00.00,Routine adult health exam
CLM8262,C61,Prostate cancer
CLM8263,E66.9,Obesity
CLM8264,I10,Essential hypertension
CLM8265,I48.91,Atrial fibrillation
CLM8265,I25.10,Coronary artery disease
CLM8266,N18.3,Chronic kidney disease stage 3
CLM8266,K21.9,Gastroesophageal reflux disease
CLM8267,E03.9,Hypothyroidism
CLM8268,I10,Essential hypertension
CLM8269,Z00.00,Routine adult health exam
CLM8270,E78.5,Hyperlipidemia
CLM8270,M54.5,Low back pain
CLM8271,D64.9,Anemia
CLM8272,J20.9,Acute bronchitis
CLM8272,F41.1,Generalized anxiety disorder
CLM8273,E78.5,Hyperlipidemia
CLM8274,S06.0X0A,Concussion
CLM8275,R55,Syncope
CLM8276,L20.9,Atopic dermatitis
CLM8276,R50.9,Fever
CLM8276,H66.90,Otitis media
CLM8277,M54.5,Low back pain
CLM8277,J10.1,Influenza with pneumonia
CLM8278,N39.0,UTI
CLM8279,E11.9,Type 2 diabetes mellitus
CLM8280,E11.65,Type 2 diabetes with hyperglycemia
CLM8280,E11.9,Type 2 diabetes mellitus
CLM8281,J20.9,Acute bronchitis
CLM8282,C18.9,Colon cancer
CLM8282,C50.911,Breast cancer
CLM8283,D22.9,Melanocytic nevus
CLM8283,L40.0,Psoriasis
CLM8283,L30.9,Dermatitis
CLM8284,I48.91,Atrial fibrillation
CLM8285,R07.9,Chest pain
CLM8285,I50.9,Heart failure
CLM8286,J10.1,Influenza with pneumonia
CLM8287,E78.5,Hyperlipidemia
CLM8288,L30.9,Dermatitis
CLM8288,D22.9,Melanocytic nevus
CLM8289,J10.1,Influenza with pneumonia
CLM8290,R07.9,Chest pain
CLM8290,I25.10,Coronary artery disease
CLM8291,O24.410,Gestational diabetes
CLM8291,N92.0,Heavy menstrual bleeding
CLM8292,G47.33,Obstructive sleep apnea
CLM8292,J18.9,Pneumonia
CLM8293,L70.0,Acne vulgaris
CLM8294,I10,Essential hypertension
CLM8295,M25.561,Pain in right knee
CLM8296,R10.9,Abdominal pain
CLM8297,G47.33,Obstructive sleep apnea
CLM8297,J44.9,COPD
CLM8298,E78.5,Hyperlipidemia
CLM8299,L20.9,Atopic dermatitis
CLM8300,I50.9,Heart failure
CLM8301,E11.9,Type 2 diabetes mellitus
CLM8301,N18.3,Chronic kidney disease stage 3
CLM8302,J44.9,COPD
CLM8302,J18.9,Pneumonia
CLM8303,I50.9,Heart failure
CLM8304,J10.1,Influenza with pneumonia
CLM8305,D22.9,Melanocytic nevus
CLM8306,R07.9,Chest pain
CLM8307,I25.10,Coronary artery disease
CLM8308,J06.9,Upper respiratory infection
CLM8309,C34.90,Lung cancer
CLM8309,C18.9,Colon cancer
CLM8310,Z00.129,Routine child health exam
CLM8311,I10,Essential hypertension
CLM8311,J06.9,Upper respiratory infection
CLM8311,Z00.00,Routine adult health exam
CLM8312,I10,Essential hypertension
CLM8313,N18.3,Chronic kidney disease stage 3
CLM8314,F31.9,Bipolar disorder
CLM8314,F90.0,ADHD
CLM8315,S52.501A,Fracture of radius
CLM8316,J10.1,Influenza with pneumonia
CLM8316,N39.0,UTI
CLM8317,Z00.00,Routine adult health exam
CLM8317,E78.5,Hyperlipidemia
CLM8317,K21.9,Gastroesophageal reflux disease
CLM8318,E78.5,Hyperlipidemia
CLM8319,I50.9,Heart failure
CLM8319,R07.9,Chest pain
CLM8320,E11.65,Type 2 diabetes with hyperglycemia
CLM8321,Z00.129,Routine child health exam
CLM8322,L57.0,Actinic keratosis
CLM8322,D22.9,Melanocytic nevus
CLM8322,L70.0,Acne vulgaris
CLM8323,R07.9,Chest pain
CLM8324,E78.5,Hyperlipidemia
CLM8324,I10,Essential hypertension
CLM8324,D64.9,Anemia
CLM8325,E78.5,Hyperlipidemia
CLM8326,E78.5,Hyperlipidemia
CLM8326,N18.3,Chronic kidney disease stage 3
CLM8327,F41.1,Generalized anxiety disorder
CLM8328,C61,Prostate cancer
CLM8328,Z51.11,Encounter for chemotherapy
CLM8329,E11.9,Type 2 diabetes mellitus
CLM8330,M17.11,Osteoarthritis of right knee
CLM8330,M54.5,Low back pain
CLM8331,H66.90,Otitis media
CLM8332,E11.9,Type 2 diabetes mellitus
CLM8332,K21.9,Gastroesophageal reflux disease
CLM8333,D64.9,Anemia
CLM8333,E78.5,Hyperlipidemia
CLM8334,K21.9,Gastroesophageal reflux disease
CLM8334,I10,Essential hypertension
CLM8335,Z00.00,Routine adult health exam
CLM8336,M54.5,Low back pain
CLM8337,R07.9,Chest pain
CLM8338,F43.10,Post-traumatic stress disorder
CLM8338,F31.9,Bipolar disorder
CLM8339,E11.9,Type 2 diabetes mellitus
CLM8339,Z00.00,Routine adult health exam
CLM8340,E11.9,Type 2 diabetes mellitus
CLM8341,C34.90,Lung cancer
CLM8341,Z51.11,Encounter for chemotherapy
CLM8342,Z00.00,Routine adult health exam
CLM8342,E78.5,Hyperlipidemia
CLM8342,J06.9,Upper respiratory infection
CLM8343,I10,Essential hypertension
CLM8344,E03.9,Hypothyroidism
CLM8345,M54.5,Low back pain
CLM8346,M17.11,Osteoarthritis of right knee
CLM8347,I10,Essential hypertension
CLM8347,E03.9,Hypothyroidism
CLM8348,F41.1,Generalized anxiety disorder
CLM8348,F31.9,Bipolar disorder
CLM8349,I10,Essential hypertension
CLM8349,I25.10,Coronary artery disease
CLM8350,I50.9,Heart failure
CLM8351,D64.9,Anemia
CLM8351,E03.9,Hypothyroidism
CLM8351,N18.3,Chronic kidney disease stage 3
CLM8352,L40.0,Psoriasis
CLM8353,C61,Prostate cancer
CLM8353,D64.9,Anemia
CLM8354,G47.33,Obstructive sleep apnea
CLM8354,J45.909,Asthma
CLM8354,J44.9,COPD
CLM8355,G47.33,Obstructive sleep apnea
CLM8355,J18.9,Pneumonia
CLM8355,J44.9,COPD
CLM8356,I10,Essential hypertension
CLM8356,F41.1,Generalized anxiety disorder
CLM8357,Z00.00,Routine adult health exam
CLM8358,S83.511A,ACL sprain of right knee
CLM8359,I10,Essential hypertension
CLM8360,E11.65,Type 2 diabetes with hyperglycemia
CLM8360,E03.9,Hypothyroidism
CLM8361,J45.909,Asthma
CLM8362,C61,Prostate cancer
CLM8362,C34.90,Lung cancer
CLM8363,R55,Syncope
CLM8364,R07.9,Chest pain
CLM8365,I25.10,Coronary artery disease
CLM8365,I10,Essential hypertension
CLM8366,I50.9,Heart failure
CLM8367,L40.0,Psoriasis
CLM8368,J20.9,Acute bronchitis
CLM8369,D64.9,Anemia
CLM8369,E03.9,Hypothyroidism
CLM8369,Z00.00,Routine adult health exam
CLM8370,I25.10,Coronary artery disease
CLM8370,R07.9,Chest pain
CLM8371,C61,Prostate cancer
CLM8372,F90.0,ADHD
CLM8372,F41.1,Generalized anxiety disorder
CLM8373,I10,Essential hypertension
CLM8374,F31.9,Bipolar disorder
CLM8375,R50.9,Fever
CLM8375,J45.909,Asthma
CLM8375,H66.90,Otitis media
CLM8376,M75.101,Rotator cuff tear
CLM8376,M25.561,Pain in right knee
CLM8376,M54.5,Low back pain
CLM8377,M54.5,Low back pain
CLM8377,E78.5,Hyperlipidemia
CLM8377,J20.9,Acute bronchitis
CLM8378,F32.9,Major depressive disorder
CLM8379,R55,Syncope
CLM8379,R07.9,Chest pain
CLM8379,J18.9,Pneumonia
CLM8380,I10,Essential hypertension
CLM8381,R10.9,Abdominal pain
CLM8382,I10,Essential hypertension
CLM8383,L30.9,Dermatitis
CLM8383,D22.9,Melanocytic nevus
CLM8383,L57.0,Actinic keratosis
CLM8384,N80.9,Endometriosis
CLM8384,O24.410,Gestational diabetes
CLM8385,I10,Essential hypertension
CLM8386,I10,Essential hypertension
CLM8387,L20.9,Atopic dermatitis
CLM8387,J06.9,Upper respiratory infection
CLM8388,M75.101,Rotator cuff tear
CLM8389,I10,Essential hypertension
CLM8390,E11.9,Type 2 diabetes mellitus
CLM8391,K21.9,Gastroesophageal reflux disease
CLM8391,E78.5,Hyperlipidemia
CLM8391,E03.9,Hypothyroidism
CLM8392,G47.33,Obstructive sleep apnea
CLM8392,J44.9,COPD
CLM8393,Z34.90,Normal pregnancy supervision
CLM8393,Z01.419,Routine gynecological exam
CLM8394,I10,Essential hypertension
CLM8394,J20.9,Acute bronchitis
CLM8395,J10.1,Influenza with pneumonia
CLM8395,J20.9,Acute bronchitis
CLM8396,I25.10,Coronary artery disease
CLM8397,J44.9,COPD
CLM8398,I10,Essential hypertension
CLM8398,J06.9,Upper respiratory infection
CLM8399,I10,Essential hypertension
CLM8399,I25.10,Coronary artery disease
CLM8400,D22.9,Melanocytic nevus
CLM8401,I50.9,Heart failure
CLM8401,E78.5,Hyperlipidemia
CLM8401,I25.10,Coronary artery disease
CLM8402,Z00.00,Routine adult health exam
CLM8402,J10.1,Influenza with pneumonia
CLM8403,C50.911,Breast cancer
CLM8403,C34.90,Lung cancer
CLM8404,I48.91,Atrial fibrillation
CLM8405,D22.9,Melanocytic nevus
CLM8405,L57.0,Actinic keratosis
CLM8406,I48.91,Atrial fibrillation
CLM8407,Z00.00,Routine adult health exam
CLM8408,Z00.00,Routine adult health exam
CLM8408,N39.0,UTI
CLM8408,E11.9,Type 2 diabetes mellitus
CLM8409,L30.9,Dermatitis
CLM8409,L70.0,Acne vulgaris
CLM8410,N18.3,Chronic kidney disease stage 3
CLM8411,E78.5,Hyperlipidemia
CLM8411,N18.3,Chronic kidney disease stage 3
CLM8412,J06.9,Upper respiratory infection
CLM8412,F41.1,Generalized anxiety disorder
CLM8413,J45.909,Asthma
CLM8414,J45.909,Asthma
CLM8415,J45.909,Asthma
CLM8416,J10.1,Influenza with pneumonia
CLM8417,Z00.00,Routine adult health exam
CLM8417,F41.1,Generalized anxiety disorder
CLM8417,E11.9,Type 2 diabetes mellitus
CLM8418,J18.9,Pneumonia
CLM8419,I48.91,Atrial fibrillation
CLM8420,F41.1,Generalized anxiety disorder
CLM8420,F90.0,ADHD
CLM8421,R07.9,Chest pain
CLM8421,I48.91,Atrial fibrillation
CLM8422,E11.9,Type 2 diabetes mellitus
CLM8422,E78.5,Hyperlipidemia
CLM8422,N39.0,UTI
CLM8423,Z00.00,Routine adult health exam
CLM8424,R55,Syncope
CLM8424,R10.9,Abdominal pain
CLM8425,N39.0,UTI
CLM8426,I48.91,Atrial fibrillation
CLM8426,I25.10,Coronary artery disease
CLM8427,M17.11,Osteoarthritis of right knee
CLM8428,I10,Essential hypertension
CLM8428,K21.9,Gastroesophageal reflux disease
CLM8429,E78.5,Hyperlipidemia
CLM8430,E11.9,Type 2 diabetes mellitus
CLM8430,E03.9,Hypothyroidism
CLM8430,E05.90,Hyperthyroidism
CLM8431,K21.9,Gastroesophageal reflux disease
CLM8432,J06.9,Upper respiratory infection
CLM8432,I10,Essential hypertension
CLM8433,C18.9,Colon cancer
CLM8433,C34.90,Lung cancer
CLM8433,C61,Prostate cancer
CLM8434,D64.9,Anemia
CLM8434,N18.3,Chronic kidney disease stage 3
CLM8435,C18.9,Colon cancer
CLM8435,C34.90,Lung cancer
CLM8436,J45.909,Asthma
CLM8437,J18.9,Pneumonia
CLM8438,Z00.00,Routine adult health exam
CLM8438,E11.9,Type 2 diabetes mellitus
CLM8438,N39.0,UTI
CLM8439,N39.0,UTI
CLM8440,J02.0,Streptococcal pharyngitis
CLM8440,Z00.129,Routine child health exam
CLM8441,D64.9,Anemia
CLM8441,E03.9,Hypothyroidism
CLM8442,E78.5,Hyperlipidemia
CLM8443,J20.9,Acute bronchitis
CLM8443,M54.5,Low back pain
CLM8444,S06.0X0A,Concussion
CLM8445,L70.0,Acne vulgaris
CLM8445,L40.0,Psoriasis
CLM8445,L30.9,Dermatitis
CLM8446,E78.5,Hyperlipidemia
CLM8446,D64.9,Anemia
CLM8447,D64.9,Anemia
CLM8448,J06.9,Upper respiratory infection
CLM8449,F43.10,Post-traumatic stress disorder
CLM8450,M54.5,Low back pain
CLM8451,D64.9,Anemia
CLM8452,I50.9,Heart failure
CLM8453,E05.90,Hyperthyroidism
CLM8453,E66.9,Obesity
CLM8453,E11.9,Type 2 diabetes mellitus
CLM8454,M54.5,Low back pain
CLM8455,L40.0,Psoriasis
CLM8455,D22.9,Melanocytic nevus
CLM8456,M75.101,Rotator cuff tear
CLM8457,F31.9,Bipolar disorder
CLM8458,J45.909,Asthma
CLM8459,L20.9,Atopic dermatitis
CLM8459,J45.909,Asthma
CLM8460,J45.909,Asthma
CLM8460,J06.9,Upper respiratory infection
CLM8461,C34.90,Lung cancer
CLM8461,C61,Prostate cancer
CLM8462,L40.0,Psoriasis
CLM8462,D22.9,Melanocytic nevus
CLM8463,F90.0,ADHD
CLM8464,N92.0,Heavy menstrual bleeding
CLM8465,J45.909,Asthma
CLM8466,J06.9,Upper respiratory infection
CLM8467,F41.1,Generalized anxiety disorder
CLM8468,J20.9,Acute bronchitis
CLM8468,E78.5,Hyperlipidemia
CLM8469,J45.909,Asthma
CLM8470,F90.0,ADHD
CLM8471,F32.9,Major depressive disorder
CLM8471,F41.1,Generalized anxiety disorder
CLM8472,C61,Prostate cancer
CLM8473,L57.0,Actinic keratosis
CLM8473,L40.0,Psoriasis
CLM8474,Z00.00,Routine adult health exam
CLM8475,J06.9,Upper respiratory infection
CLM8475,J02.0,Streptococcal pharyngitis
CLM8476,C61,Prostate cancer
CLM8477,R50.9,Fever
CLM8477,J45.909,Asthma
CLM8478,N18.3,Chronic kidney disease stage 3
CLM8478,E11.9,Type 2 diabetes mellitus
CLM8479,E11.9,Type 2 diabetes mellitus
CLM8479,J20.9,Acute bronchitis
CLM8480,I10,Essential hypertension
CLM8481,Z00.00,Routine adult health exam
CLM8482,Z00.00,Routine adult health exam
CLM8483,E03.9,Hypothyroidism
CLM8483,E78.5,Hyperlipidemia
CLM8484,J20.9,Acute bronchitis
CLM8484,Z00.00,Routine adult health exam
CLM8485,C34.90,Lung cancer
CLM8486,J45.909,Asthma
CLM8487,N18.3,Chronic kidney disease stage 3
CLM8488,E11.9,Type 2 diabetes mellitus
CLM8489,M17.11,Osteoarthritis of right knee
CLM8489,S83.511A,ACL sprain of right knee
CLM8489,M54.5,Low back pain
CLM8490,Z00.00,Routine adult health exam
CLM8490,E11.9,Type 2 diabetes mellitus
CLM8491,F41.1,Generalized anxiety disorder
CLM8492,I48.91,Atrial fibrillation
CLM8493,E66.9,Obesity
CLM8493,E05.90,Hyperthyroidism
CLM8493,E11.65,Type 2 diabetes with hyperglycemia
CLM8494,J02.0,Streptococcal pharyngitis
CLM8495,I48.91,Atrial fibrillation
CLM8496,S83.511A,ACL sprain of right knee
CLM8497,J44.9,COPD
CLM8497,J45.909,Asthma
CLM8498,I10,Essential hypertension
CLM8499,R07.9,Chest pain
CLM8499,I10,Essential hypertension
CLM8500,I10,Essential hypertension
CLM8500,K21.9,Gastroesophageal reflux disease
CLM8501,I25.10,Coronary artery disease
CLM8501,I48.91,Atrial fibrillation
CLM8501,I10,Essential hypertension
CLM8502,K21.9,Gastroesophageal reflux disease
CLM8503,F41.1,Generalized anxiety disorder
CLM8504,M54.5,Low back pain
CLM8504,Z00.00,Routine adult health exam
CLM8504,E11.9,Type 2 diabetes mellitus
CLM8505,I10,Essential hypertension
CLM8505,M54.5,Low back pain
CLM8506,E78.5,Hyperlipidemia
CLM8507,F41.1,Generalized anxiety disorder
CLM8507,E78.5,Hyperlipidemia
CLM8508,E03.9,Hypothyroidism
CLM8508,D64.9,Anemia
CLM8509,E03.9,Hypothyroidism
CLM8510,E03.9,Hypothyroidism
CLM8510,N18.3,Chronic kidney disease stage 3
CLM8511,E03.9,Hypothyroidism
CLM8511,E66.9,Obesity
CLM8511,E11.65,Type 2 diabetes with hyperglycemia
CLM8512,E78.5,Hyperlipidemia
CLM8513,I25.10,Coronary artery disease
CLM8514,Z00.00,Routine adult health exam
CLM8515,Z00.00,Routine adult health exam
CLM8516,N92.0,Heavy menstrual bleeding
CLM8516,Z01.419,Routine gynecological exam
CLM8517,N39.0,UTI
CLM8518,G47.33,Obstructive sleep apnea
CLM8518,J45.909,Asthma
CLM8519,R55,Syncope
CLM8520,C18.9,Colon cancer
CLM8520,Z51.11,Encounter for chemotherapy
CLM8521,I25.10,Coronary artery disease
CLM8521,R07.9,Chest pain
CLM8521,I48.91,Atrial fibrillation
CLM8522,R07.9,Chest pain
CLM8522,I48.91,Atrial fibrillation
CLM8522,E78.5,Hyperlipidemia
CLM8523,L70.0,Acne vulgaris
CLM8524,J06.9,Upper respiratory infection
CLM8525,F32.9,Major depressive disorder
CLM8525,F41.1,Generalized anxiety disorder
CLM8526,R07.9,Chest pain
CLM8527,N39.0,UTI
CLM8528,E78.5,Hyperlipidemia
CLM8528,R07.9,Chest pain
CLM8529,R55,Syncope
CLM8530,E78.5,Hyperlipidemia
CLM8530,M54.5,Low back pain
CLM8531,L57.0,Actinic keratosis
CLM8531,L70.0,Acne vulgaris
CLM8532,J06.9,Upper respiratory infection
CLM8532,Z00.129,Routine child health exam
CLM8533,I10,Essential hypertension
CLM8533,I25.10,Coronary artery disease
CLM8534,O24.410,Gestational diabetes
CLM8535,E03.9,Hypothyroidism
CLM8536,E03.9,Hypothyroidism
CLM8536,K21.9,Gastroesophageal reflux disease
CLM8537,Z00.00,Routine adult health exam
CLM8538,C18.9,Colon cancer
CLM8538,D64.9,Anemia
CLM8539,R07.9,Chest pain
CLM8540,N18.3,Chronic kidney disease stage 3
CLM8541,C34.90,Lung cancer
CLM8541,D64.9,Anemia
CLM8542,I48.91,Atrial fibrillation
CLM8542,I10,Essential hypertension
CLM8543,Z00.00,Routine adult health exam
CLM8543,E78.5,Hyperlipidemia
CLM8544,N39.0,UTI
CLM8544,I10,Essential hypertension
CLM8545,D64.9,Anemia
CLM8545,E11.9,Type 2 diabetes mellitus
CLM8546,E78.5,Hyperlipidemia
CLM8546,E11.9,Type 2 diabetes mellitus
CLM8547,D22.9,Melanocytic nevus
CLM8548,I10,Essential hypertension
CLM8548,F41.1,Generalized anxiety disorder
CLM8549,L20.9,Atopic dermatitis
CLM8550,M54.5,Low back pain
CLM8550,M25.561,Pain in right knee
CLM8551,R07.9,Chest pain
CLM8551,I10,Essential hypertension
CLM8552,I10,Essential hypertension
CLM8552,E78.5,Hyperlipidemia
CLM8553,M54.5,Low back pain
CLM8554,M75.101,Rotator cuff tear
CLM8555,F41.1,Generalized anxiety disorder
CLM8555,J06.9,Upper respiratory infection
CLM8555,E78.5,Hyperlipidemia
CLM8556,D64.9,Anemia
CLM8556,N18.3,Chronic kidney disease stage 3
CLM8557,I25.10,Coronary artery disease
CLM8558,R10.9,Abdominal pain
CLM8559,D22.9,Melanocytic nevus
CLM8560,M25.561,Pain in right knee
CLM8561,F41.1,Generalized anxiety disorder
CLM8562,Z00.00,Routine adult health exam
CLM8563,E78.5,Hyperlipidemia
CLM8563,I48.91,Atrial fibrillation
CLM8564,M54.5,Low back pain
CLM8564,F41.1,Generalized anxiety disorder
CLM8565,Z34.90,Normal pregnancy supervision
CLM8565,N92.0,Heavy menstrual bleeding
CLM8566,J18.9,Pneumonia
CLM8567,Z00.00,Routine adult health exam
CLM8567,E03.9,Hypothyroidism
CLM8568,R10.9,Abdominal pain
CLM8569,J44.9,COPD
CLM8569,J18.9,Pneumonia
CLM8570,J02.0,Streptococcal pharyngitis
CLM8571,E11.65,Type 2 diabetes with hyperglycemia
CLM8572,E03.9,Hypothyroidism
CLM8572,Z00.00,Routine adult health exam
CLM8573,D64.9,Anemia
CLM8574,L20.9,Atopic dermatitis
CLM8574,J06.9,Upper respiratory infection
CLM8575,N18.3,Chronic kidney disease stage 3
CLM8575,E03.9,Hypothyroidism
CLM8575,Z00.00,Routine adult health exam
CLM8576,M54.5,Low back pain
CLM8577,E03.9,Hypothyroidism
CLM8578,I10,Essential hypertension
CLM8578,J10.1,Influenza with pneumonia
CLM8579,D22.9,Melanocytic nevus
CLM8579,L40.0,Psoriasis
CLM8580,E78.5,Hyperlipidemia
CLM8581,Z00.00,Routine adult health exam
CLM8581,K21.9,Gastroesophageal reflux disease
CLM8582,E05.90,Hyperthyroidism
CLM8582,E03.9,Hypothyroidism
CLM8583,E78.5,Hyperlipidemia
CLM8583,R07.9,Chest pain
CLM8584,Z00.00,Routine adult health exam
CLM8584,E11.9,Type 2 diabetes mellitus
CLM8585,E11.9,Type 2 diabetes mellitus
CLM8586,N18.3,Chronic kidney disease stage 3
CLM8587,F32.9,Major depressive disorder
CLM8588,K21.9,Gastroesophageal reflux disease
CLM8588,E03.9,Hypothyroidism
CLM8589,R07.9,Chest pain
CLM8589,I50.9,Heart failure
CLM8589,E78.5,Hyperlipidemia
CLM8590,K21.9,Gastroesophageal reflux disease
CLM8590,E78.5,Hyperlipidemia
CLM8591,J06.9,Upper respiratory infection
CLM8592,D64.9,Anemia
CLM8592,Z00.00,Routine adult health exam
CLM8593,R10.9,Abdominal pain
CLM8594,S06.0X0A,Concussion
CLM8595,N18.3,Chronic kidney disease stage 3
CLM8595,E11.9,Type 2 diabetes mellitus
CLM8595,I10,Essential hypertension
CLM8596,F32.9,Major depressive disorder
CLM8597,E03.9,Hypothyroidism
CLM8597,I10,Essential hypertension
CLM8598,J06.9,Upper respiratory infection
CLM8599,N39.0,UTI
CLM8600,J20.9,Acute bronchitis
CLM8601,I10,Essential hypertension
CLM8602,I25.10,Coronary artery disease
CLM8603,R10.9,Abdominal pain
CLM8603,R55,Syncope
CLM8604,Z00.00,Routine adult health exam
CLM8604,J20.9,Acute bronchitis
CLM8605,M75.101,Rotator cuff tear
CLM8605,M17.11,Osteoarthritis of right knee
CLM8606,C34.90,Lung cancer
CLM8606,C18.9,Colon cancer
CLM8607,J45.909,Asthma
CLM8608,E11.9,Type 2 diabetes mellitus
CLM8609,J20.9,Acute bronchitis
CLM8609,J10.1,Influenza with pneumonia
CLM8610,I10,Essential hypertension
CLM8610,E03.9,Hypothyroidism
CLM8610,K21.9,Gastroesophageal reflux disease
CLM8611,L30.9,Dermatitis
CLM8611,D22.9,Melanocytic nevus
CLM8612,N18.3,Chronic kidney disease stage 3
CLM8613,E11.9,Type 2 diabetes mellitus
CLM8614,J44.9,COPD
CLM8615,D22.9,Melanocytic nevus
CLM8616,J20.9,Acute bronchitis
CLM8616,I10,Essential hypertension
CLM8616,M54.5,Low back pain
CLM8617,D64.9,Anemia
CLM8618,N18.3,Chronic kidney disease stage 3
CLM8619,I10,Essential hypertension
CLM8620,N18.3,Chronic kidney disease stage 3
CLM8621,M17.11,Osteoarthritis of right knee
CLM8622,M54.5,Low back pain
CLM8623,L70.0,Acne vulgaris
CLM8624,F41.1,Generalized anxiety disorder
CLM8624,E78.5,Hyperlipidemia
CLM8625,M25.561,Pain in right knee
CLM8626,F90.0,ADHD
CLM8626,F32.9,Major depressive disorder
CLM8627,R55,Syncope
CLM8628,J18.9,Pneumonia
CLM8629,L30.9,Dermatitis
CLM8629,L40.0,Psoriasis
CLM8630,E03.9,Hypothyroidism
CLM8631,J45.909,Asthma
CLM8632,L57.0,Actinic keratosis
CLM8632,L30.9,Dermatitis
CLM8633,E11.9,Type 2 diabetes mellitus
CLM8633,E03.9,Hypothyroidism
CLM8634,D64.9,Anemia
CLM8635,J45.909,Asthma
CLM8636,N18.3,Chronic kidney disease stage 3
CLM8636,D64.9,Anemia
CLM8637,Z00.00,Routine adult health exam
CLM8637,N18.3,Chronic kidney disease stage 3
CLM8638,J10.1,Influenza with pneumonia
CLM8639,N18.3,Chronic kidney disease stage 3
CLM8640,R50.9,Fever
CLM8641,N39.0,UTI
CLM8641,F41.1,Generalized anxiety disorder
CLM8642,C18.9,Colon cancer
CLM8643,D64.9,Anemia
CLM8643,E03.9,Hypothyroidism
CLM8644,E03.9,Hypothyroidism
CLM8645,R50.9,Fever
CLM8646,E66.9,Obesity
CLM8647,I10,Essential hypertension
CLM8647,E78.5,Hyperlipidemia
CLM8648,E78.5,Hyperlipidemia
CLM8648,Z00.00,Routine adult health exam
CLM8649,Z34.90,Normal pregnancy supervision
CLM8650,J18.9,Pneumonia
CLM8651,Z00.00,Routine adult health exam
CLM8652,I10,Essential hypertension
CLM8653,Z34.90,Normal pregnancy supervision
CLM8654,M54.5,Low back pain
CLM8655,I50.9,Heart failure
CLM8655,E78.5,Hyperlipidemia
CLM8656,E03.9,Hypothyroidism
CLM8657,J45.909,Asthma
CLM8657,J44.9,COPD
CLM8657,G47.33,Obstructive sleep apnea
CLM8658,J45.909,Asthma
CLM8659,J18.9,Pneumonia
CLM8659,R10.9,Abdominal pain
CLM8660,F41.1,Generalized anxiety disorder
CLM8661,L30.9,Dermatitis
CLM8662,J02.0,Streptococcal pharyngitis
CLM8662,J45.909,Asthma
CLM8663,I25.10,Coronary artery disease
CLM8663,E78.5,Hyperlipidemia
CLM8664,E78.5,Hyperlipidemia
CLM8665,R50.9,Fever
CLM8665,Z00.129,Routine child health exam
CLM8666,J18.9,Pneumonia
CLM8667,I10,Essential hypertension
CLM8667,R07.9,Chest pain
CLM8668,Z00.00,Routine adult health exam
CLM8668,J20.9,Acute bronchitis
CLM8669,R07.9,Chest pain
CLM8669,S52.501A,Fracture of radius
CLM8670,E03.9,Hypothyroidism
CLM8671,E11.9,Type 2 diabetes mellitus
CLM8672,E11.9,Type 2 diabetes mellitus
CLM8672,J20.9,Acute bronchitis
CLM8673,I10,Essential hypertension
CLM8673,M54.5,Low back pain
CLM8674,F32.9,Major depressive disorder
CLM8675,J18.9,Pneumonia
CLM8675,R07.9,Chest pain
CLM8676,I10,Essential hypertension
CLM8677,R07.9,Chest pain
CLM8678,E78.5,Hyperlipidemia
CLM8679,J44.9,COPD
CLM8680,L40.0,Psoriasis
CLM8681,L70.0,Acne vulgaris
CLM8682,Z00.00,Routine adult health exam
CLM8683,N39.0,UTI
CLM8684,J44.9,COPD
CLM8684,G47.33,Obstructive sleep apnea
CLM8685,E11.9,Type 2 diabetes mellitus
CLM8685,Z00.00,Routine adult health exam
CLM8685,I10,Essential hypertension
CLM8686,Z51.11,Encounter for chemotherapy
CLM8686,C34.90,Lung cancer
CLM8687,I48.91,Atrial fibrillation
CLM8688,I10,Essential hypertension
CLM8688,E11.9,Type 2 diabetes mellitus
CLM8689,E11.9,Type 2 diabetes mellitus
CLM8690,M25.561,Pain in right knee
CLM8690,S83.511A,ACL sprain of right knee
CLM8691,M17.11,Osteoarthritis of right knee
CLM8691,M54.5,Low back pain
CLM8692,Z00.00,Routine adult health exam
CLM8693,M75.101,Rotator cuff tear
CLM8694,I10,Essential hypertension
CLM8695,R10.9,Abdominal pain
CLM8696,Z00.00,Routine adult health exam
CLM8696,N18.3,Chronic kidney disease stage 3
CLM8697,R07.9,Chest pain
CLM8698,L40.0,Psoriasis
CLM8699,D64.9,Anemia
CLM8700,R10.9,Abdominal pain
CLM8701,E11.9,Type 2 diabetes mellitus
CLM8702,I25.10,Coronary artery disease
CLM8703,N39.0,UTI
CLM8703,F41.1,Generalized anxiety disorder
CLM8704,C18.9,Colon cancer
CLM8705,M25.561,Pain in right knee
CLM8706,F90.0,ADHD
CLM8706,F31.9,Bipolar disorder
CLM8706,F32.9,Major depressive disorder
CLM8707,E78.5,Hyperlipidemia
CLM8707,F41.1,Generalized anxiety disorder
CLM8707,Z00.00,Routine adult health exam
CLM8708,I50.9,Heart failure
CLM8708,I10,Essential hypertension
CLM8709,Z00.00,Routine adult health exam
CLM8709,I10,Essential hypertension
CLM8710,I50.9,Heart failure
CLM8710,I10,Essential hypertension
CLM8711,I25.10,Coronary artery disease
CLM8712,Z00.00,Routine adult health exam
CLM8713,J06.9,Upper respiratory infection
CLM8713,M54.5,Low back pain
CLM8714,K21.9,Gastroesophageal reflux disease
CLM8714,D64.9,Anemia
CLM8715,E78.5,Hyperlipidemia
CLM8716,E05.90,Hyperthyroidism
CLM8717,F43.10,Post-traumatic stress disorder
CLM8718,I48.91,Atrial fibrillation
CLM8719,M25.561,Pain in right knee
CLM8720,F41.1,Generalized anxiety disorder
CLM8721,M54.5,Low back pain
CLM8722,J45.909,Asthma
CLM8723,C34.90,Lung cancer
CLM8724,I10,Essential hypertension
CLM8725,L70.0,Acne vulgaris
CLM8726,D64.9,Anemia
CLM8726,C18.9,Colon cancer
CLM8726,C34.90,Lung cancer
CLM8727,F31.9,Bipolar disorder
CLM8728,D64.9,Anemia
CLM8729,M54.5,Low back pain
CLM8729,M17.11,Osteoarthritis of right knee
CLM8730,I25.10,Coronary artery disease
CLM8730,I10,Essential hypertension
CLM8730,R07.9,Chest pain
CLM8731,F43.10,Post-traumatic stress disorder
CLM8732,E78.5,Hyperlipidemia
CLM8733,Z00.00,Routine adult health exam
CLM8734,I50.9,Heart failure
CLM8735,J10.1,Influenza with pneumonia
CLM8735,F41.1,Generalized anxiety disorder
CLM8736,N39.0,UTI
CLM8737,J10.1,Influenza with pneumonia
CLM8738,E11.9,Type 2 diabetes mellitus
CLM8738,D64.9,Anemia
CLM8739,L40.0,Psoriasis
CLM8739,L70.0,Acne vulgaris
CLM8740,E11.9,Type 2 diabetes mellitus
CLM8740,K21.9,Gastroesophageal reflux disease
CLM8740,I10,Essential hypertension
CLM8741,E03.9,Hypothyroidism
CLM8741,E11.9,Type 2 diabetes mellitus
CLM8742,D64.9,Anemia
CLM8742,I10,Essential hypertension
CLM8743,C18.9,Colon cancer
CLM8744,E78.5,Hyperlipidemia
CLM8745,J10.1,Influenza with pneumonia
CLM8746,L57.0,Actinic keratosis
CLM8746,L40.0,Psoriasis
CLM8747,C18.9,Colon cancer
CLM8748,J06.9,Upper respiratory infection
CLM8749,I50.9,Heart failure
CLM8750,I10,Essential hypertension
CLM8750,E11.9,Type 2 diabetes mellitus
CLM8750,M54.5,Low back pain
CLM8751,E11.9,Type 2 diabetes mellitus
CLM8751,N39.0,UTI
CLM8752,E11.65,Type 2 diabetes with hyperglycemia
CLM8753,E05.90,Hyperthyroidism
CLM8754,L30.9,Dermatitis
CLM8754,L70.0,Acne vulgaris
CLM8754,L40.0,Psoriasis
CLM8755,F31.9,Bipolar disorder
CLM8756,E03.9,Hypothyroidism
CLM8757,D64.9,Anemia
CLM8758,F32.9,Major depressive disorder
CLM8759,N39.0,UTI
CLM8759,J06.9,Upper respiratory infection
CLM8760,F41.1,Generalized anxiety disorder
CLM8760,F43.10,Post-traumatic stress disorder
CLM8761,E05.90,Hyperthyroidism
CLM8762,E78.5,Hyperlipidemia
CLM8762,J10.1,Influenza with pneumonia
CLM8763,L20.9,Atopic dermatitis
CLM8764,R55,Syncope
CLM8765,Z00.00,Routine adult health exam
CLM8766,R10.9,Abdominal pain
CLM8767,E78.5,Hyperlipidemia
CLM8767,I10,Essential hypertension
CLM8767,E11.9,Type 2 diabetes mellitus
CLM8768,C61,Prostate cancer
CLM8769,N18.3,Chronic kidney disease stage 3
CLM8770,H66.90,Otitis media
CLM8770,J06.9,Upper respiratory infection
CLM8771,N18.3,Chronic kidney disease stage 3
CLM8772,J45.909,Asthma
CLM8772,H66.90,Otitis media
CLM8773,S83.511A,ACL sprain of right knee
CLM8773,M17.11,Osteoarthritis of right knee
CLM8774,M25.561,Pain in right knee
CLM8775,J10.1,Influenza with pneumonia
CLM8776,M54.5,Low back pain
CLM8776,I10,Essential hypertension
CLM8777,E11.9,Type 2 diabetes mellitus
CLM8778,L40.0,Psoriasis
CLM8778,D22.9,Melanocytic nevus
CLM8779,J45.909,Asthma
CLM8779,J44.9,COPD
CLM8780,F90.0,ADHD
CLM8781,I10,Essential hypertension
CLM8782,F41.1,Generalized anxiety disorder
CLM8782,I10,Essential hypertension
CLM8783,J20.9,Acute bronchitis
CLM8784,E11.9,Type 2 diabetes mellitus
CLM8785,J18.9,Pneumonia
CLM8786,Z00.00,Routine adult health exam
CLM8787,E11.9,Type 2 diabetes mellitus
CLM8787,J06.9,Upper respiratory infection
CLM8788,I10,Essential hypertension
CLM8789,N39.0,UTI
CLM8790,R10.9,Abdominal pain
CLM8791,I10,Essential hypertension
CLM8792,E78.5,Hyperlipidemia
CLM8793,K21.9,Gastroesophageal reflux disease
CLM8794,M25.561,Pain in right knee
CLM8795,L20.9,Atopic dermatitis
CLM8796,E78.5,Hyperlipidemia
CLM8797,F41.1,Generalized anxiety disorder
CLM8797,J10.1,Influenza with pneumonia
CLM8797,M54.5,Low back pain
CLM8798,N39.0,UTI
CLM8799,E11.9,Type 2 diabetes mellitus
CLM8799,E78.5,Hyperlipidemia
CLM8799,J20.9,Acute bronchitis
CLM8800,D64.9,Anemia
CLM8800,C61,Prostate cancer
CLM8800,Z51.11,Encounter for chemotherapy
CLM8801,M54.5,Low back pain
CLM8802,D22.9,Melanocytic nevus
CLM8803,F32.9,Major depressive disorder
CLM8804,J20.9,Acute bronchitis
CLM8805,I48.91,Atrial fibrillation
CLM8806,F31.9,Bipolar disorder
CLM8807,F43.10,Post-traumatic stress disorder
CLM8808,R10.9,Abdominal pain
CLM8809,J18.9,Pneumonia
CLM8810,L20.9,Atopic dermatitis
CLM8810,H66.90,Otitis media
CLM8810,J02.0,Streptococcal pharyngitis
CLM8811,J10.1,Influenza with pneumonia
CLM8812,E03.9,Hypothyroidism
CLM8812,E78.5,Hyperlipidemia
CLM8813,I25.10,Coronary artery disease
CLM8814,F31.9,Bipolar disorder
CLM8815,Z01.419,Routine gynecological exam
CLM8816,I10,Essential hypertension
CLM8817,R07.9,Chest pain
CLM8817,I10,Essential hypertension
CLM8818,M75.101,Rotator cuff tear
CLM8818,S83.511A,ACL sprain of right knee
CLM8819,M17.11,Osteoarthritis of right knee
CLM8819,M54.5,Low back pain
CLM8820,R07.9,Chest pain
CLM8820,S52.501A,Fracture of radius
CLM8820,R10.9,Abdominal pain
CLM8821,Z51.11,Encounter for chemotherapy
CLM8822,S06.0X0A,Concussion
CLM8823,I10,Essential hypertension
CLM8824,F31.9,Bipolar disorder
CLM8825,Z34.90,Normal pregnancy supervision
CLM8825,O24.410,Gestational diabetes
CLM8826,I50.9,Heart failure
CLM8826,E78.5,Hyperlipidemia
CLM8827,L70.0,Acne vulgaris
CLM8827,L40.0,Psoriasis
CLM8827,L30.9,Dermatitis
CLM8828,C50.911,Breast cancer
CLM8828,C61,Prostate cancer
CLM8828,Z51.11,Encounter for chemotherapy
CLM8829,E05.90,Hyperthyroidism
CLM8830,I10,Essential hypertension
CLM8831,J10.1,Influenza with pneumonia
CLM8832,R07.9,Chest pain
CLM8832,S52.501A,Fracture of radius
CLM8832,R55,Syncope
CLM8833,S06.0X0A,Concussion
CLM8833,R10.9,Abdominal pain
CLM8834,Z01.419,Routine gynecological exam
CLM8834,O24.410,Gestational diabetes
CLM8835,K21.9,Gastroesophageal reflux disease
CLM8836,N39.0,UTI
CLM8836,I10,Essential hypertension
CLM8837,E66.9,Obesity
CLM8838,J44.9,COPD
CLM8839,M75.101,Rotator cuff tear
CLM8840,E78.5,Hyperlipidemia
CLM8840,Z00.00,Routine adult health exam
CLM8841,F90.0,ADHD
CLM8842,M54.5,Low back pain
CLM8843,J20.9,Acute bronchitis
CLM8844,F41.1,Generalized anxiety disorder
CLM8845,E11.65,Type 2 diabetes with hyperglycemia
CLM8845,E05.90,Hyperthyroidism
CLM8846,J06.9,Upper respiratory infection
CLM8847,E78.5,Hyperlipidemia
CLM8847,N39.0,UTI
CLM8848,E78.5,Hyperlipidemia
CLM8848,I10,Essential hypertension
CLM8848,Z00.00,Routine adult health exam
CLM8849,E66.9,Obesity
CLM8850,R50.9,Fever
CLM8850,J02.0,Streptococcal pharyngitis
CLM8851,C61,Prostate cancer
CLM8852,E78.5,Hyperlipidemia
CLM8852,N39.0,UTI
CLM8853,J02.0,Streptococcal pharyngitis
CLM8854,L30.9,Dermatitis
CLM8854,L57.0,Actinic keratosis
CLM8855,R10.9,Abdominal pain
CLM8855,J18.9,Pneumonia
CLM8856,C34.90,Lung cancer
CLM8857,E78.5,Hyperlipidemia
CLM8857,I10,Essential hypertension
CLM8858,J10.1,Influenza with pneumonia
CLM8858,Z00.00,Routine adult health exam
CLM8859,K21.9,Gastroesophageal reflux disease
CLM8859,N18.3,Chronic kidney disease stage 3
CLM8860,L20.9,Atopic dermatitis
CLM8861,D22.9,Melanocytic nevus
CLM8862,J06.9,Upper respiratory infection
CLM8863,D22.9,Melanocytic nevus
CLM8864,S83.511A,ACL sprain of right knee
CLM8864,M54.5,Low back pain
CLM8864,M25.561,Pain in right knee
CLM8865,K21.9,Gastroesophageal reflux disease
CLM8865,I10,Essential hypertension
CLM8865,E11.9,Type 2 diabetes mellitus
CLM8866,E78.5,Hyperlipidemia
CLM8867,E11.9,Type 2 diabetes mellitus
CLM8868,Z00.00,Routine adult health exam
CLM8868,J10.1,Influenza with pneumonia
CLM8869,I25.10,Coronary artery disease
CLM8870,D64.9,Anemia
CLM8870,Z51.11,Encounter for chemotherapy
CLM8870,C61,Prostate cancer
CLM8871,I10,Essential hypertension
CLM8872,F41.1,Generalized anxiety disorder
CLM8872,F31.9,Bipolar disorder
CLM8872,F32.9,Major depressive disorder
CLM8873,N18.3,Chronic kidney disease stage 3
CLM8874,L40.0,Psoriasis
CLM8875,C34.90,Lung cancer
CLM8876,E03.9,Hypothyroidism
CLM8876,D64.9,Anemia
CLM8876,N18.3,Chronic kidney disease stage 3
CLM8877,S52.501A,Fracture of radius
CLM8878,E11.9,Type 2 diabetes mellitus
CLM8878,K21.9,Gastroesophageal reflux disease
CLM8878,Z00.00,Routine adult health exam
CLM8879,S52.501A,Fracture of radius
CLM8880,R50.9,Fever
CLM8881,K21.9,Gastroesophageal reflux disease
CLM8882,J45.909,Asthma
CLM8882,G47.33,Obstructive sleep apnea
CLM8883,J06.9,Upper respiratory infection
CLM8883,F41.1,Generalized anxiety disorder
CLM8883,Z00.00,Routine adult health exam
CLM8884,M75.101,Rotator cuff tear
CLM8885,H66.90,Otitis media
CLM8886,I48.91,Atrial fibrillation
CLM8886,R07.9,Chest pain
CLM8887,M25.561,Pain in right knee
CLM8888,K21.9,Gastroesophageal reflux disease
CLM8888,E11.9,Type 2 diabetes mellitus
CLM8889,J06.9,Upper respiratory infection
CLM8890,J20.9,Acute bronchitis
CLM8891,I50.9,Heart failure
CLM8891,I48.91,Atrial fibrillation
CLM8892,R10.9,Abdominal pain
CLM8893,Z00.129,Routine child health exam
CLM8894,R07.9,Chest pain
CLM8894,E78.5,Hyperlipidemia
CLM8895,C50.911,Breast cancer
CLM8895,C61,Prostate cancer
CLM8895,Z51.11,Encounter for chemotherapy
CLM8896,I25.10,Coronary artery disease
CLM8896,I50.9,Heart failure
CLM8896,E78.5,Hyperlipidemia
CLM8897,J45.909,Asthma
CLM8898,I10,Essential hypertension
CLM8898,K21.9,Gastroesophageal reflux disease
CLM8899,J18.9,Pneumonia
CLM8900,Z01.419,Routine gynecological exam
CLM8900,Z34.90,Normal pregnancy supervision
CLM8901,I25.10,Coronary artery disease
CLM8902,F41.1,Generalized anxiety disorder
CLM8902,F43.10,Post-traumatic stress disorder
CLM8903,N39.0,UTI
CLM8903,E78.5,Hyperlipidemia
CLM8904,E11.9,Type 2 diabetes mellitus
CLM8905,I25.10,Coronary artery disease
CLM8906,J06.9,Upper respiratory infection
CLM8907,M54.5,Low back pain
CLM8908,M54.5,Low back pain
CLM8908,S83.511A,ACL sprain of right knee
CLM8909,D22.9,Melanocytic nevus
CLM8910,J02.0,Streptococcal pharyngitis
CLM8910,J45.909,Asthma
CLM8910,Z00.129,Routine child health exam
CLM8911,E78.5,Hyperlipidemia
CLM8912,K21.9,Gastroesophageal reflux disease
CLM8913,D64.9,Anemia
CLM8914,Z51.11,Encounter for chemotherapy
CLM8914,C34.90,Lung cancer
CLM8915,N92.0,Heavy menstrual bleeding
CLM8915,O24.410,Gestational diabetes
CLM8916,M54.5,Low back pain
CLM8916,M25.561,Pain in right knee
CLM8917,I10,Essential hypertension
CLM8918,F32.9,Major depressive disorder
CLM8918,F31.9,Bipolar disorder
CLM8919,C61,Prostate cancer
CLM8919,C50.911,Breast cancer
CLM8920,F43.10,Post-traumatic stress disorder
CLM8920,F32.9,Major depressive disorder
CLM8920,F31.9,Bipolar disorder
CLM8921,J10.1,Influenza with pneumonia
CLM8922,N18.3,Chronic kidney disease stage 3
CLM8922,K21.9,Gastroesophageal reflux disease
CLM8923,I10,Essential hypertension
CLM8924,E03.9,Hypothyroidism
CLM8924,N18.3,Chronic kidney disease stage 3
CLM8925,R10.9,Abdominal pain
CLM8926,E11.65,Type 2 diabetes with hyperglycemia
CLM8927,E05.90,Hyperthyroidism
CLM8928,K21.9,Gastroesophageal reflux disease
CLM8928,N18.3,Chronic kidney disease stage 3
CLM8929,Z00.00,Routine adult health exam
CLM8929,N18.3,Chronic kidney disease stage 3
CLM8930,Z00.00,Routine adult health exam
CLM8931,N39.0,UTI
CLM8931,Z00.00,Routine adult health exam
CLM8932,E05.90,Hyperthyroidism
CLM8933,J02.0,Streptococcal pharyngitis
CLM8933,R50.9,Fever
CLM8934,E11.65,Type 2 diabetes with hyperglycemia
CLM8934,E05.90,Hyperthyroidism
CLM8935,E78.5,Hyperlipidemia
CLM8936,L57.0,Actinic keratosis
CLM8936,L30.9,Dermatitis
CLM8936,D22.9,Melanocytic nevus
CLM8937,D64.9,Anemia
CLM8937,E11.9,Type 2 diabetes mellitus
CLM8938,C34.90,Lung cancer
CLM8939,E66.9,Obesity
CLM8940,S06.0X0A,Concussion
CLM8941,S83.511A,ACL sprain of right knee
CLM8942,S83.511A,ACL sprain of right knee
CLM8942,M17.11,Osteoarthritis of right knee
CLM8943,J45.909,Asthma
CLM8943,G47.33,Obstructive sleep apnea
CLM8944,E78.5,Hyperlipidemia
CLM8944,J06.9,Upper respiratory infection
CLM8945,I48.91,Atrial fibrillation
CLM8946,R07.9,Chest pain
CLM8947,I10,Essential hypertension
CLM8948,J18.9,Pneumonia
CLM8949,M75.101,Rotator cuff tear
CLM8950,N39.0,UTI
CLM8951,D64.9,Anemia
CLM8952,I10,Essential hypertension
CLM8953,J10.1,Influenza with pneumonia
CLM8954,E11.9,Type 2 diabetes mellitus
CLM8954,E03.9,Hypothyroidism
CLM8954,Z00.00,Routine adult health exam
CLM8955,J18.9,Pneumonia
CLM8955,G47.33,Obstructive sleep apnea
CLM8956,J18.9,Pneumonia
CLM8957,E03.9,Hypothyroidism
CLM8958,Z34.90,Normal pregnancy supervision
CLM8959,M54.5,Low back pain
CLM8960,I25.10,Coronary artery disease
CLM8961,L40.0,Psoriasis
CLM8961,L57.0,Actinic keratosis
CLM8962,I50.9,Heart failure
CLM8963,J20.9,Acute bronchitis
CLM8964,F41.1,Generalized anxiety disorder
CLM8964,M54.5,Low back pain
CLM8965,N39.0,UTI
CLM8966,I10,Essential hypertension
CLM8966,E03.9,Hypothyroidism
CLM8967,G47.33,Obstructive sleep apnea
CLM8968,Z34.90,Normal pregnancy supervision
CLM8968,N92.0,Heavy menstrual bleeding
CLM8968,O24.410,Gestational diabetes
CLM8969,C18.9,Colon cancer
CLM8970,E78.5,Hyperlipidemia
CLM8971,I10,Essential hypertension
CLM8972,K21.9,Gastroesophageal reflux disease
CLM8972,D64.9,Anemia
CLM8973,R07.9,Chest pain
CLM8974,E11.9,Type 2 diabetes mellitus
CLM8974,E03.9,Hypothyroidism
CLM8975,M17.11,Osteoarthritis of right knee
CLM8975,M75.101,Rotator cuff tear
CLM8976,N39.0,UTI
CLM8977,D64.9,Anemia
CLM8978,D64.9,Anemia
CLM8979,J18.9,Pneumonia
CLM8980,H66.90,Otitis media
CLM8981,E78.5,Hyperlipidemia
CLM8982,J06.9,Upper respiratory infection
CLM8983,J20.9,Acute bronchitis
CLM8984,I10,Essential hypertension
CLM8985,M54.5,Low back pain
CLM8985,J06.9,Upper respiratory infection
CLM8986,E05.90,Hyperthyroidism
CLM8986,E11.65,Type 2 diabetes with hyperglycemia
CLM8987,E03.9,Hypothyroidism
CLM8988,M54.5,Low back pain
CLM8989,E03.9,Hypothyroidism
CLM8989,D64.9,Anemia
CLM8989,N18.3,Chronic kidney disease stage 3
CLM8990,R55,Syncope
CLM8990,R07.9,Chest pain
CLM8990,J18.9,Pneumonia
CLM8991,E78.5,Hyperlipidemia
CLM8992,Z34.90,Normal pregnancy supervision
CLM8993,R10.9,Abdominal pain
CLM8994,I25.10,Coronary artery disease
CLM8994,R07.9,Chest pain
CLM8995,N39.0,UTI
CLM8996,F41.1,Generalized anxiety disorder
CLM8997,E78.5,Hyperlipidemia
CLM8997,D64.9,Anemia
CLM8997,N18.3,Chronic kidney disease stage 3
CLM8998,R50.9,Fever
CLM8998,Z00.129,Routine child health exam
CLM8998,J06.9,Upper respiratory infection
CLM8999,I48.91,Atrial fibrillation
CLM9000,F32.9,Major depressive disorder
CLM9001,I10,Essential hypertension
CLM9001,K21.9,Gastroesophageal reflux disease
CLM9002,E03.9,Hypothyroidism
CLM9002,E78.5,Hyperlipidemia
CLM9002,N18.3,Chronic kidney disease stage 3
CLM9003,C61,Prostate cancer
CLM9004,I25.10,Coronary artery disease
CLM9005,K21.9,Gastroesophageal reflux disease
CLM9006,E03.9,Hypothyroidism
CLM9006,Z00.00,Routine adult health exam
CLM9007,M17.11,Osteoarthritis of right knee
CLM9007,S83.511A,ACL sprain of right knee
CLM9008,E11.9,Type 2 diabetes mellitus
CLM9008,E78.5,Hyperlipidemia
CLM9009,F41.1,Generalized anxiety disorder
CLM9010,Z00.00,Routine adult health exam
CLM9011,J18.9,Pneumonia
CLM9012,I25.10,Coronary artery disease
CLM9012,R07.9,Chest pain
CLM9012,I48.91,Atrial fibrillation
CLM9013,L70.0,Acne vulgaris
CLM9013,L40.0,Psoriasis
CLM9014,Z00.00,Routine adult health exam
CLM9015,J02.0,Streptococcal pharyngitis
CLM9016,F41.1,Generalized anxiety disorder
CLM9017,E78.5,Hyperlipidemia
CLM9017,N18.3,Chronic kidney disease stage 3
CLM9018,Z34.90,Normal pregnancy supervision
CLM9019,N39.0,UTI
CLM9019,J20.9,Acute bronchitis
CLM9020,I10,Essential hypertension
CLM9021,E78.5,Hyperlipidemia
CLM9022,E11.65,Type 2 diabetes with hyperglycemia
CLM9023,R50.9,Fever
CLM9023,H66.90,Otitis media
CLM9023,L20.9,Atopic dermatitis
CLM9024,M17.11,Osteoarthritis of right knee
CLM9025,J20.9,Acute bronchitis
CLM9025,F41.1,Generalized anxiety disorder
CLM9026,D64.9,Anemia
CLM9027,E66.9,Obesity
CLM9027,E11.65,Type 2 diabetes with hyperglycemia
CLM9028,F32.9,Major depressive disorder
CLM9029,E11.65,Type 2 diabetes with hyperglycemia
CLM9030,I50.9,Heart failure
CLM9031,D22.9,Melanocytic nevus
CLM9032,R50.9,Fever
CLM9033,I10,Essential hypertension
CLM9034,J06.9,Upper respiratory infection
CLM9035,K21.9,Gastroesophageal reflux disease
CLM9035,D64.9,Anemia
CLM9036,D64.9,Anemia
CLM9036,I10,Essential hypertension
CLM9037,M75.101,Rotator cuff tear
CLM9038,E78.5,Hyperlipidemia
CLM9038,I10,Essential hypertension
CLM9039,D64.9,Anemia
CLM9039,E11.9,Type 2 diabetes mellitus
CLM9039,E78.5,Hyperlipidemia
CLM9040,H66.90,Otitis media
CLM9040,J45.909,Asthma
CLM9041,J20.9,Acute bronchitis
CLM9041,E11.9,Type 2 diabetes mellitus
CLM9042,F90.0,ADHD
CLM9043,E11.9,Type 2 diabetes mellitus
CLM9043,N39.0,UTI
CLM9044,R10.9,Abdominal pain
CLM9045,F31.9,Bipolar disorder
CLM9045,F32.9,Major depressive disorder
CLM9045,F90.0,ADHD
CLM9046,D22.9,Melanocytic nevus
CLM9047,E11.9,Type 2 diabetes mellitus
CLM9047,K21.9,Gastroesophageal reflux disease
CLM9048,E05.90,Hyperthyroidism
CLM9048,E03.9,Hypothyroidism
CLM9049,F90.0,ADHD
CLM9049,F43.10,Post-traumatic stress disorder
CLM9050,J10.1,Influenza with pneumonia
CLM9051,M17.11,Osteoarthritis of right knee
CLM9052,E11.9,Type 2 diabetes mellitus
CLM9052,E05.90,Hyperthyroidism
CLM9053,D64.9,Anemia
CLM9054,F41.1,Generalized anxiety disorder
CLM9055,L30.9,Dermatitis
CLM9056,E11.9,Type 2 diabetes mellitus
CLM9056,E78.5,Hyperlipidemia
CLM9057,J10.1,Influenza with pneumonia
CLM9058,I10,Essential hypertension
CLM9059,N18.3,Chronic kidney disease stage 3
CLM9059,E11.9,Type 2 diabetes mellitus
CLM9060,L20.9,Atopic dermatitis
CLM9060,R50.9,Fever
CLM9061,M25.561,Pain in right knee
CLM9062,Z00.00,Routine adult health exam
CLM9062,E03.9,Hypothyroidism
CLM9063,F31.9,Bipolar disorder
CLM9064,E11.9,Type 2 diabetes mellitus
CLM9065,Z00.00,Routine adult health exam
CLM9066,E03.9,Hypothyroidism
CLM9066,E11.9,Type 2 diabetes mellitus
CLM9067,J06.9,Upper respiratory infection
CLM9068,S83.511A,ACL sprain of right knee
CLM9068,M75.101,Rotator cuff tear
CLM9068,M17.11,Osteoarthritis of right knee
CLM9069,E11.9,Type 2 diabetes mellitus
CLM9070,J10.1,Influenza with pneumonia
CLM9071,F41.1,Generalized anxiety disorder
CLM9071,F90.0,ADHD
CLM9072,I10,Essential hypertension
CLM9072,E03.9,Hypothyroidism
CLM9073,F41.1,Generalized anxiety disorder
CLM9073,F43.10,Post-traumatic stress disorder
CLM9074,D64.9,Anemia
CLM9075,L40.0,Psoriasis
CLM9075,L57.0,Actinic keratosis
CLM9076,J18.9,Pneumonia
CLM9077,M75.101,Rotator cuff tear
CLM9078,M25.561,Pain in right knee
CLM9079,S06.0X0A,Concussion
CLM9079,R55,Syncope
CLM9080,C18.9,Colon cancer
CLM9081,D64.9,Anemia
CLM9082,Z00.00,Routine adult health exam
CLM9082,N39.0,UTI
CLM9083,H66.90,Otitis media
CLM9084,H66.90,Otitis media
CLM9084,J02.0,Streptococcal pharyngitis
CLM9085,J45.909,Asthma
CLM9085,G47.33,Obstructive sleep apnea
CLM9085,J18.9,Pneumonia
CLM9086,M54.5,Low back pain
CLM9086,M75.101,Rotator cuff tear
CLM9087,E03.9,Hypothyroidism
CLM9087,E11.9,Type 2 diabetes mellitus
CLM9087,E66.9,Obesity
CLM9088,L70.0,Acne vulgaris
CLM9089,D64.9,Anemia
CLM9090,C18.9,Colon cancer
CLM9090,C61,Prostate cancer
CLM9090,C50.911,Breast cancer
CLM9091,E05.90,Hyperthyroidism
CLM9092,D64.9,Anemia
CLM9093,Z51.11,Encounter for chemotherapy
CLM9093,C18.9,Colon cancer
CLM9093,C61,Prostate cancer
CLM9094,Z00.00,Routine adult health exam
CLM9095,E78.5,Hyperlipidemia
CLM9096,S52.501A,Fracture of radius
CLM9096,R07.9,Chest pain
CLM9097,Z00.00,Routine adult health exam
CLM9098,E11.9,Type 2 diabetes mellitus
CLM9098,I10,Essential hypertension
CLM9099,E78.5,Hyperlipidemia
CLM9100,J06.9,Upper respiratory infection
CLM9100,J02.0,Streptococcal pharyngitis
CLM9101,M25.561,Pain in right knee
CLM9102,E66.9,Obesity
CLM9102,E11.65,Type 2 diabetes with hyperglycemia
CLM9103,J06.9,Upper respiratory infection
CLM9104,R07.9,Chest pain
CLM9104,I25.10,Coronary artery disease
CLM9104,I48.91,Atrial fibrillation
CLM9105,F41.1,Generalized anxiety disorder
CLM9105,J10.1,Influenza with pneumonia
CLM9106,J44.9,COPD
CLM9107,Z00.00,Routine adult health exam
CLM9108,J20.9,Acute bronchitis
CLM9108,E11.9,Type 2 diabetes mellitus
CLM9108,E78.5,Hyperlipidemia
CLM9109,L30.9,Dermatitis
CLM9109,D22.9,Melanocytic nevus
CLM9110,S52.501A,Fracture of radius
CLM9111,C34.90,Lung cancer
CLM9112,M54.5,Low back pain
CLM9113,E78.5,Hyperlipidemia
CLM9113,D64.9,Anemia
CLM9114,L57.0,Actinic keratosis
CLM9114,L40.0,Psoriasis
CLM9115,N39.0,UTI
CLM9116,S06.0X0A,Concussion
CLM9116,R07.9,Chest pain
CLM9117,E11.65,Type 2 diabetes with hyperglycemia
CLM9117,E05.90,Hyperthyroidism
CLM9118,L57.0,Actinic keratosis
CLM9118,L30.9,Dermatitis
CLM9118,L40.0,Psoriasis
CLM9119,E11.9,Type 2 diabetes mellitus
CLM9120,E03.9,Hypothyroidism
CLM9121,K21.9,Gastroesophageal reflux disease
CLM9122,R07.9,Chest pain
CLM9122,I48.91,Atrial fibrillation
CLM9123,M54.5,Low back pain
CLM9124,L20.9,Atopic dermatitis
CLM9125,R07.9,Chest pain
CLM9126,L40.0,Psoriasis
CLM9126,L30.9,Dermatitis
CLM9127,C61,Prostate cancer
CLM9128,E78.5,Hyperlipidemia
CLM9129,N18.3,Chronic kidney disease stage 3
CLM9130,K21.9,Gastroesophageal reflux disease
CLM9130,E03.9,Hypothyroidism
CLM9131,R07.9,Chest pain
CLM9131,I10,Essential hypertension
CLM9131,E78.5,Hyperlipidemia
CLM9132,I25.10,Coronary artery disease
CLM9133,I25.10,Coronary artery disease
CLM9134,Z34.90,Normal pregnancy supervision
CLM9135,E03.9,Hypothyroidism
CLM9136,J06.9,Upper respiratory infection
CLM9136,J45.909,Asthma
CLM9137,J44.9,COPD
CLM9137,J45.909,Asthma
CLM9137,G47.33,Obstructive sleep apnea
CLM9138,Z00.00,Routine adult health exam
CLM9139,J20.9,Acute bronchitis
CLM9139,F41.1,Generalized anxiety disorder
CLM9139,N39.0,UTI
CLM9140,M25.561,Pain in right knee
CLM9141,D64.9,Anemia
CLM9142,R07.9,Chest pain
CLM9142,S52.501A,Fracture of radius
CLM9143,E03.9,Hypothyroidism
CLM9143,E05.90,Hyperthyroidism
CLM9144,M54.5,Low back pain
CLM9145,L57.0,Actinic keratosis
CLM9145,L30.9,Dermatitis
CLM9146,E78.5,Hyperlipidemia
CLM9147,F32.9,Major depressive disorder
CLM9147,F90.0,ADHD
CLM9148,E11.9,Type 2 diabetes mellitus
CLM9149,I10,Essential hypertension
CLM9150,D64.9,Anemia
CLM9151,D64.9,Anemia
CLM9152,C18.9,Colon cancer
CLM9152,Z51.11,Encounter for chemotherapy
CLM9152,D64.9,Anemia
CLM9153,E05.90,Hyperthyroidism
CLM9154,L70.0,Acne vulgaris
CLM9154,L40.0,Psoriasis
CLM9155,L40.0,Psoriasis
CLM9155,L70.0,Acne vulgaris
CLM9156,M54.5,Low back pain
CLM9156,S83.511A,ACL sprain of right knee
CLM9156,M75.101,Rotator cuff tear
CLM9157,I50.9,Heart failure
CLM9158,R10.9,Abdominal pain
CLM9159,J02.0,Streptococcal pharyngitis
CLM9160,F43.10,Post-traumatic stress disorder
CLM9161,M54.5,Low back pain
CLM9162,Z00.00,Routine adult health exam
CLM9163,R55,Syncope
CLM9164,E11.65,Type 2 diabetes with hyperglycemia
CLM9165,M17.11,Osteoarthritis of right knee
CLM9166,E78.5,Hyperlipidemia
CLM9167,C50.911,Breast cancer
CLM9168,F90.0,ADHD
CLM9168,F31.9,Bipolar disorder
CLM9169,F32.9,Major depressive disorder
CLM9170,J45.909,Asthma
CLM9171,I48.91,Atrial fibrillation
CLM9171,I10,Essential hypertension
CLM9172,J18.9,Pneumonia
CLM9172,G47.33,Obstructive sleep apnea
CLM9173,J06.9,Upper respiratory infection
CLM9174,D64.9,Anemia
CLM9175,D22.9,Melanocytic nevus
CLM9175,L70.0,Acne vulgaris
CLM9176,Z00.00,Routine adult health exam
CLM9177,D64.9,Anemia
CLM9177,C61,Prostate cancer
CLM9178,R07.9,Chest pain
CLM9178,I50.9,Heart failure
CLM9178,E78.5,Hyperlipidemia
CLM9179,I48.91,Atrial fibrillation
CLM9180,Z34.90,Normal pregnancy supervision
CLM9180,N92.0,Heavy menstrual bleeding
CLM9181,I50.9,Heart failure
CLM9181,I10,Essential hypertension
CLM9182,E11.9,Type 2 diabetes mellitus
CLM9182,E11.65,Type 2 diabetes with hyperglycemia
CLM9183,J45.909,Asthma
CLM9184,E05.90,Hyperthyroidism
CLM9185,F32.9,Major depressive disorder
CLM9186,E11.9,Type 2 diabetes mellitus
CLM9186,J20.9,Acute bronchitis
CLM9186,I10,Essential hypertension
CLM9187,Z00.129,Routine child health exam
CLM9187,J02.0,Streptococcal pharyngitis
CLM9187,L20.9,Atopic dermatitis
CLM9188,Z00.129,Routine child health exam
CLM9189,E66.9,Obesity
CLM9190,D64.9,Anemia
CLM9191,F41.1,Generalized anxiety disorder
CLM9192,F41.1,Generalized anxiety disorder
CLM9193,Z00.00,Routine adult health exam
CLM9193,E11.9,Type 2 diabetes mellitus
CLM9193,N18.3,Chronic kidney disease stage 3
CLM9194,N39.0,UTI
CLM9195,I10,Essential hypertension
CLM9196,E11.9,Type 2 diabetes mellitus
CLM9197,E66.9,Obesity
CLM9198,N39.0,UTI
CLM9199,F32.9,Major depressive disorder
CLM9200,E78.5,Hyperlipidemia
CLM9200,D64.9,Anemia
CLM9201,J45.909,Asthma
CLM9202,F31.9,Bipolar disorder
CLM9202,F90.0,ADHD
CLM9203,F32.9,Major depressive disorder
CLM9203,F41.1,Generalized anxiety disorder
CLM9203,F31.9,Bipolar disorder
CLM9204,L20.9,Atopic dermatitis
CLM9204,R50.9,Fever
CLM9205,E66.9,Obesity
CLM9205,E05.90,Hyperthyroidism
CLM9206,M25.561,Pain in right knee
CLM9207,S06.0X0A,Concussion
CLM9208,I10,Essential hypertension
CLM9209,M25.561,Pain in right knee
CLM9209,M54.5,Low back pain
CLM9210,I10,Essential hypertension
CLM9211,Z34.90,Normal pregnancy supervision
CLM9212,H66.90,Otitis media
CLM9212,J06.9,Upper respiratory infection
CLM9213,M25.561,Pain in right knee
CLM9214,F43.10,Post-traumatic stress disorder
CLM9214,F31.9,Bipolar disorder
CLM9215,J20.9,Acute bronchitis
CLM9216,F32.9,Major depressive disorder
CLM9216,F41.1,Generalized anxiety disorder
CLM9217,I10,Essential hypertension
CLM9218,S52.501A,Fracture of radius
CLM9218,R55,Syncope
CLM9219,E03.9,Hypothyroidism
CLM9220,E11.9,Type 2 diabetes mellitus
CLM9221,Z00.00,Routine adult health exam
CLM9222,I48.91,Atrial fibrillation
CLM9223,I10,Essential hypertension
CLM9223,J10.1,Influenza with pneumonia
CLM9223,J20.9,Acute bronchitis
CLM9224,E11.9,Type 2 diabetes mellitus
CLM9225,E78.5,Hyperlipidemia
CLM9226,M75.101,Rotator cuff tear
CLM9227,E03.9,Hypothyroidism
CLM9228,E11.9,Type 2 diabetes mellitus
CLM9229,E78.5,Hyperlipidemia
CLM9230,M75.101,Rotator cuff tear
CLM9230,M54.5,Low back pain
CLM9230,S83.511A,ACL sprain of right knee
CLM9231,M17.11,Osteoarthritis of right knee
CLM9232,E11.9,Type 2 diabetes mellitus
CLM9233,I10,Essential hypertension
CLM9234,E78.5,Hyperlipidemia
CLM9235,I48.91,Atrial fibrillation
CLM9235,I50.9,Heart failure
CLM9235,E78.5,Hyperlipidemia
CLM9236,I10,Essential hypertension
CLM9237,I25.10,Coronary artery disease
CLM9238,J20.9,Acute bronchitis
CLM9239,Z01.419,Routine gynecological exam
CLM9240,M54.5,Low back pain
CLM9240,J06.9,Upper respiratory infection
CLM9241,D64.9,Anemia
CLM9242,E78.5,Hyperlipidemia
CLM9242,I25.10,Coronary artery disease
CLM9242,I50.9,Heart failure
CLM9243,C34.90,Lung cancer
CLM9244,F41.1,Generalized anxiety disorder
CLM9244,E11.9,Type 2 diabetes mellitus
CLM9245,R50.9,Fever
CLM9246,C61,Prostate cancer
CLM9246,Z51.11,Encounter for chemotherapy
CLM9247,M25.561,Pain in right knee
CLM9248,J18.9,Pneumonia
CLM9249,J02.0,Streptococcal pharyngitis
CLM9250,E05.90,Hyperthyroidism
CLM9251,I10,Essential hypertension
CLM9251,K21.9,Gastroesophageal reflux disease
CLM9252,E11.9,Type 2 diabetes mellitus
CLM9252,N18.3,Chronic kidney disease stage 3
CLM9253,E05.90,Hyperthyroidism
CLM9253,E03.9,Hypothyroidism
CLM9253,E66.9,Obesity
CLM9254,G47.33,Obstructive sleep apnea
CLM9255,N18.3,Chronic kidney disease stage 3
CLM9255,Z00.00,Routine adult health exam
CLM9256,S06.0X0A,Concussion
CLM9256,R55,Syncope
CLM9257,I10,Essential hypertension
CLM9258,I10,Essential hypertension
CLM9258,E78.5,Hyperlipidemia
CLM9259,J06.9,Upper respiratory infection
CLM9259,Z00.129,Routine child health exam
CLM9260,F43.10,Post-traumatic stress disorder
CLM9261,M25.561,Pain in right knee
CLM9261,M17.11,Osteoarthritis of right knee
CLM9262,M17.11,Osteoarthritis of right knee
CLM9262,M54.5,Low back pain
CLM9263,F32.9,Major depressive disorder
CLM9264,F90.0,ADHD
CLM9265,I10,Essential hypertension
CLM9266,R07.9,Chest pain
CLM9266,I50.9,Heart failure
CLM9267,E78.5,Hyperlipidemia
CLM9267,K21.9,Gastroesophageal reflux disease
CLM9268,S06.0X0A,Concussion
CLM9269,Z00.00,Routine adult health exam
CLM9270,E03.9,Hypothyroidism
CLM9270,E11.9,Type 2 diabetes mellitus
CLM9271,N39.0,UTI
CLM9272,I10,Essential hypertension
CLM9272,D64.9,Anemia
CLM9273,O24.410,Gestational diabetes
CLM9273,Z34.90,Normal pregnancy supervision
CLM9274,M75.101,Rotator cuff tear
CLM9275,E11.9,Type 2 diabetes mellitus
CLM9276,N39.0,UTI
CLM9277,I50.9,Heart failure
CLM9278,E11.9,Type 2 diabetes mellitus
CLM9279,S83.511A,ACL sprain of right knee
CLM9279,M75.101,Rotator cuff tear
CLM9279,M54.5,Low back pain
CLM9280,R10.9,Abdominal pain
CLM9280,J18.9,Pneumonia
CLM9281,E78.5,Hyperlipidemia
CLM9281,J20.9,Acute bronchitis
CLM9281,F41.1,Generalized anxiety disorder
CLM9282,F41.1,Generalized anxiety disorder
CLM9283,F41.1,Generalized anxiety disorder
CLM9284,J44.9,COPD
CLM9285,J06.9,Upper respiratory infection
CLM9285,E11.9,Type 2 diabetes mellitus
CLM9286,I25.10,Coronary artery disease
CLM9286,R07.9,Chest pain
CLM9287,E78.5,Hyperlipidemia
CLM9288,J06.9,Upper respiratory infection
CLM9289,S52.501A,Fracture of radius
CLM9290,J06.9,Upper respiratory infection
CLM9291,J06.9,Upper respiratory infection
CLM9292,F41.1,Generalized anxiety disorder
CLM9293,E11.9,Type 2 diabetes mellitus
CLM9293,J20.9,Acute bronchitis
CLM9294,E11.9,Type 2 diabetes mellitus
CLM9294,N18.3,Chronic kidney disease stage 3
CLM9295,E78.5,Hyperlipidemia
CLM9295,E11.9,Type 2 diabetes mellitus
CLM9296,F41.1,Generalized anxiety disorder
CLM9297,S52.501A,Fracture of radius
CLM9298,J06.9,Upper respiratory infection
CLM9299,I50.9,Heart failure
CLM9299,I48.91,Atrial fibrillation
CLM9300,R10.9,Abdominal pain
CLM9301,R50.9,Fever
CLM9302,K21.9,Gastroesophageal reflux disease
CLM9302,E03.9,Hypothyroidism
CLM9302,E78.5,Hyperlipidemia
CLM9303,R50.9,Fever
CLM9304,D64.9,Anemia
CLM9304,E11.9,Type 2 diabetes mellitus
CLM9305,R55,Syncope
CLM9306,J45.909,Asthma
CLM9306,R50.9,Fever
CLM9306,H66.90,Otitis media
CLM9307,C18.9,Colon cancer
CLM9308,J02.0,Streptococcal pharyngitis
CLM9308,J45.909,Asthma
CLM9309,I10,Essential hypertension
CLM9310,M75.101,Rotator cuff tear
CLM9311,N18.3,Chronic kidney disease stage 3
CLM9311,I10,Essential hypertension
CLM9312,R07.9,Chest pain
CLM9312,J18.9,Pneumonia
CLM9312,S06.0X0A,Concussion
CLM9313,E03.9,Hypothyroidism
CLM9314,D64.9,Anemia
CLM9314,E03.9,Hypothyroidism
CLM9315,G47.33,Obstructive sleep apnea
CLM9316,E05.90,Hyperthyroidism
CLM9316,E11.9,Type 2 diabetes mellitus
CLM9316,E03.9,Hypothyroidism
CLM9317,E03.9,Hypothyroidism
CLM9317,E11.9,Type 2 diabetes mellitus
CLM9317,I10,Essential hypertension
CLM9318,S52.501A,Fracture of radius
CLM9319,Z00.00,Routine adult health exam
CLM9320,Z01.419,Routine gynecological exam
CLM9321,J20.9,Acute bronchitis
CLM9322,I48.91,Atrial fibrillation
CLM9323,J06.9,Upper respiratory infection
CLM9323,R50.9,Fever
CLM9323,Z00.129,Routine child health exam
CLM9324,E78.5,Hyperlipidemia
CLM9325,E11.9,Type 2 diabetes mellitus
CLM9326,E11.9,Type 2 diabetes mellitus
CLM9327,F32.9,Major depressive disorder
CLM9328,J18.9,Pneumonia
CLM9329,I25.10,Coronary artery disease
CLM9329,R07.9,Chest pain
CLM9330,N39.0,UTI
CLM9331,J44.9,COPD
CLM9332,Z00.00,Routine adult health exam
CLM9333,E11.9,Type 2 diabetes mellitus
CLM9334,M54.5,Low back pain
CLM9334,E78.5,Hyperlipidemia
CLM9335,L30.9,Dermatitis
CLM9336,E03.9,Hypothyroidism
CLM9337,E11.9,Type 2 diabetes mellitus
CLM9337,J20.9,Acute bronchitis
CLM9338,K21.9,Gastroesophageal reflux disease
CLM9339,S52.501A,Fracture of radius
CLM9339,S06.0X0A,Concussion
CLM9340,F41.1,Generalized anxiety disorder
CLM9340,E78.5,Hyperlipidemia
CLM9341,D64.9,Anemia
CLM9342,R55,Syncope
CLM9342,R10.9,Abdominal pain
CLM9343,F41.1,Generalized anxiety disorder
CLM9343,Z00.00,Routine adult health exam
CLM9344,E11.9,Type 2 diabetes mellitus
CLM9344,Z00.00,Routine adult health exam
CLM9345,F90.0,ADHD
CLM9345,F43.10,Post-traumatic stress disorder
CLM9345,F32.9,Major depressive disorder
CLM9346,Z00.00,Routine adult health exam
CLM9347,S52.501A,Fracture of radius
CLM9348,J06.9,Upper respiratory infection
CLM9349,I25.10,Coronary artery disease
CLM9350,I10,Essential hypertension
CLM9350,D64.9,Anemia
CLM9351,N39.0,UTI
CLM9351,Z00.00,Routine adult health exam
CLM9352,E03.9,Hypothyroidism
CLM9352,N18.3,Chronic kidney disease stage 3
CLM9353,J06.9,Upper respiratory infection
CLM9353,E78.5,Hyperlipidemia
CLM9354,S83.511A,ACL sprain of right knee
CLM9355,I10,Essential hypertension
CLM9356,J06.9,Upper respiratory infection
CLM9357,E78.5,Hyperlipidemia
CLM9358,Z51.11,Encounter for chemotherapy
CLM9359,E11.9,Type 2 diabetes mellitus
CLM9360,F41.1,Generalized anxiety disorder
CLM9360,F43.10,Post-traumatic stress disorder
CLM9361,L30.9,Dermatitis
CLM9361,L70.0,Acne vulgaris
CLM9362,N39.0,UTI
CLM9363,E11.9,Type 2 diabetes mellitus
CLM9364,I50.9,Heart failure
CLM9365,E78.5,Hyperlipidemia
CLM9366,S52.501A,Fracture of radius
CLM9367,Z00.00,Routine adult health exam
CLM9368,J18.9,Pneumonia
CLM9368,J44.9,COPD
CLM9369,R07.9,Chest pain
CLM9370,I25.10,Coronary artery disease
CLM9370,I50.9,Heart failure
CLM9371,I50.9,Heart failure
CLM9372,E78.5,Hyperlipidemia
CLM9373,I48.91,Atrial fibrillation
CLM9374,R50.9,Fever
CLM9375,E78.5,Hyperlipidemia
CLM9375,D64.9,Anemia
CLM9375,I10,Essential hypertension
CLM9376,Z00.129,Routine child health exam
CLM9376,R50.9,Fever
CLM9377,G47.33,Obstructive sleep apnea
CLM9378,R55,Syncope
CLM9379,J06.9,Upper respiratory infection
CLM9380,Z34.90,Normal pregnancy supervision
CLM9380,N80.9,Endometriosis
CLM9381,M54.5,Low back pain
CLM9382,I48.91,Atrial fibrillation
CLM9382,E78.5,Hyperlipidemia
CLM9383,J10.1,Influenza with pneumonia
CLM9384,C18.9,Colon cancer
CLM9384,D64.9,Anemia
CLM9385,E78.5,Hyperlipidemia
CLM9386,H66.90,Otitis media
CLM9387,M75.101,Rotator cuff tear
CLM9388,J44.9,COPD
CLM9389,J10.1,Influenza with pneumonia
CLM9390,M25.561,Pain in right knee
CLM9391,I10,Essential hypertension
CLM9391,I50.9,Heart failure
CLM9392,J06.9,Upper respiratory infection
CLM9392,E78.5,Hyperlipidemia
CLM9393,F41.1,Generalized anxiety disorder
CLM9393,N39.0,UTI
CLM9394,R10.9,Abdominal pain
CLM9395,E78.5,Hyperlipidemia
CLM9395,I10,Essential hypertension
CLM9396,L57.0,Actinic keratosis
CLM9396,L30.9,Dermatitis
CLM9397,J18.9,Pneumonia
CLM9398,E03.9,Hypothyroidism
CLM9399,E78.5,Hyperlipidemia
CLM9399,I10,Essential hypertension
CLM9400,J10.1,Influenza with pneumonia
CLM9400,F41.1,Generalized anxiety disorder
CLM9401,C18.9,Colon cancer
CLM9402,G47.33,Obstructive sleep apnea
CLM9403,R55,Syncope
CLM9404,F43.10,Post-traumatic stress disorder
CLM9405,L40.0,Psoriasis
CLM9406,C50.911,Breast cancer
CLM9406,C18.9,Colon cancer
CLM9407,E78.5,Hyperlipidemia
CLM9407,I10,Essential hypertension
CLM9408,Z00.129,Routine child health exam
CLM9408,J45.909,Asthma
CLM9409,E78.5,Hyperlipidemia
CLM9410,I25.10,Coronary artery disease
CLM9410,R07.9,Chest pain
CLM9411,C34.90,Lung cancer
CLM9412,M25.561,Pain in right knee
CLM9412,M54.5,Low back pain
CLM9413,I10,Essential hypertension
CLM9414,M75.101,Rotator cuff tear
CLM9415,R07.9,Chest pain
CLM9416,M25.561,Pain in right knee
CLM9416,M17.11,Osteoarthritis of right knee
CLM9416,S83.511A,ACL sprain of right knee
CLM9417,I10,Essential hypertension
CLM9418,I25.10,Coronary artery disease
CLM9418,I50.9,Heart failure
CLM9419,J20.9,Acute bronchitis
CLM9419,J06.9,Upper respiratory infection
CLM9420,I10,Essential hypertension
CLM9421,J20.9,Acute bronchitis
CLM9421,J10.1,Influenza with pneumonia
CLM9422,J06.9,Upper respiratory infection
CLM9423,D64.9,Anemia
CLM9423,C18.9,Colon cancer
CLM9424,F90.0,ADHD
CLM9424,F31.9,Bipolar disorder
CLM9425,D64.9,Anemia
CLM9425,C50.911,Breast cancer
CLM9425,C34.90,Lung cancer
CLM9426,N39.0,UTI
CLM9426,J10.1,Influenza with pneumonia
CLM9427,E03.9,Hypothyroidism
CLM9427,E78.5,Hyperlipidemia
CLM9428,M54.5,Low back pain
CLM9429,R50.9,Fever
CLM9430,J06.9,Upper respiratory infection
CLM9431,J45.909,Asthma
CLM9431,R50.9,Fever
CLM9432,D22.9,Melanocytic nevus
CLM9433,J20.9,Acute bronchitis
CLM9433,F41.1,Generalized anxiety disorder
CLM9433,J10.1,Influenza with pneumonia
CLM9434,L20.9,Atopic dermatitis
CLM9435,E78.5,Hyperlipidemia
CLM9436,M54.5,Low back pain
CLM9436,F41.1,Generalized anxiety disorder
CLM9437,E66.9,Obesity
CLM9438,Z00.00,Routine adult health exam
CLM9439,S83.511A,ACL sprain of right knee
CLM9440,Z00.00,Routine adult health exam
CLM9441,S06.0X0A,Concussion
CLM9442,J20.9,Acute bronchitis
CLM9442,J06.9,Upper respiratory infection
CLM9443,M17.11,Osteoarthritis of right knee
CLM9443,M25.561,Pain in right knee
CLM9444,N92.0,Heavy menstrual bleeding
CLM9444,Z34.90,Normal pregnancy supervision
CLM9445,Z00.00,Routine adult health exam
CLM9446,I10,Essential hypertension
CLM9447,H66.90,Otitis media
CLM9447,J06.9,Upper respiratory infection
CLM9448,N39.0,UTI
CLM9449,O24.410,Gestational diabetes
CLM9449,Z01.419,Routine gynecological exam
CLM9449,Z34.90,Normal pregnancy supervision
CLM9450,E78.5,Hyperlipidemia
CLM9451,D64.9,Anemia
CLM9452,J45.909,Asthma
CLM9453,M25.561,Pain in right knee
CLM9454,R07.9,Chest pain
CLM9455,L20.9,Atopic dermatitis
CLM9456,N18.3,Chronic kidney disease stage 3
CLM9457,E03.9,Hypothyroidism
CLM9458,E78.5,Hyperlipidemia
CLM9459,J20.9,Acute bronchitis
CLM9459,Z00.00,Routine adult health exam
CLM9459,M54.5,Low back pain
CLM9460,E66.9,Obesity
CLM9461,J10.1,Influenza with pneumonia
CLM9462,F43.10,Post-traumatic stress disorder
CLM9462,F90.0,ADHD
CLM9463,L57.0,Actinic keratosis
CLM9463,L30.9,Dermatitis
CLM9464,D64.9,Anemia
CLM9464,C34.90,Lung cancer
CLM9465,K21.9,Gastroesophageal reflux disease
CLM9466,S83.511A,ACL sprain of right knee
CLM9466,M17.11,Osteoarthritis of right knee
CLM9467,K21.9,Gastroesophageal reflux disease
CLM9467,D64.9,Anemia
CLM9467,N18.3,Chronic kidney disease stage 3
CLM9468,F41.1,Generalized anxiety disorder
CLM9469,J20.9,Acute bronchitis
CLM9470,I10,Essential hypertension
CLM9471,E11.9,Type 2 diabetes mellitus
CLM9471,I10,Essential hypertension
CLM9472,E78.5,Hyperlipidemia
CLM9473,L70.0,Acne vulgaris
CLM9473,L57.0,Actinic keratosis
CLM9474,E03.9,Hypothyroidism
CLM9474,E78.5,Hyperlipidemia
CLM9475,E78.5,Hyperlipidemia
CLM9476,E11.9,Type 2 diabetes mellitus
CLM9477,E11.9,Type 2 diabetes mellitus
CLM9478,M17.11,Osteoarthritis of right knee
CLM9479,E11.9,Type 2 diabetes mellitus
CLM9480,I25.10,Coronary artery disease
CLM9480,I48.91,Atrial fibrillation
CLM9481,M17.11,Osteoarthritis of right knee
CLM9482,N18.3,Chronic kidney disease stage 3
CLM9483,E11.9,Type 2 diabetes mellitus
CLM9484,I10,Essential hypertension
CLM9484,Z00.00,Routine adult health exam
CLM9485,K21.9,Gastroesophageal reflux disease
CLM9485,E78.5,Hyperlipidemia
CLM9485,I10,Essential hypertension
CLM9486,N92.0,Heavy menstrual bleeding
CLM9487,E05.90,Hyperthyroidism
CLM9487,E66.9,Obesity
CLM9488,K21.9,Gastroesophageal reflux disease
CLM9489,Z00.00,Routine adult health exam
CLM9490,E78.5,Hyperlipidemia
CLM9491,C61,Prostate cancer
CLM9492,Z01.419,Routine gynecological exam
CLM9492,Z34.90,Normal pregnancy supervision
CLM9493,Z00.00,Routine adult health exam
CLM9493,M54.5,Low back pain
CLM9494,C61,Prostate cancer
CLM9494,C34.90,Lung cancer
CLM9495,H66.90,Otitis media
CLM9495,J06.9,Upper respiratory infection
CLM9495,J45.909,Asthma
CLM9496,I48.91,Atrial fibrillation
CLM9497,I10,Essential hypertension
CLM9497,J06.9,Upper respiratory infection
CLM9498,D64.9,Anemia
CLM9499,L30.9,Dermatitis
CLM9500,I25.10,Coronary artery disease
CLM9501,M54.5,Low back pain
CLM9502,F43.10,Post-traumatic stress disorder
CLM9503,F41.1,Generalized anxiety disorder
CLM9503,F32.9,Major depressive disorder
CLM9503,F43.10,Post-traumatic stress disorder
CLM9504,I25.10,Coronary artery disease
CLM9505,E78.5,Hyperlipidemia
CLM9506,I10,Essential hypertension
CLM9507,L57.0,Actinic keratosis
CLM9507,L30.9,Dermatitis
CLM9508,E03.9,Hypothyroidism
CLM9508,K21.9,Gastroesophageal reflux disease
CLM9509,F31.9,Bipolar disorder
CLM9510,F41.1,Generalized anxiety disorder
CLM9511,E11.9,Type 2 diabetes mellitus
CLM9512,J10.1,Influenza with pneumonia
CLM9512,E78.5,Hyperlipidemia
CLM9512,E11.9,Type 2 diabetes mellitus
CLM9513,C18.9,Colon cancer
CLM9514,J06.9,Upper respiratory infection
CLM9515,D22.9,Melanocytic nevus
CLM9515,L30.9,Dermatitis
CLM9516,S52.501A,Fracture of radius
CLM9517,E11.9,Type 2 diabetes mellitus
CLM9517,N18.3,Chronic kidney disease stage 3
CLM9517,E03.9,Hypothyroidism
CLM9518,I10,Essential hypertension
CLM9519,F41.1,Generalized anxiety disorder
CLM9520,K21.9,Gastroesophageal reflux disease
CLM9521,C34.90,Lung cancer
CLM9522,R55,Syncope
CLM9523,F90.0,ADHD
CLM9523,F32.9,Major depressive disorder
CLM9524,L20.9,Atopic dermatitis
CLM9525,D64.9,Anemia
CLM9526,R50.9,Fever
CLM9527,N39.0,UTI
CLM9528,Z00.129,Routine child health exam
CLM9528,J06.9,Upper respiratory infection
CLM9528,J45.909,Asthma
CLM9529,M54.5,Low back pain
CLM9530,J20.9,Acute bronchitis
CLM9530,E78.5,Hyperlipidemia
CLM9531,I48.91,Atrial fibrillation
CLM9532,J18.9,Pneumonia
CLM9533,C61,Prostate cancer
CLM9534,L70.0,Acne vulgaris
CLM9534,L30.9,Dermatitis
CLM9535,Z00.129,Routine child health exam
CLM9535,J06.9,Upper respiratory infection
CLM9535,R50.9,Fever
CLM9536,J20.9,Acute bronchitis
CLM9537,L57.0,Actinic keratosis
CLM9538,R07.9,Chest pain
CLM9539,E11.9,Type 2 diabetes mellitus
CLM9539,E03.9,Hypothyroidism
CLM9540,E66.9,Obesity
CLM9541,E05.90,Hyperthyroidism
CLM9542,S83.511A,ACL sprain of right knee
CLM9542,M75.101,Rotator cuff tear
CLM9543,Z00.00,Routine adult health exam
CLM9544,Z00.129,Routine child health exam
CLM9545,G47.33,Obstructive sleep apnea
CLM9546,M54.5,Low back pain
CLM9546,J06.9,Upper respiratory infection
CLM9546,Z00.00,Routine adult health exam
CLM9547,E78.5,Hyperlipidemia
CLM9547,J20.9,Acute bronchitis
CLM9548,I10,Essential hypertension
CLM9548,R07.9,Chest pain
CLM9549,E11.9,Type 2 diabetes mellitus
CLM9549,N18.3,Chronic kidney disease stage 3
CLM9550,F31.9,Bipolar disorder
CLM9551,N39.0,UTI
CLM9551,J10.1,Influenza with pneumonia
CLM9552,I25.10,Coronary artery disease
CLM9553,S83.511A,ACL sprain of right knee
CLM9553,M75.101,Rotator cuff tear
CLM9553,M25.561,Pain in right knee
CLM9554,C34.90,Lung cancer
CLM9555,N39.0,UTI
CLM9556,E78.5,Hyperlipidemia
CLM9556,J10.1,Influenza with pneumonia
CLM9556,M54.5,Low back pain
CLM9557,J10.1,Influenza with pneumonia
CLM9558,J45.909,Asthma
CLM9559,L20.9,Atopic dermatitis
CLM9560,S52.501A,Fracture of radius
CLM9561,N18.3,Chronic kidney disease stage 3
CLM9562,N39.0,UTI
CLM9563,J45.909,Asthma
CLM9563,G47.33,Obstructive sleep apnea
CLM9563,J18.9,Pneumonia
CLM9564,M75.101,Rotator cuff tear
CLM9564,M17.11,Osteoarthritis of right knee
CLM9565,I25.10,Coronary artery disease
CLM9565,I48.91,Atrial fibrillation
CLM9566,M54.5,Low back pain
CLM9566,N39.0,UTI
CLM9567,C18.9,Colon cancer
CLM9567,D64.9,Anemia
CLM9568,L20.9,Atopic dermatitis
CLM9568,J06.9,Upper respiratory infection
CLM9568,Z00.129,Routine child health exam
CLM9569,K21.9,Gastroesophageal reflux disease
CLM9569,E78.5,Hyperlipidemia
CLM9570,I48.91,Atrial fibrillation
CLM9571,S52.501A,Fracture of radius
CLM9571,J18.9,Pneumonia
CLM9571,S06.0X0A,Concussion
CLM9572,N92.0,Heavy menstrual bleeding
CLM9573,E78.5,Hyperlipidemia
CLM9574,I48.91,Atrial fibrillation
CLM9575,F41.1,Generalized anxiety disorder
CLM9576,E78.5,Hyperlipidemia
CLM9577,I50.9,Heart failure
CLM9577,R07.9,Chest pain
CLM9578,N18.3,Chronic kidney disease stage 3
CLM9579,F31.9,Bipolar disorder
CLM9579,F43.10,Post-traumatic stress disorder
CLM9580,L20.9,Atopic dermatitis
CLM9581,I50.9,Heart failure
CLM9582,F41.1,Generalized anxiety disorder
CLM9583,C18.9,Colon cancer
CLM9583,C50.911,Breast cancer
CLM9583,D64.9,Anemia
CLM9584,I25.10,Coronary artery disease
CLM9585,Z51.11,Encounter for chemotherapy
CLM9586,M75.101,Rotator cuff tear
CLM9587,H66.90,Otitis media
CLM9587,J45.909,Asthma
CLM9588,E03.9,Hypothyroidism
CLM9589,E03.9,Hypothyroidism
CLM9589,N18.3,Chronic kidney disease stage 3
CLM9590,M54.5,Low back pain
CLM9591,Z00.00,Routine adult health exam
CLM9591,E03.9,Hypothyroidism
CLM9592,J10.1,Influenza with pneumonia
CLM9593,J06.9,Upper respiratory infection
CLM9594,Z00.00,Routine adult health exam
CLM9594,K21.9,Gastroesophageal reflux disease
CLM9594,N18.3,Chronic kidney disease stage 3
CLM9595,S06.0X0A,Concussion
CLM9596,L70.0,Acne vulgaris
CLM9597,I50.9,Heart failure
CLM9598,N80.9,Endometriosis
CLM9598,Z34.90,Normal pregnancy supervision
CLM9598,N92.0,Heavy menstrual bleeding
CLM9599,E11.9,Type 2 diabetes mellitus
CLM9600,E78.5,Hyperlipidemia
CLM9601,I50.9,Heart failure
CLM9601,I48.91,Atrial fibrillation
CLM9602,E11.9,Type 2 diabetes mellitus
CLM9602,I10,Essential hypertension
CLM9603,M25.561,Pain in right knee
CLM9604,M54.5,Low back pain
CLM9604,J06.9,Upper respiratory infection
CLM9605,F41.1,Generalized anxiety disorder
CLM9606,J10.1,Influenza with pneumonia
CLM9607,K21.9,Gastroesophageal reflux disease
CLM9608,M54.5,Low back pain
CLM9608,S83.511A,ACL sprain of right knee
CLM9609,G47.33,Obstructive sleep apnea
CLM9610,J20.9,Acute bronchitis
CLM9611,J18.9,Pneumonia
CLM9611,G47.33,Obstructive sleep apnea
CLM9611,J45.909,Asthma
CLM9612,S06.0X0A,Concussion
CLM9612,J18.9,Pneumonia
CLM9613,J06.9,Upper respiratory infection
CLM9614,E78.5,Hyperlipidemia
CLM9615,F31.9,Bipolar disorder
CLM9615,F90.0,ADHD
CLM9615,F43.10,Post-traumatic stress disorder
CLM9616,I10,Essential hypertension
CLM9616,I50.9,Heart failure
CLM9617,C61,Prostate cancer
CLM9617,C34.90,Lung cancer
CLM9618,J10.1,Influenza with pneumonia
CLM9619,E11.9,Type 2 diabetes mellitus
CLM9619,F41.1,Generalized anxiety disorder
CLM9620,M54.5,Low back pain
CLM9621,I50.9,Heart failure
CLM9621,R07.9,Chest pain
CLM9622,Z51.11,Encounter for chemotherapy
CLM9623,L40.0,Psoriasis
CLM9624,E78.5,Hyperlipidemia
CLM9624,E11.9,Type 2 diabetes mellitus
CLM9625,E78.5,Hyperlipidemia
CLM9626,H66.90,Otitis media
CLM9627,I10,Essential hypertension
CLM9628,I10,Essential hypertension
CLM9629,J20.9,Acute bronchitis
CLM9629,E11.9,Type 2 diabetes mellitus
CLM9630,E78.5,Hyperlipidemia
CLM9631,C34.90,Lung cancer
CLM9631,C61,Prostate cancer
CLM9632,D22.9,Melanocytic nevus
CLM9633,L70.0,Acne vulgaris
CLM9634,M17.11,Osteoarthritis of right knee
CLM9635,E03.9,Hypothyroidism
CLM9636,L20.9,Atopic dermatitis
CLM9636,Z00.129,Routine child health exam
CLM9637,N39.0,UTI
CLM9637,J20.9,Acute bronchitis
CLM9637,J10.1,Influenza with pneumonia
CLM9638,R07.9,Chest pain
CLM9639,Z01.419,Routine gynecological exam
CLM9640,F41.1,Generalized anxiety disorder
CLM9640,F90.0,ADHD
CLM9641,Z00.00,Routine adult health exam
CLM9642,H66.90,Otitis media
CLM9643,M54.5,Low back pain
CLM9644,J20.9,Acute bronchitis
CLM9644,E11.9,Type 2 diabetes mellitus
CLM9645,J06.9,Upper respiratory infection
CLM9646,C18.9,Colon cancer
CLM9646,Z51.11,Encounter for chemotherapy
CLM9647,E78.5,Hyperlipidemia
CLM9647,Z00.00,Routine adult health exam
CLM9648,J18.9,Pneumonia
CLM9649,E66.9,Obesity
CLM9650,F90.0,ADHD
CLM9650,F43.10,Post-traumatic stress disorder
CLM9651,Z34.90,Normal pregnancy supervision
CLM9651,N92.0,Heavy menstrual bleeding
CLM9651,O24.410,Gestational diabetes
CLM9652,E78.5,Hyperlipidemia
CLM9653,M75.101,Rotator cuff tear
CLM9653,S83.511A,ACL sprain of right knee
CLM9654,M54.5,Low back pain
CLM9655,R55,Syncope
CLM9655,S06.0X0A,Concussion
CLM9655,J18.9,Pneumonia
CLM9656,N18.3,Chronic kidney disease stage 3
CLM9656,D64.9,Anemia
CLM9657,I10,Essential hypertension
CLM9657,E11.9,Type 2 diabetes mellitus
CLM9658,F90.0,ADHD
CLM9658,F32.9,Major depressive disorder
CLM9658,F43.10,Post-traumatic stress disorder
CLM9659,N18.3,Chronic kidney disease stage 3
CLM9660,M25.561,Pain in right knee
CLM9661,J18.9,Pneumonia
CLM9661,R55,Syncope
CLM9662,S52.501A,Fracture of radius
CLM9663,E78.5,Hyperlipidemia
CLM9664,Z51.11,Encounter for chemotherapy
CLM9664,C61,Prostate cancer
CLM9665,I10,Essential hypertension
CLM9666,J06.9,Upper respiratory infection
CLM9666,R50.9,Fever
CLM9667,C34.90,Lung cancer
CLM9667,C50.911,Breast cancer
CLM9668,M75.101,Rotator cuff tear
CLM9668,M54.5,Low back pain
CLM9669,D64.9,Anemia
CLM9670,J20.9,Acute bronchitis
CLM9671,K21.9,Gastroesophageal reflux disease
CLM9671,Z00.00,Routine adult health exam
CLM9671,I10,Essential hypertension
CLM9672,N92.0,Heavy menstrual bleeding
CLM9673,N39.0,UTI
CLM9674,M17.11,Osteoarthritis of right knee
CLM9675,E11.9,Type 2 diabetes mellitus
CLM9676,F32.9,Major depressive disorder
CLM9677,E78.5,Hyperlipidemia
CLM9677,I48.91,Atrial fibrillation
CLM9678,C61,Prostate cancer
CLM9679,C50.911,Breast cancer
CLM9679,D64.9,Anemia
CLM9680,Z34.90,Normal pregnancy supervision
CLM9680,N80.9,Endometriosis
CLM9681,I50.9,Heart failure
CLM9681,I48.91,Atrial fibrillation
CLM9682,R07.9,Chest pain
CLM9682,I50.9,Heart failure
CLM9683,I50.9,Heart failure
CLM9683,I10,Essential hypertension
CLM9684,R55,Syncope
CLM9685,S06.0X0A,Concussion
CLM9686,J06.9,Upper respiratory infection
CLM9687,I50.9,Heart failure
CLM9688,G47.33,Obstructive sleep apnea
CLM9688,J18.9,Pneumonia
CLM9689,F41.1,Generalized anxiety disorder
CLM9690,J02.0,Streptococcal pharyngitis
CLM9690,L20.9,Atopic dermatitis
CLM9691,D64.9,Anemia
CLM9692,Z00.00,Routine adult health exam
CLM9693,D64.9,Anemia
CLM9694,L30.9,Dermatitis
CLM9694,L70.0,Acne vulgaris
CLM9694,D22.9,Melanocytic nevus
CLM9695,I10,Essential hypertension
CLM9696,I10,Essential hypertension
CLM9697,J06.9,Upper respiratory infection
CLM9698,N18.3,Chronic kidney disease stage 3
CLM9698,D64.9,Anemia
CLM9698,I10,Essential hypertension
CLM9699,E78.5,Hyperlipidemia
CLM9700,F41.1,Generalized anxiety disorder
CLM9700,J06.9,Upper respiratory infection
CLM9701,N18.3,Chronic kidney disease stage 3
CLM9702,N18.3,Chronic kidney disease stage 3
CLM9703,F90.0,ADHD
CLM9703,F41.1,Generalized anxiety disorder
CLM9704,R55,Syncope
CLM9705,M75.101,Rotator cuff tear
CLM9706,C34.90,Lung cancer
CLM9707,C50.911,Breast cancer
CLM9708,L40.0,Psoriasis
CLM9708,L30.9,Dermatitis
CLM9709,C34.90,Lung cancer
CLM9709,C18.9,Colon cancer
CLM9710,E66.9,Obesity
CLM9711,I10,Essential hypertension
CLM9712,N18.3,Chronic kidney disease stage 3
CLM9712,K21.9,Gastroesophageal reflux disease
CLM9713,L70.0,Acne vulgaris
CLM9714,L40.0,Psoriasis
CLM9715,J06.9,Upper respiratory infection
CLM9716,L57.0,Actinic keratosis
CLM9717,E11.65,Type 2 diabetes with hyperglycemia
CLM9718,S52.501A,Fracture of radius
CLM9719,I10,Essential hypertension
CLM9719,I48.91,Atrial fibrillation
CLM9720,I10,Essential hypertension
CLM9720,F41.1,Generalized anxiety disorder
CLM9721,N18.3,Chronic kidney disease stage 3
CLM9722,R10.9,Abdominal pain
CLM9723,E78.5,Hyperlipidemia
CLM9724,M54.5,Low back pain
CLM9724,E11.9,Type 2 diabetes mellitus
CLM9725,H66.90,Otitis media
CLM9725,J02.0,Streptococcal pharyngitis
CLM9726,E78.5,Hyperlipidemia
CLM9726,E11.9,Type 2 diabetes mellitus
CLM9727,J44.9,COPD
CLM9728,F41.1,Generalized anxiety disorder
CLM9728,F31.9,Bipolar disorder
CLM9729,I10,Essential hypertension
CLM9729,K21.9,Gastroesophageal reflux disease
CLM9730,K21.9,Gastroesophageal reflux disease
CLM9731,E05.90,Hyperthyroidism
CLM9732,E78.5,Hyperlipidemia
CLM9733,F41.1,Generalized anxiety disorder
CLM9734,Z00.00,Routine adult health exam
CLM9735,J10.1,Influenza with pneumonia
CLM9735,I10,Essential hypertension
CLM9736,F41.1,Generalized anxiety disorder
CLM9736,E11.9,Type 2 diabetes mellitus
CLM9737,Z00.00,Routine adult health exam
CLM9738,E66.9,Obesity
CLM9738,E11.9,Type 2 diabetes mellitus
CLM9739,E11.9,Type 2 diabetes mellitus
CLM9740,F43.10,Post-traumatic stress disorder
CLM9741,Z01.419,Routine gynecological exam
CLM9742,I50.9,Heart failure
CLM9743,F41.1,Generalized anxiety disorder
CLM9743,I10,Essential hypertension
CLM9743,J20.9,Acute bronchitis
CLM9744,J02.0,Streptococcal pharyngitis
CLM9744,R50.9,Fever
CLM9745,J06.9,Upper respiratory infection
CLM9746,J18.9,Pneumonia
CLM9747,Z00.00,Routine adult health exam
CLM9748,J02.0,Streptococcal pharyngitis
CLM9749,E11.65,Type 2 diabetes with hyperglycemia
CLM9750,S83.511A,ACL sprain of right knee
CLM9750,M17.11,Osteoarthritis of right knee
CLM9751,J06.9,Upper respiratory infection
CLM9752,M54.5,Low back pain
CLM9753,I50.9,Heart failure
CLM9754,S06.0X0A,Concussion
CLM9754,R10.9,Abdominal pain
CLM9754,S52.501A,Fracture of radius
CLM9755,R07.9,Chest pain
CLM9756,J18.9,Pneumonia
CLM9756,R55,Syncope
CLM9757,I10,Essential hypertension
CLM9757,E11.9,Type 2 diabetes mellitus
CLM9758,L40.0,Psoriasis
CLM9758,D22.9,Melanocytic nevus
CLM9759,C61,Prostate cancer
CLM9759,C18.9,Colon cancer
CLM9759,Z51.11,Encounter for chemotherapy
CLM9760,Z01.419,Routine gynecological exam
CLM9760,N80.9,Endometriosis
CLM9761,M54.5,Low back pain
CLM9762,Z00.00,Routine adult health exam
CLM9763,E78.5,Hyperlipidemia
CLM9763,I25.10,Coronary artery disease
CLM9763,I48.91,Atrial fibrillation
CLM9764,Z01.419,Routine gynecological exam
CLM9765,J45.909,Asthma
CLM9765,H66.90,Otitis media
CLM9765,R50.9,Fever
CLM9766,H66.90,Otitis media
CLM9766,R50.9,Fever
CLM9767,E03.9,Hypothyroidism
CLM9767,K21.9,Gastroesophageal reflux disease
CLM9768,D64.9,Anemia
CLM9769,Z01.419,Routine gynecological exam
CLM9769,Z34.90,Normal pregnancy supervision
CLM9770,I50.9,Heart failure
CLM9771,M25.561,Pain in right knee
CLM9772,R07.9,Chest pain
CLM9772,R55,Syncope
CLM9773,E78.5,Hyperlipidemia
CLM9774,I10,Essential hypertension
CLM9774,I50.9,Heart failure
CLM9775,E11.9,Type 2 diabetes mellitus
CLM9776,L70.0,Acne vulgaris
CLM9777,E11.9,Type 2 diabetes mellitus
CLM9777,I10,Essential hypertension
CLM9778,J45.909,Asthma
CLM9778,L20.9,Atopic dermatitis
CLM9779,S06.0X0A,Concussion
CLM9780,E78.5,Hyperlipidemia
CLM9780,Z00.00,Routine adult health exam
CLM9780,I10,Essential hypertension
CLM9781,I10,Essential hypertension
CLM9781,I48.91,Atrial fibrillation
CLM9782,N39.0,UTI
CLM9783,I25.10,Coronary artery disease
CLM9784,C61,Prostate cancer
CLM9784,D64.9,Anemia
CLM9785,I25.10,Coronary artery disease
CLM9786,J06.9,Upper respiratory infection
CLM9786,F41.1,Generalized anxiety disorder
CLM9787,N18.3,Chronic kidney disease stage 3
CLM9787,E11.9,Type 2 diabetes mellitus
CLM9788,N80.9,Endometriosis
CLM9789,Z00.129,Routine child health exam
CLM9790,Z00.129,Routine child health exam
CLM9790,H66.90,Otitis media
CLM9790,J45.909,Asthma
CLM9791,I10,Essential hypertension
CLM9791,N18.3,Chronic kidney disease stage 3
CLM9792,F41.1,Generalized anxiety disorder
CLM9792,J06.9,Upper respiratory infection
CLM9793,E03.9,Hypothyroidism
CLM9794,E11.65,Type 2 diabetes with hyperglycemia
CLM9794,E66.9,Obesity
CLM9795,R50.9,Fever
CLM9796,E11.9,Type 2 diabetes mellitus
CLM9797,H66.90,Otitis media
CLM9797,L20.9,Atopic dermatitis
CLM9797,J06.9,Upper respiratory infection
CLM9798,I10,Essential hypertension
CLM9798,K21.9,Gastroesophageal reflux disease
CLM9799,Z00.00,Routine adult health exam
CLM9799,M54.5,Low back pain
CLM9800,H66.90,Otitis media
CLM9801,Z51.11,Encounter for chemotherapy
CLM9801,C50.911,Breast cancer
CLM9802,J20.9,Acute bronchitis
CLM9803,M54.5,Low back pain
CLM9804,E05.90,Hyperthyroidism
CLM9804,E66.9,Obesity
CLM9805,J20.9,Acute bronchitis
CLM9805,N39.0,UTI
CLM9805,E78.5,Hyperlipidemia
CLM9806,E78.5,Hyperlipidemia
CLM9806,K21.9,Gastroesophageal reflux disease
CLM9807,R07.9,Chest pain
CLM9808,J06.9,Upper respiratory infection
CLM9808,M54.5,Low back pain
CLM9809,S83.511A,ACL sprain of right knee
CLM9810,N39.0,UTI
CLM9811,E11.65,Type 2 diabetes with hyperglycemia
CLM9811,E66.9,Obesity
CLM9811,E05.90,Hyperthyroidism
CLM9812,Z00.129,Routine child health exam
CLM9813,M75.101,Rotator cuff tear
CLM9814,R07.9,Chest pain
CLM9815,M75.101,Rotator cuff tear
CLM9816,J02.0,Streptococcal pharyngitis
CLM9817,M25.561,Pain in right knee
CLM9818,M54.5,Low back pain
CLM9818,M25.561,Pain in right knee
CLM9819,E78.5,Hyperlipidemia
CLM9820,L30.9,Dermatitis
CLM9821,E11.65,Type 2 diabetes with hyperglycemia
CLM9822,E03.9,Hypothyroidism
CLM9823,S06.0X0A,Concussion
CLM9823,S52.501A,Fracture of radius
CLM9823,R10.9,Abdominal pain
CLM9824,R07.9,Chest pain
CLM9824,I50.9,Heart failure
CLM9825,J20.9,Acute bronchitis
CLM9826,J18.9,Pneumonia
CLM9826,J44.9,COPD
CLM9827,E11.9,Type 2 diabetes mellitus
CLM9828,R55,Syncope
CLM9829,F31.9,Bipolar disorder
CLM9830,L30.9,Dermatitis
CLM9830,L40.0,Psoriasis
CLM9830,D22.9,Melanocytic nevus
CLM9831,J45.909,Asthma
CLM9831,R50.9,Fever
CLM9832,J20.9,Acute bronchitis
CLM9833,N18.3,Chronic kidney disease stage 3
CLM9834,Z00.00,Routine adult health exam
CLM9834,I10,Essential hypertension
CLM9835,L30.9,Dermatitis
CLM9836,G47.33,Obstructive sleep apnea
CLM9836,J44.9,COPD
CLM9837,M54.5,Low back pain
CLM9837,J10.1,Influenza with pneumonia
CLM9838,E03.9,Hypothyroidism
CLM9839,I10,Essential hypertension
CLM9839,I48.91,Atrial fibrillation
CLM9840,M54.5,Low back pain
CLM9841,J02.0,Streptococcal pharyngitis
CLM9842,G47.33,Obstructive sleep apnea
CLM9843,Z00.00,Routine adult health exam
CLM9844,L57.0,Actinic keratosis
CLM9845,C61,Prostate cancer
CLM9845,C34.90,Lung cancer
CLM9846,E66.9,Obesity
CLM9847,F31.9,Bipolar disorder
CLM9847,F43.10,Post-traumatic stress disorder
CLM9848,J10.1,Influenza with pneumonia
CLM9849,N80.9,Endometriosis
CLM9849,N92.0,Heavy menstrual bleeding
CLM9850,C34.90,Lung cancer
CLM9851,R07.9,Chest pain
CLM9852,I10,Essential hypertension
CLM9853,J18.9,Pneumonia
CLM9854,J45.909,Asthma
CLM9854,J44.9,COPD
CLM9855,C50.911,Breast cancer
CLM9856,D64.9,Anemia
CLM9857,E78.5,Hyperlipidemia
CLM9858,J06.9,Upper respiratory infection
CLM9859,E03.9,Hypothyroidism
CLM9860,E11.9,Type 2 diabetes mellitus
CLM9860,Z00.00,Routine adult health exam
CLM9861,K21.9,Gastroesophageal reflux disease
CLM9861,D64.9,Anemia
CLM9861,I10,Essential hypertension
CLM9862,E78.5,Hyperlipidemia
CLM9863,F41.1,Generalized anxiety disorder
CLM9863,J20.9,Acute bronchitis
CLM9863,E78.5,Hyperlipidemia
CLM9864,J20.9,Acute bronchitis
CLM9865,E11.9,Type 2 diabetes mellitus
CLM9866,J02.0,Streptococcal pharyngitis
CLM9867,L20.9,Atopic dermatitis
CLM9868,R07.9,Chest pain
CLM9868,S52.501A,Fracture of radius
CLM9869,I48.91,Atrial fibrillation
CLM9870,O24.410,Gestational diabetes
CLM9870,N80.9,Endometriosis
CLM9870,Z34.90,Normal pregnancy supervision
CLM9871,F41.1,Generalized anxiety disorder
CLM9872,F90.0,ADHD
CLM9873,L70.0,Acne vulgaris
CLM9874,L40.0,Psoriasis
CLM9875,L57.0,Actinic keratosis
CLM9875,D22.9,Melanocytic nevus
CLM9876,K21.9,Gastroesophageal reflux disease
CLM9877,F41.1,Generalized anxiety disorder
CLM9878,F41.1,Generalized anxiety disorder
CLM9879,M75.101,Rotator cuff tear
CLM9880,J06.9,Upper respiratory infection
CLM9880,J20.9,Acute bronchitis
CLM9880,I10,Essential hypertension
CLM9881,I25.10,Coronary artery disease
CLM9881,I10,Essential hypertension
CLM9882,F90.0,ADHD
CLM9883,J18.9,Pneumonia
CLM9884,F90.0,ADHD
CLM9885,Z00.00,Routine adult health exam
CLM9885,J20.9,Acute bronchitis
CLM9886,R07.9,Chest pain
CLM9887,J06.9,Upper respiratory infection
CLM9888,N18.3,Chronic kidney disease stage 3
CLM9889,I10,Essential hypertension
CLM9889,N39.0,UTI
CLM9890,J45.909,Asthma
CLM9890,G47.33,Obstructive sleep apnea
CLM9891,N39.0,UTI
CLM9892,D64.9,Anemia
CLM9893,F31.9,Bipolar disorder
CLM9893,F32.9,Major depressive disorder
CLM9894,L40.0,Psoriasis
CLM9895,E03.9,Hypothyroidism
CLM9896,I10,Essential hypertension
CLM9897,F31.9,Bipolar disorder
CLM9897,F43.10,Post-traumatic stress disorder
CLM9898,C18.9,Colon cancer
CLM9899,J20.9,Acute bronchitis
CLM9900,L20.9,Atopic dermatitis
CLM9900,H66.90,Otitis media
CLM9901,O24.410,Gestational diabetes
CLM9902,E03.9,Hypothyroidism
CLM9902,E11.9,Type 2 diabetes mellitus
CLM9903,E11.9,Type 2 diabetes mellitus
CLM9903,N18.3,Chronic kidney disease stage 3
CLM9904,E78.5,Hyperlipidemia
CLM9904,I10,Essential hypertension
CLM9905,F32.9,Major depressive disorder
CLM9906,M17.11,Osteoarthritis of right knee
CLM9907,J45.909,Asthma
CLM9908,J10.1,Influenza with pneumonia
CLM9909,I10,Essential hypertension
CLM9910,E78.5,Hyperlipidemia
CLM9911,J06.9,Upper respiratory infection
CLM9912,I48.91,Atrial fibrillation
CLM9913,E78.5,Hyperlipidemia
CLM9914,F41.1,Generalized anxiety disorder
CLM9915,R50.9,Fever
CLM9915,Z00.129,Routine child health exam
CLM9916,K21.9,Gastroesophageal reflux disease
CLM9917,D64.9,Anemia
CLM9917,N18.3,Chronic kidney disease stage 3
CLM9917,K21.9,Gastroesophageal reflux disease
CLM9918,I10,Essential hypertension
CLM9918,I50.9,Heart failure
CLM9918,I48.91,Atrial fibrillation
CLM9919,R10.9,Abdominal pain
CLM9919,S06.0X0A,Concussion
CLM9919,J18.9,Pneumonia
CLM9920,E78.5,Hyperlipidemia
CLM9921,C18.9,Colon cancer
CLM9921,Z51.11,Encounter for chemotherapy
CLM9921,D64.9,Anemia
CLM9922,E78.5,Hyperlipidemia
CLM9923,J45.909,Asthma
CLM9923,J06.9,Upper respiratory infection
CLM9924,L57.0,Actinic keratosis
CLM9925,I10,Essential hypertension
CLM9926,F32.9,Major depressive disorder
CLM9927,J06.9,Upper respiratory infection
CLM9927,J10.1,Influenza with pneumonia
CLM9927,M54.5,Low back pain
CLM9928,D64.9,Anemia
CLM9928,C61,Prostate cancer
CLM9929,E78.5,Hyperlipidemia
CLM9930,F32.9,Major depressive disorder
CLM9931,E11.9,Type 2 diabetes mellitus
CLM9932,Z34.90,Normal pregnancy supervision
CLM9933,K21.9,Gastroesophageal reflux disease
CLM9933,Z00.00,Routine adult health exam
CLM9934,E11.9,Type 2 diabetes mellitus
CLM9935,N39.0,UTI
CLM9935,M54.5,Low back pain
CLM9936,L57.0,Actinic keratosis
CLM9937,I10,Essential hypertension
CLM9938,I10,Essential hypertension
CLM9939,R07.9,Chest pain
CLM9940,F41.1,Generalized anxiety disorder
CLM9941,Z00.129,Routine child health exam
CLM9942,K21.9,Gastroesophageal reflux disease
CLM9942,Z00.00,Routine adult health exam
CLM9943,Z00.00,Routine adult health exam
CLM9943,I10,Essential hypertension
CLM9943,F41.1,Generalized anxiety disorder
CLM9944,J02.0,Streptococcal pharyngitis
CLM9945,H66.90,Otitis media
CLM9945,J45.909,Asthma
CLM9946,M54.5,Low back pain
CLM9947,M54.5,Low back pain
CLM9947,F41.1,Generalized anxiety disorder
CLM9947,I10,Essential hypertension
CLM9948,E78.5,Hyperlipidemia
CLM9949,E66.9,Obesity
CLM9949,E05.90,Hyperthyroidism
CLM9950,Z01.419,Routine gynecological exam
CLM9951,E78.5,Hyperlipidemia
CLM9952,F31.9,Bipolar disorder
CLM9953,G47.33,Obstructive sleep apnea
CLM9954,M25.561,Pain in right knee
CLM9955,E11.9,Type 2 diabetes mellitus
CLM9955,I10,Essential hypertension
CLM9956,L57.0,Actinic keratosis
CLM9957,I25.10,Coronary artery disease
CLM9957,I10,Essential hypertension
CLM9958,R10.9,Abdominal pain
CLM9959,J18.9,Pneumonia
CLM9959,G47.33,Obstructive sleep apnea
CLM9959,J44.9,COPD
CLM9960,E11.9,Type 2 diabetes mellitus
CLM9961,I25.10,Coronary artery disease
CLM9962,E03.9,Hypothyroidism
CLM9963,S06.0X0A,Concussion
CLM9963,J18.9,Pneumonia
CLM9964,R10.9,Abdominal pain
CLM9965,N18.3,Chronic kidney disease stage 3
CLM9966,E11.9,Type 2 diabetes mellitus
CLM9967,E03.9,Hypothyroidism
CLM9967,E11.9,Type 2 diabetes mellitus
CLM9967,N18.3,Chronic kidney disease stage 3
CLM9968,E03.9,Hypothyroidism
CLM9969,J44.9,COPD
CLM9969,G47.33,Obstructive sleep apnea
CLM9969,J45.909,Asthma
CLM9970,I10,Essential hypertension
CLM9971,I48.91,Atrial fibrillation
CLM9972,N18.3,Chronic kidney disease stage 3
CLM9973,E78.5,Hyperlipidemia
CLM9974,R50.9,Fever
CLM9974,H66.90,Otitis media
CLM9975,J45.909,Asthma
CLM9976,I48.91,Atrial fibrillation
CLM9977,F43.10,Post-traumatic stress disorder
CLM9978,N18.3,Chronic kidney disease stage 3
CLM9978,E11.9,Type 2 diabetes mellitus
CLM9979,J45.909,Asthma
CLM9979,J02.0,Streptococcal pharyngitis
CLM9980,I50.9,Heart failure
CLM9981,S06.0X0A,Concussion
CLM9981,R55,Syncope
CLM9982,E11.9,Type 2 diabetes mellitus
CLM9983,E78.5,Hyperlipidemia
CLM9984,E66.9,Obesity
CLM9985,J10.1,Influenza with pneumonia
CLM9986,J06.9,Upper respiratory infection
CLM9987,Z00.00,Routine adult health exam
CLM9987,F41.1,Generalized anxiety disorder
CLM9988,R50.9,Fever
CLM9989,N39.0,UTI
CLM9989,J06.9,Upper respiratory infection
CLM9990,E78.5,Hyperlipidemia
CLM9991,F31.9,Bipolar disorder
CLM9992,M17.11,Osteoarthritis of right knee
CLM9992,M75.101,Rotator cuff tear
CLM9993,J20.9,Acute bronchitis
CLM9994,E11.9,Type 2 diabetes mellitus
CLM9995,H66.90,Otitis media
CLM9995,J02.0,Streptococcal pharyngitis
CLM9996,R55,Syncope
CLM9997,J20.9,Acute bronchitis
CLM9997,F41.1,Generalized anxiety disorder
CLM9997,M54.5,Low back pain
CLM9998,I10,Essential hypertension
CLM9998,J06.9,Upper respiratory infection
CLM9999,J06.9,Upper respiratory infection
CLM9999,E11.9,Type 2 diabetes mellitus
CLM10000,J18.9,Pneumonia
CLM10001,G47.33,Obstructive sleep apnea
CLM10002,R50.9,Fever
CLM10003,E11.9,Type 2 diabetes mellitus
CLM10003,I10,Essential hypertension
CLM10004,E03.9,Hypothyroidism
CLM10005,L40.0,Psoriasis
CLM10006,J10.1,Influenza with pneumonia
CLM10007,J02.0,Streptococcal pharyngitis
CLM10008,Z00.129,Routine child health exam
CLM10009,S06.0X0A,Concussion
CLM10010,J06.9,Upper respiratory infection
CLM10010,E78.5,Hyperlipidemia
CLM10011,J10.1,Influenza with pneumonia
CLM10011,Z00.00,Routine adult health exam
CLM10011,J06.9,Upper respiratory infection
CLM10012,S06.0X0A,Concussion
CLM10013,D64.9,Anemia
CLM10014,I25.10,Coronary artery disease
CLM10014,I50.9,Heart failure
CLM10015,E11.9,Type 2 diabetes mellitus
CLM10015,J06.9,Upper respiratory infection
CLM10016,E78.5,Hyperlipidemia
CLM10017,E05.90,Hyperthyroidism
CLM10018,N80.9,Endometriosis
CLM10019,R07.9,Chest pain
CLM10019,I48.91,Atrial fibrillation
CLM10020,D22.9,Melanocytic nevus
CLM10021,D64.9,Anemia
CLM10021,K21.9,Gastroesophageal reflux disease
CLM10022,J45.909,Asthma
CLM10023,F90.0,ADHD
CLM10024,J10.1,Influenza with pneumonia
CLM10024,J20.9,Acute bronchitis
CLM10025,J02.0,Streptococcal pharyngitis
CLM10026,K21.9,Gastroesophageal reflux disease
CLM10026,N18.3,Chronic kidney disease stage 3
CLM10027,D22.9,Melanocytic nevus
CLM10027,L57.0,Actinic keratosis
CLM10028,Z00.00,Routine adult health exam
CLM10029,S06.0X0A,Concussion
CLM10030,M54.5,Low back pain
CLM10030,S83.511A,ACL sprain of right knee
CLM10031,R55,Syncope
CLM10032,R07.9,Chest pain
CLM10033,O24.410,Gestational diabetes
CLM10034,M54.5,Low back pain
CLM10035,R10.9,Abdominal pain
CLM10036,J18.9,Pneumonia
CLM10037,I50.9,Heart failure
CLM10038,I10,Essential hypertension
CLM10038,J10.1,Influenza with pneumonia
CLM10038,N39.0,UTI
CLM10039,N92.0,Heavy menstrual bleeding
CLM10040,E11.9,Type 2 diabetes mellitus
CLM10041,N39.0,UTI
CLM10041,I10,Essential hypertension
CLM10042,I10,Essential hypertension
CLM10042,I50.9,Heart failure
CLM10043,I50.9,Heart failure
CLM10044,I10,Essential hypertension
CLM10045,L40.0,Psoriasis
CLM10046,E78.5,Hyperlipidemia
CLM10046,E11.9,Type 2 diabetes mellitus
CLM10047,E78.5,Hyperlipidemia
CLM10048,M54.5,Low back pain
CLM10049,D64.9,Anemia
CLM10050,Z00.00,Routine adult health exam
CLM10051,E78.5,Hyperlipidemia
CLM10052,J06.9,Upper respiratory infection
CLM10053,S52.501A,Fracture of radius
CLM10054,H66.90,Otitis media
CLM10054,J02.0,Streptococcal pharyngitis
CLM10055,F43.10,Post-traumatic stress disorder
CLM10055,F31.9,Bipolar disorder
CLM10056,Z00.00,Routine adult health exam
CLM10057,J20.9,Acute bronchitis
CLM10057,N39.0,UTI
CLM10058,D64.9,Anemia
CLM10058,K21.9,Gastroesophageal reflux disease
CLM10059,J06.9,Upper respiratory infection
CLM10059,Z00.129,Routine child health exam
CLM10060,Z00.00,Routine adult health exam
CLM10061,Z34.90,Normal pregnancy supervision
CLM10062,L57.0,Actinic keratosis
CLM10063,G47.33,Obstructive sleep apnea
CLM10064,D64.9,Anemia
CLM10064,E03.9,Hypothyroidism
CLM10064,E78.5,Hyperlipidemia
CLM10065,L57.0,Actinic keratosis
CLM10066,D64.9,Anemia
CLM10067,R07.9,Chest pain
CLM10068,M54.5,Low back pain
CLM10068,E78.5,Hyperlipidemia
CLM10069,R07.9,Chest pain
CLM10070,N18.3,Chronic kidney disease stage 3
CLM10071,O24.410,Gestational diabetes
CLM10072,I48.91,Atrial fibrillation
CLM10072,R07.9,Chest pain
CLM10073,I10,Essential hypertension
CLM10073,I50.9,Heart failure
CLM10073,E78.5,Hyperlipidemia
CLM10074,S52.501A,Fracture of radius
CLM10075,F41.1,Generalized anxiety disorder
CLM10076,Z00.00,Routine adult health exam
CLM10077,R07.9,Chest pain
CLM10078,J10.1,Influenza with pneumonia
CLM10079,Z01.419,Routine gynecological exam
CLM10079,O24.410,Gestational diabetes
CLM10080,C18.9,Colon cancer
CLM10080,C50.911,Breast cancer
CLM10081,Z51.11,Encounter for chemotherapy
CLM10082,I10,Essential hypertension
CLM10083,C61,Prostate cancer
CLM10084,E78.5,Hyperlipidemia
CLM10085,I25.10,Coronary artery disease
CLM10086,J10.1,Influenza with pneumonia
CLM10086,N39.0,UTI
CLM10086,F41.1,Generalized anxiety disorder
CLM10087,N18.3,Chronic kidney disease stage 3
CLM10088,E03.9,Hypothyroidism
CLM10088,K21.9,Gastroesophageal reflux disease
CLM10088,E11.9,Type 2 diabetes mellitus
CLM10089,E11.9,Type 2 diabetes mellitus
CLM10090,N39.0,UTI
CLM10091,I50.9,Heart failure
CLM10092,E78.5,Hyperlipidemia
CLM10093,C61,Prostate cancer
CLM10094,E78.5,Hyperlipidemia
CLM10094,I50.9,Heart failure
CLM10095,J10.1,Influenza with pneumonia
CLM10096,I50.9,Heart failure
CLM10096,R07.9,Chest pain
CLM10097,E11.65,Type 2 diabetes with hyperglycemia
CLM10098,R07.9,Chest pain
CLM10099,E11.65,Type 2 diabetes with hyperglycemia
CLM10099,E11.9,Type 2 diabetes mellitus
CLM10099,E66.9,Obesity
CLM10100,J02.0,Streptococcal pharyngitis
CLM10100,H66.90,Otitis media
CLM10101,C18.9,Colon cancer
CLM10102,E78.5,Hyperlipidemia
CLM10102,M54.5,Low back pain
CLM10103,M17.11,Osteoarthritis of right knee
CLM10104,M54.5,Low back pain
CLM10105,E66.9,Obesity
CLM10106,M54.5,Low back pain
CLM10106,F41.1,Generalized anxiety disorder
CLM10107,J20.9,Acute bronchitis
CLM10108,L40.0,Psoriasis
CLM10108,D22.9,Melanocytic nevus
CLM10108,L70.0,Acne vulgaris
CLM10109,F31.9,Bipolar disorder
CLM10110,N39.0,UTI
CLM10110,J20.9,Acute bronchitis
CLM10111,E78.5,Hyperlipidemia
CLM10112,J44.9,COPD
CLM10113,I50.9,Heart failure
CLM10114,K21.9,Gastroesophageal reflux disease
CLM10115,E78.5,Hyperlipidemia
CLM10115,I48.91,Atrial fibrillation
CLM10116,N39.0,UTI
CLM10117,M75.101,Rotator cuff tear
CLM10117,M54.5,Low back pain
CLM10117,M17.11,Osteoarthritis of right knee
CLM10118,I50.9,Heart failure
CLM10118,I48.91,Atrial fibrillation
CLM10119,G47.33,Obstructive sleep apnea
CLM10120,I25.10,Coronary artery disease
CLM10120,R07.9,Chest pain
CLM10121,E03.9,Hypothyroidism
CLM10122,M75.101,Rotator cuff tear
CLM10123,R07.9,Chest pain
CLM10123,I50.9,Heart failure
CLM10123,I25.10,Coronary artery disease
CLM10124,D64.9,Anemia
CLM10125,F41.1,Generalized anxiety disorder
CLM10126,N18.3,Chronic kidney disease stage 3
CLM10126,E78.5,Hyperlipidemia
CLM10127,E11.65,Type 2 diabetes with hyperglycemia
CLM10128,J45.909,Asthma
CLM10129,I10,Essential hypertension
CLM10130,R07.9,Chest pain
CLM10130,I25.10,Coronary artery disease
CLM10131,J06.9,Upper respiratory infection
CLM10132,F43.10,Post-traumatic stress disorder
CLM10133,J06.9,Upper respiratory infection
CLM10134,C61,Prostate cancer
CLM10135,R50.9,Fever
CLM10135,J02.0,Streptococcal pharyngitis
CLM10135,H66.90,Otitis media
CLM10136,E11.9,Type 2 diabetes mellitus
CLM10137,I10,Essential hypertension
CLM10137,R07.9,Chest pain
CLM10138,E03.9,Hypothyroidism
CLM10139,Z00.00,Routine adult health exam
CLM10140,Z51.11,Encounter for chemotherapy
CLM10141,J10.1,Influenza with pneumonia
CLM10142,I25.10,Coronary artery disease
CLM10143,N18.3,Chronic kidney disease stage 3
CLM10144,H66.90,Otitis media
CLM10144,J02.0,Streptococcal pharyngitis
CLM10145,I10,Essential hypertension
CLM10146,L20.9,Atopic dermatitis
CLM10147,L40.0,Psoriasis
CLM10147,L70.0,Acne vulgaris
CLM10148,F41.1,Generalized anxiety disorder
CLM10148,I10,Essential hypertension
CLM10149,J18.9,Pneumonia
CLM10150,D64.9,Anemia
CLM10150,E11.9,Type 2 diabetes mellitus
CLM10151,F43.10,Post-traumatic stress disorder
CLM10151,F32.9,Major depressive disorder
CLM10152,E78.5,Hyperlipidemia
CLM10152,D64.9,Anemia
CLM10153,L70.0,Acne vulgaris
CLM10153,L30.9,Dermatitis
CLM10153,L40.0,Psoriasis
CLM10154,E78.5,Hyperlipidemia
CLM10155,F43.10,Post-traumatic stress disorder
CLM10155,F90.0,ADHD
CLM10155,F31.9,Bipolar disorder
CLM10156,I10,Essential hypertension
CLM10156,J06.9,Upper respiratory infection
CLM10157,I25.10,Coronary artery disease
CLM10158,M54.5,Low back pain
CLM10158,J06.9,Upper respiratory infection
CLM10159,C18.9,Colon cancer
CLM10159,C50.911,Breast cancer
CLM10160,M54.5,Low back pain
CLM10161,J20.9,Acute bronchitis
CLM10162,E78.5,Hyperlipidemia
CLM10162,I10,Essential hypertension
CLM10163,I10,Essential hypertension
CLM10164,K21.9,Gastroesophageal reflux disease
CLM10165,F41.1,Generalized anxiety disorder
CLM10166,J45.909,Asthma
CLM10167,K21.9,Gastroesophageal reflux disease
CLM10167,N18.3,Chronic kidney disease stage 3
CLM10168,D64.9,Anemia
CLM10169,O24.410,Gestational diabetes
CLM10169,N80.9,Endometriosis
CLM10170,G47.33,Obstructive sleep apnea
CLM10171,E78.5,Hyperlipidemia
CLM10172,R10.9,Abdominal pain
CLM10172,S06.0X0A,Concussion
CLM10173,J20.9,Acute bronchitis
CLM10173,E78.5,Hyperlipidemia
CLM10174,Z00.00,Routine adult health exam
CLM10174,E03.9,Hypothyroidism
CLM10174,K21.9,Gastroesophageal reflux disease
CLM10175,I48.91,Atrial fibrillation
CLM10175,I25.10,Coronary artery disease
CLM10175,I10,Essential hypertension
CLM10176,M25.561,Pain in right knee
CLM10177,R07.9,Chest pain
CLM10177,I10,Essential hypertension
CLM10177,I25.10,Coronary artery disease
CLM10178,N39.0,UTI
CLM10179,M17.11,Osteoarthritis of right knee
CLM10179,M54.5,Low back pain
CLM10180,I50.9,Heart failure
CLM10180,I25.10,Coronary artery disease
CLM10181,F90.0,ADHD
CLM10182,I10,Essential hypertension
CLM10183,E78.5,Hyperlipidemia
CLM10184,Z00.00,Routine adult health exam
CLM10185,E11.9,Type 2 diabetes mellitus
CLM10186,F41.1,Generalized anxiety disorder
CLM10187,E78.5,Hyperlipidemia
CLM10187,E11.9,Type 2 diabetes mellitus
CLM10188,Z00.129,Routine child health exam
CLM10188,R50.9,Fever
CLM10189,J45.909,Asthma
CLM10190,E78.5,Hyperlipidemia
CLM10190,I25.10,Coronary artery disease
CLM10191,J45.909,Asthma
CLM10192,J10.1,Influenza with pneumonia
CLM10192,J20.9,Acute bronchitis
CLM10193,I10,Essential hypertension
CLM10194,L20.9,Atopic dermatitis
CLM10194,J02.0,Streptococcal pharyngitis
CLM10195,I25.10,Coronary artery disease
CLM10196,I10,Essential hypertension
CLM10196,I48.91,Atrial fibrillation
CLM10197,M54.5,Low back pain
CLM10198,M54.5,Low back pain
CLM10199,L20.9,Atopic dermatitis
CLM10200,M25.561,Pain in right knee
CLM10200,M17.11,Osteoarthritis of right knee
CLM10201,I10,Essential hypertension
CLM10202,I48.91,Atrial fibrillation
CLM10203,F41.1,Generalized anxiety disorder
CLM10204,N39.0,UTI
CLM10205,M75.101,Rotator cuff tear
CLM10205,M17.11,Osteoarthritis of right knee
CLM10206,I25.10,Coronary artery disease
CLM10206,I48.91,Atrial fibrillation
CLM10207,I25.10,Coronary artery disease
CLM10208,N80.9,Endometriosis
CLM10209,F43.10,Post-traumatic stress disorder
CLM10210,I48.91,Atrial fibrillation
CLM10210,E78.5,Hyperlipidemia
CLM10211,S52.501A,Fracture of radius
CLM10211,J18.9,Pneumonia
CLM10211,R07.9,Chest pain
CLM10212,R50.9,Fever
CLM10212,L20.9,Atopic dermatitis
CLM10213,I50.9,Heart failure
CLM10214,D64.9,Anemia
CLM10214,C18.9,Colon cancer
CLM10215,M54.5,Low back pain
CLM10215,F41.1,Generalized anxiety disorder
CLM10215,Z00.00,Routine adult health exam
CLM10216,L57.0,Actinic keratosis
CLM10216,L40.0,Psoriasis
CLM10216,L30.9,Dermatitis
CLM10217,E03.9,Hypothyroidism
CLM10218,J45.909,Asthma
CLM10219,I10,Essential hypertension
CLM10220,J10.1,Influenza with pneumonia
CLM10221,I10,Essential hypertension
CLM10222,F31.9,Bipolar disorder
CLM10222,F90.0,ADHD
CLM10223,Z00.00,Routine adult health exam
CLM10224,F43.10,Post-traumatic stress disorder
CLM10225,L70.0,Acne vulgaris
CLM10225,L57.0,Actinic keratosis
CLM10226,F90.0,ADHD
CLM10227,M17.11,Osteoarthritis of right knee
CLM10228,E11.9,Type 2 diabetes mellitus
CLM10229,J44.9,COPD
CLM10230,L30.9,Dermatitis
CLM10231,E78.5,Hyperlipidemia
CLM10232,L20.9,Atopic dermatitis
CLM10233,E78.5,Hyperlipidemia
CLM10233,F41.1,Generalized anxiety disorder
CLM10234,D64.9,Anemia
CLM10235,S06.0X0A,Concussion
CLM10236,E66.9,Obesity
CLM10237,R50.9,Fever
CLM10238,Z00.00,Routine adult health exam
CLM10239,I10,Essential hypertension
CLM10240,I10,Essential hypertension
CLM10240,R07.9,Chest pain
CLM10241,N39.0,UTI
CLM10242,N39.0,UTI
CLM10243,L30.9,Dermatitis
CLM10243,L70.0,Acne vulgaris
CLM10244,J18.9,Pneumonia
CLM10244,G47.33,Obstructive sleep apnea
CLM10245,E11.9,Type 2 diabetes mellitus
CLM10246,E05.90,Hyperthyroidism
CLM10247,E03.9,Hypothyroidism
CLM10247,E66.9,Obesity
CLM10248,N39.0,UTI
CLM10249,E11.9,Type 2 diabetes mellitus
CLM10249,I10,Essential hypertension
CLM10250,L70.0,Acne vulgaris
CLM10251,N39.0,UTI
CLM10252,L40.0,Psoriasis
CLM10252,D22.9,Melanocytic nevus
CLM10253,E78.5,Hyperlipidemia
CLM10253,Z00.00,Routine adult health exam
CLM10253,J10.1,Influenza with pneumonia
CLM10254,N39.0,UTI
CLM10254,J06.9,Upper respiratory infection
CLM10254,I10,Essential hypertension
CLM10255,E78.5,Hyperlipidemia
CLM10256,D64.9,Anemia
CLM10256,N18.3,Chronic kidney disease stage 3
CLM10257,J10.1,Influenza with pneumonia
CLM10257,N39.0,UTI
CLM10258,F43.10,Post-traumatic stress disorder
CLM10258,F41.1,Generalized anxiety disorder
CLM10259,L20.9,Atopic dermatitis
CLM10259,J02.0,Streptococcal pharyngitis
CLM10260,Z00.00,Routine adult health exam
CLM10261,J06.9,Upper respiratory infection
CLM10262,I10,Essential hypertension
CLM10263,J18.9,Pneumonia
CLM10264,L70.0,Acne vulgaris
CLM10265,G47.33,Obstructive sleep apnea
CLM10266,Z51.11,Encounter for chemotherapy
CLM10267,K21.9,Gastroesophageal reflux disease
CLM10267,E03.9,Hypothyroidism
CLM10268,Z51.11,Encounter for chemotherapy
CLM10269,Z34.90,Normal pregnancy supervision
CLM10270,O24.410,Gestational diabetes
CLM10270,Z34.90,Normal pregnancy supervision
CLM10271,J45.909,Asthma
CLM10272,I10,Essential hypertension
CLM10272,I25.10,Coronary artery disease
CLM10273,C18.9,Colon cancer
CLM10274,R50.9,Fever
CLM10275,E66.9,Obesity
CLM10275,E11.9,Type 2 diabetes mellitus
CLM10276,O24.410,Gestational diabetes
CLM10277,L70.0,Acne vulgaris
CLM10277,L57.0,Actinic keratosis
CLM10277,D22.9,Melanocytic nevus
CLM10278,K21.9,Gastroesophageal reflux disease
CLM10279,N18.3,Chronic kidney disease stage 3
CLM10279,E78.5,Hyperlipidemia
CLM10279,E11.9,Type 2 diabetes mellitus
CLM10280,L20.9,Atopic dermatitis
CLM10281,M54.5,Low back pain
CLM10282,O24.410,Gestational diabetes
CLM10282,N80.9,Endometriosis
CLM10283,G47.33,Obstructive sleep apnea
CLM10284,K21.9,Gastroesophageal reflux disease
CLM10285,R50.9,Fever
CLM10286,K21.9,Gastroesophageal reflux disease
CLM10286,E03.9,Hypothyroidism
CLM10287,Z00.00,Routine adult health exam
CLM10288,L70.0,Acne vulgaris
CLM10289,R50.9,Fever
CLM10290,M75.101,Rotator cuff tear
CLM10291,E78.5,Hyperlipidemia
CLM10292,F31.9,Bipolar disorder
CLM10293,G47.33,Obstructive sleep apnea
CLM10294,D22.9,Melanocytic nevus
CLM10294,L70.0,Acne vulgaris
CLM10295,G47.33,Obstructive sleep apnea
CLM10296,F41.1,Generalized anxiety disorder
CLM10296,E78.5,Hyperlipidemia
CLM10297,N39.0,UTI
CLM10298,K21.9,Gastroesophageal reflux disease
CLM10298,I10,Essential hypertension
CLM10299,J06.9,Upper respiratory infection
CLM10300,L40.0,Psoriasis
CLM10301,J45.909,Asthma
CLM10302,F41.1,Generalized anxiety disorder
CLM10302,F31.9,Bipolar disorder
CLM10303,D22.9,Melanocytic nevus
CLM10304,F31.9,Bipolar disorder
CLM10305,I25.10,Coronary artery disease
CLM10306,J45.909,Asthma
CLM10307,L40.0,Psoriasis
CLM10307,D22.9,Melanocytic nevus
CLM10307,L57.0,Actinic keratosis
CLM10308,R10.9,Abdominal pain
CLM10309,N80.9,Endometriosis
CLM10310,J20.9,Acute bronchitis
CLM10311,C61,Prostate cancer
CLM10312,C34.90,Lung cancer
CLM10312,C50.911,Breast cancer
CLM10313,R07.9,Chest pain
CLM10314,L70.0,Acne vulgaris
CLM10315,N18.3,Chronic kidney disease stage 3
CLM10316,I10,Essential hypertension
CLM10317,S83.511A,ACL sprain of right knee
CLM10317,M25.561,Pain in right knee
CLM10318,E78.5,Hyperlipidemia
CLM10318,Z00.00,Routine adult health exam
CLM10318,E11.9,Type 2 diabetes mellitus
CLM10319,N18.3,Chronic kidney disease stage 3
CLM10319,Z00.00,Routine adult health exam
CLM10320,R10.9,Abdominal pain
CLM10320,R07.9,Chest pain
CLM10320,R55,Syncope
CLM10321,G47.33,Obstructive sleep apnea
CLM10321,J45.909,Asthma
CLM10322,J10.1,Influenza with pneumonia
CLM10323,L40.0,Psoriasis
CLM10324,M17.11,Osteoarthritis of right knee
CLM10324,M54.5,Low back pain
CLM10325,J02.0,Streptococcal pharyngitis
CLM10325,R50.9,Fever
CLM10326,K21.9,Gastroesophageal reflux disease
CLM10327,E11.9,Type 2 diabetes mellitus
CLM10327,Z00.00,Routine adult health exam
CLM10328,I25.10,Coronary artery disease
CLM10329,E78.5,Hyperlipidemia
CLM10329,E11.9,Type 2 diabetes mellitus
CLM10330,J18.9,Pneumonia
CLM10331,N80.9,Endometriosis
CLM10331,O24.410,Gestational diabetes
CLM10332,I10,Essential hypertension
CLM10333,L70.0,Acne vulgaris
CLM10334,I10,Essential hypertension
CLM10334,Z00.00,Routine adult health exam
CLM10334,D64.9,Anemia
CLM10335,R07.9,Chest pain
CLM10336,I48.91,Atrial fibrillation
CLM10337,I10,Essential hypertension
CLM10337,E78.5,Hyperlipidemia
CLM10338,J44.9,COPD
CLM10338,J18.9,Pneumonia
CLM10338,G47.33,Obstructive sleep apnea
CLM10339,M25.561,Pain in right knee
CLM10339,M17.11,Osteoarthritis of right knee
CLM10339,M54.5,Low back pain
CLM10340,N39.0,UTI
CLM10340,Z00.00,Routine adult health exam
CLM10341,M54.5,Low back pain
CLM10341,S83.511A,ACL sprain of right knee
CLM10342,S52.501A,Fracture of radius
CLM10343,J44.9,COPD
CLM10344,R07.9,Chest pain
CLM10344,I50.9,Heart failure
CLM10345,M75.101,Rotator cuff tear
CLM10345,M17.11,Osteoarthritis of right knee
CLM10346,L57.0,Actinic keratosis
CLM10347,C50.911,Breast cancer
CLM10348,Z00.00,Routine adult health exam
CLM10348,J20.9,Acute bronchitis
CLM10349,N18.3,Chronic kidney disease stage 3
CLM10349,E11.9,Type 2 diabetes mellitus
CLM10350,C61,Prostate cancer
CLM10350,Z51.11,Encounter for chemotherapy
CLM10351,E78.5,Hyperlipidemia
CLM10351,I50.9,Heart failure
CLM10352,N39.0,UTI
CLM10352,J10.1,Influenza with pneumonia
CLM10352,I10,Essential hypertension
CLM10353,M54.5,Low back pain
CLM10353,E78.5,Hyperlipidemia
CLM10353,I10,Essential hypertension
CLM10354,Z00.129,Routine child health exam
CLM10354,J06.9,Upper respiratory infection
CLM10354,R50.9,Fever
CLM10355,E11.65,Type 2 diabetes with hyperglycemia
CLM10356,E11.9,Type 2 diabetes mellitus
CLM10357,Z00.00,Routine adult health exam
CLM10357,M54.5,Low back pain
CLM10357,J06.9,Upper respiratory infection
CLM10358,R10.9,Abdominal pain
CLM10358,R07.9,Chest pain
CLM10358,J18.9,Pneumonia
CLM10359,G47.33,Obstructive sleep apnea
CLM10360,S83.511A,ACL sprain of right knee
CLM10360,M54.5,Low back pain
CLM10361,I50.9,Heart failure
CLM10361,R07.9,Chest pain
CLM10362,Z00.00,Routine adult health exam
CLM10363,I10,Essential hypertension
CLM10364,C18.9,Colon cancer
CLM10364,Z51.11,Encounter for chemotherapy
CLM10365,I10,Essential hypertension
CLM10366,G47.33,Obstructive sleep apnea
CLM10366,J45.909,Asthma
CLM10367,N18.3,Chronic kidney disease stage 3
CLM10368,J06.9,Upper respiratory infection
CLM10368,E11.9,Type 2 diabetes mellitus
CLM10368,J10.1,Influenza with pneumonia
CLM10369,E11.65,Type 2 diabetes with hyperglycemia
CLM10370,F41.1,Generalized anxiety disorder
CLM10371,H66.90,Otitis media
CLM10372,J18.9,Pneumonia
CLM10373,J20.9,Acute bronchitis
CLM10373,M54.5,Low back pain
CLM10373,J06.9,Upper respiratory infection
CLM10374,Z00.00,Routine adult health exam
CLM10375,C50.911,Breast cancer
CLM10375,C34.90,Lung cancer
CLM10376,Z51.11,Encounter for chemotherapy
CLM10376,C34.90,Lung cancer
CLM10377,E78.5,Hyperlipidemia
CLM10377,I10,Essential hypertension
CLM10378,E78.5,Hyperlipidemia
CLM10379,L40.0,Psoriasis
CLM10380,L70.0,Acne vulgaris
CLM10381,N80.9,Endometriosis
CLM10381,N92.0,Heavy menstrual bleeding
CLM10382,R55,Syncope
CLM10383,J10.1,Influenza with pneumonia
CLM10383,Z00.00,Routine adult health exam
CLM10384,K21.9,Gastroesophageal reflux disease
CLM10384,I10,Essential hypertension
CLM10384,Z00.00,Routine adult health exam
CLM10385,R07.9,Chest pain
CLM10386,O24.410,Gestational diabetes
CLM10386,N80.9,Endometriosis
CLM10387,G47.33,Obstructive sleep apnea
CLM10388,E78.5,Hyperlipidemia
CLM10388,N39.0,UTI
CLM10389,F90.0,ADHD
CLM10389,F32.9,Major depressive disorder
CLM10390,J06.9,Upper respiratory infection
CLM10390,F41.1,Generalized anxiety disorder
CLM10391,E11.9,Type 2 diabetes mellitus
CLM10392,L30.9,Dermatitis
CLM10393,J10.1,Influenza with pneumonia
CLM10394,Z00.00,Routine adult health exam
CLM10394,E78.5,Hyperlipidemia
CLM10394,F41.1,Generalized anxiety disorder
CLM10395,Z51.11,Encounter for chemotherapy
CLM10395,C18.9,Colon cancer
CLM10396,M25.561,Pain in right knee
CLM10397,N18.3,Chronic kidney disease stage 3
CLM10398,I10,Essential hypertension
CLM10398,E03.9,Hypothyroidism
CLM10398,Z00.00,Routine adult health exam
CLM10399,G47.33,Obstructive sleep apnea
CLM10399,J18.9,Pneumonia
CLM10400,E03.9,Hypothyroidism
CLM10401,Z00.00,Routine adult health exam
CLM10401,E11.9,Type 2 diabetes mellitus
CLM10402,I50.9,Heart failure
CLM10402,I48.91,Atrial fibrillation
CLM10402,I10,Essential hypertension
CLM10403,M54.5,Low back pain
CLM10403,J06.9,Upper respiratory infection
CLM10404,F41.1,Generalized anxiety disorder
CLM10405,J06.9,Upper respiratory infection
CLM10406,N39.0,UTI
CLM10407,J20.9,Acute bronchitis
CLM10408,E03.9,Hypothyroidism
CLM10408,E66.9,Obesity
CLM10409,E03.9,Hypothyroidism
CLM10410,M75.101,Rotator cuff tear
CLM10410,M17.11,Osteoarthritis of right knee
CLM10411,F41.1,Generalized anxiety disorder
CLM10412,F41.1,Generalized anxiety disorder
CLM10413,Z51.11,Encounter for chemotherapy
CLM10413,C34.90,Lung cancer
CLM10414,Z34.90,Normal pregnancy supervision
CLM10414,N92.0,Heavy menstrual bleeding
CLM10415,J20.9,Acute bronchitis
CLM10415,Z00.00,Routine adult health exam
CLM10416,E78.5,Hyperlipidemia
CLM10417,N92.0,Heavy menstrual bleeding
CLM10417,N80.9,Endometriosis
CLM10418,E78.5,Hyperlipidemia
CLM10419,E11.9,Type 2 diabetes mellitus
CLM10420,E78.5,Hyperlipidemia
CLM10420,F41.1,Generalized anxiety disorder
CLM10421,N80.9,Endometriosis
CLM10421,Z34.90,Normal pregnancy supervision
CLM10422,E78.5,Hyperlipidemia
CLM10422,J10.1,Influenza with pneumonia
CLM10423,Z00.00,Routine adult health exam
CLM10424,L70.0,Acne vulgaris
CLM10424,L30.9,Dermatitis
CLM10425,I10,Essential hypertension
CLM10426,I10,Essential hypertension
CLM10426,I25.10,Coronary artery disease
CLM10427,G47.33,Obstructive sleep apnea
CLM10428,K21.9,Gastroesophageal reflux disease
CLM10428,N18.3,Chronic kidney disease stage 3
CLM10429,J06.9,Upper respiratory infection
CLM10430,M25.561,Pain in right knee
CLM10431,E11.9,Type 2 diabetes mellitus
CLM10432,F32.9,Major depressive disorder
CLM10432,F31.9,Bipolar disorder
CLM10432,F43.10,Post-traumatic stress disorder
CLM10433,E03.9,Hypothyroidism
CLM10434,M54.5,Low back pain
CLM10435,N80.9,Endometriosis
CLM10436,N18.3,Chronic kidney disease stage 3
CLM10437,I25.10,Coronary artery disease
CLM10437,I48.91,Atrial fibrillation
CLM10438,F41.1,Generalized anxiety disorder
CLM10439,E78.5,Hyperlipidemia
CLM10440,L57.0,Actinic keratosis
CLM10440,L40.0,Psoriasis
CLM10441,J18.9,Pneumonia
CLM10441,J45.909,Asthma
CLM10441,G47.33,Obstructive sleep apnea
CLM10442,I25.10,Coronary artery disease
CLM10442,I48.91,Atrial fibrillation
CLM10443,I10,Essential hypertension
CLM10443,I25.10,Coronary artery disease
CLM10444,J44.9,COPD
CLM10444,J18.9,Pneumonia
CLM10444,G47.33,Obstructive sleep apnea
CLM10445,R07.9,Chest pain
CLM10446,I25.10,Coronary artery disease
CLM10447,K21.9,Gastroesophageal reflux disease
CLM10447,I10,Essential hypertension
CLM10448,N39.0,UTI
CLM10448,F41.1,Generalized anxiety disorder
CLM10449,E78.5,Hyperlipidemia
CLM10450,F90.0,ADHD
CLM10450,F41.1,Generalized anxiety disorder
CLM10451,J44.9,COPD
CLM10452,E11.9,Type 2 diabetes mellitus
CLM10453,J02.0,Streptococcal pharyngitis
CLM10454,E11.9,Type 2 diabetes mellitus
CLM10455,E11.65,Type 2 diabetes with hyperglycemia
CLM10456,F41.1,Generalized anxiety disorder
CLM10457,M25.561,Pain in right knee
CLM10457,S83.511A,ACL sprain of right knee
CLM10458,J10.1,Influenza with pneumonia
CLM10459,F41.1,Generalized anxiety disorder
CLM10459,M54.5,Low back pain
CLM10460,M25.561,Pain in right knee
CLM10460,S83.511A,ACL sprain of right knee
CLM10461,S52.501A,Fracture of radius
CLM10461,R07.9,Chest pain
CLM10461,J18.9,Pneumonia
CLM10462,D22.9,Melanocytic nevus
CLM10463,F43.10,Post-traumatic stress disorder
CLM10464,I50.9,Heart failure
CLM10465,I10,Essential hypertension
CLM10466,L20.9,Atopic dermatitis
CLM10466,Z00.129,Routine child health exam
CLM10467,D22.9,Melanocytic nevus
CLM10467,L57.0,Actinic keratosis
CLM10468,M25.561,Pain in right knee
CLM10469,E05.90,Hyperthyroidism
CLM10470,C50.911,Breast cancer
CLM10470,C61,Prostate cancer
CLM10471,E11.9,Type 2 diabetes mellitus
CLM10472,E11.9,Type 2 diabetes mellitus
CLM10473,Z00.00,Routine adult health exam
CLM10474,S06.0X0A,Concussion
CLM10475,E66.9,Obesity
CLM10475,E03.9,Hypothyroidism
CLM10476,R07.9,Chest pain
CLM10476,R55,Syncope
CLM10477,I48.91,Atrial fibrillation
CLM10477,I25.10,Coronary artery disease
CLM10478,E11.65,Type 2 diabetes with hyperglycemia
CLM10478,E11.9,Type 2 diabetes mellitus
CLM10479,M54.5,Low back pain
CLM10480,I10,Essential hypertension
CLM10481,C34.90,Lung cancer
CLM10482,J06.9,Upper respiratory infection
CLM10483,D64.9,Anemia
CLM10483,Z51.11,Encounter for chemotherapy
CLM10484,I10,Essential hypertension
CLM10484,J20.9,Acute bronchitis
CLM10485,C50.911,Breast cancer
CLM10486,Z51.11,Encounter for chemotherapy
CLM10487,J06.9,Upper respiratory infection
CLM10488,M54.5,Low back pain
CLM10488,M25.561,Pain in right knee
CLM10489,C18.9,Colon cancer
CLM10490,K21.9,Gastroesophageal reflux disease
CLM10490,N18.3,Chronic kidney disease stage 3
CLM10490,Z00.00,Routine adult health exam
CLM10491,I25.10,Coronary artery disease
CLM10492,J44.9,COPD
CLM10493,D22.9,Melanocytic nevus
CLM10493,L57.0,Actinic keratosis
CLM10493,L30.9,Dermatitis
CLM10494,R07.9,Chest pain
CLM10495,Z34.90,Normal pregnancy supervision
CLM10496,I25.10,Coronary artery disease
CLM10496,I48.91,Atrial fibrillation
CLM10497,D64.9,Anemia
CLM10498,L40.0,Psoriasis
CLM10498,L30.9,Dermatitis
CLM10499,M54.5,Low back pain
CLM10500,E03.9,Hypothyroidism
CLM10501,C18.9,Colon cancer
CLM10501,C61,Prostate cancer
CLM10501,C34.90,Lung cancer
CLM10502,J06.9,Upper respiratory infection
CLM10503,F41.1,Generalized anxiety disorder
CLM10503,N39.0,UTI
CLM10504,N39.0,UTI
CLM10505,J20.9,Acute bronchitis
CLM10506,E03.9,Hypothyroidism
CLM10506,E11.9,Type 2 diabetes mellitus
CLM10507,E78.5,Hyperlipidemia
CLM10507,J10.1,Influenza with pneumonia
CLM10508,J02.0,Streptococcal pharyngitis
CLM10509,E78.5,Hyperlipidemia
CLM10510,E78.5,Hyperlipidemia
CLM10511,D22.9,Melanocytic nevus
CLM10511,L30.9,Dermatitis
CLM10512,Z00.00,Routine adult health exam
CLM10513,I10,Essential hypertension
CLM10514,S83.511A,ACL sprain of right knee
CLM10515,J06.9,Upper respiratory infection
CLM10516,F90.0,ADHD
CLM10517,R07.9,Chest pain
CLM10518,N39.0,UTI
CLM10519,E11.9,Type 2 diabetes mellitus
CLM10520,M75.101,Rotator cuff tear
CLM10520,M17.11,Osteoarthritis of right knee
CLM10521,F41.1,Generalized anxiety disorder
CLM10522,M54.5,Low back pain
CLM10523,E78.5,Hyperlipidemia
CLM10524,J18.9,Pneumonia
CLM10525,M25.561,Pain in right knee
CLM10525,M54.5,Low back pain
CLM10526,J20.9,Acute bronchitis
CLM10527,E78.5,Hyperlipidemia
CLM10528,J06.9,Upper respiratory infection
CLM10528,R50.9,Fever
CLM10528,H66.90,Otitis media
CLM10529,J10.1,Influenza with pneumonia
CLM10529,F41.1,Generalized anxiety disorder
CLM10530,I50.9,Heart failure
CLM10530,I48.91,Atrial fibrillation
CLM10531,J10.1,Influenza with pneumonia
CLM10532,D22.9,Melanocytic nevus
CLM10533,G47.33,Obstructive sleep apnea
CLM10534,E78.5,Hyperlipidemia
CLM10535,M75.101,Rotator cuff tear
CLM10536,R07.9,Chest pain
CLM10537,F41.1,Generalized anxiety disorder
CLM10538,J20.9,Acute bronchitis
CLM10539,F90.0,ADHD
CLM10540,E11.65,Type 2 diabetes with hyperglycemia
CLM10541,R50.9,Fever
CLM10542,J10.1,Influenza with pneumonia
CLM10542,E11.9,Type 2 diabetes mellitus
CLM10543,Z51.11,Encounter for chemotherapy
CLM10544,J18.9,Pneumonia
CLM10545,I48.91,Atrial fibrillation
CLM10545,I10,Essential hypertension
CLM10546,N80.9,Endometriosis
CLM10546,Z34.90,Normal pregnancy supervision
CLM10546,Z01.419,Routine gynecological exam
CLM10547,M54.5,Low back pain
CLM10547,E11.9,Type 2 diabetes mellitus
CLM10548,E78.5,Hyperlipidemia
CLM10549,S06.0X0A,Concussion
CLM10550,N18.3,Chronic kidney disease stage 3
CLM10550,E03.9,Hypothyroidism
CLM10551,E78.5,Hyperlipidemia
CLM10552,M54.5,Low back pain
CLM10552,F41.1,Generalized anxiety disorder
CLM10553,N18.3,Chronic kidney disease stage 3
CLM10553,E03.9,Hypothyroidism
CLM10554,I50.9,Heart failure
CLM10555,Z00.129,Routine child health exam
CLM10556,E05.90,Hyperthyroidism
CLM10557,O24.410,Gestational diabetes
CLM10557,Z34.90,Normal pregnancy supervision
CLM10558,F41.1,Generalized anxiety disorder
CLM10559,E78.5,Hyperlipidemia
CLM10560,M54.5,Low back pain
CLM10561,C50.911,Breast cancer
CLM10561,D64.9,Anemia
CLM10561,C18.9,Colon cancer
CLM10562,I10,Essential hypertension
CLM10563,G47.33,Obstructive sleep apnea
CLM10564,S52.501A,Fracture of radius
CLM10565,C18.9,Colon cancer
CLM10565,C34.90,Lung cancer
CLM10566,M54.5,Low back pain
CLM10566,M75.101,Rotator cuff tear
CLM10567,R55,Syncope
CLM10568,R50.9,Fever
CLM10568,Z00.129,Routine child health exam
CLM10569,F41.1,Generalized anxiety disorder
CLM10569,N39.0,UTI
CLM10570,R07.9,Chest pain
CLM10571,M25.561,Pain in right knee
CLM10571,M75.101,Rotator cuff tear
CLM10572,J45.909,Asthma
CLM10573,O24.410,Gestational diabetes
CLM10574,R07.9,Chest pain
CLM10575,I50.9,Heart failure
CLM10576,N39.0,UTI
CLM10577,N80.9,Endometriosis
CLM10578,D64.9,Anemia
CLM10578,E11.9,Type 2 diabetes mellitus
CLM10579,Z00.00,Routine adult health exam
CLM10580,J06.9,Upper respiratory infection
CLM10581,J06.9,Upper respiratory infection
CLM10581,J10.1,Influenza with pneumonia
CLM10581,Z00.00,Routine adult health exam
CLM10582,N39.0,UTI
CLM10582,E78.5,Hyperlipidemia
CLM10583,J10.1,Influenza with pneumonia
CLM10583,I10,Essential hypertension
CLM10584,I10,Essential hypertension
CLM10585,J10.1,Influenza with pneumonia
CLM10585,I10,Essential hypertension
CLM10585,Z00.00,Routine adult health exam
CLM10586,D64.9,Anemia
CLM10587,E11.9,Type 2 diabetes mellitus
CLM10588,C61,Prostate cancer
CLM10588,D64.9,Anemia
CLM10588,C34.90,Lung cancer
CLM10589,E11.9,Type 2 diabetes mellitus
CLM10589,K21.9,Gastroesophageal reflux disease
CLM10590,J06.9,Upper respiratory infection
CLM10591,S83.511A,ACL sprain of right knee
CLM10592,E78.5,Hyperlipidemia
CLM10593,E11.65,Type 2 diabetes with hyperglycemia
CLM10594,E66.9,Obesity
CLM10594,E05.90,Hyperthyroidism
CLM10595,E03.9,Hypothyroidism
CLM10595,E66.9,Obesity
CLM10596,I10,Essential hypertension
CLM10596,J06.9,Upper respiratory infection
CLM10597,J06.9,Upper respiratory infection
CLM10598,G47.33,Obstructive sleep apnea
CLM10599,E78.5,Hyperlipidemia
CLM10599,M54.5,Low back pain
CLM10600,N18.3,Chronic kidney disease stage 3
CLM10601,I10,Essential hypertension
CLM10601,F41.1,Generalized anxiety disorder
CLM10602,I10,Essential hypertension
CLM10603,J10.1,Influenza with pneumonia
CLM10604,E78.5,Hyperlipidemia
CLM10604,D64.9,Anemia
CLM10604,E11.9,Type 2 diabetes mellitus
CLM10605,I25.10,Coronary artery disease
CLM10606,J45.909,Asthma
CLM10607,D64.9,Anemia
CLM10608,D22.9,Melanocytic nevus
CLM10608,L30.9,Dermatitis
CLM10609,Z01.419,Routine gynecological exam
CLM10610,L40.0,Psoriasis
CLM10611,L30.9,Dermatitis
CLM10611,L40.0,Psoriasis
CLM10612,N39.0,UTI
CLM10612,E11.9,Type 2 diabetes mellitus
CLM10613,J06.9,Upper respiratory infection
CLM10613,L20.9,Atopic dermatitis
CLM10614,F32.9,Major depressive disorder
CLM10615,E11.9,Type 2 diabetes mellitus
CLM10616,Z00.129,Routine child health exam
CLM10617,D64.9,Anemia
CLM10618,F41.1,Generalized anxiety disorder
CLM10619,J10.1,Influenza with pneumonia
CLM10620,D22.9,Melanocytic nevus
CLM10621,E03.9,Hypothyroidism
CLM10622,N39.0,UTI
CLM10623,N80.9,Endometriosis
CLM10623,O24.410,Gestational diabetes
CLM10623,N92.0,Heavy menstrual bleeding
CLM10624,E78.5,Hyperlipidemia
CLM10625,M54.5,Low back pain
CLM10626,N39.0,UTI
CLM10626,J06.9,Upper respiratory infection
CLM10627,I10,Essential hypertension
CLM10627,I25.10,Coronary artery disease
CLM10628,E05.90,Hyperthyroidism
CLM10629,G47.33,Obstructive sleep apnea
CLM10629,J18.9,Pneumonia
CLM10630,F32.9,Major depressive disorder
CLM10631,Z00.00,Routine adult health exam
CLM10631,J06.9,Upper respiratory infection
CLM10632,M54.5,Low back pain
CLM10632,M25.561,Pain in right knee
CLM10633,E03.9,Hypothyroidism
CLM10633,N18.3,Chronic kidney disease stage 3
CLM10634,N39.0,UTI
CLM10634,J20.9,Acute bronchitis
CLM10635,E78.5,Hyperlipidemia
CLM10636,J06.9,Upper respiratory infection
CLM10636,E11.9,Type 2 diabetes mellitus
CLM10636,E78.5,Hyperlipidemia
CLM10637,J45.909,Asthma
CLM10637,J18.9,Pneumonia
CLM10638,D64.9,Anemia
CLM10639,S52.501A,Fracture of radius
CLM10640,E03.9,Hypothyroidism
CLM10641,I10,Essential hypertension
CLM10642,E03.9,Hypothyroidism
CLM10643,J18.9,Pneumonia
CLM10644,M54.5,Low back pain
CLM10644,J06.9,Upper respiratory infection
CLM10645,J44.9,COPD
CLM10646,E11.65,Type 2 diabetes with hyperglycemia
CLM10646,E03.9,Hypothyroidism
CLM10647,I10,Essential hypertension
CLM10648,G47.33,Obstructive sleep apnea
CLM10648,J44.9,COPD
CLM10649,I10,Essential hypertension
CLM10650,D22.9,Melanocytic nevus
CLM10651,E03.9,Hypothyroidism
CLM10652,F31.9,Bipolar disorder
CLM10653,M17.11,Osteoarthritis of right knee
CLM10653,M25.561,Pain in right knee
CLM10654,R07.9,Chest pain
CLM10655,F41.1,Generalized anxiety disorder
CLM10656,C18.9,Colon cancer
CLM10657,D64.9,Anemia
CLM10657,N18.3,Chronic kidney disease stage 3
CLM10658,I10,Essential hypertension
CLM10659,E78.5,Hyperlipidemia
CLM10659,R07.9,Chest pain
CLM10660,M54.5,Low back pain
CLM10660,I10,Essential hypertension
CLM10660,E78.5,Hyperlipidemia
CLM10661,Z00.129,Routine child health exam
CLM10662,Z00.00,Routine adult health exam
CLM10662,E78.5,Hyperlipidemia
CLM10663,J10.1,Influenza with pneumonia
CLM10664,J45.909,Asthma
CLM10664,L20.9,Atopic dermatitis
CLM10664,J02.0,Streptococcal pharyngitis
CLM10665,E11.9,Type 2 diabetes mellitus
CLM10666,N18.3,Chronic kidney disease stage 3
CLM10667,I10,Essential hypertension
CLM10667,E11.9,Type 2 diabetes mellitus
CLM10668,S06.0X0A,Concussion
CLM10668,J18.9,Pneumonia
CLM10669,K21.9,Gastroesophageal reflux disease
CLM10669,I10,Essential hypertension
CLM10670,G47.33,Obstructive sleep apnea
CLM10671,Z00.00,Routine adult health exam
CLM10672,J20.9,Acute bronchitis
CLM10672,F41.1,Generalized anxiety disorder
CLM10673,J06.9,Upper respiratory infection
CLM10673,F41.1,Generalized anxiety disorder
CLM10674,N39.0,UTI
CLM10675,N18.3,Chronic kidney disease stage 3
CLM10676,J10.1,Influenza with pneumonia
CLM10677,M17.11,Osteoarthritis of right knee
CLM10678,M54.5,Low back pain
CLM10679,J44.9,COPD
CLM10680,F41.1,Generalized anxiety disorder
CLM10680,N39.0,UTI
CLM10680,E78.5,Hyperlipidemia
CLM10681,L70.0,Acne vulgaris
CLM10682,R55,Syncope
CLM10682,S06.0X0A,Concussion
CLM10683,E11.9,Type 2 diabetes mellitus
CLM10684,J10.1,Influenza with pneumonia
CLM10685,M75.101,Rotator cuff tear
CLM10685,M25.561,Pain in right knee
CLM10686,R07.9,Chest pain
CLM10686,E78.5,Hyperlipidemia
CLM10686,I10,Essential hypertension
CLM10687,M17.11,Osteoarthritis of right knee
CLM10687,M54.5,Low back pain
CLM10688,E11.9,Type 2 diabetes mellitus
CLM10688,E11.65,Type 2 diabetes with hyperglycemia
CLM10689,R07.9,Chest pain
CLM10689,I48.91,Atrial fibrillation
CLM10690,I25.10,Coronary artery disease
CLM10691,E11.9,Type 2 diabetes mellitus
CLM10692,M54.5,Low back pain
CLM10692,M17.11,Osteoarthritis of right knee
CLM10693,Z51.11,Encounter for chemotherapy
CLM10694,J18.9,Pneumonia
CLM10695,N18.3,Chronic kidney disease stage 3
CLM10696,C34.90,Lung cancer
CLM10696,C50.911,Breast cancer
CLM10697,N39.0,UTI
CLM10697,M54.5,Low back pain
CLM10697,J20.9,Acute bronchitis
CLM10698,J44.9,COPD
CLM10699,L20.9,Atopic dermatitis
CLM10700,E78.5,Hyperlipidemia
CLM10700,I48.91,Atrial fibrillation
CLM10701,E03.9,Hypothyroidism
CLM10701,D64.9,Anemia
CLM10702,S83.511A,ACL sprain of right knee
CLM10702,M75.101,Rotator cuff tear
CLM10703,I10,Essential hypertension
CLM10703,E11.9,Type 2 diabetes mellitus
CLM10704,E11.9,Type 2 diabetes mellitus
CLM10704,J10.1,Influenza with pneumonia
CLM10705,M54.5,Low back pain
CLM10706,N39.0,UTI
CLM10707,J44.9,COPD
CLM10707,J45.909,Asthma
CLM10707,G47.33,Obstructive sleep apnea
CLM10708,S06.0X0A,Concussion
CLM10709,Z00.00,Routine adult health exam
CLM10709,E11.9,Type 2 diabetes mellitus
CLM10710,J06.9,Upper respiratory infection
CLM10711,I10,Essential hypertension
CLM10712,N80.9,Endometriosis
CLM10713,L30.9,Dermatitis
CLM10713,D22.9,Melanocytic nevus
CLM10714,E78.5,Hyperlipidemia
CLM10715,J20.9,Acute bronchitis
CLM10716,I48.91,Atrial fibrillation
CLM10717,Z00.00,Routine adult health exam
CLM10718,C50.911,Breast cancer
CLM10719,E11.9,Type 2 diabetes mellitus
CLM10719,E03.9,Hypothyroidism
CLM10720,E11.9,Type 2 diabetes mellitus
CLM10720,E66.9,Obesity
CLM10720,E03.9,Hypothyroidism
CLM10721,J06.9,Upper respiratory infection
CLM10722,Z00.00,Routine adult health exam
CLM10722,I10,Essential hypertension
CLM10723,K21.9,Gastroesophageal reflux disease
CLM10723,D64.9,Anemia
CLM10724,C61,Prostate cancer
CLM10725,Z00.00,Routine adult health exam
CLM10726,J06.9,Upper respiratory infection
CLM10727,L20.9,Atopic dermatitis
CLM10728,H66.90,Otitis media
CLM10729,J20.9,Acute bronchitis
CLM10729,J06.9,Upper respiratory infection
CLM10730,E05.90,Hyperthyroidism
CLM10731,C18.9,Colon cancer
CLM10731,C61,Prostate cancer
CLM10732,G47.33,Obstructive sleep apnea
CLM10733,E78.5,Hyperlipidemia
CLM10734,K21.9,Gastroesophageal reflux disease
CLM10735,Z00.00,Routine adult health exam
CLM10736,H66.90,Otitis media
CLM10737,J10.1,Influenza with pneumonia
CLM10738,S06.0X0A,Concussion
CLM10739,I25.10,Coronary artery disease
CLM10739,R07.9,Chest pain
CLM10739,E78.5,Hyperlipidemia
CLM10740,I50.9,Heart failure
CLM10741,F41.1,Generalized anxiety disorder
CLM10742,F41.1,Generalized anxiety disorder
CLM10742,F43.10,Post-traumatic stress disorder
CLM10743,O24.410,Gestational diabetes
CLM10744,R50.9,Fever
CLM10744,Z00.129,Routine child health exam
CLM10744,H66.90,Otitis media
CLM10745,L20.9,Atopic dermatitis
CLM10746,F31.9,Bipolar disorder
CLM10746,F41.1,Generalized anxiety disorder
CLM10747,F32.9,Major depressive disorder
CLM10748,D64.9,Anemia
CLM10748,K21.9,Gastroesophageal reflux disease
CLM10749,S06.0X0A,Concussion
CLM10749,R10.9,Abdominal pain
CLM10750,L20.9,Atopic dermatitis
CLM10751,M54.5,Low back pain
CLM10752,S83.511A,ACL sprain of right knee
CLM10752,M17.11,Osteoarthritis of right knee
CLM10752,M25.561,Pain in right knee
CLM10753,D64.9,Anemia
CLM10753,E03.9,Hypothyroidism
CLM10754,J06.9,Upper respiratory infection
CLM10754,E11.9,Type 2 diabetes mellitus
CLM10754,N39.0,UTI
CLM10755,D64.9,Anemia
CLM10756,R07.9,Chest pain
CLM10757,N18.3,Chronic kidney disease stage 3
CLM10758,J10.1,Influenza with pneumonia
CLM10758,E78.5,Hyperlipidemia
CLM10759,E78.5,Hyperlipidemia
CLM10759,J10.1,Influenza with pneumonia
CLM10760,R55,Syncope
CLM10761,I48.91,Atrial fibrillation
CLM10762,N18.3,Chronic kidney disease stage 3
CLM10762,I10,Essential hypertension
CLM10763,E03.9,Hypothyroidism
CLM10763,D64.9,Anemia
CLM10764,Z00.00,Routine adult health exam
CLM10765,J06.9,Upper respiratory infection
CLM10766,I10,Essential hypertension
CLM10767,E11.9,Type 2 diabetes mellitus
CLM10768,I10,Essential hypertension
CLM10768,I25.10,Coronary artery disease
CLM10769,D22.9,Melanocytic nevus
CLM10770,E78.5,Hyperlipidemia
CLM10770,I50.9,Heart failure
CLM10771,E11.9,Type 2 diabetes mellitus
CLM10772,I50.9,Heart failure
CLM10773,F43.10,Post-traumatic stress disorder
CLM10774,J45.909,Asthma
CLM10775,I10,Essential hypertension
CLM10776,S06.0X0A,Concussion
CLM10777,I10,Essential hypertension
CLM10778,E05.90,Hyperthyroidism
CLM10779,R07.9,Chest pain
CLM10779,I25.10,Coronary artery disease
CLM10779,I48.91,Atrial fibrillation
CLM10780,C18.9,Colon cancer
CLM10780,Z51.11,Encounter for chemotherapy
CLM10781,E11.9,Type 2 diabetes mellitus
CLM10782,F90.0,ADHD
CLM10783,K21.9,Gastroesophageal reflux disease
CLM10783,E78.5,Hyperlipidemia
CLM10783,E03.9,Hypothyroidism
CLM10784,E03.9,Hypothyroidism
CLM10785,J06.9,Upper respiratory infection
CLM10785,N39.0,UTI
CLM10786,I25.10,Coronary artery disease
CLM10786,I50.9,Heart failure
CLM10787,J10.1,Influenza with pneumonia
CLM10788,E11.9,Type 2 diabetes mellitus
CLM10789,Z00.00,Routine adult health exam
CLM10790,L70.0,Acne vulgaris
CLM10791,D22.9,Melanocytic nevus
CLM10791,L70.0,Acne vulgaris
CLM10792,J18.9,Pneumonia
CLM10793,R55,Syncope
CLM10793,R07.9,Chest pain
CLM10794,H66.90,Otitis media
CLM10794,R50.9,Fever
CLM10794,L20.9,Atopic dermatitis
CLM10795,M54.5,Low back pain
CLM10795,E11.9,Type 2 diabetes mellitus
CLM10796,J10.1,Influenza with pneumonia
CLM10797,I10,Essential hypertension
CLM10798,Z34.90,Normal pregnancy supervision
CLM10799,J45.909,Asthma
CLM10800,I48.91,Atrial fibrillation
CLM10801,R50.9,Fever
CLM10802,I10,Essential hypertension
CLM10803,L57.0,Actinic keratosis
CLM10804,E11.9,Type 2 diabetes mellitus
CLM10805,J10.1,Influenza with pneumonia
CLM10805,J06.9,Upper respiratory infection
CLM10806,J18.9,Pneumonia
CLM10806,J45.909,Asthma
CLM10807,N80.9,Endometriosis
CLM10808,J10.1,Influenza with pneumonia
CLM10808,I10,Essential hypertension
CLM10809,C34.90,Lung cancer
CLM10810,E78.5,Hyperlipidemia
CLM10811,N39.0,UTI
CLM10812,E11.9,Type 2 diabetes mellitus
CLM10812,I10,Essential hypertension
CLM10812,E78.5,Hyperlipidemia
CLM10813,H66.90,Otitis media
CLM10814,I50.9,Heart failure
CLM10815,E78.5,Hyperlipidemia
CLM10816,J06.9,Upper respiratory infection
CLM10816,E78.5,Hyperlipidemia
CLM10817,E03.9,Hypothyroidism
CLM10818,J44.9,COPD
CLM10818,J45.909,Asthma
CLM10819,I10,Essential hypertension
CLM10820,R07.9,Chest pain
CLM10821,F41.1,Generalized anxiety disorder
CLM10821,M54.5,Low back pain
CLM10821,I10,Essential hypertension
CLM10822,E03.9,Hypothyroidism
CLM10823,J20.9,Acute bronchitis
CLM10824,F43.10,Post-traumatic stress disorder
CLM10825,E05.90,Hyperthyroidism
CLM10826,R10.9,Abdominal pain
CLM10826,S52.501A,Fracture of radius
CLM10827,E11.9,Type 2 diabetes mellitus
CLM10827,E78.5,Hyperlipidemia
CLM10828,R50.9,Fever
CLM10828,J02.0,Streptococcal pharyngitis
CLM10829,J18.9,Pneumonia
CLM10830,J06.9,Upper respiratory infection
CLM10830,J10.1,Influenza with pneumonia
CLM10831,L70.0,Acne vulgaris
CLM10831,L57.0,Actinic keratosis
CLM10832,O24.410,Gestational diabetes
CLM10832,Z01.419,Routine gynecological exam
CLM10833,M54.5,Low back pain
CLM10834,Z00.00,Routine adult health exam
CLM10835,I10,Essential hypertension
CLM10836,E66.9,Obesity
CLM10837,R55,Syncope
CLM10838,I10,Essential hypertension
CLM10839,I10,Essential hypertension
CLM10840,I10,Essential hypertension
CLM10840,I25.10,Coronary artery disease
CLM10841,Z00.00,Routine adult health exam
CLM10842,D64.9,Anemia
CLM10843,D64.9,Anemia
CLM10843,C61,Prostate cancer
CLM10843,C18.9,Colon cancer
CLM10844,I50.9,Heart failure
CLM10845,I50.9,Heart failure
CLM10846,I10,Essential hypertension
CLM10847,D64.9,Anemia
CLM10847,E78.5,Hyperlipidemia
CLM10847,I10,Essential hypertension
CLM10848,C50.911,Breast cancer
CLM10848,C18.9,Colon cancer
CLM10849,I10,Essential hypertension
CLM10850,E78.5,Hyperlipidemia
CLM10850,I48.91,Atrial fibrillation
CLM10850,I50.9,Heart failure
CLM10851,N39.0,UTI
CLM10851,F41.1,Generalized anxiety disorder
CLM10851,M54.5,Low back pain
CLM10852,M54.5,Low back pain
CLM10853,E11.9,Type 2 diabetes mellitus
CLM10854,N80.9,Endometriosis
CLM10855,I10,Essential hypertension
CLM10856,E05.90,Hyperthyroidism
CLM10856,E03.9,Hypothyroidism
CLM10857,E05.90,Hyperthyroidism
CLM10857,E66.9,Obesity
CLM10858,E11.9,Type 2 diabetes mellitus
CLM10859,I10,Essential hypertension
CLM10860,J20.9,Acute bronchitis
CLM10860,F41.1,Generalized anxiety disorder
CLM10861,E05.90,Hyperthyroidism
CLM10861,E11.9,Type 2 diabetes mellitus
CLM10862,S06.0X0A,Concussion
CLM10862,R10.9,Abdominal pain
CLM10863,J44.9,COPD
CLM10864,F41.1,Generalized anxiety disorder
CLM10864,J20.9,Acute bronchitis
CLM10865,E78.5,Hyperlipidemia
CLM10866,N18.3,Chronic kidney disease stage 3
CLM10867,I10,Essential hypertension
CLM10868,O24.410,Gestational diabetes
CLM10869,E78.5,Hyperlipidemia
CLM10869,M54.5,Low back pain
CLM10870,R10.9,Abdominal pain
CLM10870,J18.9,Pneumonia
CLM10870,R55,Syncope
CLM10871,J20.9,Acute bronchitis
CLM10872,J20.9,Acute bronchitis
CLM10872,F41.1,Generalized anxiety disorder
CLM10873,J18.9,Pneumonia
CLM10873,S52.501A,Fracture of radius
CLM10874,C34.90,Lung cancer
CLM10874,Z51.11,Encounter for chemotherapy
CLM10874,C50.911,Breast cancer
CLM10875,F90.0,ADHD
CLM10875,F41.1,Generalized anxiety disorder
CLM10875,F31.9,Bipolar disorder
CLM10876,D64.9,Anemia
CLM10876,K21.9,Gastroesophageal reflux disease
CLM10877,J10.1,Influenza with pneumonia
CLM10877,E78.5,Hyperlipidemia
CLM10877,F41.1,Generalized anxiety disorder
CLM10878,F32.9,Major depressive disorder
CLM10879,J10.1,Influenza with pneumonia
CLM10880,Z01.419,Routine gynecological exam
CLM10881,I10,Essential hypertension
CLM10881,J20.9,Acute bronchitis
CLM10882,F31.9,Bipolar disorder
CLM10883,M25.561,Pain in right knee
CLM10883,M75.101,Rotator cuff tear
CLM10884,R07.9,Chest pain
CLM10885,J45.909,Asthma
CLM10885,G47.33,Obstructive sleep apnea
CLM10885,J44.9,COPD
CLM10886,J18.9,Pneumonia
CLM10886,G47.33,Obstructive sleep apnea
CLM10887,C61,Prostate cancer
CLM10887,C34.90,Lung cancer
CLM10887,Z51.11,Encounter for chemotherapy
CLM10888,I10,Essential hypertension
CLM10889,R07.9,Chest pain
CLM10890,E78.5,Hyperlipidemia
CLM10891,F90.0,ADHD
CLM10891,F41.1,Generalized anxiety disorder
CLM10892,M75.101,Rotator cuff tear
CLM10892,S83.511A,ACL sprain of right knee
CLM10892,M54.5,Low back pain
CLM10893,S52.501A,Fracture of radius
CLM10893,R55,Syncope
CLM10894,J18.9,Pneumonia
CLM10894,R55,Syncope
CLM10895,R55,Syncope
CLM10895,R10.9,Abdominal pain
CLM10896,J10.1,Influenza with pneumonia
CLM10897,J10.1,Influenza with pneumonia
CLM10898,J18.9,Pneumonia
CLM10898,S06.0X0A,Concussion
CLM10899,Z00.00,Routine adult health exam
CLM10899,D64.9,Anemia
CLM10900,I50.9,Heart failure
CLM10901,L30.9,Dermatitis
CLM10902,E05.90,Hyperthyroidism
CLM10903,Z00.00,Routine adult health exam
CLM10904,E11.9,Type 2 diabetes mellitus
CLM10904,E11.65,Type 2 diabetes with hyperglycemia
CLM10904,E66.9,Obesity
CLM10905,J45.909,Asthma
CLM10905,J44.9,COPD
CLM10906,E11.9,Type 2 diabetes mellitus
CLM10906,E78.5,Hyperlipidemia
CLM10907,E11.9,Type 2 diabetes mellitus
CLM10907,J06.9,Upper respiratory infection
CLM10908,R07.9,Chest pain
CLM10909,F32.9,Major depressive disorder
CLM10909,F41.1,Generalized anxiety disorder
CLM10910,M75.101,Rotator cuff tear
CLM10910,M54.5,Low back pain
CLM10911,E05.90,Hyperthyroidism
CLM10912,F43.10,Post-traumatic stress disorder
CLM10912,F90.0,ADHD
CLM10912,F41.1,Generalized anxiety disorder
CLM10913,E11.9,Type 2 diabetes mellitus
CLM10913,J06.9,Upper respiratory infection
CLM10914,E78.5,Hyperlipidemia
CLM10915,J06.9,Upper respiratory infection
CLM10916,M25.561,Pain in right knee
CLM10916,M75.101,Rotator cuff tear
CLM10917,J10.1,Influenza with pneumonia
CLM10918,Z00.00,Routine adult health exam
CLM10919,E78.5,Hyperlipidemia
CLM10920,E11.9,Type 2 diabetes mellitus
CLM10920,J06.9,Upper respiratory infection
CLM10921,J06.9,Upper respiratory infection
CLM10921,E11.9,Type 2 diabetes mellitus
CLM10922,D22.9,Melanocytic nevus
CLM10923,J02.0,Streptococcal pharyngitis
CLM10923,L20.9,Atopic dermatitis
CLM10924,E78.5,Hyperlipidemia
CLM10924,I10,Essential hypertension
CLM10925,M54.5,Low back pain
CLM10926,R50.9,Fever
CLM10927,J18.9,Pneumonia
CLM10928,E03.9,Hypothyroidism
CLM10929,D64.9,Anemia
CLM10930,R07.9,Chest pain
CLM10931,I10,Essential hypertension
CLM10932,E11.9,Type 2 diabetes mellitus
CLM10933,L70.0,Acne vulgaris
CLM10934,M54.5,Low back pain
CLM10934,E11.9,Type 2 diabetes mellitus
CLM10935,R10.9,Abdominal pain
CLM10936,M75.101,Rotator cuff tear
CLM10937,R10.9,Abdominal pain
CLM10938,M17.11,Osteoarthritis of right knee
CLM10938,M75.101,Rotator cuff tear
CLM10939,M54.5,Low back pain
CLM10939,F41.1,Generalized anxiety disorder
CLM10939,J06.9,Upper respiratory infection
CLM10940,N39.0,UTI
CLM10941,I50.9,Heart failure
CLM10942,Z00.00,Routine adult health exam
CLM10942,J20.9,Acute bronchitis
CLM10943,G47.33,Obstructive sleep apnea
CLM10943,J18.9,Pneumonia
CLM10944,Z00.00,Routine adult health exam
CLM10945,I48.91,Atrial fibrillation
CLM10945,R07.9,Chest pain
CLM10946,E11.9,Type 2 diabetes mellitus
CLM10947,J45.909,Asthma
CLM10947,G47.33,Obstructive sleep apnea
CLM10948,Z00.00,Routine adult health exam
CLM10949,R10.9,Abdominal pain
CLM10949,J18.9,Pneumonia
CLM10949,S06.0X0A,Concussion
CLM10950,C50.911,Breast cancer
CLM10950,C34.90,Lung cancer
CLM10951,I48.91,Atrial fibrillation
CLM10951,I50.9,Heart failure
CLM10952,I48.91,Atrial fibrillation
CLM10953,Z00.00,Routine adult health exam
CLM10953,E11.9,Type 2 diabetes mellitus
CLM10954,S52.501A,Fracture of radius
CLM10955,L70.0,Acne vulgaris
CLM10956,K21.9,Gastroesophageal reflux disease
CLM10956,E11.9,Type 2 diabetes mellitus
CLM10957,I25.10,Coronary artery disease
CLM10957,I50.9,Heart failure
CLM10958,E03.9,Hypothyroidism
CLM10958,D64.9,Anemia
CLM10959,M17.11,Osteoarthritis of right knee
CLM10960,I10,Essential hypertension
CLM10960,R07.9,Chest pain
CLM10961,E03.9,Hypothyroidism
CLM10962,C34.90,Lung cancer
CLM10963,I10,Essential hypertension
CLM10964,J10.1,Influenza with pneumonia
CLM10965,L30.9,Dermatitis
CLM10965,L57.0,Actinic keratosis
CLM10965,D22.9,Melanocytic nevus
CLM10966,G47.33,Obstructive sleep apnea
CLM10966,J44.9,COPD
CLM10966,J18.9,Pneumonia
CLM10967,D22.9,Melanocytic nevus
CLM10968,R10.9,Abdominal pain
CLM10968,S52.501A,Fracture of radius
CLM10968,R07.9,Chest pain
CLM10969,E03.9,Hypothyroidism
CLM10969,E11.9,Type 2 diabetes mellitus
CLM10970,J06.9,Upper respiratory infection
CLM10970,I10,Essential hypertension
CLM10971,E66.9,Obesity
CLM10972,M75.101,Rotator cuff tear
CLM10972,S83.511A,ACL sprain of right knee
CLM10973,E78.5,Hyperlipidemia
CLM10974,M17.11,Osteoarthritis of right knee
CLM10974,M54.5,Low back pain
CLM10975,J06.9,Upper respiratory infection
CLM10976,C50.911,Breast cancer
CLM10977,E11.9,Type 2 diabetes mellitus
CLM10978,I50.9,Heart failure
CLM10979,C50.911,Breast cancer
CLM10980,I50.9,Heart failure
CLM10981,N92.0,Heavy menstrual bleeding
CLM10981,O24.410,Gestational diabetes
CLM10982,I10,Essential hypertension
CLM10982,N39.0,UTI
CLM10983,E66.9,Obesity
CLM10983,E05.90,Hyperthyroidism
CLM10984,E05.90,Hyperthyroidism
CLM10984,E11.65,Type 2 diabetes with hyperglycemia
CLM10985,Z00.00,Routine adult health exam
CLM10985,F41.1,Generalized anxiety disorder
CLM10986,L40.0,Psoriasis
CLM10987,Z00.00,Routine adult health exam
CLM10988,M54.5,Low back pain
CLM10988,M17.11,Osteoarthritis of right knee
CLM10989,R50.9,Fever
CLM10990,M25.561,Pain in right knee
CLM10991,H66.90,Otitis media
CLM10992,F32.9,Major depressive disorder
CLM10993,I10,Essential hypertension
CLM10994,E66.9,Obesity
CLM10995,J18.9,Pneumonia
CLM10996,F32.9,Major depressive disorder
CLM10997,J10.1,Influenza with pneumonia
CLM10998,E11.9,Type 2 diabetes mellitus
CLM10998,Z00.00,Routine adult health exam
CLM10999,E11.9,Type 2 diabetes mellitus
CLM10999,E78.5,Hyperlipidemia
CLM11000,L70.0,Acne vulgaris
CLM11001,K21.9,Gastroesophageal reflux disease
CLM11001,E11.9,Type 2 diabetes mellitus
CLM11002,Z34.90,Normal pregnancy supervision
CLM11002,O24.410,Gestational diabetes
CLM11003,J18.9,Pneumonia
CLM11003,S06.0X0A,Concussion
CLM11004,C50.911,Breast cancer
CLM11004,C34.90,Lung cancer
CLM11004,C18.9,Colon cancer
CLM11005,S52.501A,Fracture of radius
CLM11006,S83.511A,ACL sprain of right knee
CLM11006,M17.11,Osteoarthritis of right knee
CLM11007,D64.9,Anemia
CLM11008,L70.0,Acne vulgaris
CLM11009,R50.9,Fever
CLM11010,J10.1,Influenza with pneumonia
CLM11011,E11.9,Type 2 diabetes mellitus
CLM11012,F32.9,Major depressive disorder
CLM11012,F90.0,ADHD
CLM11012,F31.9,Bipolar disorder
CLM11013,J02.0,Streptococcal pharyngitis
CLM11014,J45.909,Asthma
CLM11014,J18.9,Pneumonia
CLM11015,I50.9,Heart failure
CLM11016,E03.9,Hypothyroidism
CLM11017,F41.1,Generalized anxiety disorder
CLM11017,F32.9,Major depressive disorder
CLM11018,F32.9,Major depressive disorder
CLM11019,N18.3,Chronic kidney disease stage 3
CLM11019,E78.5,Hyperlipidemia
CLM11020,R07.9,Chest pain
CLM11020,I25.10,Coronary artery disease
CLM11021,F43.10,Post-traumatic stress disorder
CLM11022,J45.909,Asthma
CLM11023,E05.90,Hyperthyroidism
CLM11024,G47.33,Obstructive sleep apnea
CLM11024,J45.909,Asthma
CLM11025,L20.9,Atopic dermatitis
CLM11026,M17.11,Osteoarthritis of right knee
CLM11026,S83.511A,ACL sprain of right knee
CLM11027,F41.1,Generalized anxiety disorder
CLM11027,Z00.00,Routine adult health exam
CLM11028,L40.0,Psoriasis
CLM11028,L70.0,Acne vulgaris
CLM11029,E11.9,Type 2 diabetes mellitus
CLM11030,L20.9,Atopic dermatitis
CLM11030,R50.9,Fever
CLM11031,M54.5,Low back pain
CLM11032,E11.65,Type 2 diabetes with hyperglycemia
CLM11032,E03.9,Hypothyroidism
CLM11033,Z00.129,Routine child health exam
CLM11034,F32.9,Major depressive disorder
CLM11034,F41.1,Generalized anxiety disorder
CLM11035,C34.90,Lung cancer
CLM11035,C18.9,Colon cancer
CLM11036,D64.9,Anemia
CLM11036,K21.9,Gastroesophageal reflux disease
CLM11037,M75.101,Rotator cuff tear
CLM11038,I50.9,Heart failure
CLM11039,R07.9,Chest pain
CLM11040,E78.5,Hyperlipidemia
CLM11041,E78.5,Hyperlipidemia
CLM11041,E03.9,Hypothyroidism
CLM11042,L30.9,Dermatitis
CLM11043,D64.9,Anemia
CLM11043,Z00.00,Routine adult health exam
CLM11044,J10.1,Influenza with pneumonia
CLM11045,J20.9,Acute bronchitis
CLM11046,N39.0,UTI
CLM11047,J20.9,Acute bronchitis
CLM11048,Z51.11,Encounter for chemotherapy
CLM11048,C18.9,Colon cancer
CLM11049,E11.9,Type 2 diabetes mellitus
CLM11050,L40.0,Psoriasis
CLM11051,M54.5,Low back pain
CLM11051,E78.5,Hyperlipidemia
CLM11052,F43.10,Post-traumatic stress disorder
CLM11052,F90.0,ADHD
CLM11053,Z00.00,Routine adult health exam
CLM11054,L40.0,Psoriasis
CLM11054,L57.0,Actinic keratosis
CLM11055,Z01.419,Routine gynecological exam
CLM11056,Z00.00,Routine adult health exam
CLM11056,F41.1,Generalized anxiety disorder
CLM11057,I48.91,Atrial fibrillation
CLM11057,I25.10,Coronary artery disease
CLM11058,L30.9,Dermatitis
CLM11059,J45.909,Asthma
CLM11060,L40.0,Psoriasis
CLM11060,L70.0,Acne vulgaris
CLM11061,G47.33,Obstructive sleep apnea
CLM11062,C34.90,Lung cancer
CLM11063,J18.9,Pneumonia
CLM11064,R50.9,Fever
CLM11065,E05.90,Hyperthyroidism
CLM11066,J20.9,Acute bronchitis
CLM11067,Z34.90,Normal pregnancy supervision
CLM11068,F32.9,Major depressive disorder
CLM11068,F43.10,Post-traumatic stress disorder
CLM11069,L40.0,Psoriasis
CLM11070,I10,Essential hypertension
CLM11071,D64.9,Anemia
CLM11072,E11.9,Type 2 diabetes mellitus
CLM11073,Z51.11,Encounter for chemotherapy
CLM11074,Z00.00,Routine adult health exam
CLM11075,L30.9,Dermatitis
CLM11076,J18.9,Pneumonia
CLM11076,S52.501A,Fracture of radius
CLM11077,F90.0,ADHD
CLM11078,F41.1,Generalized anxiety disorder
CLM11079,C61,Prostate cancer
CLM11080,K21.9,Gastroesophageal reflux disease
CLM11080,I10,Essential hypertension
CLM11081,Z00.00,Routine adult health exam
CLM11081,J10.1,Influenza with pneumonia
CLM11082,N39.0,UTI
CLM11083,L70.0,Acne vulgaris
CLM11084,Z00.00,Routine adult health exam
CLM11084,F41.1,Generalized anxiety disorder
CLM11085,J06.9,Upper respiratory infection
CLM11086,M54.5,Low back pain
CLM11086,S83.511A,ACL sprain of right knee
CLM11087,Z00.00,Routine adult health exam
CLM11087,D64.9,Anemia
CLM11088,J10.1,Influenza with pneumonia
CLM11089,D64.9,Anemia
CLM11090,G47.33,Obstructive sleep apnea
CLM11091,R50.9,Fever
CLM11092,M54.5,Low back pain
CLM11093,F41.1,Generalized anxiety disorder
CLM11094,N18.3,Chronic kidney disease stage 3
CLM11094,E78.5,Hyperlipidemia
CLM11094,E03.9,Hypothyroidism
CLM11095,S83.511A,ACL sprain of right knee
CLM11096,J20.9,Acute bronchitis
CLM11096,J10.1,Influenza with pneumonia
CLM11097,Z00.129,Routine child health exam
CLM11097,L20.9,Atopic dermatitis
CLM11098,S06.0X0A,Concussion
CLM11099,J45.909,Asthma
CLM11100,J20.9,Acute bronchitis
CLM11100,J06.9,Upper respiratory infection
CLM11101,E78.5,Hyperlipidemia
CLM11102,E78.5,Hyperlipidemia
CLM11102,I10,Essential hypertension
CLM11103,C18.9,Colon cancer
CLM11104,E11.9,Type 2 diabetes mellitus
CLM11105,Z51.11,Encounter for chemotherapy
CLM11105,C50.911,Breast cancer
CLM11106,J45.909,Asthma
CLM11107,L70.0,Acne vulgaris
CLM11108,M17.11,Osteoarthritis of right knee
CLM11109,L30.9,Dermatitis
CLM11109,L40.0,Psoriasis
CLM11110,I10,Essential hypertension
CLM11110,D64.9,Anemia
CLM11111,R07.9,Chest pain
CLM11111,S52.501A,Fracture of radius
CLM11112,J18.9,Pneumonia
CLM11113,J44.9,COPD
CLM11113,G47.33,Obstructive sleep apnea
CLM11113,J45.909,Asthma
CLM11114,Z00.00,Routine adult health exam
CLM11115,C50.911,Breast cancer
CLM11116,E78.5,Hyperlipidemia
CLM11117,N18.3,Chronic kidney disease stage 3
CLM11118,M25.561,Pain in right knee
CLM11119,Z00.00,Routine adult health exam
CLM11119,D64.9,Anemia
CLM11119,K21.9,Gastroesophageal reflux disease
CLM11120,M75.101,Rotator cuff tear
CLM11120,M17.11,Osteoarthritis of right knee
CLM11121,F41.1,Generalized anxiety disorder
CLM11122,J06.9,Upper respiratory infection
CLM11123,J06.9,Upper respiratory infection
CLM11124,L30.9,Dermatitis
CLM11124,D22.9,Melanocytic nevus
CLM11125,J18.9,Pneumonia
CLM11125,J44.9,COPD
CLM11126,L70.0,Acne vulgaris
CLM11127,D64.9,Anemia
CLM11128,I10,Essential hypertension
CLM11129,J20.9,Acute bronchitis
CLM11129,J10.1,Influenza with pneumonia
CLM11130,N39.0,UTI
CLM11131,Z00.00,Routine adult health exam
CLM11132,F43.10,Post-traumatic stress disorder
CLM11133,K21.9,Gastroesophageal reflux disease
CLM11133,N18.3,Chronic kidney disease stage 3
CLM11134,E78.5,Hyperlipidemia
CLM11135,M54.5,Low back pain
CLM11136,M54.5,Low back pain
CLM11136,I10,Essential hypertension
CLM11136,N39.0,UTI
CLM11137,I10,Essential hypertension
CLM11138,J06.9,Upper respiratory infection
CLM11139,E11.9,Type 2 diabetes mellitus
CLM11140,E78.5,Hyperlipidemia
CLM11140,I48.91,Atrial fibrillation
CLM11141,D64.9,Anemia
CLM11142,R07.9,Chest pain
CLM11142,E78.5,Hyperlipidemia
CLM11143,E11.9,Type 2 diabetes mellitus
CLM11143,M54.5,Low back pain
CLM11144,J45.909,Asthma
CLM11145,J02.0,Streptococcal pharyngitis
CLM11145,R50.9,Fever
CLM11145,H66.90,Otitis media
CLM11146,N39.0,UTI
CLM11146,F41.1,Generalized anxiety disorder
CLM11147,M17.11,Osteoarthritis of right knee
CLM11148,Z00.00,Routine adult health exam
CLM11148,I10,Essential hypertension
CLM11149,E03.9,Hypothyroidism
CLM11149,E78.5,Hyperlipidemia
CLM11149,E11.9,Type 2 diabetes mellitus
CLM11150,J10.1,Influenza with pneumonia
CLM11151,J06.9,Upper respiratory infection
CLM11152,J06.9,Upper respiratory infection
CLM11153,M17.11,Osteoarthritis of right knee
CLM11153,M75.101,Rotator cuff tear
CLM11153,S83.511A,ACL sprain of right knee
CLM11154,N18.3,Chronic kidney disease stage 3
CLM11154,E03.9,Hypothyroidism
CLM11155,C18.9,Colon cancer
CLM11156,E11.9,Type 2 diabetes mellitus
CLM11157,C61,Prostate cancer
CLM11158,E11.9,Type 2 diabetes mellitus
CLM11158,Z00.00,Routine adult health exam
CLM11159,E11.9,Type 2 diabetes mellitus
CLM11159,Z00.00,Routine adult health exam
CLM11160,Z00.00,Routine adult health exam
CLM11161,Z00.00,Routine adult health exam
CLM11162,M17.11,Osteoarthritis of right knee
CLM11162,M54.5,Low back pain
CLM11163,F90.0,ADHD
CLM11164,M54.5,Low back pain
CLM11164,M17.11,Osteoarthritis of right knee
CLM11165,F90.0,ADHD
CLM11166,N18.3,Chronic kidney disease stage 3
CLM11166,D64.9,Anemia
CLM11167,F41.1,Generalized anxiety disorder
CLM11168,I10,Essential hypertension
CLM11169,L40.0,Psoriasis
CLM11169,D22.9,Melanocytic nevus
CLM11170,R07.9,Chest pain
CLM11171,F41.1,Generalized anxiety disorder
CLM11171,I10,Essential hypertension
CLM11172,M25.561,Pain in right knee
CLM11173,J18.9,Pneumonia
CLM11174,F41.1,Generalized anxiety disorder
CLM11174,F90.0,ADHD
CLM11175,E66.9,Obesity
CLM11176,Z00.00,Routine adult health exam
CLM11176,M54.5,Low back pain
CLM11177,Z00.129,Routine child health exam
CLM11178,K21.9,Gastroesophageal reflux disease
CLM11178,E78.5,Hyperlipidemia
CLM11179,M54.5,Low back pain
CLM11179,S83.511A,ACL sprain of right knee
CLM11179,M75.101,Rotator cuff tear
CLM11180,L40.0,Psoriasis
CLM11180,L30.9,Dermatitis
CLM11180,L70.0,Acne vulgaris
CLM11181,E11.9,Type 2 diabetes mellitus
CLM11181,N18.3,Chronic kidney disease stage 3
CLM11182,C18.9,Colon cancer
CLM11183,K21.9,Gastroesophageal reflux disease
CLM11184,M54.5,Low back pain
CLM11184,E78.5,Hyperlipidemia
CLM11185,J20.9,Acute bronchitis
CLM11186,E78.5,Hyperlipidemia
CLM11186,R07.9,Chest pain
CLM11187,M17.11,Osteoarthritis of right knee
CLM11188,R55,Syncope
CLM11188,R07.9,Chest pain
CLM11189,R07.9,Chest pain
CLM11189,I25.10,Coronary artery disease
CLM11190,Z00.129,Routine child health exam
CLM11191,J45.909,Asthma
CLM11191,J02.0,Streptococcal pharyngitis
CLM11192,J18.9,Pneumonia
CLM11193,F90.0,ADHD
CLM11194,Z00.00,Routine adult health exam
CLM11195,F90.0,ADHD
CLM11196,J45.909,Asthma
CLM11197,Z00.00,Routine adult health exam
CLM11197,N18.3,Chronic kidney disease stage 3
CLM11198,H66.90,Otitis media
CLM11198,R50.9,Fever
CLM11199,N18.3,Chronic kidney disease stage 3
CLM11200,S52.501A,Fracture of radius
CLM11201,E78.5,Hyperlipidemia
CLM11202,Z00.00,Routine adult health exam
CLM11203,J18.9,Pneumonia
CLM11204,J18.9,Pneumonia
CLM11205,M54.5,Low back pain
CLM11205,E78.5,Hyperlipidemia
CLM11206,N39.0,UTI
CLM11207,L20.9,Atopic dermatitis
CLM11208,F31.9,Bipolar disorder
CLM11208,F41.1,Generalized anxiety disorder
CLM11209,E03.9,Hypothyroidism
CLM11210,R55,Syncope
CLM11211,L70.0,Acne vulgaris
CLM11211,L57.0,Actinic keratosis
CLM11212,C18.9,Colon cancer
CLM11212,C61,Prostate cancer
CLM11213,R50.9,Fever
CLM11214,E03.9,Hypothyroidism
CLM11214,D64.9,Anemia
CLM11215,J10.1,Influenza with pneumonia
CLM11216,R50.9,Fever
CLM11216,Z00.129,Routine child health exam
CLM11217,G47.33,Obstructive sleep apnea
CLM11218,M54.5,Low back pain
CLM11219,M17.11,Osteoarthritis of right knee
CLM11220,Z34.90,Normal pregnancy supervision
CLM11220,N92.0,Heavy menstrual bleeding
CLM11221,I48.91,Atrial fibrillation
CLM11222,F41.1,Generalized anxiety disorder
CLM11222,J20.9,Acute bronchitis
CLM11223,I10,Essential hypertension
CLM11224,F41.1,Generalized anxiety disorder
CLM11225,Z00.00,Routine adult health exam
CLM11225,D64.9,Anemia
CLM11226,E11.9,Type 2 diabetes mellitus
CLM11227,J10.1,Influenza with pneumonia
CLM11228,S52.501A,Fracture of radius
CLM11229,C61,Prostate cancer
CLM11229,C34.90,Lung cancer
CLM11230,L70.0,Acne vulgaris
CLM11231,H66.90,Otitis media
CLM11231,J45.909,Asthma
CLM11232,C61,Prostate cancer
CLM11233,J06.9,Upper respiratory infection
CLM11234,E11.65,Type 2 diabetes with hyperglycemia
CLM11234,E03.9,Hypothyroidism
CLM11235,E78.5,Hyperlipidemia
CLM11236,R55,Syncope
CLM11237,K21.9,Gastroesophageal reflux disease
CLM11238,Z00.00,Routine adult health exam
CLM11238,E78.5,Hyperlipidemia
CLM11239,J45.909,Asthma
CLM11240,I48.91,Atrial fibrillation
CLM11241,F31.9,Bipolar disorder
CLM11241,F43.10,Post-traumatic stress disorder
CLM11241,F90.0,ADHD
CLM11242,F41.1,Generalized anxiety disorder
CLM11243,S83.511A,ACL sprain of right knee
CLM11244,R10.9,Abdominal pain
CLM11245,E11.9,Type 2 diabetes mellitus
CLM11246,Z00.00,Routine adult health exam
CLM11247,J20.9,Acute bronchitis
CLM11248,R07.9,Chest pain
CLM11248,S06.0X0A,Concussion
CLM11249,L30.9,Dermatitis
CLM11250,Z00.00,Routine adult health exam
CLM11251,I48.91,Atrial fibrillation
CLM11252,D64.9,Anemia
CLM11252,C34.90,Lung cancer
CLM11253,Z00.00,Routine adult health exam
CLM11253,J06.9,Upper respiratory infection
CLM11254,E11.9,Type 2 diabetes mellitus
CLM11254,Z00.00,Routine adult health exam
CLM11254,I10,Essential hypertension
CLM11255,M25.561,Pain in right knee
CLM11256,F41.1,Generalized anxiety disorder
CLM11257,G47.33,Obstructive sleep apnea
CLM11258,F41.1,Generalized anxiety disorder
CLM11258,F43.10,Post-traumatic stress disorder
CLM11259,K21.9,Gastroesophageal reflux disease
CLM11260,J20.9,Acute bronchitis
CLM11261,N39.0,UTI
CLM11262,D64.9,Anemia
CLM11263,M25.561,Pain in right knee
CLM11264,R10.9,Abdominal pain
CLM11265,E78.5,Hyperlipidemia
CLM11266,J10.1,Influenza with pneumonia
CLM11266,E78.5,Hyperlipidemia
CLM11266,F41.1,Generalized anxiety disorder
CLM11267,J06.9,Upper respiratory infection
CLM11268,M25.561,Pain in right knee
CLM11268,M17.11,Osteoarthritis of right knee
CLM11269,M17.11,Osteoarthritis of right knee
CLM11269,M75.101,Rotator cuff tear
CLM11270,I25.10,Coronary artery disease
CLM11270,E78.5,Hyperlipidemia
CLM11271,E11.9,Type 2 diabetes mellitus
CLM11272,S52.501A,Fracture of radius
CLM11272,R07.9,Chest pain
CLM11272,R55,Syncope
CLM11273,K21.9,Gastroesophageal reflux disease
CLM11274,E78.5,Hyperlipidemia
CLM11274,D64.9,Anemia
CLM11275,R10.9,Abdominal pain
CLM11276,R55,Syncope
CLM11277,E78.5,Hyperlipidemia
CLM11277,K21.9,Gastroesophageal reflux disease
CLM11277,N18.3,Chronic kidney disease stage 3
CLM11278,M17.11,Osteoarthritis of right knee
CLM11278,M25.561,Pain in right knee
CLM11279,D64.9,Anemia
CLM11280,E11.9,Type 2 diabetes mellitus
CLM11280,E03.9,Hypothyroidism
CLM11281,D64.9,Anemia
CLM11282,E66.9,Obesity
CLM11283,C61,Prostate cancer
CLM11283,D64.9,Anemia
CLM11284,C50.911,Breast cancer
CLM11284,Z51.11,Encounter for chemotherapy
CLM11285,R07.9,Chest pain
CLM11285,I48.91,Atrial fibrillation
CLM11285,I25.10,Coronary artery disease
CLM11286,J18.9,Pneumonia
CLM11286,S52.501A,Fracture of radius
CLM11287,J10.1,Influenza with pneumonia
CLM11288,I10,Essential hypertension
CLM11289,E11.9,Type 2 diabetes mellitus
CLM11290,E11.9,Type 2 diabetes mellitus
CLM11290,E03.9,Hypothyroidism
CLM11291,N18.3,Chronic kidney disease stage 3
CLM11292,L40.0,Psoriasis
CLM11293,K21.9,Gastroesophageal reflux disease
CLM11294,M25.561,Pain in right knee
CLM11295,N18.3,Chronic kidney disease stage 3
CLM11296,F41.1,Generalized anxiety disorder
CLM11297,F43.10,Post-traumatic stress disorder
CLM11297,F31.9,Bipolar disorder
CLM11298,R07.9,Chest pain
CLM11299,J18.9,Pneumonia
CLM11300,I10,Essential hypertension
CLM11301,E78.5,Hyperlipidemia
CLM11302,F41.1,Generalized anxiety disorder
CLM11302,I10,Essential hypertension
CLM11303,M75.101,Rotator cuff tear
CLM11303,M17.11,Osteoarthritis of right knee
CLM11303,M25.561,Pain in right knee
CLM11304,F41.1,Generalized anxiety disorder
CLM11305,E78.5,Hyperlipidemia
CLM11305,N18.3,Chronic kidney disease stage 3
CLM11305,I10,Essential hypertension
CLM11306,E11.65,Type 2 diabetes with hyperglycemia
CLM11306,E11.9,Type 2 diabetes mellitus
CLM11307,J45.909,Asthma
CLM11307,J18.9,Pneumonia
CLM11308,J02.0,Streptococcal pharyngitis
CLM11309,Z00.00,Routine adult health exam
CLM11310,E03.9,Hypothyroidism
CLM11311,N18.3,Chronic kidney disease stage 3
CLM11311,D64.9,Anemia
CLM11312,S83.511A,ACL sprain of right knee
CLM11313,I10,Essential hypertension
CLM11313,I50.9,Heart failure
CLM11313,I48.91,Atrial fibrillation
CLM11314,L30.9,Dermatitis
CLM11315,N39.0,UTI
CLM11316,F32.9,Major depressive disorder
CLM11316,F90.0,ADHD
CLM11316,F43.10,Post-traumatic stress disorder
CLM11317,Z00.00,Routine adult health exam
CLM11317,J06.9,Upper respiratory infection
CLM11318,E05.90,Hyperthyroidism
CLM11318,E03.9,Hypothyroidism
CLM11319,G47.33,Obstructive sleep apnea
CLM11319,J18.9,Pneumonia
CLM11319,J44.9,COPD
CLM11320,D64.9,Anemia
CLM11321,L70.0,Acne vulgaris
CLM11321,L30.9,Dermatitis
CLM11321,D22.9,Melanocytic nevus
CLM11322,N39.0,UTI
CLM11323,N18.3,Chronic kidney disease stage 3
CLM11323,E11.9,Type 2 diabetes mellitus
CLM11324,I10,Essential hypertension
CLM11324,N18.3,Chronic kidney disease stage 3
CLM11325,E11.9,Type 2 diabetes mellitus
CLM11326,E78.5,Hyperlipidemia
CLM11326,I10,Essential hypertension
CLM11327,R07.9,Chest pain
CLM11328,N39.0,UTI
CLM11328,E78.5,Hyperlipidemia
CLM11328,J20.9,Acute bronchitis
CLM11329,M25.561,Pain in right knee
CLM11330,E11.9,Type 2 diabetes mellitus
CLM11331,I10,Essential hypertension
CLM11332,Z00.00,Routine adult health exam
CLM11333,F90.0,ADHD
CLM11333,F41.1,Generalized anxiety disorder
CLM11334,J06.9,Upper respiratory infection
CLM11334,R50.9,Fever
CLM11335,F31.9,Bipolar disorder
CLM11335,F32.9,Major depressive disorder
CLM11336,E78.5,Hyperlipidemia
CLM11337,I10,Essential hypertension
CLM11337,E11.9,Type 2 diabetes mellitus
CLM11338,D22.9,Melanocytic nevus
CLM11339,M17.11,Osteoarthritis of right knee
CLM11339,S83.511A,ACL sprain of right knee
CLM11339,M25.561,Pain in right knee
CLM11340,Z00.00,Routine adult health exam
CLM11341,C34.90,Lung cancer
CLM11341,C50.911,Breast cancer
CLM11342,E78.5,Hyperlipidemia
CLM11343,E11.65,Type 2 diabetes with hyperglycemia
CLM11343,E11.9,Type 2 diabetes mellitus
CLM11344,I10,Essential hypertension
CLM11344,J06.9,Upper respiratory infection
CLM11345,J02.0,Streptococcal pharyngitis
CLM11346,E11.9,Type 2 diabetes mellitus
CLM11346,I10,Essential hypertension
CLM11347,M25.561,Pain in right knee
CLM11348,J18.9,Pneumonia
CLM11349,D64.9,Anemia
CLM11350,D64.9,Anemia
CLM11351,I10,Essential hypertension
CLM11352,F31.9,Bipolar disorder
CLM11352,F32.9,Major depressive disorder
CLM11353,J18.9,Pneumonia
CLM11354,E78.5,Hyperlipidemia
CLM11354,E03.9,Hypothyroidism
CLM11355,J20.9,Acute bronchitis
CLM11355,F41.1,Generalized anxiety disorder
CLM11356,E11.9,Type 2 diabetes mellitus
CLM11357,I10,Essential hypertension
CLM11357,E11.9,Type 2 diabetes mellitus
CLM11358,E66.9,Obesity
CLM11359,I10,Essential hypertension
CLM11359,J20.9,Acute bronchitis
CLM11360,J10.1,Influenza with pneumonia
CLM11360,Z00.00,Routine adult health exam
CLM11361,Z00.00,Routine adult health exam
CLM11362,E05.90,Hyperthyroidism
CLM11363,I10,Essential hypertension
CLM11363,Z00.00,Routine adult health exam
CLM11364,L57.0,Actinic keratosis
CLM11365,M54.5,Low back pain
CLM11366,J20.9,Acute bronchitis
CLM11366,I10,Essential hypertension
CLM11367,I10,Essential hypertension
CLM11368,R50.9,Fever
CLM11369,J06.9,Upper respiratory infection
CLM11369,E78.5,Hyperlipidemia
CLM11370,F41.1,Generalized anxiety disorder
CLM11370,F32.9,Major depressive disorder
CLM11370,F90.0,ADHD
CLM11371,E11.9,Type 2 diabetes mellitus
CLM11372,I48.91,Atrial fibrillation
CLM11372,R07.9,Chest pain
CLM11372,I25.10,Coronary artery disease
CLM11373,M25.561,Pain in right knee
CLM11374,R07.9,Chest pain
CLM11374,J18.9,Pneumonia
CLM11375,E78.5,Hyperlipidemia
CLM11375,J06.9,Upper respiratory infection
CLM11376,E78.5,Hyperlipidemia
CLM11376,I10,Essential hypertension
CLM11377,I10,Essential hypertension
CLM11378,R07.9,Chest pain
CLM11378,I10,Essential hypertension
CLM11378,I48.91,Atrial fibrillation
CLM11379,F41.1,Generalized anxiety disorder
CLM11379,Z00.00,Routine adult health exam
CLM11380,D64.9,Anemia
CLM11381,N18.3,Chronic kidney disease stage 3
CLM11381,E11.9,Type 2 diabetes mellitus
CLM11382,E03.9,Hypothyroidism
CLM11383,I10,Essential hypertension
CLM11384,Z01.419,Routine gynecological exam
CLM11384,Z34.90,Normal pregnancy supervision
CLM11384,N80.9,Endometriosis
CLM11385,M17.11,Osteoarthritis of right knee
CLM11385,S83.511A,ACL sprain of right knee
CLM11386,I10,Essential hypertension
CLM11386,Z00.00,Routine adult health exam
CLM11387,C18.9,Colon cancer
CLM11388,N80.9,Endometriosis
CLM11389,F41.1,Generalized anxiety disorder
CLM11390,S52.501A,Fracture of radius
CLM11390,J18.9,Pneumonia
CLM11391,Z00.00,Routine adult health exam
CLM11392,L20.9,Atopic dermatitis
CLM11392,H66.90,Otitis media
CLM11392,J02.0,Streptococcal pharyngitis
CLM11393,J06.9,Upper respiratory infection
CLM11393,L20.9,Atopic dermatitis
CLM11394,Z00.00,Routine adult health exam
CLM11394,E11.9,Type 2 diabetes mellitus
CLM11394,E78.5,Hyperlipidemia
CLM11395,R10.9,Abdominal pain
CLM11395,R55,Syncope
CLM11396,J18.9,Pneumonia
CLM11397,R07.9,Chest pain
CLM11398,I10,Essential hypertension
CLM11399,L40.0,Psoriasis
CLM11400,D64.9,Anemia
CLM11400,I10,Essential hypertension
CLM11401,E03.9,Hypothyroidism
CLM11402,L20.9,Atopic dermatitis
CLM11402,J06.9,Upper respiratory infection
CLM11403,E11.9,Type 2 diabetes mellitus
CLM11404,R55,Syncope
CLM11405,O24.410,Gestational diabetes
CLM11405,Z34.90,Normal pregnancy supervision
CLM11406,J02.0,Streptococcal pharyngitis
CLM11406,Z00.129,Routine child health exam
CLM11407,J20.9,Acute bronchitis
CLM11407,E11.9,Type 2 diabetes mellitus
CLM11407,M54.5,Low back pain
CLM11408,J06.9,Upper respiratory infection
CLM11408,Z00.00,Routine adult health exam
CLM11408,E78.5,Hyperlipidemia
CLM11409,I10,Essential hypertension
CLM11410,I25.10,Coronary artery disease
CLM11410,R07.9,Chest pain
CLM11411,M54.5,Low back pain
CLM11412,F43.10,Post-traumatic stress disorder
CLM11412,F90.0,ADHD
CLM11412,F31.9,Bipolar disorder
CLM11413,M75.101,Rotator cuff tear
CLM11413,S83.511A,ACL sprain of right knee
CLM11414,N18.3,Chronic kidney disease stage 3
CLM11414,I10,Essential hypertension
CLM11415,S52.501A,Fracture of radius
CLM11416,F31.9,Bipolar disorder
CLM11416,F41.1,Generalized anxiety disorder
CLM11417,Z00.00,Routine adult health exam
CLM11417,K21.9,Gastroesophageal reflux disease
CLM11418,F41.1,Generalized anxiety disorder
CLM11418,I10,Essential hypertension
CLM11419,E78.5,Hyperlipidemia
CLM11420,D64.9,Anemia
CLM11420,Z00.00,Routine adult health exam
CLM11421,M54.5,Low back pain
CLM11421,N39.0,UTI
CLM11422,E78.5,Hyperlipidemia
CLM11422,N39.0,UTI
CLM11422,Z00.00,Routine adult health exam
CLM11423,M54.5,Low back pain
CLM11424,N39.0,UTI
CLM11424,Z00.00,Routine adult health exam
CLM11425,L40.0,Psoriasis
CLM11425,L70.0,Acne vulgaris
CLM11426,I10,Essential hypertension
CLM11427,I50.9,Heart failure
CLM11427,I10,Essential hypertension
CLM11428,E78.5,Hyperlipidemia
CLM11428,M54.5,Low back pain
CLM11429,J45.909,Asthma
CLM11430,S83.511A,ACL sprain of right knee
CLM11431,S06.0X0A,Concussion
CLM11431,S52.501A,Fracture of radius
CLM11432,I50.9,Heart failure
CLM11433,L30.9,Dermatitis
CLM11433,D22.9,Melanocytic nevus
CLM11434,R07.9,Chest pain
CLM11435,Z00.00,Routine adult health exam
CLM11436,D64.9,Anemia
CLM11437,J20.9,Acute bronchitis
CLM11437,E78.5,Hyperlipidemia
CLM11438,Z00.00,Routine adult health exam
CLM11438,N39.0,UTI
CLM11439,N18.3,Chronic kidney disease stage 3
CLM11440,J45.909,Asthma
CLM11441,M17.11,Osteoarthritis of right knee
CLM11442,I10,Essential hypertension
CLM11443,L70.0,Acne vulgaris
CLM11443,L57.0,Actinic keratosis
CLM11444,Z00.00,Routine adult health exam
CLM11445,J02.0,Streptococcal pharyngitis
CLM11446,Z00.00,Routine adult health exam
CLM11447,I10,Essential hypertension
CLM11448,D64.9,Anemia
CLM11449,F31.9,Bipolar disorder
CLM11450,E11.9,Type 2 diabetes mellitus
CLM11451,E11.9,Type 2 diabetes mellitus
CLM11451,Z00.00,Routine adult health exam
CLM11452,I10,Essential hypertension
CLM11452,J20.9,Acute bronchitis
CLM11453,M54.5,Low back pain
CLM11453,F41.1,Generalized anxiety disorder
CLM11453,E11.9,Type 2 diabetes mellitus
CLM11454,I10,Essential hypertension
CLM11454,I25.10,Coronary artery disease
CLM11454,I50.9,Heart failure
CLM11455,E03.9,Hypothyroidism
CLM11456,K21.9,Gastroesophageal reflux disease
CLM11457,I10,Essential hypertension
CLM11458,S83.511A,ACL sprain of right knee
CLM11459,I25.10,Coronary artery disease
CLM11460,E78.5,Hyperlipidemia
CLM11460,Z00.00,Routine adult health exam
CLM11461,L40.0,Psoriasis
CLM11462,M75.101,Rotator cuff tear
CLM11463,E78.5,Hyperlipidemia
CLM11464,C18.9,Colon cancer
CLM11465,D22.9,Melanocytic nevus
CLM11466,S06.0X0A,Concussion
CLM11467,Z34.90,Normal pregnancy supervision
CLM11467,Z01.419,Routine gynecological exam
CLM11467,N92.0,Heavy menstrual bleeding
CLM11468,C50.911,Breast cancer
CLM11469,F32.9,Major depressive disorder
CLM11469,F41.1,Generalized anxiety disorder
CLM11470,S52.501A,Fracture of radius
CLM11471,M54.5,Low back pain
CLM11471,E78.5,Hyperlipidemia
CLM11472,K21.9,Gastroesophageal reflux disease
CLM11472,E11.9,Type 2 diabetes mellitus
CLM11472,Z00.00,Routine adult health exam
CLM11473,N39.0,UTI
CLM11474,E11.9,Type 2 diabetes mellitus
CLM11475,E11.9,Type 2 diabetes mellitus
CLM11476,E66.9,Obesity
CLM11477,N18.3,Chronic kidney disease stage 3
CLM11478,M54.5,Low back pain
CLM11478,M17.11,Osteoarthritis of right knee
CLM11479,E78.5,Hyperlipidemia
CLM11480,E11.9,Type 2 diabetes mellitus
CLM11481,J20.9,Acute bronchitis
CLM11482,E03.9,Hypothyroidism
CLM11483,M54.5,Low back pain
CLM11483,E78.5,Hyperlipidemia
CLM11484,I10,Essential hypertension
CLM11485,E03.9,Hypothyroidism
CLM11485,E05.90,Hyperthyroidism
CLM11486,I10,Essential hypertension
CLM11487,R07.9,Chest pain
CLM11487,I50.9,Heart failure
CLM11488,C61,Prostate cancer
CLM11489,D64.9,Anemia
CLM11490,S83.511A,ACL sprain of right knee
CLM11491,J45.909,Asthma
CLM11492,G47.33,Obstructive sleep apnea
CLM11493,M54.5,Low back pain
CLM11494,L70.0,Acne vulgaris
CLM11495,D64.9,Anemia
CLM11496,C50.911,Breast cancer
CLM11497,R10.9,Abdominal pain
CLM11497,R55,Syncope
CLM11497,J18.9,Pneumonia
CLM11498,L57.0,Actinic keratosis
CLM11498,L40.0,Psoriasis
CLM11499,M17.11,Osteoarthritis of right knee
CLM11500,C50.911,Breast cancer
CLM11501,J02.0,Streptococcal pharyngitis
CLM11502,F90.0,ADHD
CLM11503,C18.9,Colon cancer
CLM11504,Z00.00,Routine adult health exam
CLM11504,E03.9,Hypothyroidism
CLM11504,I10,Essential hypertension
CLM11505,E78.5,Hyperlipidemia
CLM11506,E03.9,Hypothyroidism
CLM11507,N39.0,UTI
CLM11507,F41.1,Generalized anxiety disorder
CLM11507,E78.5,Hyperlipidemia
CLM11508,E11.9,Type 2 diabetes mellitus
CLM11509,F43.10,Post-traumatic stress disorder
CLM11510,J45.909,Asthma
CLM11510,L20.9,Atopic dermatitis
CLM11511,I25.10,Coronary artery disease
CLM11512,E78.5,Hyperlipidemia
CLM11513,M75.101,Rotator cuff tear
CLM11514,R55,Syncope
CLM11515,M54.5,Low back pain
CLM11516,O24.410,Gestational diabetes
CLM11517,R10.9,Abdominal pain
CLM11517,R55,Syncope
CLM11517,S06.0X0A,Concussion
CLM11518,Z00.00,Routine adult health exam
CLM11518,N39.0,UTI
CLM11519,N39.0,UTI
CLM11520,S52.501A,Fracture of radius
CLM11521,E11.9,Type 2 diabetes mellitus
CLM11522,Z00.00,Routine adult health exam
CLM11523,E78.5,Hyperlipidemia
CLM11523,I48.91,Atrial fibrillation
CLM11524,Z00.00,Routine adult health exam
CLM11525,J10.1,Influenza with pneumonia
CLM11526,N39.0,UTI
CLM11526,F41.1,Generalized anxiety disorder
CLM11527,N39.0,UTI
CLM11528,N92.0,Heavy menstrual bleeding
CLM11529,I10,Essential hypertension
CLM11530,M17.11,Osteoarthritis of right knee
CLM11531,M17.11,Osteoarthritis of right knee
CLM11531,M75.101,Rotator cuff tear
CLM11531,M25.561,Pain in right knee
CLM11532,C50.911,Breast cancer
CLM11532,C18.9,Colon cancer
CLM11533,D22.9,Melanocytic nevus
CLM11533,L57.0,Actinic keratosis
CLM11534,R07.9,Chest pain
CLM11534,R55,Syncope
CLM11535,D22.9,Melanocytic nevus
CLM11535,L70.0,Acne vulgaris
CLM11536,J06.9,Upper respiratory infection
CLM11537,C50.911,Breast cancer
CLM11538,J02.0,Streptococcal pharyngitis
CLM11538,J06.9,Upper respiratory infection
CLM11538,R50.9,Fever
CLM11539,J45.909,Asthma
CLM11539,Z00.129,Routine child health exam
CLM11540,J18.9,Pneumonia
CLM11541,E78.5,Hyperlipidemia
CLM11542,E78.5,Hyperlipidemia
CLM11543,Z01.419,Routine gynecological exam
CLM11543,Z34.90,Normal pregnancy supervision
CLM11544,J10.1,Influenza with pneumonia
CLM11544,J20.9,Acute bronchitis
CLM11544,J06.9,Upper respiratory infection
CLM11545,J10.1,Influenza with pneumonia
CLM11546,N39.0,UTI
CLM11546,J20.9,Acute bronchitis
CLM11546,Z00.00,Routine adult health exam
CLM11547,I10,Essential hypertension
CLM11548,E66.9,Obesity
CLM11549,J20.9,Acute bronchitis
CLM11549,J06.9,Upper respiratory infection
CLM11550,J18.9,Pneumonia
CLM11551,E11.9,Type 2 diabetes mellitus
CLM11552,I10,Essential hypertension
CLM11553,F32.9,Major depressive disorder
CLM11554,E11.9,Type 2 diabetes mellitus
CLM11555,M54.5,Low back pain
CLM11556,E05.90,Hyperthyroidism
CLM11557,Z51.11,Encounter for chemotherapy
CLM11558,F41.1,Generalized anxiety disorder
CLM11559,F41.1,Generalized anxiety disorder
CLM11559,J06.9,Upper respiratory infection
CLM11560,K21.9,Gastroesophageal reflux disease
CLM11561,L20.9,Atopic dermatitis
CLM11561,J06.9,Upper respiratory infection
CLM11562,I10,Essential hypertension
CLM11562,J20.9,Acute bronchitis
CLM11563,J06.9,Upper respiratory infection
CLM11563,H66.90,Otitis media
CLM11563,Z00.129,Routine child health exam
CLM11564,J18.9,Pneumonia
CLM11564,S06.0X0A,Concussion
CLM11564,S52.501A,Fracture of radius
CLM11565,N18.3,Chronic kidney disease stage 3
CLM11565,K21.9,Gastroesophageal reflux disease
CLM11565,D64.9,Anemia
CLM11566,F41.1,Generalized anxiety disorder
CLM11566,F43.10,Post-traumatic stress disorder
CLM11567,N39.0,UTI
CLM11568,J06.9,Upper respiratory infection
CLM11569,E03.9,Hypothyroidism
CLM11569,I10,Essential hypertension
CLM11570,J44.9,COPD
CLM11570,G47.33,Obstructive sleep apnea
CLM11571,N92.0,Heavy menstrual bleeding
CLM11571,O24.410,Gestational diabetes
CLM11572,L30.9,Dermatitis
CLM11572,L70.0,Acne vulgaris
CLM11573,Z01.419,Routine gynecological exam
CLM11574,E11.9,Type 2 diabetes mellitus
CLM11575,M25.561,Pain in right knee
CLM11576,F41.1,Generalized anxiety disorder
CLM11576,F43.10,Post-traumatic stress disorder
CLM11577,H66.90,Otitis media
CLM11578,J20.9,Acute bronchitis
CLM11578,I10,Essential hypertension
CLM11578,J10.1,Influenza with pneumonia
CLM11579,E78.5,Hyperlipidemia
CLM11580,I10,Essential hypertension
CLM11581,R55,Syncope
CLM11582,E11.9,Type 2 diabetes mellitus
CLM11582,J06.9,Upper respiratory infection
CLM11582,E78.5,Hyperlipidemia
CLM11583,C50.911,Breast cancer
CLM11584,E78.5,Hyperlipidemia
CLM11585,Z00.00,Routine adult health exam
CLM11585,J06.9,Upper respiratory infection
CLM11585,J20.9,Acute bronchitis
CLM11586,J02.0,Streptococcal pharyngitis
CLM11586,H66.90,Otitis media
CLM11586,J06.9,Upper respiratory infection
CLM11587,C50.911,Breast cancer
CLM11588,D64.9,Anemia
CLM11589,E11.9,Type 2 diabetes mellitus
CLM11590,J20.9,Acute bronchitis
CLM11591,I10,Essential hypertension
CLM11592,J06.9,Upper respiratory infection
CLM11592,I10,Essential hypertension
CLM11592,J20.9,Acute bronchitis
CLM11593,Z00.00,Routine adult health exam
CLM11593,J10.1,Influenza with pneumonia
CLM11594,J06.9,Upper respiratory infection
CLM11594,Z00.00,Routine adult health exam
CLM11595,E11.9,Type 2 diabetes mellitus
CLM11596,J20.9,Acute bronchitis
CLM11597,I10,Essential hypertension
CLM11598,S52.501A,Fracture of radius
CLM11598,S06.0X0A,Concussion
CLM11599,N39.0,UTI
CLM11599,I10,Essential hypertension
CLM11600,C18.9,Colon cancer
CLM11600,C50.911,Breast cancer
CLM11601,E11.9,Type 2 diabetes mellitus
CLM11601,E78.5,Hyperlipidemia
CLM11602,Z00.129,Routine child health exam
CLM11603,K21.9,Gastroesophageal reflux disease
CLM11604,S83.511A,ACL sprain of right knee
CLM11604,M17.11,Osteoarthritis of right knee
CLM11605,Z00.129,Routine child health exam
CLM11606,H66.90,Otitis media
CLM11606,R50.9,Fever
CLM11607,G47.33,Obstructive sleep apnea
CLM11607,J45.909,Asthma
CLM11608,G47.33,Obstructive sleep apnea
CLM11608,J44.9,COPD
CLM11609,Z01.419,Routine gynecological exam
CLM11610,Z01.419,Routine gynecological exam
CLM11610,N80.9,Endometriosis
CLM11611,E11.65,Type 2 diabetes with hyperglycemia
CLM11611,E05.90,Hyperthyroidism
CLM11612,R07.9,Chest pain
CLM11613,R10.9,Abdominal pain
CLM11613,R55,Syncope
CLM11614,E11.9,Type 2 diabetes mellitus
CLM11614,J06.9,Upper respiratory infection
CLM11615,J02.0,Streptococcal pharyngitis
CLM11615,Z00.129,Routine child health exam
CLM11616,I10,Essential hypertension
CLM11617,I10,Essential hypertension
CLM11617,J10.1,Influenza with pneumonia
CLM11618,M75.101,Rotator cuff tear
CLM11619,Z01.419,Routine gynecological exam
CLM11620,E78.5,Hyperlipidemia
CLM11620,M54.5,Low back pain
CLM11621,J18.9,Pneumonia
CLM11621,J44.9,COPD
CLM11622,I50.9,Heart failure
CLM11623,J20.9,Acute bronchitis
CLM11624,Z00.00,Routine adult health exam
CLM11624,J20.9,Acute bronchitis
CLM11625,M54.5,Low back pain
CLM11626,I10,Essential hypertension
CLM11626,J10.1,Influenza with pneumonia
CLM11627,K21.9,Gastroesophageal reflux disease
CLM11628,O24.410,Gestational diabetes
CLM11628,N80.9,Endometriosis
CLM11628,Z34.90,Normal pregnancy supervision
CLM11629,L57.0,Actinic keratosis
CLM11630,E11.9,Type 2 diabetes mellitus
CLM11631,I10,Essential hypertension
CLM11632,Z00.00,Routine adult health exam
CLM11633,E78.5,Hyperlipidemia
CLM11633,M54.5,Low back pain
CLM11634,K21.9,Gastroesophageal reflux disease
CLM11635,K21.9,Gastroesophageal reflux disease
CLM11636,M17.11,Osteoarthritis of right knee
CLM11637,C50.911,Breast cancer
CLM11637,D64.9,Anemia
CLM11637,C18.9,Colon cancer
CLM11638,R07.9,Chest pain
CLM11639,D22.9,Melanocytic nevus
CLM11640,E11.9,Type 2 diabetes mellitus
CLM11640,D64.9,Anemia
CLM11641,I10,Essential hypertension
CLM11641,R07.9,Chest pain
CLM11642,I48.91,Atrial fibrillation
CLM11643,E78.5,Hyperlipidemia
CLM11643,I10,Essential hypertension
CLM11644,E78.5,Hyperlipidemia
CLM11644,I50.9,Heart failure
CLM11645,N39.0,UTI
CLM11645,F41.1,Generalized anxiety disorder
CLM11646,F41.1,Generalized anxiety disorder
CLM11646,M54.5,Low back pain
CLM11647,I10,Essential hypertension
CLM11648,I50.9,Heart failure
CLM11649,J18.9,Pneumonia
CLM11650,M75.101,Rotator cuff tear
CLM11650,S83.511A,ACL sprain of right knee
CLM11651,C50.911,Breast cancer
CLM11651,C18.9,Colon cancer
CLM11652,M75.101,Rotator cuff tear
CLM11652,M54.5,Low back pain
CLM11653,M54.5,Low back pain
CLM11654,Z00.00,Routine adult health exam
CLM11655,R07.9,Chest pain
CLM11656,Z01.419,Routine gynecological exam
CLM11657,F43.10,Post-traumatic stress disorder
CLM11658,R50.9,Fever
CLM11658,J06.9,Upper respiratory infection
CLM11659,G47.33,Obstructive sleep apnea
CLM11660,C18.9,Colon cancer
CLM11660,Z51.11,Encounter for chemotherapy
CLM11660,D64.9,Anemia
CLM11661,E11.9,Type 2 diabetes mellitus
CLM11661,F41.1,Generalized anxiety disorder
CLM11662,G47.33,Obstructive sleep apnea
CLM11663,F41.1,Generalized anxiety disorder
CLM11664,N80.9,Endometriosis
CLM11665,F90.0,ADHD
CLM11666,G47.33,Obstructive sleep apnea
CLM11667,F90.0,ADHD
CLM11667,F32.9,Major depressive disorder
CLM11667,F41.1,Generalized anxiety disorder
CLM11668,N18.3,Chronic kidney disease stage 3
CLM11668,I10,Essential hypertension
CLM11668,Z00.00,Routine adult health exam
CLM11669,E03.9,Hypothyroidism
CLM11670,I25.10,Coronary artery disease
CLM11671,R07.9,Chest pain
CLM11672,D22.9,Melanocytic nevus
CLM11673,R07.9,Chest pain
CLM11674,E78.5,Hyperlipidemia
CLM11675,J18.9,Pneumonia
CLM11676,Z51.11,Encounter for chemotherapy
CLM11677,D64.9,Anemia
CLM11677,Z00.00,Routine adult health exam
CLM11677,I10,Essential hypertension
CLM11678,N18.3,Chronic kidney disease stage 3
CLM11679,E03.9,Hypothyroidism
CLM11680,J02.0,Streptococcal pharyngitis
CLM11680,R50.9,Fever
CLM11681,L30.9,Dermatitis
CLM11682,L20.9,Atopic dermatitis
CLM11682,Z00.129,Routine child health exam
CLM11683,I25.10,Coronary artery disease
CLM11683,R07.9,Chest pain
CLM11683,I48.91,Atrial fibrillation
CLM11684,L70.0,Acne vulgaris
CLM11685,R07.9,Chest pain
CLM11685,I25.10,Coronary artery disease
CLM11686,M75.101,Rotator cuff tear
CLM11686,S83.511A,ACL sprain of right knee
CLM11687,R55,Syncope
CLM11687,R07.9,Chest pain
CLM11688,F43.10,Post-traumatic stress disorder
CLM11688,F41.1,Generalized anxiety disorder
CLM11689,N39.0,UTI
CLM11690,D64.9,Anemia
CLM11690,Z00.00,Routine adult health exam
CLM11691,M54.5,Low back pain
CLM11691,Z00.00,Routine adult health exam
CLM11692,F43.10,Post-traumatic stress disorder
CLM11693,Z01.419,Routine gynecological exam
CLM11693,N92.0,Heavy menstrual bleeding
CLM11694,I10,Essential hypertension
CLM11695,M25.561,Pain in right knee
CLM11696,J44.9,COPD
CLM11697,I48.91,Atrial fibrillation
CLM11698,D64.9,Anemia
CLM11699,F41.1,Generalized anxiety disorder
CLM11699,E78.5,Hyperlipidemia
CLM11700,E11.9,Type 2 diabetes mellitus
CLM11701,F90.0,ADHD
CLM11702,R50.9,Fever
CLM11702,Z00.129,Routine child health exam
CLM11703,E11.65,Type 2 diabetes with hyperglycemia
CLM11704,I25.10,Coronary artery disease
CLM11704,I10,Essential hypertension
CLM11705,I10,Essential hypertension
CLM11705,D64.9,Anemia
CLM11705,K21.9,Gastroesophageal reflux disease
CLM11706,E11.65,Type 2 diabetes with hyperglycemia
CLM11706,E11.9,Type 2 diabetes mellitus
CLM11706,E03.9,Hypothyroidism
CLM11707,E11.9,Type 2 diabetes mellitus
CLM11708,M54.5,Low back pain
CLM11709,E11.9,Type 2 diabetes mellitus
CLM11710,E78.5,Hyperlipidemia
CLM11710,E11.9,Type 2 diabetes mellitus
CLM11711,E11.9,Type 2 diabetes mellitus
CLM11712,E78.5,Hyperlipidemia
CLM11713,E66.9,Obesity
CLM11714,D22.9,Melanocytic nevus
CLM11715,I10,Essential hypertension
CLM11716,C18.9,Colon cancer
CLM11717,J45.909,Asthma
CLM11718,L20.9,Atopic dermatitis
CLM11719,K21.9,Gastroesophageal reflux disease
CLM11720,J02.0,Streptococcal pharyngitis
CLM11720,R50.9,Fever
CLM11721,E78.5,Hyperlipidemia
CLM11721,N18.3,Chronic kidney disease stage 3
CLM11721,I10,Essential hypertension
CLM11722,L70.0,Acne vulgaris
CLM11723,J10.1,Influenza with pneumonia
CLM11723,N39.0,UTI
CLM11724,I10,Essential hypertension
CLM11725,M75.101,Rotator cuff tear
CLM11725,S83.511A,ACL sprain of right knee
CLM11726,J02.0,Streptococcal pharyngitis
CLM11727,Z00.00,Routine adult health exam
CLM11727,I10,Essential hypertension
CLM11728,J18.9,Pneumonia
CLM11729,F41.1,Generalized anxiety disorder
CLM11729,F32.9,Major depressive disorder
CLM11730,J06.9,Upper respiratory infection
CLM11731,J18.9,Pneumonia
CLM11732,F32.9,Major depressive disorder
CLM11732,F41.1,Generalized anxiety disorder
CLM11732,F90.0,ADHD
CLM11733,M54.5,Low back pain
CLM11733,Z00.00,Routine adult health exam
CLM11734,N18.3,Chronic kidney disease stage 3
CLM11735,D64.9,Anemia
CLM11736,E78.5,Hyperlipidemia
CLM11736,E03.9,Hypothyroidism
CLM11737,F43.10,Post-traumatic stress disorder
CLM11737,F31.9,Bipolar disorder
CLM11737,F90.0,ADHD
CLM11738,S52.501A,Fracture of radius
CLM11739,E11.9,Type 2 diabetes mellitus
CLM11740,G47.33,Obstructive sleep apnea
CLM11740,J18.9,Pneumonia
CLM11740,J44.9,COPD
CLM11741,M17.11,Osteoarthritis of right knee
CLM11742,Z01.419,Routine gynecological exam
CLM11743,N39.0,UTI
CLM11743,J20.9,Acute bronchitis
CLM11743,E11.9,Type 2 diabetes mellitus
CLM11744,N80.9,Endometriosis
CLM11744,Z01.419,Routine gynecological exam
CLM11745,F41.1,Generalized anxiety disorder
CLM11746,E05.90,Hyperthyroidism
CLM11747,L20.9,Atopic dermatitis
CLM11747,J02.0,Streptococcal pharyngitis
CLM11748,E11.9,Type 2 diabetes mellitus
CLM11748,E66.9,Obesity
CLM11749,I10,Essential hypertension
CLM11750,M25.561,Pain in right knee
CLM11750,M17.11,Osteoarthritis of right knee
CLM11750,M54.5,Low back pain
CLM11751,L40.0,Psoriasis
CLM11752,F31.9,Bipolar disorder
CLM11753,E78.5,Hyperlipidemia
CLM11754,R55,Syncope
CLM11754,S06.0X0A,Concussion
CLM11755,M25.561,Pain in right knee
CLM11756,J06.9,Upper respiratory infection
CLM11757,F43.10,Post-traumatic stress disorder
CLM11758,R07.9,Chest pain
CLM11759,N39.0,UTI
CLM11760,S52.501A,Fracture of radius
CLM11760,R55,Syncope
CLM11760,S06.0X0A,Concussion
CLM11761,F41.1,Generalized anxiety disorder
CLM11762,M17.11,Osteoarthritis of right knee
CLM11763,F41.1,Generalized anxiety disorder
CLM11764,E11.9,Type 2 diabetes mellitus
CLM11764,I10,Essential hypertension
CLM11765,Z00.00,Routine adult health exam
CLM11766,M17.11,Osteoarthritis of right knee
CLM11767,L30.9,Dermatitis
CLM11768,J20.9,Acute bronchitis
CLM11769,E78.5,Hyperlipidemia
CLM11769,I10,Essential hypertension
CLM11770,J10.1,Influenza with pneumonia
CLM11771,J45.909,Asthma
CLM11771,J18.9,Pneumonia
CLM11771,G47.33,Obstructive sleep apnea
CLM11772,N39.0,UTI
CLM11773,C34.90,Lung cancer
CLM11773,C61,Prostate cancer
CLM11774,M17.11,Osteoarthritis of right knee
CLM11775,E03.9,Hypothyroidism
CLM11776,M75.101,Rotator cuff tear
CLM11777,L57.0,Actinic keratosis
CLM11778,J44.9,COPD
CLM11779,N18.3,Chronic kidney disease stage 3
CLM11780,S52.501A,Fracture of radius
CLM11781,I10,Essential hypertension
CLM11781,F41.1,Generalized anxiety disorder
CLM11782,D64.9,Anemia
CLM11783,G47.33,Obstructive sleep apnea
CLM11783,J18.9,Pneumonia
CLM11784,F41.1,Generalized anxiety disorder
CLM11785,E11.9,Type 2 diabetes mellitus
CLM11786,I25.10,Coronary artery disease
CLM11786,I50.9,Heart failure
CLM11787,E03.9,Hypothyroidism
CLM11788,K21.9,Gastroesophageal reflux disease
CLM11788,E03.9,Hypothyroidism
CLM11788,I10,Essential hypertension
CLM11789,E11.9,Type 2 diabetes mellitus
CLM11790,F41.1,Generalized anxiety disorder
CLM11790,N39.0,UTI
CLM11791,I50.9,Heart failure
CLM11792,I10,Essential hypertension
CLM11792,Z00.00,Routine adult health exam
CLM11793,E78.5,Hyperlipidemia
CLM11794,J20.9,Acute bronchitis
CLM11795,D64.9,Anemia
CLM11795,N18.3,Chronic kidney disease stage 3
CLM11795,E11.9,Type 2 diabetes mellitus
CLM11796,L57.0,Actinic keratosis
CLM11796,L30.9,Dermatitis
CLM11797,I50.9,Heart failure
CLM11798,J18.9,Pneumonia
CLM11798,J45.909,Asthma
CLM11799,Z00.00,Routine adult health exam
CLM11799,F41.1,Generalized anxiety disorder
CLM11800,E78.5,Hyperlipidemia
CLM11801,H66.90,Otitis media
CLM11801,R50.9,Fever
CLM11802,O24.410,Gestational diabetes
CLM11803,L20.9,Atopic dermatitis
CLM11804,E03.9,Hypothyroidism
CLM11804,K21.9,Gastroesophageal reflux disease
CLM11805,M54.5,Low back pain
CLM11805,J06.9,Upper respiratory infection
CLM11806,R10.9,Abdominal pain
CLM11807,F90.0,ADHD
CLM11808,E11.9,Type 2 diabetes mellitus
CLM11809,Z00.00,Routine adult health exam
CLM11809,N18.3,Chronic kidney disease stage 3
CLM11809,E78.5,Hyperlipidemia
CLM11810,L20.9,Atopic dermatitis
CLM11811,J06.9,Upper respiratory infection
CLM11811,E78.5,Hyperlipidemia
CLM11812,I25.10,Coronary artery disease
CLM11813,I50.9,Heart failure
CLM11814,D64.9,Anemia
CLM11814,I10,Essential hypertension
CLM11815,I50.9,Heart failure
CLM11816,J10.1,Influenza with pneumonia
CLM11817,R07.9,Chest pain
CLM11818,E11.9,Type 2 diabetes mellitus
CLM11819,I50.9,Heart failure
CLM11820,J06.9,Upper respiratory infection
CLM11821,F41.1,Generalized anxiety disorder
CLM11822,E11.9,Type 2 diabetes mellitus
CLM11823,K21.9,Gastroesophageal reflux disease
CLM11824,E03.9,Hypothyroidism
CLM11824,E78.5,Hyperlipidemia
CLM11825,E66.9,Obesity
CLM11825,E11.9,Type 2 diabetes mellitus
CLM11826,I10,Essential hypertension
CLM11827,D64.9,Anemia
CLM11828,E78.5,Hyperlipidemia
CLM11829,Z00.00,Routine adult health exam
CLM11830,E03.9,Hypothyroidism
CLM11830,K21.9,Gastroesophageal reflux disease
CLM11830,D64.9,Anemia
CLM11831,L57.0,Actinic keratosis
CLM11832,I25.10,Coronary artery disease
CLM11833,E78.5,Hyperlipidemia
CLM11834,E78.5,Hyperlipidemia
CLM11835,D64.9,Anemia
CLM11835,E03.9,Hypothyroidism
CLM11836,F32.9,Major depressive disorder
CLM11836,F41.1,Generalized anxiety disorder
CLM11836,F31.9,Bipolar disorder
CLM11837,J10.1,Influenza with pneumonia
CLM11838,M75.101,Rotator cuff tear
CLM11838,M54.5,Low back pain
CLM11839,Z00.00,Routine adult health exam
CLM11839,J20.9,Acute bronchitis
CLM11840,O24.410,Gestational diabetes
CLM11841,I50.9,Heart failure
CLM11842,M17.11,Osteoarthritis of right knee
CLM11843,M54.5,Low back pain
CLM11844,E78.5,Hyperlipidemia
CLM11844,E11.9,Type 2 diabetes mellitus
CLM11845,S52.501A,Fracture of radius
CLM11845,R10.9,Abdominal pain
CLM11845,R07.9,Chest pain
CLM11846,C61,Prostate cancer
CLM11846,C34.90,Lung cancer
CLM11847,I10,Essential hypertension
CLM11847,J06.9,Upper respiratory infection
CLM11848,J20.9,Acute bronchitis
CLM11849,E05.90,Hyperthyroidism
CLM11849,E11.65,Type 2 diabetes with hyperglycemia
CLM11850,E78.5,Hyperlipidemia
CLM11851,L20.9,Atopic dermatitis
CLM11852,Z00.00,Routine adult health exam
CLM11853,C61,Prostate cancer
CLM11854,R07.9,Chest pain
CLM11855,C18.9,Colon cancer
CLM11856,Z00.00,Routine adult health exam
CLM11857,Z00.00,Routine adult health exam
CLM11857,E11.9,Type 2 diabetes mellitus
CLM11858,R55,Syncope
CLM11858,R10.9,Abdominal pain
CLM11859,E03.9,Hypothyroidism
CLM11860,J10.1,Influenza with pneumonia
CLM11861,J06.9,Upper respiratory infection
CLM11861,F41.1,Generalized anxiety disorder
CLM11862,H66.90,Otitis media
CLM11863,E78.5,Hyperlipidemia
CLM11863,E11.9,Type 2 diabetes mellitus
CLM11864,I10,Essential hypertension
CLM11865,E78.5,Hyperlipidemia
CLM11866,J45.909,Asthma
CLM11867,R55,Syncope
CLM11867,R07.9,Chest pain
CLM11868,L30.9,Dermatitis
CLM11869,I10,Essential hypertension
CLM11870,I10,Essential hypertension
CLM11871,L40.0,Psoriasis
CLM11872,D64.9,Anemia
CLM11873,M54.5,Low back pain
CLM11874,G47.33,Obstructive sleep apnea
CLM11875,F32.9,Major depressive disorder
CLM11876,R50.9,Fever
CLM11877,F41.1,Generalized anxiety disorder
CLM11877,F32.9,Major depressive disorder
CLM11878,L30.9,Dermatitis
CLM11878,L70.0,Acne vulgaris
CLM11879,E11.9,Type 2 diabetes mellitus
CLM11880,M75.101,Rotator cuff tear
CLM11880,M25.561,Pain in right knee
CLM11881,M54.5,Low back pain
CLM11882,R07.9,Chest pain
CLM11882,I10,Essential hypertension
CLM11883,J45.909,Asthma
CLM11883,G47.33,Obstructive sleep apnea
CLM11883,J18.9,Pneumonia
CLM11884,J45.909,Asthma
CLM11885,M54.5,Low back pain
CLM11886,F31.9,Bipolar disorder
CLM11887,D64.9,Anemia
CLM11888,Z00.00,Routine adult health exam
CLM11888,J10.1,Influenza with pneumonia
CLM11889,R07.9,Chest pain
CLM11889,I25.10,Coronary artery disease
CLM11890,Z00.00,Routine adult health exam
CLM11891,E78.5,Hyperlipidemia
CLM11891,D64.9,Anemia
CLM11892,E11.9,Type 2 diabetes mellitus
CLM11893,E11.9,Type 2 diabetes mellitus
CLM11893,Z00.00,Routine adult health exam
CLM11894,L40.0,Psoriasis
CLM11894,L30.9,Dermatitis
CLM11894,D22.9,Melanocytic nevus
CLM11895,Z51.11,Encounter for chemotherapy
CLM11895,C61,Prostate cancer
CLM11896,R07.9,Chest pain
CLM11897,E78.5,Hyperlipidemia
CLM11897,J10.1,Influenza with pneumonia
CLM11898,L20.9,Atopic dermatitis
CLM11899,F32.9,Major depressive disorder
CLM11900,J20.9,Acute bronchitis
CLM11901,M54.5,Low back pain
CLM11902,K21.9,Gastroesophageal reflux disease
CLM11903,D22.9,Melanocytic nevus
CLM11904,E78.5,Hyperlipidemia
CLM11905,K21.9,Gastroesophageal reflux disease
CLM11905,N18.3,Chronic kidney disease stage 3
CLM11905,I10,Essential hypertension
CLM11906,I10,Essential hypertension
CLM11906,K21.9,Gastroesophageal reflux disease
CLM11907,I25.10,Coronary artery disease
CLM11907,I50.9,Heart failure
CLM11908,Z00.129,Routine child health exam
CLM11909,R07.9,Chest pain
CLM11910,G47.33,Obstructive sleep apnea
CLM11910,J44.9,COPD
CLM11911,J18.9,Pneumonia
CLM11912,F31.9,Bipolar disorder
CLM11912,F41.1,Generalized anxiety disorder
CLM11912,F43.10,Post-traumatic stress disorder
CLM11913,I25.10,Coronary artery disease
CLM11913,I48.91,Atrial fibrillation
CLM11914,M54.5,Low back pain
CLM11915,E78.5,Hyperlipidemia
CLM11916,I25.10,Coronary artery disease
CLM11917,I10,Essential hypertension
CLM11917,M54.5,Low back pain
CLM11917,F41.1,Generalized anxiety disorder
CLM11918,E78.5,Hyperlipidemia
CLM11919,J44.9,COPD
CLM11920,I10,Essential hypertension
CLM11920,E78.5,Hyperlipidemia
CLM11921,E78.5,Hyperlipidemia
CLM11921,F41.1,Generalized anxiety disorder
CLM11922,L30.9,Dermatitis
CLM11922,L70.0,Acne vulgaris
CLM11922,D22.9,Melanocytic nevus
CLM11923,E78.5,Hyperlipidemia
CLM11923,I10,Essential hypertension
CLM11924,J06.9,Upper respiratory infection
CLM11925,L40.0,Psoriasis
CLM11926,E11.9,Type 2 diabetes mellitus
CLM11926,J06.9,Upper respiratory infection
CLM11927,D64.9,Anemia
CLM11927,N18.3,Chronic kidney disease stage 3
CLM11928,N39.0,UTI
CLM11929,I10,Essential hypertension
CLM11930,E78.5,Hyperlipidemia
CLM11930,J10.1,Influenza with pneumonia
CLM11931,I10,Essential hypertension
CLM11931,R07.9,Chest pain
CLM11932,J45.909,Asthma
CLM11933,H66.90,Otitis media
CLM11933,J02.0,Streptococcal pharyngitis
CLM11934,F41.1,Generalized anxiety disorder
CLM11935,F41.1,Generalized anxiety disorder
CLM11935,Z00.00,Routine adult health exam
CLM11936,I10,Essential hypertension
CLM11936,E78.5,Hyperlipidemia
CLM11937,R50.9,Fever
CLM11938,J06.9,Upper respiratory infection
CLM11939,I10,Essential hypertension
CLM11940,F31.9,Bipolar disorder
CLM11940,F41.1,Generalized anxiety disorder
CLM11941,F41.1,Generalized anxiety disorder
CLM11942,L57.0,Actinic keratosis
CLM11943,Z00.00,Routine adult health exam
CLM11944,N18.3,Chronic kidney disease stage 3
CLM11944,E11.9,Type 2 diabetes mellitus
CLM11945,J06.9,Upper respiratory infection
CLM11946,J45.909,Asthma
CLM11947,M54.5,Low back pain
CLM11947,Z00.00,Routine adult health exam
CLM11948,Z51.11,Encounter for chemotherapy
CLM11949,I10,Essential hypertension
CLM11949,J10.1,Influenza with pneumonia
CLM11950,Z00.00,Routine adult health exam
CLM11950,N18.3,Chronic kidney disease stage 3
CLM11951,E66.9,Obesity
CLM11952,J02.0,Streptococcal pharyngitis
CLM11952,Z00.129,Routine child health exam
CLM11952,J45.909,Asthma
CLM11953,I48.91,Atrial fibrillation
CLM11954,R10.9,Abdominal pain
CLM11954,R55,Syncope
CLM11955,I50.9,Heart failure
CLM11955,I48.91,Atrial fibrillation
CLM11955,E78.5,Hyperlipidemia
CLM11956,M54.5,Low back pain
CLM11957,Z00.00,Routine adult health exam
CLM11958,M17.11,Osteoarthritis of right knee
CLM11959,Z00.00,Routine adult health exam
CLM11960,M54.5,Low back pain
CLM11960,J06.9,Upper respiratory infection
CLM11960,E11.9,Type 2 diabetes mellitus
CLM11961,M54.5,Low back pain
CLM11961,M75.101,Rotator cuff tear
CLM11962,I50.9,Heart failure
CLM11962,R07.9,Chest pain
CLM11962,I10,Essential hypertension
CLM11963,F32.9,Major depressive disorder
CLM11964,I50.9,Heart failure
CLM11964,I10,Essential hypertension
CLM11964,R07.9,Chest pain
CLM11965,F31.9,Bipolar disorder
CLM11965,F43.10,Post-traumatic stress disorder
CLM11966,J45.909,Asthma
CLM11967,C61,Prostate cancer
CLM11968,I25.10,Coronary artery disease
CLM11968,I10,Essential hypertension
CLM11969,M17.11,Osteoarthritis of right knee
CLM11970,E78.5,Hyperlipidemia
CLM11971,D22.9,Melanocytic nevus
CLM11972,D64.9,Anemia
CLM11973,J06.9,Upper respiratory infection
CLM11973,Z00.129,Routine child health exam
CLM11973,J45.909,Asthma
CLM11974,F32.9,Major depressive disorder
CLM11975,H66.90,Otitis media
CLM11976,M17.11,Osteoarthritis of right knee
CLM11976,M25.561,Pain in right knee
CLM11977,I25.10,Coronary artery disease
CLM11977,I48.91,Atrial fibrillation
CLM11978,J06.9,Upper respiratory infection
CLM11979,I10,Essential hypertension
CLM11979,N18.3,Chronic kidney disease stage 3
CLM11980,F41.1,Generalized anxiety disorder
CLM11981,I10,Essential hypertension
CLM11981,Z00.00,Routine adult health exam
CLM11981,J20.9,Acute bronchitis
CLM11982,N39.0,UTI
CLM11983,C61,Prostate cancer
CLM11983,Z51.11,Encounter for chemotherapy
CLM11984,Z00.00,Routine adult health exam
CLM11985,K21.9,Gastroesophageal reflux disease
CLM11986,J06.9,Upper respiratory infection
CLM11986,J20.9,Acute bronchitis
CLM11987,I10,Essential hypertension
CLM11987,F41.1,Generalized anxiety disorder
CLM11987,Z00.00,Routine adult health exam
CLM11988,J06.9,Upper respiratory infection
CLM11988,H66.90,Otitis media
CLM11989,I25.10,Coronary artery disease
CLM11989,I50.9,Heart failure
CLM11989,E78.5,Hyperlipidemia
CLM11990,J06.9,Upper respiratory infection
CLM11990,J10.1,Influenza with pneumonia
CLM11991,Z00.00,Routine adult health exam
CLM11991,J06.9,Upper respiratory infection
CLM11992,M54.5,Low back pain
CLM11992,M25.561,Pain in right knee
CLM11993,O24.410,Gestational diabetes
CLM11994,J06.9,Upper respiratory infection
CLM11994,E78.5,Hyperlipidemia
CLM11995,Z00.00,Routine adult health exam
CLM11996,E11.9,Type 2 diabetes mellitus
CLM11996,M54.5,Low back pain
CLM11997,E11.9,Type 2 diabetes mellitus
CLM11998,J10.1,Influenza with pneumonia
CLM11999,Z00.00,Routine adult health exam
CLM11999,I10,Essential hypertension
CLM12000,I10,Essential hypertension
CLM12001,J06.9,Upper respiratory infection
CLM12001,I10,Essential hypertension
CLM12001,F41.1,Generalized anxiety disorder
CLM12002,L70.0,Acne vulgaris
CLM12003,R07.9,Chest pain
CLM12004,E03.9,Hypothyroidism
CLM12004,Z00.00,Routine adult health exam
CLM12005,M17.11,Osteoarthritis of right knee
CLM12006,N39.0,UTI
CLM12006,J10.1,Influenza with pneumonia
CLM12006,M54.5,Low back pain
CLM12007,Z00.00,Routine adult health exam
CLM12007,I10,Essential hypertension
CLM12008,G47.33,Obstructive sleep apnea
CLM12009,Z00.00,Routine adult health exam
CLM12010,M25.561,Pain in right knee
CLM12011,E03.9,Hypothyroidism
CLM12012,I25.10,Coronary artery disease
CLM12012,I50.9,Heart failure
CLM12013,J06.9,Upper respiratory infection
CLM12013,N39.0,UTI
CLM12013,E78.5,Hyperlipidemia
CLM12014,H66.90,Otitis media
CLM12015,N92.0,Heavy menstrual bleeding
CLM12015,N80.9,Endometriosis
CLM12016,E78.5,Hyperlipidemia
CLM12017,R55,Syncope
CLM12018,R10.9,Abdominal pain
CLM12018,R55,Syncope
CLM12019,Z00.00,Routine adult health exam
CLM12020,J06.9,Upper respiratory infection
CLM12021,I10,Essential hypertension
CLM12021,I48.91,Atrial fibrillation
CLM12021,I25.10,Coronary artery disease
CLM12022,J20.9,Acute bronchitis
CLM12023,E11.9,Type 2 diabetes mellitus
CLM12024,J18.9,Pneumonia
CLM12024,S52.501A,Fracture of radius
CLM12025,J45.909,Asthma
CLM12026,I25.10,Coronary artery disease
CLM12027,I10,Essential hypertension
CLM12028,R50.9,Fever
CLM12029,I10,Essential hypertension
CLM12030,K21.9,Gastroesophageal reflux disease
CLM12031,M17.11,Osteoarthritis of right knee
CLM12031,M25.561,Pain in right knee
CLM12032,J06.9,Upper respiratory infection
CLM12033,E11.9,Type 2 diabetes mellitus
CLM12034,M54.5,Low back pain
CLM12035,J06.9,Upper respiratory infection
CLM12036,L57.0,Actinic keratosis
CLM12036,D22.9,Melanocytic nevus
CLM12036,L70.0,Acne vulgaris
CLM12037,Z00.00,Routine adult health exam
CLM12038,E78.5,Hyperlipidemia
CLM12039,I50.9,Heart failure
CLM12039,I10,Essential hypertension
CLM12040,M54.5,Low back pain
CLM12041,F32.9,Major depressive disorder
CLM12042,N80.9,Endometriosis
CLM12043,E78.5,Hyperlipidemia
CLM12043,F41.1,Generalized anxiety disorder
CLM12043,Z00.00,Routine adult health exam
CLM12044,I25.10,Coronary artery disease
CLM12045,S52.501A,Fracture of radius
CLM12045,S06.0X0A,Concussion
CLM12046,E11.9,Type 2 diabetes mellitus
CLM12047,E78.5,Hyperlipidemia
CLM12048,F41.1,Generalized anxiety disorder
CLM12049,F31.9,Bipolar disorder
CLM12050,E11.9,Type 2 diabetes mellitus
CLM12051,R55,Syncope
CLM12051,J18.9,Pneumonia
CLM12051,S06.0X0A,Concussion
CLM12052,G47.33,Obstructive sleep apnea
CLM12052,J45.909,Asthma
CLM12053,E03.9,Hypothyroidism
CLM12053,D64.9,Anemia
CLM12054,F41.1,Generalized anxiety disorder
CLM12055,N18.3,Chronic kidney disease stage 3
CLM12055,D64.9,Anemia
CLM12056,M54.5,Low back pain
CLM12057,Z00.129,Routine child health exam
CLM12058,E78.5,Hyperlipidemia
CLM12059,K21.9,Gastroesophageal reflux disease
CLM12060,E03.9,Hypothyroidism
CLM12060,E66.9,Obesity
CLM12061,R07.9,Chest pain
CLM12061,I50.9,Heart failure
CLM12062,E11.9,Type 2 diabetes mellitus
CLM12062,N18.3,Chronic kidney disease stage 3
CLM12063,I10,Essential hypertension
CLM12063,I25.10,Coronary artery disease
CLM12064,E66.9,Obesity
CLM12065,Z00.00,Routine adult health exam
CLM12066,C61,Prostate cancer
CLM12066,C18.9,Colon cancer
CLM12067,L40.0,Psoriasis
CLM12068,I48.91,Atrial fibrillation
CLM12069,K21.9,Gastroesophageal reflux disease
CLM12070,R50.9,Fever
CLM12071,J06.9,Upper respiratory infection
CLM12072,Z00.00,Routine adult health exam
CLM12073,Z00.00,Routine adult health exam
CLM12073,M54.5,Low back pain
CLM12074,M75.101,Rotator cuff tear
CLM12074,M54.5,Low back pain
CLM12075,E05.90,Hyperthyroidism
CLM12076,F31.9,Bipolar disorder
CLM12076,F32.9,Major depressive disorder
CLM12077,Z00.00,Routine adult health exam
CLM12078,K21.9,Gastroesophageal reflux disease
CLM12078,E03.9,Hypothyroidism
CLM12078,E11.9,Type 2 diabetes mellitus
CLM12079,F41.1,Generalized anxiety disorder
CLM12079,J10.1,Influenza with pneumonia
CLM12079,I10,Essential hypertension
CLM12080,R55,Syncope
CLM12080,R07.9,Chest pain
CLM12081,E03.9,Hypothyroidism
CLM12081,I10,Essential hypertension
CLM12082,Z00.129,Routine child health exam
CLM12082,J45.909,Asthma
CLM12083,E66.9,Obesity
CLM12083,E11.65,Type 2 diabetes with hyperglycemia
CLM12084,F43.10,Post-traumatic stress disorder
CLM12084,F32.9,Major depressive disorder
CLM12085,L70.0,Acne vulgaris
CLM12085,D22.9,Melanocytic nevus
CLM12086,L30.9,Dermatitis
CLM12087,J10.1,Influenza with pneumonia
CLM12087,F41.1,Generalized anxiety disorder
CLM12087,M54.5,Low back pain
CLM12088,E78.5,Hyperlipidemia
CLM12088,E03.9,Hypothyroidism
CLM12089,R10.9,Abdominal pain
CLM12090,I50.9,Heart failure
CLM12091,L20.9,Atopic dermatitis
CLM12092,D22.9,Melanocytic nevus
CLM12092,L40.0,Psoriasis
CLM12093,M25.561,Pain in right knee
CLM12094,I10,Essential hypertension
CLM12094,I50.9,Heart failure
CLM12095,C34.90,Lung cancer
CLM12096,H66.90,Otitis media
CLM12096,R50.9,Fever
CLM12097,I48.91,Atrial fibrillation
CLM12098,D64.9,Anemia
CLM12098,E03.9,Hypothyroidism
CLM12099,L20.9,Atopic dermatitis
CLM12100,Z00.00,Routine adult health exam
CLM12101,I10,Essential hypertension
CLM12102,I10,Essential hypertension
CLM12103,M75.101,Rotator cuff tear
CLM12104,J10.1,Influenza with pneumonia
CLM12104,E78.5,Hyperlipidemia
CLM12104,Z00.00,Routine adult health exam
CLM12105,I10,Essential hypertension
CLM12106,R07.9,Chest pain
CLM12107,I10,Essential hypertension
CLM12108,Z00.00,Routine adult health exam
CLM12108,I10,Essential hypertension
CLM12109,R50.9,Fever
CLM12110,R55,Syncope
CLM12111,J45.909,Asthma
CLM12112,E05.90,Hyperthyroidism
CLM12112,E11.9,Type 2 diabetes mellitus
CLM12113,M75.101,Rotator cuff tear
CLM12114,D64.9,Anemia
CLM12114,Z51.11,Encounter for chemotherapy
CLM12115,E78.5,Hyperlipidemia
CLM12115,I48.91,Atrial fibrillation
CLM12116,R07.9,Chest pain
CLM12117,K21.9,Gastroesophageal reflux disease
CLM12117,I10,Essential hypertension
CLM12118,S06.0X0A,Concussion
CLM12118,R55,Syncope
CLM12119,N39.0,UTI
CLM12120,J44.9,COPD
CLM12120,J45.909,Asthma
CLM12120,G47.33,Obstructive sleep apnea
CLM12121,E11.9,Type 2 diabetes mellitus
CLM12121,N39.0,UTI
CLM12121,M54.5,Low back pain
CLM12122,I10,Essential hypertension
CLM12123,E11.9,Type 2 diabetes mellitus
CLM12123,E05.90,Hyperthyroidism
CLM12124,K21.9,Gastroesophageal reflux disease
CLM12125,J06.9,Upper respiratory infection
CLM12125,I10,Essential hypertension
CLM12126,E78.5,Hyperlipidemia
CLM12127,M17.11,Osteoarthritis of right knee
CLM12128,E03.9,Hypothyroidism
CLM12128,D64.9,Anemia
CLM12129,I10,Essential hypertension
CLM12129,F41.1,Generalized anxiety disorder
CLM12129,J10.1,Influenza with pneumonia
CLM12130,I10,Essential hypertension
CLM12131,C18.9,Colon cancer
CLM12131,C61,Prostate cancer
CLM12132,E78.5,Hyperlipidemia
CLM12132,I50.9,Heart failure
CLM12132,R07.9,Chest pain
CLM12133,E03.9,Hypothyroidism
CLM12133,Z00.00,Routine adult health exam
CLM12134,L30.9,Dermatitis
CLM12135,I10,Essential hypertension
CLM12135,E78.5,Hyperlipidemia
CLM12136,E78.5,Hyperlipidemia
CLM12136,J20.9,Acute bronchitis
CLM12136,Z00.00,Routine adult health exam
CLM12137,E03.9,Hypothyroidism
CLM12138,M75.101,Rotator cuff tear
CLM12138,M17.11,Osteoarthritis of right knee
CLM12139,E03.9,Hypothyroidism
CLM12140,L20.9,Atopic dermatitis
CLM12141,Z00.00,Routine adult health exam
CLM12141,J20.9,Acute bronchitis
CLM12142,Z34.90,Normal pregnancy supervision
CLM12143,I10,Essential hypertension
CLM12144,E11.9,Type 2 diabetes mellitus
CLM12145,C61,Prostate cancer
CLM12145,Z51.11,Encounter for chemotherapy
CLM12145,C18.9,Colon cancer
CLM12146,F41.1,Generalized anxiety disorder
CLM12147,E78.5,Hyperlipidemia
CLM12148,J18.9,Pneumonia
CLM12149,R07.9,Chest pain
CLM12149,E78.5,Hyperlipidemia
CLM12149,I50.9,Heart failure
CLM12150,E78.5,Hyperlipidemia
CLM12151,E78.5,Hyperlipidemia
CLM12151,J06.9,Upper respiratory infection
CLM12152,I10,Essential hypertension
CLM12153,J02.0,Streptococcal pharyngitis
CLM12154,E03.9,Hypothyroidism
CLM12155,I10,Essential hypertension
CLM12156,G47.33,Obstructive sleep apnea
CLM12157,Z00.00,Routine adult health exam
CLM12158,N39.0,UTI
CLM12159,N18.3,Chronic kidney disease stage 3
CLM12160,E03.9,Hypothyroidism
CLM12160,E66.9,Obesity
CLM12160,E11.9,Type 2 diabetes mellitus
CLM12161,L30.9,Dermatitis
CLM12161,D22.9,Melanocytic nevus
CLM12162,N92.0,Heavy menstrual bleeding
CLM12163,J45.909,Asthma
CLM12164,Z00.129,Routine child health exam
CLM12164,R50.9,Fever
CLM12165,C50.911,Breast cancer
CLM12166,F32.9,Major depressive disorder
CLM12166,F31.9,Bipolar disorder
CLM12167,E11.9,Type 2 diabetes mellitus
CLM12167,Z00.00,Routine adult health exam
CLM12168,N18.3,Chronic kidney disease stage 3
CLM12168,E78.5,Hyperlipidemia
CLM12169,J20.9,Acute bronchitis
CLM12170,J18.9,Pneumonia
CLM12171,E11.9,Type 2 diabetes mellitus
CLM12172,M54.5,Low back pain
CLM12172,N39.0,UTI
CLM12173,Z00.00,Routine adult health exam
CLM12174,C34.90,Lung cancer
CLM12175,E78.5,Hyperlipidemia
CLM12176,M17.11,Osteoarthritis of right knee
CLM12177,J45.909,Asthma
CLM12178,L57.0,Actinic keratosis
CLM12179,D64.9,Anemia
CLM12179,N18.3,Chronic kidney disease stage 3
CLM12180,F41.1,Generalized anxiety disorder
CLM12180,I10,Essential hypertension
CLM12181,R50.9,Fever
CLM12181,J06.9,Upper respiratory infection
CLM12182,I25.10,Coronary artery disease
CLM12183,F31.9,Bipolar disorder
CLM12183,F43.10,Post-traumatic stress disorder
CLM12183,F41.1,Generalized anxiety disorder
CLM12184,S52.501A,Fracture of radius
CLM12185,Z51.11,Encounter for chemotherapy
CLM12186,E03.9,Hypothyroidism
CLM12186,E11.65,Type 2 diabetes with hyperglycemia
CLM12187,C61,Prostate cancer
CLM12188,M25.561,Pain in right knee
CLM12189,F90.0,ADHD
CLM12190,R07.9,Chest pain
CLM12191,E78.5,Hyperlipidemia
CLM12192,I50.9,Heart failure
CLM12192,I10,Essential hypertension
CLM12193,J18.9,Pneumonia
CLM12193,S06.0X0A,Concussion
CLM12194,E78.5,Hyperlipidemia
CLM12194,N18.3,Chronic kidney disease stage 3
CLM12195,C34.90,Lung cancer
CLM12196,Z00.00,Routine adult health exam
CLM12196,J10.1,Influenza with pneumonia
CLM12197,E11.9,Type 2 diabetes mellitus
CLM12198,J20.9,Acute bronchitis
CLM12198,M54.5,Low back pain
CLM12199,Z00.00,Routine adult health exam
CLM12199,D64.9,Anemia
CLM12199,E78.5,Hyperlipidemia
CLM12200,E03.9,Hypothyroidism
CLM12200,E78.5,Hyperlipidemia
CLM12201,Z00.00,Routine adult health exam
CLM12202,I10,Essential hypertension
CLM12202,J10.1,Influenza with pneumonia
CLM12203,E78.5,Hyperlipidemia
CLM12204,E11.9,Type 2 diabetes mellitus
CLM12205,N80.9,Endometriosis
CLM12205,N92.0,Heavy menstrual bleeding
CLM12206,E03.9,Hypothyroidism
CLM12207,Z00.00,Routine adult health exam
CLM12208,J45.909,Asthma
CLM12208,R50.9,Fever
CLM12209,N39.0,UTI
CLM12210,M25.561,Pain in right knee
CLM12211,L30.9,Dermatitis
CLM12212,I25.10,Coronary artery disease
CLM12213,M54.5,Low back pain
CLM12214,F41.1,Generalized anxiety disorder
CLM12214,E78.5,Hyperlipidemia
CLM12215,D64.9,Anemia
CLM12215,K21.9,Gastroesophageal reflux disease
CLM12216,L30.9,Dermatitis
CLM12217,J06.9,Upper respiratory infection
CLM12218,M75.101,Rotator cuff tear
CLM12218,S83.511A,ACL sprain of right knee
CLM12219,E78.5,Hyperlipidemia
CLM12220,Z00.00,Routine adult health exam
CLM12221,C50.911,Breast cancer
CLM12222,Z00.00,Routine adult health exam
CLM12223,J18.9,Pneumonia
CLM12224,G47.33,Obstructive sleep apnea
CLM12224,J44.9,COPD
CLM12225,J20.9,Acute bronchitis
CLM12226,F90.0,ADHD
CLM12227,E11.9,Type 2 diabetes mellitus
CLM12228,I50.9,Heart failure
CLM12228,R07.9,Chest pain
CLM12228,I25.10,Coronary artery disease
CLM12229,E05.90,Hyperthyroidism
CLM12230,K21.9,Gastroesophageal reflux disease
CLM12230,E11.9,Type 2 diabetes mellitus
CLM12231,Z00.00,Routine adult health exam
CLM12232,J06.9,Upper respiratory infection
CLM12232,J20.9,Acute bronchitis
CLM12233,G47.33,Obstructive sleep apnea
CLM12233,J18.9,Pneumonia
CLM12234,N39.0,UTI
CLM12234,F41.1,Generalized anxiety disorder
CLM12235,N18.3,Chronic kidney disease stage 3
CLM12235,I10,Essential hypertension
CLM12236,Z00.129,Routine child health exam
CLM12237,I10,Essential hypertension
CLM12238,M17.11,Osteoarthritis of right knee
CLM12239,F41.1,Generalized anxiety disorder
CLM12239,Z00.00,Routine adult health exam
CLM12239,J20.9,Acute bronchitis
CLM12240,J18.9,Pneumonia
CLM12240,S52.501A,Fracture of radius
CLM12241,D64.9,Anemia
CLM12241,C18.9,Colon cancer
CLM12242,L20.9,Atopic dermatitis
CLM12242,J06.9,Upper respiratory infection
CLM12243,J44.9,COPD
CLM12243,G47.33,Obstructive sleep apnea
CLM12243,J18.9,Pneumonia
CLM12244,J06.9,Upper respiratory infection
CLM12245,Z34.90,Normal pregnancy supervision
CLM12246,E78.5,Hyperlipidemia
CLM12247,L20.9,Atopic dermatitis
CLM12247,J06.9,Upper respiratory infection
CLM12247,R50.9,Fever
CLM12248,F41.1,Generalized anxiety disorder
CLM12249,S83.511A,ACL sprain of right knee
CLM12250,I10,Essential hypertension
CLM12251,Z00.00,Routine adult health exam
CLM12251,E11.9,Type 2 diabetes mellitus
CLM12252,E11.9,Type 2 diabetes mellitus
CLM12252,K21.9,Gastroesophageal reflux disease
CLM12253,F32.9,Major depressive disorder
CLM12254,E03.9,Hypothyroidism
CLM12255,G47.33,Obstructive sleep apnea
CLM12256,S06.0X0A,Concussion
CLM12256,J18.9,Pneumonia
CLM12257,N92.0,Heavy menstrual bleeding
CLM12258,C18.9,Colon cancer
CLM12259,E11.9,Type 2 diabetes mellitus
CLM12260,I25.10,Coronary artery disease
CLM12261,M17.11,Osteoarthritis of right knee
CLM12261,M25.561,Pain in right knee
CLM12262,D64.9,Anemia
CLM12263,R55,Syncope
CLM12263,J18.9,Pneumonia
CLM12263,R07.9,Chest pain
CLM12264,F43.10,Post-traumatic stress disorder
CLM12264,F31.9,Bipolar disorder
CLM12264,F90.0,ADHD
CLM12265,E05.90,Hyperthyroidism
CLM12266,M54.5,Low back pain
CLM12267,R07.9,Chest pain
CLM12268,D64.9,Anemia
CLM12268,N18.3,Chronic kidney disease stage 3
CLM12269,C50.911,Breast cancer
CLM12270,I48.91,Atrial fibrillation
CLM12271,E78.5,Hyperlipidemia
CLM12272,R50.9,Fever
CLM12273,L70.0,Acne vulgaris
CLM12274,L57.0,Actinic keratosis
CLM12274,L40.0,Psoriasis
CLM12274,D22.9,Melanocytic nevus
CLM12275,Z01.419,Routine gynecological exam
CLM12275,N80.9,Endometriosis
CLM12276,E78.5,Hyperlipidemia
CLM12277,J20.9,Acute bronchitis
CLM12277,E11.9,Type 2 diabetes mellitus
CLM12278,N39.0,UTI
CLM12278,Z00.00,Routine adult health exam
CLM12278,I10,Essential hypertension
CLM12279,I48.91,Atrial fibrillation
CLM12280,E11.65,Type 2 diabetes with hyperglycemia
CLM12281,E03.9,Hypothyroidism
CLM12282,J44.9,COPD
CLM12282,G47.33,Obstructive sleep apnea
CLM12283,I50.9,Heart failure
CLM12283,I25.10,Coronary artery disease
CLM12284,J18.9,Pneumonia
CLM12285,E11.9,Type 2 diabetes mellitus
CLM12285,J10.1,Influenza with pneumonia
CLM12285,Z00.00,Routine adult health exam
CLM12286,E66.9,Obesity
CLM12286,E03.9,Hypothyroidism
CLM12287,Z01.419,Routine gynecological exam
CLM12288,I50.9,Heart failure
CLM12289,E11.65,Type 2 diabetes with hyperglycemia
CLM12290,J20.9,Acute bronchitis
CLM12291,D64.9,Anemia
CLM12292,F41.1,Generalized anxiety disorder
CLM12292,F90.0,ADHD
CLM12293,N18.3,Chronic kidney disease stage 3
CLM12294,I48.91,Atrial fibrillation
CLM12294,R07.9,Chest pain
CLM12295,E03.9,Hypothyroidism
CLM12295,I10,Essential hypertension
CLM12296,R07.9,Chest pain
CLM12296,E78.5,Hyperlipidemia
CLM12296,I10,Essential hypertension
CLM12297,M17.11,Osteoarthritis of right knee
CLM12298,F32.9,Major depressive disorder
CLM12299,N39.0,UTI
CLM12299,J10.1,Influenza with pneumonia
CLM12300,M17.11,Osteoarthritis of right knee
CLM12301,E78.5,Hyperlipidemia
CLM12301,N39.0,UTI
CLM12302,R55,Syncope
CLM12303,E78.5,Hyperlipidemia
CLM12303,F41.1,Generalized anxiety disorder
CLM12303,N39.0,UTI
CLM12304,F41.1,Generalized anxiety disorder
CLM12305,E11.9,Type 2 diabetes mellitus
CLM12305,N39.0,UTI
CLM12306,M25.561,Pain in right knee
CLM12307,F41.1,Generalized anxiety disorder
CLM12307,J06.9,Upper respiratory infection
CLM12308,D22.9,Melanocytic nevus
CLM12308,L40.0,Psoriasis
CLM12308,L30.9,Dermatitis
CLM12309,F31.9,Bipolar disorder
CLM12309,F32.9,Major depressive disorder
CLM12310,K21.9,Gastroesophageal reflux disease
CLM12310,E78.5,Hyperlipidemia
CLM12311,J44.9,COPD
CLM12312,I10,Essential hypertension
CLM12312,I25.10,Coronary artery disease
CLM12313,J45.909,Asthma
CLM12313,H66.90,Otitis media
CLM12314,Z00.129,Routine child health exam
CLM12315,E03.9,Hypothyroidism
CLM12315,E11.9,Type 2 diabetes mellitus
CLM12316,R55,Syncope
CLM12316,J18.9,Pneumonia
CLM12317,E11.9,Type 2 diabetes mellitus
CLM12318,I25.10,Coronary artery disease
CLM12319,F41.1,Generalized anxiety disorder
CLM12319,Z00.00,Routine adult health exam
CLM12320,S52.501A,Fracture of radius
CLM12320,R10.9,Abdominal pain
CLM12321,Z00.00,Routine adult health exam
CLM12322,I10,Essential hypertension
CLM12323,R07.9,Chest pain
CLM12323,S06.0X0A,Concussion
CLM12324,K21.9,Gastroesophageal reflux disease
CLM12324,N18.3,Chronic kidney disease stage 3
CLM12325,J10.1,Influenza with pneumonia
CLM12326,I10,Essential hypertension
CLM12326,R07.9,Chest pain
CLM12326,I25.10,Coronary artery disease
CLM12327,D64.9,Anemia
CLM12328,S83.511A,ACL sprain of right knee
CLM12328,M54.5,Low back pain
CLM12329,G47.33,Obstructive sleep apnea
CLM12329,J44.9,COPD
CLM12330,L20.9,Atopic dermatitis
CLM12331,I25.10,Coronary artery disease
CLM12332,D22.9,Melanocytic nevus
CLM12332,L70.0,Acne vulgaris
CLM12332,L57.0,Actinic keratosis
CLM12333,L57.0,Actinic keratosis
CLM12333,D22.9,Melanocytic nevus
CLM12334,J06.9,Upper respiratory infection
CLM12334,E11.9,Type 2 diabetes mellitus
CLM12335,L30.9,Dermatitis
CLM12335,L70.0,Acne vulgaris
CLM12336,F43.10,Post-traumatic stress disorder
CLM12337,J10.1,Influenza with pneumonia
CLM12338,L20.9,Atopic dermatitis
CLM12339,Z51.11,Encounter for chemotherapy
CLM12340,M54.5,Low back pain
CLM12340,M17.11,Osteoarthritis of right knee
CLM12341,Z00.00,Routine adult health exam
CLM12341,E11.9,Type 2 diabetes mellitus
CLM12342,E78.5,Hyperlipidemia
CLM12342,M54.5,Low back pain
CLM12343,I10,Essential hypertension
CLM12343,J20.9,Acute bronchitis
CLM12343,J06.9,Upper respiratory infection
CLM12344,I10,Essential hypertension
CLM12344,I50.9,Heart failure
CLM12345,I10,Essential hypertension
CLM12345,Z00.00,Routine adult health exam
CLM12345,J06.9,Upper respiratory infection
CLM12346,I10,Essential hypertension
CLM12347,E78.5,Hyperlipidemia
CLM12348,D64.9,Anemia
CLM12349,J20.9,Acute bronchitis
CLM12349,E11.9,Type 2 diabetes mellitus
CLM12350,N39.0,UTI
CLM12351,R07.9,Chest pain
CLM12352,I25.10,Coronary artery disease
CLM12353,E78.5,Hyperlipidemia
CLM12353,M54.5,Low back pain
CLM12354,F90.0,ADHD
CLM12355,M17.11,Osteoarthritis of right knee
CLM12356,L57.0,Actinic keratosis
CLM12357,R55,Syncope
CLM12357,R10.9,Abdominal pain
CLM12358,K21.9,Gastroesophageal reflux disease
CLM12359,J45.909,Asthma
CLM12360,F32.9,Major depressive disorder
CLM12360,F31.9,Bipolar disorder
CLM12361,E11.9,Type 2 diabetes mellitus
CLM12362,Z00.00,Routine adult health exam
CLM12362,J20.9,Acute bronchitis
CLM12363,J20.9,Acute bronchitis
CLM12363,M54.5,Low back pain
CLM12364,I25.10,Coronary artery disease
CLM12364,R07.9,Chest pain
CLM12365,I10,Essential hypertension
CLM12366,L40.0,Psoriasis
CLM12366,D22.9,Melanocytic nevus
CLM12367,F41.1,Generalized anxiety disorder
CLM12367,I10,Essential hypertension
CLM12368,S52.501A,Fracture of radius
CLM12369,M17.11,Osteoarthritis of right knee
CLM12370,F41.1,Generalized anxiety disorder
CLM12371,I50.9,Heart failure
CLM12372,F41.1,Generalized anxiety disorder
CLM12373,S83.511A,ACL sprain of right knee
CLM12374,J06.9,Upper respiratory infection
CLM12375,E11.9,Type 2 diabetes mellitus
CLM12376,J18.9,Pneumonia
CLM12377,F41.1,Generalized anxiety disorder
CLM12377,J10.1,Influenza with pneumonia
CLM12378,R07.9,Chest pain
CLM12379,J44.9,COPD
CLM12380,J06.9,Upper respiratory infection
CLM12381,E03.9,Hypothyroidism
CLM12381,K21.9,Gastroesophageal reflux disease
CLM12382,E11.65,Type 2 diabetes with hyperglycemia
CLM12383,M17.11,Osteoarthritis of right knee
CLM12383,M54.5,Low back pain
CLM12384,M75.101,Rotator cuff tear
CLM12385,I10,Essential hypertension
CLM12385,N18.3,Chronic kidney disease stage 3
CLM12386,E11.9,Type 2 diabetes mellitus
CLM12387,E11.9,Type 2 diabetes mellitus
CLM12388,C18.9,Colon cancer
CLM12388,C34.90,Lung cancer
CLM12389,Z00.00,Routine adult health exam
CLM12390,N18.3,Chronic kidney disease stage 3
CLM12390,E78.5,Hyperlipidemia
CLM12390,D64.9,Anemia
CLM12391,H66.90,Otitis media
CLM12392,Z01.419,Routine gynecological exam
CLM12392,N92.0,Heavy menstrual bleeding
CLM12393,E05.90,Hyperthyroidism
CLM12394,I25.10,Coronary artery disease
CLM12395,I10,Essential hypertension
CLM12395,I50.9,Heart failure
CLM12396,I10,Essential hypertension
CLM12397,J44.9,COPD
CLM12398,R50.9,Fever
CLM12399,F41.1,Generalized anxiety disorder
CLM12399,E78.5,Hyperlipidemia
CLM12400,E03.9,Hypothyroidism
CLM12400,E78.5,Hyperlipidemia
CLM12401,J06.9,Upper respiratory infection
CLM12401,E11.9,Type 2 diabetes mellitus
CLM12401,J20.9,Acute bronchitis
CLM12402,J06.9,Upper respiratory infection
CLM12403,Z00.00,Routine adult health exam
CLM12403,M54.5,Low back pain
CLM12404,Z00.00,Routine adult health exam
CLM12405,J06.9,Upper respiratory infection
CLM12406,D22.9,Melanocytic nevus
CLM12407,E78.5,Hyperlipidemia
CLM12408,J10.1,Influenza with pneumonia
CLM12408,N39.0,UTI
CLM12409,J18.9,Pneumonia
CLM12410,M54.5,Low back pain
CLM12411,J06.9,Upper respiratory infection
CLM12412,Z51.11,Encounter for chemotherapy
CLM12413,N92.0,Heavy menstrual bleeding
CLM12414,I10,Essential hypertension
CLM12415,J06.9,Upper respiratory infection
CLM12416,I10,Essential hypertension
CLM12417,L40.0,Psoriasis
CLM12417,D22.9,Melanocytic nevus
CLM12418,F43.10,Post-traumatic stress disorder
CLM12418,F32.9,Major depressive disorder
CLM12418,F90.0,ADHD
CLM12419,F41.1,Generalized anxiety disorder
CLM12420,M54.5,Low back pain
CLM12420,E11.9,Type 2 diabetes mellitus
CLM12421,L70.0,Acne vulgaris
CLM12422,D22.9,Melanocytic nevus
CLM12423,E78.5,Hyperlipidemia
CLM12424,R10.9,Abdominal pain
CLM12425,R07.9,Chest pain
CLM12426,F41.1,Generalized anxiety disorder
CLM12427,E03.9,Hypothyroidism
CLM12428,N80.9,Endometriosis
CLM12429,E11.9,Type 2 diabetes mellitus
CLM12429,E03.9,Hypothyroidism
CLM12430,L57.0,Actinic keratosis
CLM12430,L30.9,Dermatitis
CLM12431,F41.1,Generalized anxiety disorder
CLM12432,I10,Essential hypertension
CLM12433,I25.10,Coronary artery disease
CLM12434,N39.0,UTI
CLM12434,J06.9,Upper respiratory infection
CLM12434,J10.1,Influenza with pneumonia
CLM12435,M75.101,Rotator cuff tear
CLM12436,E78.5,Hyperlipidemia
CLM12436,K21.9,Gastroesophageal reflux disease
CLM12436,Z00.00,Routine adult health exam
CLM12437,C61,Prostate cancer
CLM12437,C50.911,Breast cancer
CLM12438,S83.511A,ACL sprain of right knee
CLM12439,J18.9,Pneumonia
CLM12440,L70.0,Acne vulgaris
CLM12440,L40.0,Psoriasis
CLM12440,L57.0,Actinic keratosis
CLM12441,J45.909,Asthma
CLM12441,J06.9,Upper respiratory infection
CLM12442,K21.9,Gastroesophageal reflux disease
CLM12443,F41.1,Generalized anxiety disorder
CLM12443,J06.9,Upper respiratory infection
CLM12444,E11.9,Type 2 diabetes mellitus
CLM12444,Z00.00,Routine adult health exam
CLM12445,J45.909,Asthma
CLM12445,G47.33,Obstructive sleep apnea
CLM12446,O24.410,Gestational diabetes
CLM12446,Z34.90,Normal pregnancy supervision
CLM12447,J06.9,Upper respiratory infection
CLM12447,J45.909,Asthma
CLM12448,R55,Syncope
CLM12449,E11.9,Type 2 diabetes mellitus
CLM12450,F41.1,Generalized anxiety disorder
CLM12451,L20.9,Atopic dermatitis
CLM12452,C18.9,Colon cancer
CLM12452,C50.911,Breast cancer
CLM12453,S83.511A,ACL sprain of right knee
CLM12454,E11.9,Type 2 diabetes mellitus
CLM12454,E78.5,Hyperlipidemia
CLM12455,J20.9,Acute bronchitis
CLM12456,C61,Prostate cancer
CLM12456,C18.9,Colon cancer
CLM12457,J02.0,Streptococcal pharyngitis
CLM12458,F41.1,Generalized anxiety disorder
CLM12458,J10.1,Influenza with pneumonia
CLM12459,R10.9,Abdominal pain
CLM12459,R55,Syncope
CLM12460,S06.0X0A,Concussion
CLM12460,S52.501A,Fracture of radius
CLM12461,J45.909,Asthma
CLM12462,J06.9,Upper respiratory infection
CLM12463,R07.9,Chest pain
CLM12463,E78.5,Hyperlipidemia
CLM12464,F90.0,ADHD
CLM12465,F90.0,ADHD
CLM12466,L70.0,Acne vulgaris
CLM12467,J06.9,Upper respiratory infection
CLM12467,I10,Essential hypertension
CLM12467,F41.1,Generalized anxiety disorder
CLM12468,S52.501A,Fracture of radius
CLM12468,J18.9,Pneumonia
CLM12469,J10.1,Influenza with pneumonia
CLM12469,J06.9,Upper respiratory infection
CLM12470,I50.9,Heart failure
CLM12471,I50.9,Heart failure
CLM12471,I48.91,Atrial fibrillation
CLM12472,E03.9,Hypothyroidism
CLM12473,Z00.00,Routine adult health exam
CLM12473,E78.5,Hyperlipidemia
CLM12474,J20.9,Acute bronchitis
CLM12474,E78.5,Hyperlipidemia
CLM12475,Z00.00,Routine adult health exam
CLM12476,C50.911,Breast cancer
CLM12476,C34.90,Lung cancer
CLM12477,J06.9,Upper respiratory infection
CLM12478,E78.5,Hyperlipidemia
CLM12478,I25.10,Coronary artery disease
CLM12479,L70.0,Acne vulgaris
CLM12479,L57.0,Actinic keratosis
CLM12479,D22.9,Melanocytic nevus
CLM12480,L40.0,Psoriasis
CLM12481,R07.9,Chest pain
CLM12481,I25.10,Coronary artery disease
CLM12481,I50.9,Heart failure
CLM12482,L40.0,Psoriasis
CLM12483,R07.9,Chest pain
CLM12484,S52.501A,Fracture of radius
CLM12485,F90.0,ADHD
CLM12486,I25.10,Coronary artery disease
CLM12487,E11.9,Type 2 diabetes mellitus
CLM12488,M54.5,Low back pain
CLM12489,R55,Syncope
CLM12489,S06.0X0A,Concussion
CLM12490,Z00.00,Routine adult health exam
CLM12491,K21.9,Gastroesophageal reflux disease
CLM12492,R50.9,Fever
CLM12493,N80.9,Endometriosis
CLM12493,N92.0,Heavy menstrual bleeding
CLM12494,J45.909,Asthma
CLM12495,D22.9,Melanocytic nevus
CLM12495,L40.0,Psoriasis
CLM12496,I10,Essential hypertension
CLM12496,M54.5,Low back pain
CLM12496,J20.9,Acute bronchitis
CLM12497,D64.9,Anemia
CLM12498,E78.5,Hyperlipidemia
CLM12499,M54.5,Low back pain
CLM12499,J06.9,Upper respiratory infection
CLM12499,F41.1,Generalized anxiety disorder
CLM12500,N18.3,Chronic kidney disease stage 3
CLM12501,F32.9,Major depressive disorder
CLM12502,R55,Syncope
CLM12503,D64.9,Anemia
CLM12504,J06.9,Upper respiratory infection
CLM12505,J06.9,Upper respiratory infection
CLM12506,F31.9,Bipolar disorder
CLM12507,S52.501A,Fracture of radius
CLM12507,S06.0X0A,Concussion
CLM12508,Z00.00,Routine adult health exam
CLM12509,I10,Essential hypertension
CLM12510,E11.65,Type 2 diabetes with hyperglycemia
CLM12510,E11.9,Type 2 diabetes mellitus
CLM12511,M54.5,Low back pain
CLM12511,M17.11,Osteoarthritis of right knee
CLM12512,E05.90,Hyperthyroidism
CLM12512,E11.9,Type 2 diabetes mellitus
CLM12512,E03.9,Hypothyroidism
CLM12513,F43.10,Post-traumatic stress disorder
CLM12514,M17.11,Osteoarthritis of right knee
CLM12514,M54.5,Low back pain
CLM12515,R07.9,Chest pain
CLM12516,F41.1,Generalized anxiety disorder
CLM12517,F43.10,Post-traumatic stress disorder
CLM12517,F41.1,Generalized anxiety disorder
CLM12518,S52.501A,Fracture of radius
CLM12519,E03.9,Hypothyroidism
CLM12520,I10,Essential hypertension
CLM12520,E78.5,Hyperlipidemia
CLM12520,Z00.00,Routine adult health exam
CLM12521,R07.9,Chest pain
CLM12521,S52.501A,Fracture of radius
CLM12522,J06.9,Upper respiratory infection
CLM12523,N18.3,Chronic kidney disease stage 3
CLM12524,H66.90,Otitis media
CLM12524,J06.9,Upper respiratory infection
CLM12525,F41.1,Generalized anxiety disorder
CLM12525,F43.10,Post-traumatic stress disorder
CLM12526,E78.5,Hyperlipidemia
CLM12527,I50.9,Heart failure
CLM12528,R07.9,Chest pain
CLM12528,J18.9,Pneumonia
CLM12528,S52.501A,Fracture of radius
CLM12529,I10,Essential hypertension
CLM12529,N39.0,UTI
CLM12530,J10.1,Influenza with pneumonia
CLM12530,M54.5,Low back pain
CLM12530,J20.9,Acute bronchitis
CLM12531,J06.9,Upper respiratory infection
CLM12532,J10.1,Influenza with pneumonia
CLM12532,J20.9,Acute bronchitis
CLM12533,F41.1,Generalized anxiety disorder
CLM12534,M17.11,Osteoarthritis of right knee
CLM12534,M54.5,Low back pain
CLM12535,D64.9,Anemia
CLM12535,C18.9,Colon cancer
CLM12536,M54.5,Low back pain
CLM12536,M25.561,Pain in right knee
CLM12537,E78.5,Hyperlipidemia
CLM12538,J45.909,Asthma
CLM12539,R50.9,Fever
CLM12540,F90.0,ADHD
CLM12541,M25.561,Pain in right knee
CLM12541,M75.101,Rotator cuff tear
CLM12542,F41.1,Generalized anxiety disorder
CLM12543,E11.9,Type 2 diabetes mellitus
CLM12544,E11.9,Type 2 diabetes mellitus
CLM12545,R07.9,Chest pain
CLM12545,E78.5,Hyperlipidemia
CLM12546,M17.11,Osteoarthritis of right knee
CLM12546,M54.5,Low back pain
CLM12547,K21.9,Gastroesophageal reflux disease
CLM12548,N18.3,Chronic kidney disease stage 3
CLM12549,J06.9,Upper respiratory infection
CLM12550,J45.909,Asthma
CLM12550,G47.33,Obstructive sleep apnea
CLM12551,S52.501A,Fracture of radius
CLM12552,D64.9,Anemia
CLM12552,N18.3,Chronic kidney disease stage 3
CLM12553,F90.0,ADHD
CLM12553,F32.9,Major depressive disorder
CLM12553,F43.10,Post-traumatic stress disorder
CLM12554,R55,Syncope
CLM12554,J18.9,Pneumonia
CLM12555,Z34.90,Normal pregnancy supervision
CLM12556,K21.9,Gastroesophageal reflux disease
CLM12557,Z00.129,Routine child health exam
CLM12557,J45.909,Asthma
CLM12557,R50.9,Fever
CLM12558,M54.5,Low back pain
CLM12559,I10,Essential hypertension
CLM12560,L70.0,Acne vulgaris
CLM12561,E78.5,Hyperlipidemia
CLM12561,E11.9,Type 2 diabetes mellitus
CLM12562,R55,Syncope
CLM12563,E03.9,Hypothyroidism
CLM12563,E05.90,Hyperthyroidism
CLM12564,Z01.419,Routine gynecological exam
CLM12565,E03.9,Hypothyroidism
CLM12566,L40.0,Psoriasis
CLM12567,J45.909,Asthma
CLM12567,L20.9,Atopic dermatitis
CLM12568,F32.9,Major depressive disorder
CLM12569,M75.101,Rotator cuff tear
CLM12569,M17.11,Osteoarthritis of right knee
CLM12570,L40.0,Psoriasis
CLM12570,L30.9,Dermatitis
CLM12571,R55,Syncope
CLM12571,J18.9,Pneumonia
CLM12571,R10.9,Abdominal pain
CLM12572,Z00.00,Routine adult health exam
CLM12573,R07.9,Chest pain
CLM12574,E11.9,Type 2 diabetes mellitus
CLM12574,J10.1,Influenza with pneumonia
CLM12575,C18.9,Colon cancer
CLM12576,M25.561,Pain in right knee
CLM12577,E11.9,Type 2 diabetes mellitus
CLM12578,J18.9,Pneumonia
CLM12579,R10.9,Abdominal pain
CLM12579,J18.9,Pneumonia
CLM12579,S52.501A,Fracture of radius
CLM12580,Z00.00,Routine adult health exam
CLM12581,J06.9,Upper respiratory infection
CLM12582,N18.3,Chronic kidney disease stage 3
CLM12582,E03.9,Hypothyroidism
CLM12583,J06.9,Upper respiratory infection
CLM12583,R50.9,Fever
CLM12584,R07.9,Chest pain
CLM12585,J20.9,Acute bronchitis
CLM12586,C34.90,Lung cancer
CLM12586,C50.911,Breast cancer
CLM12587,C18.9,Colon cancer
CLM12587,C50.911,Breast cancer
CLM12587,C34.90,Lung cancer
CLM12588,M54.5,Low back pain
CLM12589,F41.1,Generalized anxiety disorder
CLM12590,E11.9,Type 2 diabetes mellitus
CLM12591,L57.0,Actinic keratosis
CLM12592,E03.9,Hypothyroidism
CLM12593,M54.5,Low back pain
CLM12594,L57.0,Actinic keratosis
CLM12594,L30.9,Dermatitis
CLM12595,D64.9,Anemia
CLM12595,E11.9,Type 2 diabetes mellitus
CLM12596,G47.33,Obstructive sleep apnea
CLM12597,S83.511A,ACL sprain of right knee
CLM12598,R07.9,Chest pain
CLM12598,S52.501A,Fracture of radius
CLM12599,E11.9,Type 2 diabetes mellitus
CLM12600,D64.9,Anemia
CLM12601,N39.0,UTI
CLM12601,M54.5,Low back pain
CLM12601,J20.9,Acute bronchitis
CLM12602,E78.5,Hyperlipidemia
CLM12602,Z00.00,Routine adult health exam
CLM12603,R07.9,Chest pain
CLM12604,E78.5,Hyperlipidemia
CLM12604,N39.0,UTI
CLM12605,L40.0,Psoriasis
CLM12605,L57.0,Actinic keratosis
CLM12606,I10,Essential hypertension
CLM12607,E78.5,Hyperlipidemia
CLM12607,I50.9,Heart failure
CLM12607,I48.91,Atrial fibrillation
CLM12608,E11.9,Type 2 diabetes mellitus
CLM12609,J20.9,Acute bronchitis
CLM12610,E78.5,Hyperlipidemia
CLM12611,I10,Essential hypertension
CLM12612,C61,Prostate cancer
CLM12612,C50.911,Breast cancer
CLM12613,M17.11,Osteoarthritis of right knee
CLM12613,M75.101,Rotator cuff tear
CLM12614,L40.0,Psoriasis
CLM12614,L57.0,Actinic keratosis
CLM12615,I25.10,Coronary artery disease
CLM12615,R07.9,Chest pain
CLM12615,I50.9,Heart failure
CLM12616,E78.5,Hyperlipidemia
CLM12617,R10.9,Abdominal pain
CLM12617,S52.501A,Fracture of radius
CLM12617,R07.9,Chest pain
CLM12618,L40.0,Psoriasis
CLM12619,E11.9,Type 2 diabetes mellitus
CLM12619,E66.9,Obesity
CLM12619,E05.90,Hyperthyroidism
CLM12620,F90.0,ADHD
CLM12621,C34.90,Lung cancer
CLM12621,C18.9,Colon cancer
CLM12622,E78.5,Hyperlipidemia
CLM12622,N39.0,UTI
CLM12623,R07.9,Chest pain
CLM12623,I50.9,Heart failure
CLM12624,F41.1,Generalized anxiety disorder
CLM12625,Z51.11,Encounter for chemotherapy
CLM12625,D64.9,Anemia
CLM12626,E78.5,Hyperlipidemia
CLM12626,E11.9,Type 2 diabetes mellitus
CLM12627,M54.5,Low back pain
CLM12628,L20.9,Atopic dermatitis
CLM12629,J06.9,Upper respiratory infection
CLM12630,E78.5,Hyperlipidemia
CLM12630,I25.10,Coronary artery disease
CLM12630,R07.9,Chest pain
CLM12631,F41.1,Generalized anxiety disorder
CLM12631,J10.1,Influenza with pneumonia
CLM12632,G47.33,Obstructive sleep apnea
CLM12632,J18.9,Pneumonia
CLM12633,E66.9,Obesity
CLM12633,E03.9,Hypothyroidism
CLM12634,C18.9,Colon cancer
CLM12635,J45.909,Asthma
CLM12636,E11.9,Type 2 diabetes mellitus
CLM12637,I10,Essential hypertension
CLM12638,R55,Syncope
CLM12639,I10,Essential hypertension
CLM12639,I25.10,Coronary artery disease
CLM12640,E66.9,Obesity
CLM12641,I48.91,Atrial fibrillation
CLM12641,I50.9,Heart failure
CLM12642,F43.10,Post-traumatic stress disorder
CLM12642,F90.0,ADHD
CLM12643,C18.9,Colon cancer
CLM12643,C34.90,Lung cancer
CLM12644,R10.9,Abdominal pain
CLM12644,R07.9,Chest pain
CLM12645,H66.90,Otitis media
CLM12646,L57.0,Actinic keratosis
CLM12646,L70.0,Acne vulgaris
CLM12646,L40.0,Psoriasis
CLM12647,M17.11,Osteoarthritis of right knee
CLM12648,Z00.129,Routine child health exam
CLM12648,J45.909,Asthma
CLM12649,I48.91,Atrial fibrillation
CLM12649,R07.9,Chest pain
CLM12649,I10,Essential hypertension
CLM12650,F41.1,Generalized anxiety disorder
CLM12651,E11.9,Type 2 diabetes mellitus
CLM12651,E78.5,Hyperlipidemia
CLM12652,S52.501A,Fracture of radius
CLM12652,R07.9,Chest pain
CLM12653,J10.1,Influenza with pneumonia
CLM12653,Z00.00,Routine adult health exam
CLM12654,J06.9,Upper respiratory infection
CLM12655,C61,Prostate cancer
CLM12655,Z51.11,Encounter for chemotherapy
CLM12656,L40.0,Psoriasis
CLM12657,Z00.129,Routine child health exam
CLM12657,J45.909,Asthma
CLM12658,F41.1,Generalized anxiety disorder
CLM12659,F90.0,ADHD
CLM12660,L20.9,Atopic dermatitis
CLM12660,R50.9,Fever
CLM12661,E11.9,Type 2 diabetes mellitus
CLM12662,F31.9,Bipolar disorder
CLM12663,E78.5,Hyperlipidemia
CLM12664,I50.9,Heart failure
CLM12664,I25.10,Coronary artery disease
CLM12664,R07.9,Chest pain
CLM12665,R50.9,Fever
CLM12666,J06.9,Upper respiratory infection
CLM12666,Z00.00,Routine adult health exam
CLM12667,S52.501A,Fracture of radius
CLM12667,R10.9,Abdominal pain
CLM12667,J18.9,Pneumonia
CLM12668,L20.9,Atopic dermatitis
CLM12668,Z00.129,Routine child health exam
CLM12669,J10.1,Influenza with pneumonia
CLM12670,K21.9,Gastroesophageal reflux disease
CLM12671,F43.10,Post-traumatic stress disorder
CLM12672,J10.1,Influenza with pneumonia
CLM12673,F43.10,Post-traumatic stress disorder
CLM12674,M54.5,Low back pain
CLM12674,J06.9,Upper respiratory infection
CLM12675,M75.101,Rotator cuff tear
CLM12676,E11.9,Type 2 diabetes mellitus
CLM12676,I10,Essential hypertension
CLM12677,M75.101,Rotator cuff tear
CLM12678,J45.909,Asthma
CLM12678,J02.0,Streptococcal pharyngitis
CLM12679,E78.5,Hyperlipidemia
CLM12680,C61,Prostate cancer
CLM12680,D64.9,Anemia
CLM12681,D64.9,Anemia
CLM12682,E78.5,Hyperlipidemia
CLM12682,M54.5,Low back pain
CLM12683,I50.9,Heart failure
CLM12684,S83.511A,ACL sprain of right knee
CLM12684,M17.11,Osteoarthritis of right knee
CLM12685,E11.9,Type 2 diabetes mellitus
CLM12686,N18.3,Chronic kidney disease stage 3
CLM12687,I10,Essential hypertension
CLM12688,S52.501A,Fracture of radius
CLM12689,N18.3,Chronic kidney disease stage 3
CLM12690,Z00.00,Routine adult health exam
CLM12691,L57.0,Actinic keratosis
CLM12692,M25.561,Pain in right knee
CLM12692,S83.511A,ACL sprain of right knee
CLM12693,Z00.00,Routine adult health exam
CLM12693,I10,Essential hypertension
CLM12693,E11.9,Type 2 diabetes mellitus
CLM12694,F41.1,Generalized anxiety disorder
CLM12695,M54.5,Low back pain
CLM12696,N80.9,Endometriosis
CLM12696,Z01.419,Routine gynecological exam
CLM12697,Z00.00,Routine adult health exam
CLM12697,E78.5,Hyperlipidemia
CLM12698,I10,Essential hypertension
CLM12699,I10,Essential hypertension
CLM12700,S83.511A,ACL sprain of right knee
CLM12701,Z01.419,Routine gynecological exam
CLM12701,Z34.90,Normal pregnancy supervision
CLM12701,O24.410,Gestational diabetes
CLM12702,L30.9,Dermatitis
CLM12703,J18.9,Pneumonia
CLM12703,R55,Syncope
CLM12704,M54.5,Low back pain
CLM12705,J10.1,Influenza with pneumonia
CLM12706,Z00.00,Routine adult health exam
CLM12707,E78.5,Hyperlipidemia
CLM12708,L20.9,Atopic dermatitis
CLM12709,S06.0X0A,Concussion
CLM12710,E11.9,Type 2 diabetes mellitus
CLM12710,E66.9,Obesity
CLM12710,E05.90,Hyperthyroidism
CLM12711,F43.10,Post-traumatic stress disorder
CLM12712,N39.0,UTI
CLM12713,E05.90,Hyperthyroidism
CLM12714,J06.9,Upper respiratory infection
CLM12714,N39.0,UTI
CLM12715,M54.5,Low back pain
CLM12715,E78.5,Hyperlipidemia
CLM12715,J06.9,Upper respiratory infection
CLM12716,J44.9,COPD
CLM12716,J45.909,Asthma
CLM12717,Z00.00,Routine adult health exam
CLM12718,E78.5,Hyperlipidemia
CLM12718,I48.91,Atrial fibrillation
CLM12719,R07.9,Chest pain
CLM12719,I25.10,Coronary artery disease
CLM12720,L70.0,Acne vulgaris
CLM12721,E78.5,Hyperlipidemia
CLM12721,I50.9,Heart failure
CLM12721,I25.10,Coronary artery disease
CLM12722,I48.91,Atrial fibrillation
CLM12722,E78.5,Hyperlipidemia
CLM12723,E78.5,Hyperlipidemia
CLM12724,E05.90,Hyperthyroidism
CLM12725,D64.9,Anemia
CLM12726,K21.9,Gastroesophageal reflux disease
CLM12727,Z51.11,Encounter for chemotherapy
CLM12727,C18.9,Colon cancer
CLM12728,I25.10,Coronary artery disease
CLM12729,K21.9,Gastroesophageal reflux disease
CLM12730,N18.3,Chronic kidney disease stage 3
CLM12731,I25.10,Coronary artery disease
CLM12732,R07.9,Chest pain
CLM12733,E11.9,Type 2 diabetes mellitus
CLM12733,J10.1,Influenza with pneumonia
CLM12734,C34.90,Lung cancer
CLM12735,D64.9,Anemia
CLM12735,N18.3,Chronic kidney disease stage 3
CLM12736,E11.9,Type 2 diabetes mellitus
CLM12736,I10,Essential hypertension
CLM12737,D22.9,Melanocytic nevus
CLM12738,E11.9,Type 2 diabetes mellitus
CLM12738,I10,Essential hypertension
CLM12739,R07.9,Chest pain
CLM12739,I50.9,Heart failure
CLM12739,I10,Essential hypertension
CLM12740,J20.9,Acute bronchitis
CLM12741,L30.9,Dermatitis
CLM12741,L70.0,Acne vulgaris
CLM12742,I25.10,Coronary artery disease
CLM12742,I50.9,Heart failure
CLM12742,I10,Essential hypertension
CLM12743,J18.9,Pneumonia
CLM12743,J45.909,Asthma
CLM12744,I10,Essential hypertension
CLM12745,E78.5,Hyperlipidemia
CLM12746,M54.5,Low back pain
CLM12746,E11.9,Type 2 diabetes mellitus
CLM12747,L70.0,Acne vulgaris
CLM12748,J10.1,Influenza with pneumonia
CLM12749,E78.5,Hyperlipidemia
CLM12750,M54.5,Low back pain
CLM12750,E78.5,Hyperlipidemia
CLM12751,J06.9,Upper respiratory infection
CLM12752,R55,Syncope
CLM12752,J18.9,Pneumonia
CLM12753,N39.0,UTI
CLM12753,J20.9,Acute bronchitis
CLM12754,J06.9,Upper respiratory infection
CLM12755,S06.0X0A,Concussion
CLM12756,I10,Essential hypertension
CLM12757,L30.9,Dermatitis
CLM12757,D22.9,Melanocytic nevus
CLM12758,D64.9,Anemia
CLM12759,F41.1,Generalized anxiety disorder
CLM12760,M54.5,Low back pain
CLM12761,N18.3,Chronic kidney disease stage 3
CLM12762,I48.91,Atrial fibrillation
CLM12763,R10.9,Abdominal pain
CLM12764,F31.9,Bipolar disorder
CLM12765,I48.91,Atrial fibrillation
CLM12766,I10,Essential hypertension
CLM12767,F41.1,Generalized anxiety disorder
CLM12767,M54.5,Low back pain
CLM12768,E11.9,Type 2 diabetes mellitus
CLM12768,Z00.00,Routine adult health exam
CLM12769,E78.5,Hyperlipidemia
CLM12770,E11.9,Type 2 diabetes mellitus
CLM12770,E11.65,Type 2 diabetes with hyperglycemia
CLM12770,E66.9,Obesity
CLM12771,J06.9,Upper respiratory infection
CLM12772,C61,Prostate cancer
CLM12773,M75.101,Rotator cuff tear
CLM12774,J18.9,Pneumonia
CLM12774,J44.9,COPD
CLM12775,R10.9,Abdominal pain
CLM12776,C61,Prostate cancer
CLM12777,R07.9,Chest pain
CLM12777,S06.0X0A,Concussion
CLM12778,R07.9,Chest pain
CLM12779,L30.9,Dermatitis
CLM12779,L40.0,Psoriasis
CLM12780,N18.3,Chronic kidney disease stage 3
CLM12780,D64.9,Anemia
CLM12781,J20.9,Acute bronchitis
CLM12782,R10.9,Abdominal pain
CLM12783,J45.909,Asthma
CLM12784,S06.0X0A,Concussion
CLM12784,J18.9,Pneumonia
CLM12784,R10.9,Abdominal pain
CLM12785,N18.3,Chronic kidney disease stage 3
CLM12786,L70.0,Acne vulgaris
CLM12786,L40.0,Psoriasis
CLM12787,E11.65,Type 2 diabetes with hyperglycemia
CLM12788,J45.909,Asthma
CLM12789,L57.0,Actinic keratosis
CLM12790,I10,Essential hypertension
CLM12790,M54.5,Low back pain
CLM12790,J10.1,Influenza with pneumonia
CLM12791,Z00.00,Routine adult health exam
CLM12791,I10,Essential hypertension
CLM12792,I10,Essential hypertension
CLM12793,D64.9,Anemia
CLM12794,E78.5,Hyperlipidemia
CLM12795,J06.9,Upper respiratory infection
CLM12795,J45.909,Asthma
CLM12796,I48.91,Atrial fibrillation
CLM12796,I50.9,Heart failure
CLM12797,F90.0,ADHD
CLM12798,R07.9,Chest pain
CLM12799,E11.9,Type 2 diabetes mellitus
CLM12799,M54.5,Low back pain
CLM12800,C61,Prostate cancer
CLM12801,E11.9,Type 2 diabetes mellitus
CLM12801,E03.9,Hypothyroidism
CLM12802,J10.1,Influenza with pneumonia
CLM12802,J06.9,Upper respiratory infection
CLM12803,E66.9,Obesity
CLM12804,K21.9,Gastroesophageal reflux disease
CLM12804,Z00.00,Routine adult health exam
CLM12805,F31.9,Bipolar disorder
CLM12805,F90.0,ADHD
CLM12805,F32.9,Major depressive disorder
CLM12806,L57.0,Actinic keratosis
CLM12807,E11.9,Type 2 diabetes mellitus
CLM12808,G47.33,Obstructive sleep apnea
CLM12808,J18.9,Pneumonia
CLM12809,H66.90,Otitis media
CLM12809,Z00.129,Routine child health exam
CLM12810,Z00.00,Routine adult health exam
CLM12811,M25.561,Pain in right knee
CLM12812,I10,Essential hypertension
CLM12813,J44.9,COPD
CLM12813,J45.909,Asthma
CLM12814,E78.5,Hyperlipidemia
CLM12815,L70.0,Acne vulgaris
CLM12816,C18.9,Colon cancer
CLM12817,I50.9,Heart failure
CLM12817,I10,Essential hypertension
CLM12817,R07.9,Chest pain
CLM12818,Z01.419,Routine gynecological exam
CLM12818,N80.9,Endometriosis
CLM12819,J45.909,Asthma
CLM12820,R50.9,Fever
CLM12820,H66.90,Otitis media
CLM12821,J20.9,Acute bronchitis
CLM12822,R07.9,Chest pain
CLM12822,S06.0X0A,Concussion
CLM12823,F41.1,Generalized anxiety disorder
CLM12823,F31.9,Bipolar disorder
CLM12823,F43.10,Post-traumatic stress disorder
CLM12824,D64.9,Anemia
CLM12825,I10,Essential hypertension
CLM12826,G47.33,Obstructive sleep apnea
CLM12827,R50.9,Fever
CLM12827,Z00.129,Routine child health exam
CLM12827,J45.909,Asthma
CLM12828,I50.9,Heart failure
CLM12828,I48.91,Atrial fibrillation
CLM12829,I25.10,Coronary artery disease
CLM12829,I48.91,Atrial fibrillation
CLM12830,C61,Prostate cancer
CLM12831,E66.9,Obesity
CLM12832,I10,Essential hypertension
CLM12833,J18.9,Pneumonia
CLM12833,J45.909,Asthma
CLM12834,S83.511A,ACL sprain of right knee
CLM12834,M17.11,Osteoarthritis of right knee
CLM12834,M75.101,Rotator cuff tear
CLM12835,E11.9,Type 2 diabetes mellitus
CLM12835,M54.5,Low back pain
CLM12835,F41.1,Generalized anxiety disorder
CLM12836,G47.33,Obstructive sleep apnea
CLM12836,J18.9,Pneumonia
CLM12837,F32.9,Major depressive disorder
CLM12838,Z00.00,Routine adult health exam
CLM12838,E11.9,Type 2 diabetes mellitus
CLM12839,F41.1,Generalized anxiety disorder
CLM12839,I10,Essential hypertension
CLM12840,M54.5,Low back pain
CLM12841,I10,Essential hypertension
CLM12842,F43.10,Post-traumatic stress disorder
CLM12843,J02.0,Streptococcal pharyngitis
CLM12844,E78.5,Hyperlipidemia
CLM12845,J20.9,Acute bronchitis
CLM12846,S83.511A,ACL sprain of right knee
CLM12846,M54.5,Low back pain
CLM12847,I48.91,Atrial fibrillation
CLM12848,J18.9,Pneumonia
CLM12849,N18.3,Chronic kidney disease stage 3
CLM12849,I10,Essential hypertension
CLM12849,Z00.00,Routine adult health exam
CLM12850,J10.1,Influenza with pneumonia
CLM12851,E66.9,Obesity
CLM12852,I10,Essential hypertension
CLM12853,I25.10,Coronary artery disease
CLM12854,J18.9,Pneumonia
CLM12855,F32.9,Major depressive disorder
CLM12856,J02.0,Streptococcal pharyngitis
CLM12857,F43.10,Post-traumatic stress disorder
CLM12857,F41.1,Generalized anxiety disorder
CLM12858,E78.5,Hyperlipidemia
CLM12858,K21.9,Gastroesophageal reflux disease
CLM12859,R07.9,Chest pain
CLM12859,I48.91,Atrial fibrillation
CLM12860,R50.9,Fever
CLM12861,N18.3,Chronic kidney disease stage 3
CLM12862,D64.9,Anemia
CLM12862,C61,Prostate cancer
CLM12862,C18.9,Colon cancer
CLM12863,J06.9,Upper respiratory infection
CLM12864,I10,Essential hypertension
CLM12864,N18.3,Chronic kidney disease stage 3
CLM12865,R10.9,Abdominal pain
CLM12865,S52.501A,Fracture of radius
CLM12866,R07.9,Chest pain
CLM12866,I25.10,Coronary artery disease
CLM12866,I48.91,Atrial fibrillation
CLM12867,E03.9,Hypothyroidism
CLM12867,N18.3,Chronic kidney disease stage 3
CLM12868,J18.9,Pneumonia
CLM12869,J44.9,COPD
CLM12870,F90.0,ADHD
CLM12871,L30.9,Dermatitis
CLM12872,E78.5,Hyperlipidemia
CLM12873,J45.909,Asthma
CLM12874,I25.10,Coronary artery disease
CLM12874,E78.5,Hyperlipidemia
CLM12875,J06.9,Upper respiratory infection
CLM12875,F41.1,Generalized anxiety disorder
CLM12875,J10.1,Influenza with pneumonia
CLM12876,J45.909,Asthma
CLM12876,G47.33,Obstructive sleep apnea
CLM12877,R55,Syncope
CLM12878,Z51.11,Encounter for chemotherapy
CLM12879,L40.0,Psoriasis
CLM12880,E11.9,Type 2 diabetes mellitus
CLM12881,N39.0,UTI
CLM12881,J10.1,Influenza with pneumonia
CLM12882,E03.9,Hypothyroidism
CLM12883,K21.9,Gastroesophageal reflux disease
CLM12884,E78.5,Hyperlipidemia
CLM12885,D64.9,Anemia
CLM12886,C34.90,Lung cancer
CLM12887,I50.9,Heart failure
CLM12887,I10,Essential hypertension
CLM12888,C61,Prostate cancer
CLM12889,I10,Essential hypertension
CLM12890,E11.9,Type 2 diabetes mellitus
CLM12891,I10,Essential hypertension
CLM12891,F41.1,Generalized anxiety disorder
CLM12892,F41.1,Generalized anxiety disorder
CLM12892,J06.9,Upper respiratory infection
CLM12893,J20.9,Acute bronchitis
CLM12894,R07.9,Chest pain
CLM12895,F32.9,Major depressive disorder
CLM12896,F41.1,Generalized anxiety disorder
CLM12896,F43.10,Post-traumatic stress disorder
CLM12897,F90.0,ADHD
CLM12898,C61,Prostate cancer
CLM12898,D64.9,Anemia
CLM12899,L40.0,Psoriasis
CLM12900,F41.1,Generalized anxiety disorder
CLM12900,F31.9,Bipolar disorder
CLM12900,F43.10,Post-traumatic stress disorder
CLM12901,D64.9,Anemia
CLM12902,C18.9,Colon cancer
CLM12902,C61,Prostate cancer
CLM12902,Z51.11,Encounter for chemotherapy
CLM12903,I10,Essential hypertension
CLM12903,I50.9,Heart failure
CLM12904,R10.9,Abdominal pain
CLM12904,J18.9,Pneumonia
CLM12905,J10.1,Influenza with pneumonia
CLM12906,D64.9,Anemia
CLM12906,C34.90,Lung cancer
CLM12907,F32.9,Major depressive disorder
CLM12908,Z51.11,Encounter for chemotherapy
CLM12908,D64.9,Anemia
CLM12909,I10,Essential hypertension
CLM12909,M54.5,Low back pain
CLM12910,R07.9,Chest pain
CLM12910,I48.91,Atrial fibrillation
CLM12911,E11.9,Type 2 diabetes mellitus
CLM12912,M25.561,Pain in right knee
CLM12913,F41.1,Generalized anxiety disorder
CLM12914,K21.9,Gastroesophageal reflux disease
CLM12915,I10,Essential hypertension
CLM12916,M54.5,Low back pain
CLM12917,E11.9,Type 2 diabetes mellitus
CLM12918,R55,Syncope
CLM12918,S52.501A,Fracture of radius
CLM12919,M54.5,Low back pain
CLM12920,E78.5,Hyperlipidemia
CLM12921,J18.9,Pneumonia
CLM12922,J45.909,Asthma
CLM12923,Z34.90,Normal pregnancy supervision
CLM12923,N80.9,Endometriosis
CLM12924,D64.9,Anemia
CLM12924,K21.9,Gastroesophageal reflux disease
CLM12925,E11.9,Type 2 diabetes mellitus
CLM12925,E11.65,Type 2 diabetes with hyperglycemia
CLM12926,I10,Essential hypertension
CLM12926,E11.9,Type 2 diabetes mellitus
CLM12927,G47.33,Obstructive sleep apnea
CLM12927,J18.9,Pneumonia
CLM12927,J44.9,COPD
CLM12928,E78.5,Hyperlipidemia
CLM12929,M17.11,Osteoarthritis of right knee
CLM12930,E03.9,Hypothyroidism
CLM12931,F43.10,Post-traumatic stress disorder
CLM12931,F41.1,Generalized anxiety disorder
CLM12931,F90.0,ADHD
CLM12932,N92.0,Heavy menstrual bleeding
CLM12932,Z01.419,Routine gynecological exam
CLM12932,O24.410,Gestational diabetes
CLM12933,E11.9,Type 2 diabetes mellitus
CLM12934,J20.9,Acute bronchitis
CLM12934,I10,Essential hypertension
CLM12935,E66.9,Obesity
CLM12936,M17.11,Osteoarthritis of right knee
CLM12937,E78.5,Hyperlipidemia
CLM12938,Z00.00,Routine adult health exam
CLM12938,F41.1,Generalized anxiety disorder
CLM12938,E78.5,Hyperlipidemia
CLM12939,J06.9,Upper respiratory infection
CLM12940,F41.1,Generalized anxiety disorder
CLM12941,I50.9,Heart failure
CLM12942,S83.511A,ACL sprain of right knee
CLM12942,M54.5,Low back pain
CLM12942,M25.561,Pain in right knee
CLM12943,L40.0,Psoriasis
CLM12943,D22.9,Melanocytic nevus
CLM12944,N39.0,UTI
CLM12945,I10,Essential hypertension
CLM12946,F31.9,Bipolar disorder
CLM12946,F90.0,ADHD
CLM12947,E03.9,Hypothyroidism
CLM12948,E03.9,Hypothyroidism
CLM12949,E11.9,Type 2 diabetes mellitus
CLM12949,K21.9,Gastroesophageal reflux disease
CLM12949,E78.5,Hyperlipidemia
CLM12950,J02.0,Streptococcal pharyngitis
CLM12950,Z00.129,Routine child health exam
CLM12951,J10.1,Influenza with pneumonia
CLM12951,I10,Essential hypertension
CLM12951,E78.5,Hyperlipidemia
CLM12952,M75.101,Rotator cuff tear
CLM12953,K21.9,Gastroesophageal reflux disease
CLM12954,C61,Prostate cancer
CLM12955,D22.9,Melanocytic nevus
CLM12956,I10,Essential hypertension
CLM12956,I48.91,Atrial fibrillation
CLM12956,E78.5,Hyperlipidemia
CLM12957,M54.5,Low back pain
CLM12957,M75.101,Rotator cuff tear
CLM12958,E11.9,Type 2 diabetes mellitus
CLM12958,J10.1,Influenza with pneumonia
CLM12959,C34.90,Lung cancer
CLM12960,C50.911,Breast cancer
CLM12960,Z51.11,Encounter for chemotherapy
CLM12961,N18.3,Chronic kidney disease stage 3
CLM12962,R07.9,Chest pain
CLM12963,Z01.419,Routine gynecological exam
CLM12964,J06.9,Upper respiratory infection
CLM12965,L57.0,Actinic keratosis
CLM12966,E78.5,Hyperlipidemia
CLM12966,E11.9,Type 2 diabetes mellitus
CLM12967,E11.9,Type 2 diabetes mellitus
CLM12967,M54.5,Low back pain
CLM12968,C50.911,Breast cancer
CLM12968,D64.9,Anemia
CLM12968,C18.9,Colon cancer
CLM12969,J44.9,COPD
CLM12970,C18.9,Colon cancer
CLM12971,R07.9,Chest pain
CLM12971,S52.501A,Fracture of radius
CLM12972,F90.0,ADHD
CLM12973,D22.9,Melanocytic nevus
CLM12974,J18.9,Pneumonia
CLM12975,K21.9,Gastroesophageal reflux disease
CLM12976,E03.9,Hypothyroidism
CLM12976,D64.9,Anemia
CLM12977,M75.101,Rotator cuff tear
CLM12978,R07.9,Chest pain
CLM12978,I48.91,Atrial fibrillation
CLM12979,J18.9,Pneumonia
CLM12980,I48.91,Atrial fibrillation
CLM12981,K21.9,Gastroesophageal reflux disease
CLM12982,S83.511A,ACL sprain of right knee
CLM12983,F31.9,Bipolar disorder
CLM12983,F43.10,Post-traumatic stress disorder
CLM12983,F32.9,Major depressive disorder
CLM12984,M54.5,Low back pain
CLM12985,K21.9,Gastroesophageal reflux disease
CLM12985,Z00.00,Routine adult health exam
CLM12986,R07.9,Chest pain
CLM12986,R10.9,Abdominal pain
CLM12987,R10.9,Abdominal pain
CLM12988,I50.9,Heart failure
CLM12989,F32.9,Major depressive disorder
CLM12989,F41.1,Generalized anxiety disorder
CLM12990,Z00.00,Routine adult health exam
CLM12991,I10,Essential hypertension
CLM12992,Z51.11,Encounter for chemotherapy
CLM12993,J45.909,Asthma
CLM12993,G47.33,Obstructive sleep apnea
CLM12994,J20.9,Acute bronchitis
CLM12994,E11.9,Type 2 diabetes mellitus
CLM12995,J06.9,Upper respiratory infection
CLM12995,J02.0,Streptococcal pharyngitis
CLM12995,Z00.129,Routine child health exam
CLM12996,F41.1,Generalized anxiety disorder
CLM12997,R07.9,Chest pain
CLM12998,Z00.00,Routine adult health exam
CLM12999,M17.11,Osteoarthritis of right knee
CLM13000,I10,Essential hypertension
CLM13001,J44.9,COPD
CLM13001,G47.33,Obstructive sleep apnea
CLM13002,L30.9,Dermatitis
CLM13002,L57.0,Actinic keratosis
CLM13003,R07.9,Chest pain
CLM13004,F41.1,Generalized anxiety disorder
CLM13005,J20.9,Acute bronchitis
CLM13005,J06.9,Upper respiratory infection
CLM13006,Z00.00,Routine adult health exam
CLM13006,I10,Essential hypertension
CLM13006,D64.9,Anemia
CLM13007,I48.91,Atrial fibrillation
CLM13008,L57.0,Actinic keratosis
CLM13009,K21.9,Gastroesophageal reflux disease
CLM13009,E78.5,Hyperlipidemia
CLM13009,Z00.00,Routine adult health exam
CLM13010,C61,Prostate cancer
CLM13011,Z00.00,Routine adult health exam
CLM13012,E03.9,Hypothyroidism
CLM13013,R50.9,Fever
CLM13013,Z00.129,Routine child health exam
CLM13014,Z00.00,Routine adult health exam
CLM13014,E03.9,Hypothyroidism
CLM13014,E11.9,Type 2 diabetes mellitus
CLM13015,R07.9,Chest pain
CLM13016,G47.33,Obstructive sleep apnea
CLM13016,J44.9,COPD
CLM13017,D22.9,Melanocytic nevus
CLM13018,C50.911,Breast cancer
CLM13019,E11.9,Type 2 diabetes mellitus
CLM13019,E66.9,Obesity
CLM13020,J45.909,Asthma
CLM13020,Z00.129,Routine child health exam
CLM13021,I10,Essential hypertension
CLM13022,S52.501A,Fracture of radius
CLM13022,R10.9,Abdominal pain
CLM13023,L57.0,Actinic keratosis
CLM13023,L70.0,Acne vulgaris
CLM13024,E11.9,Type 2 diabetes mellitus
CLM13025,I10,Essential hypertension
CLM13026,F90.0,ADHD
CLM13027,E11.9,Type 2 diabetes mellitus
CLM13028,I50.9,Heart failure
CLM13029,N80.9,Endometriosis
CLM13030,Z51.11,Encounter for chemotherapy
CLM13031,J18.9,Pneumonia
CLM13031,G47.33,Obstructive sleep apnea
CLM13031,J44.9,COPD
CLM13032,R07.9,Chest pain
CLM13033,J44.9,COPD
CLM13034,N18.3,Chronic kidney disease stage 3
CLM13035,E78.5,Hyperlipidemia
CLM13035,K21.9,Gastroesophageal reflux disease
CLM13036,N18.3,Chronic kidney disease stage 3
CLM13036,E11.9,Type 2 diabetes mellitus
CLM13037,E11.9,Type 2 diabetes mellitus
CLM13037,E11.65,Type 2 diabetes with hyperglycemia
CLM13038,Z00.00,Routine adult health exam
CLM13038,I10,Essential hypertension
CLM13039,M17.11,Osteoarthritis of right knee
CLM13040,E78.5,Hyperlipidemia
CLM13041,K21.9,Gastroesophageal reflux disease
CLM13042,I50.9,Heart failure
CLM13042,R07.9,Chest pain
CLM13043,H66.90,Otitis media
CLM13043,L20.9,Atopic dermatitis
CLM13044,E11.65,Type 2 diabetes with hyperglycemia
CLM13045,J10.1,Influenza with pneumonia
CLM13046,J45.909,Asthma
CLM13046,L20.9,Atopic dermatitis
CLM13046,Z00.129,Routine child health exam
CLM13047,M54.5,Low back pain
CLM13047,S83.511A,ACL sprain of right knee
CLM13048,J44.9,COPD
CLM13048,G47.33,Obstructive sleep apnea
CLM13049,E78.5,Hyperlipidemia
CLM13050,J45.909,Asthma
CLM13051,S06.0X0A,Concussion
CLM13051,R07.9,Chest pain
CLM13051,S52.501A,Fracture of radius
CLM13052,E11.9,Type 2 diabetes mellitus
CLM13053,E03.9,Hypothyroidism
CLM13054,F41.1,Generalized anxiety disorder
CLM13055,D22.9,Melanocytic nevus
CLM13055,L40.0,Psoriasis
CLM13056,L40.0,Psoriasis
CLM13057,M54.5,Low back pain
CLM13057,M25.561,Pain in right knee
CLM13058,I10,Essential hypertension
CLM13058,Z00.00,Routine adult health exam
CLM13059,R07.9,Chest pain
CLM13059,I50.9,Heart failure
CLM13060,Z00.00,Routine adult health exam
CLM13060,I10,Essential hypertension
CLM13060,E03.9,Hypothyroidism
CLM13061,E78.5,Hyperlipidemia
CLM13061,E11.9,Type 2 diabetes mellitus
CLM13062,E03.9,Hypothyroidism
CLM13062,Z00.00,Routine adult health exam
CLM13063,F90.0,ADHD
CLM13063,F41.1,Generalized anxiety disorder
CLM13063,F32.9,Major depressive disorder
CLM13064,F43.10,Post-traumatic stress disorder
CLM13065,N92.0,Heavy menstrual bleeding
CLM13065,Z34.90,Normal pregnancy supervision
CLM13065,Z01.419,Routine gynecological exam
CLM13066,E11.9,Type 2 diabetes mellitus
CLM13067,I10,Essential hypertension
CLM13068,G47.33,Obstructive sleep apnea
CLM13069,M54.5,Low back pain
CLM13069,E11.9,Type 2 diabetes mellitus
CLM13070,L57.0,Actinic keratosis
CLM13071,I48.91,Atrial fibrillation
CLM13072,L57.0,Actinic keratosis
CLM13072,L40.0,Psoriasis
CLM13073,E78.5,Hyperlipidemia
CLM13073,E11.9,Type 2 diabetes mellitus
CLM13074,S83.511A,ACL sprain of right knee
CLM13075,J10.1,Influenza with pneumonia
CLM13076,R55,Syncope
CLM13076,S52.501A,Fracture of radius
CLM13077,E11.65,Type 2 diabetes with hyperglycemia
CLM13078,E03.9,Hypothyroidism
CLM13079,E78.5,Hyperlipidemia
CLM13079,K21.9,Gastroesophageal reflux disease
CLM13080,G47.33,Obstructive sleep apnea
CLM13081,D64.9,Anemia
CLM13082,C18.9,Colon cancer
CLM13082,D64.9,Anemia
CLM13083,I50.9,Heart failure
CLM13083,I10,Essential hypertension
CLM13084,M54.5,Low back pain
CLM13085,I10,Essential hypertension
CLM13086,E11.65,Type 2 diabetes with hyperglycemia
CLM13086,E11.9,Type 2 diabetes mellitus
CLM13087,J06.9,Upper respiratory infection
CLM13088,Z00.00,Routine adult health exam
CLM13089,G47.33,Obstructive sleep apnea
CLM13090,Z00.00,Routine adult health exam
CLM13091,M54.5,Low back pain
CLM13091,F41.1,Generalized anxiety disorder
CLM13092,F41.1,Generalized anxiety disorder
CLM13093,J45.909,Asthma
CLM13094,J10.1,Influenza with pneumonia
CLM13095,I10,Essential hypertension
CLM13095,I48.91,Atrial fibrillation
CLM13096,L70.0,Acne vulgaris
CLM13097,J06.9,Upper respiratory infection
CLM13097,Z00.00,Routine adult health exam
CLM13098,F31.9,Bipolar disorder
CLM13099,D22.9,Melanocytic nevus
CLM13100,G47.33,Obstructive sleep apnea
CLM13101,J06.9,Upper respiratory infection
CLM13101,J45.909,Asthma
CLM13102,J44.9,COPD
CLM13103,M17.11,Osteoarthritis of right knee
CLM13103,M54.5,Low back pain
CLM13104,R10.9,Abdominal pain
CLM13105,R50.9,Fever
CLM13106,J45.909,Asthma
CLM13107,M17.11,Osteoarthritis of right knee
CLM13107,M25.561,Pain in right knee
CLM13108,J06.9,Upper respiratory infection
CLM13109,M54.5,Low back pain
CLM13109,M17.11,Osteoarthritis of right knee
CLM13110,M75.101,Rotator cuff tear
CLM13111,K21.9,Gastroesophageal reflux disease
CLM13111,I10,Essential hypertension
CLM13112,R55,Syncope
CLM13113,E78.5,Hyperlipidemia
CLM13113,E11.9,Type 2 diabetes mellitus
CLM13114,R07.9,Chest pain
CLM13114,I50.9,Heart failure
CLM13115,I48.91,Atrial fibrillation
CLM13116,F41.1,Generalized anxiety disorder
CLM13116,E11.9,Type 2 diabetes mellitus
CLM13117,C34.90,Lung cancer
CLM13117,Z51.11,Encounter for chemotherapy
CLM13118,Z00.00,Routine adult health exam
CLM13118,I10,Essential hypertension
CLM13119,R50.9,Fever
CLM13119,J06.9,Upper respiratory infection
CLM13120,M25.561,Pain in right knee
CLM13121,K21.9,Gastroesophageal reflux disease
CLM13122,J18.9,Pneumonia
CLM13123,N80.9,Endometriosis
CLM13124,I50.9,Heart failure
CLM13125,E11.9,Type 2 diabetes mellitus
CLM13125,D64.9,Anemia
CLM13126,E78.5,Hyperlipidemia
CLM13127,J06.9,Upper respiratory infection
CLM13127,Z00.129,Routine child health exam
CLM13127,J45.909,Asthma
CLM13128,M25.561,Pain in right knee
CLM13129,C61,Prostate cancer
CLM13129,C18.9,Colon cancer
CLM13130,Z51.11,Encounter for chemotherapy
CLM13130,C34.90,Lung cancer
CLM13131,M17.11,Osteoarthritis of right knee
CLM13132,R07.9,Chest pain
CLM13132,I50.9,Heart failure
CLM13133,I10,Essential hypertension
CLM13133,E11.9,Type 2 diabetes mellitus
CLM13134,E11.9,Type 2 diabetes mellitus
CLM13134,I10,Essential hypertension
CLM13134,F41.1,Generalized anxiety disorder
CLM13135,F41.1,Generalized anxiety disorder
CLM13136,D64.9,Anemia
CLM13137,L40.0,Psoriasis
CLM13138,C34.90,Lung cancer
CLM13139,J06.9,Upper respiratory infection
CLM13139,F41.1,Generalized anxiety disorder
CLM13140,I10,Essential hypertension
CLM13140,R07.9,Chest pain
CLM13141,E03.9,Hypothyroidism
CLM13142,N18.3,Chronic kidney disease stage 3
CLM13142,E78.5,Hyperlipidemia
CLM13143,F41.1,Generalized anxiety disorder
CLM13143,F43.10,Post-traumatic stress disorder
CLM13144,F43.10,Post-traumatic stress disorder
CLM13144,F32.9,Major depressive disorder
CLM13145,E11.9,Type 2 diabetes mellitus
CLM13145,E03.9,Hypothyroidism
CLM13146,J06.9,Upper respiratory infection
CLM13146,J10.1,Influenza with pneumonia
CLM13147,Z00.129,Routine child health exam
CLM13148,E11.9,Type 2 diabetes mellitus
CLM13148,N39.0,UTI
CLM13149,L57.0,Actinic keratosis
CLM13150,F90.0,ADHD
CLM13151,I10,Essential hypertension
CLM13151,M54.5,Low back pain
CLM13152,L40.0,Psoriasis
CLM13153,Z00.129,Routine child health exam
CLM13154,M54.5,Low back pain
CLM13155,M54.5,Low back pain
CLM13155,J10.1,Influenza with pneumonia
CLM13156,D64.9,Anemia
CLM13156,C61,Prostate cancer
CLM13157,D22.9,Melanocytic nevus
CLM13157,L40.0,Psoriasis
CLM13158,J06.9,Upper respiratory infection
CLM13159,K21.9,Gastroesophageal reflux disease
CLM13160,N39.0,UTI
CLM13161,Z00.00,Routine adult health exam
CLM13162,R07.9,Chest pain
CLM13163,I10,Essential hypertension
CLM13164,C61,Prostate cancer
CLM13165,K21.9,Gastroesophageal reflux disease
CLM13165,E03.9,Hypothyroidism
CLM13166,Z34.90,Normal pregnancy supervision
CLM13167,S06.0X0A,Concussion
CLM13168,K21.9,Gastroesophageal reflux disease
CLM13169,J18.9,Pneumonia
CLM13170,F41.1,Generalized anxiety disorder
CLM13170,F31.9,Bipolar disorder
CLM13171,E66.9,Obesity
CLM13172,N39.0,UTI
CLM13173,L40.0,Psoriasis
CLM13174,N18.3,Chronic kidney disease stage 3
CLM13174,D64.9,Anemia
CLM13175,L20.9,Atopic dermatitis
CLM13176,M54.5,Low back pain
CLM13176,I10,Essential hypertension
CLM13176,F41.1,Generalized anxiety disorder
CLM13177,J10.1,Influenza with pneumonia
CLM13178,E11.9,Type 2 diabetes mellitus
CLM13179,R50.9,Fever
CLM13180,I25.10,Coronary artery disease
CLM13180,I50.9,Heart failure
CLM13181,J10.1,Influenza with pneumonia
CLM13181,J20.9,Acute bronchitis
CLM13182,E78.5,Hyperlipidemia
CLM13183,J18.9,Pneumonia
CLM13183,G47.33,Obstructive sleep apnea
CLM13183,J44.9,COPD
CLM13184,M25.561,Pain in right knee
CLM13185,L20.9,Atopic dermatitis
CLM13185,H66.90,Otitis media
CLM13186,I10,Essential hypertension
CLM13187,J06.9,Upper respiratory infection
CLM13187,M54.5,Low back pain
CLM13188,C18.9,Colon cancer
CLM13189,C61,Prostate cancer
CLM13190,L57.0,Actinic keratosis
CLM13191,L30.9,Dermatitis
CLM13192,I48.91,Atrial fibrillation
CLM13193,D64.9,Anemia
CLM13194,F90.0,ADHD
CLM13195,F41.1,Generalized anxiety disorder
CLM13196,D64.9,Anemia
CLM13197,E78.5,Hyperlipidemia
CLM13198,S06.0X0A,Concussion
CLM13199,J18.9,Pneumonia
CLM13200,G47.33,Obstructive sleep apnea
CLM13201,J10.1,Influenza with pneumonia
CLM13201,E78.5,Hyperlipidemia
CLM13202,J45.909,Asthma
CLM13203,S83.511A,ACL sprain of right knee
CLM13204,C61,Prostate cancer
CLM13205,I10,Essential hypertension
CLM13206,I25.10,Coronary artery disease
CLM13206,I48.91,Atrial fibrillation
CLM13206,E78.5,Hyperlipidemia
CLM13207,R10.9,Abdominal pain
CLM13208,E78.5,Hyperlipidemia
CLM13209,F31.9,Bipolar disorder
CLM13209,F90.0,ADHD
CLM13210,I10,Essential hypertension
CLM13211,C34.90,Lung cancer
CLM13211,C18.9,Colon cancer
CLM13211,C61,Prostate cancer
CLM13212,M75.101,Rotator cuff tear
CLM13213,F41.1,Generalized anxiety disorder
CLM13214,F32.9,Major depressive disorder
CLM13214,F43.10,Post-traumatic stress disorder
CLM13215,F41.1,Generalized anxiety disorder
CLM13215,J20.9,Acute bronchitis
CLM13216,Z00.00,Routine adult health exam
CLM13217,F32.9,Major depressive disorder
CLM13217,F31.9,Bipolar disorder
CLM13218,R07.9,Chest pain
CLM13218,I48.91,Atrial fibrillation
CLM13219,O24.410,Gestational diabetes
CLM13220,E78.5,Hyperlipidemia
CLM13221,I48.91,Atrial fibrillation
CLM13221,R07.9,Chest pain
CLM13222,E03.9,Hypothyroidism
CLM13223,I48.91,Atrial fibrillation
CLM13224,E11.65,Type 2 diabetes with hyperglycemia
CLM13225,S83.511A,ACL sprain of right knee
CLM13225,M17.11,Osteoarthritis of right knee
CLM13225,M75.101,Rotator cuff tear
CLM13226,Z00.00,Routine adult health exam
CLM13226,N18.3,Chronic kidney disease stage 3
CLM13226,I10,Essential hypertension
CLM13227,N39.0,UTI
CLM13228,I50.9,Heart failure
CLM13228,R07.9,Chest pain
CLM13229,Z00.00,Routine adult health exam
CLM13230,R55,Syncope
CLM13231,I48.91,Atrial fibrillation
CLM13232,I10,Essential hypertension
CLM13233,N39.0,UTI
CLM13234,Z00.00,Routine adult health exam
CLM13234,K21.9,Gastroesophageal reflux disease
CLM13235,E11.9,Type 2 diabetes mellitus
CLM13235,F41.1,Generalized anxiety disorder
CLM13236,F31.9,Bipolar disorder
CLM13236,F43.10,Post-traumatic stress disorder
CLM13237,S83.511A,ACL sprain of right knee
CLM13238,J06.9,Upper respiratory infection
CLM13239,C50.911,Breast cancer
CLM13239,C61,Prostate cancer
CLM13240,E03.9,Hypothyroidism
CLM13241,J02.0,Streptococcal pharyngitis
CLM13242,S06.0X0A,Concussion
CLM13243,G47.33,Obstructive sleep apnea
CLM13244,E11.9,Type 2 diabetes mellitus
CLM13244,N18.3,Chronic kidney disease stage 3
CLM13245,E78.5,Hyperlipidemia
CLM13246,C50.911,Breast cancer
CLM13247,I25.10,Coronary artery disease
CLM13247,I48.91,Atrial fibrillation
CLM13248,M54.5,Low back pain
CLM13249,I10,Essential hypertension
CLM13250,S06.0X0A,Concussion
CLM13251,J10.1,Influenza with pneumonia
CLM13251,J20.9,Acute bronchitis
CLM13252,E11.9,Type 2 diabetes mellitus
CLM13253,Z00.129,Routine child health exam
CLM13254,Z00.00,Routine adult health exam
CLM13255,I10,Essential hypertension
CLM13255,I48.91,Atrial fibrillation
CLM13256,M17.11,Osteoarthritis of right knee
CLM13257,J20.9,Acute bronchitis
CLM13258,D64.9,Anemia
CLM13258,I10,Essential hypertension
CLM13258,N18.3,Chronic kidney disease stage 3
CLM13259,N18.3,Chronic kidney disease stage 3
CLM13260,E05.90,Hyperthyroidism
CLM13261,J02.0,Streptococcal pharyngitis
CLM13262,M54.5,Low back pain
CLM13262,J10.1,Influenza with pneumonia
CLM13262,E11.9,Type 2 diabetes mellitus
CLM13263,S52.501A,Fracture of radius
CLM13263,R55,Syncope
CLM13264,J06.9,Upper respiratory infection
CLM13264,L20.9,Atopic dermatitis
CLM13265,I25.10,Coronary artery disease
CLM13265,R07.9,Chest pain
CLM13265,I50.9,Heart failure
CLM13266,R10.9,Abdominal pain
CLM13267,Z01.419,Routine gynecological exam
CLM13268,S52.501A,Fracture of radius
CLM13269,E05.90,Hyperthyroidism
CLM13270,E03.9,Hypothyroidism
CLM13271,E03.9,Hypothyroidism
CLM13271,E05.90,Hyperthyroidism
CLM13272,I50.9,Heart failure
CLM13273,E78.5,Hyperlipidemia
CLM13274,I48.91,Atrial fibrillation
CLM13275,D64.9,Anemia
CLM13276,E11.9,Type 2 diabetes mellitus
CLM13277,N18.3,Chronic kidney disease stage 3
CLM13278,J06.9,Upper respiratory infection
CLM13279,M17.11,Osteoarthritis of right knee
CLM13279,M54.5,Low back pain
CLM13280,R07.9,Chest pain
CLM13281,E11.9,Type 2 diabetes mellitus
CLM13282,J45.909,Asthma
CLM13282,H66.90,Otitis media
CLM13282,R50.9,Fever
CLM13283,N39.0,UTI
CLM13284,N39.0,UTI
CLM13284,E11.9,Type 2 diabetes mellitus
CLM13284,J20.9,Acute bronchitis
CLM13285,K21.9,Gastroesophageal reflux disease
CLM13285,E78.5,Hyperlipidemia
CLM13285,I10,Essential hypertension
CLM13286,I10,Essential hypertension
CLM13286,D64.9,Anemia
CLM13287,M17.11,Osteoarthritis of right knee
CLM13288,E78.5,Hyperlipidemia
CLM13289,J20.9,Acute bronchitis
CLM13289,J10.1,Influenza with pneumonia
CLM13290,I10,Essential hypertension
CLM13291,I10,Essential hypertension
CLM13291,E78.5,Hyperlipidemia
CLM13292,E78.5,Hyperlipidemia
CLM13292,N18.3,Chronic kidney disease stage 3
CLM13293,S06.0X0A,Concussion
CLM13293,R10.9,Abdominal pain
CLM13294,J06.9,Upper respiratory infection
CLM13295,M54.5,Low back pain
CLM13296,M54.5,Low back pain
CLM13297,I48.91,Atrial fibrillation
CLM13298,N39.0,UTI
CLM13298,M54.5,Low back pain
CLM13299,L57.0,Actinic keratosis
CLM13300,F41.1,Generalized anxiety disorder
CLM13300,F43.10,Post-traumatic stress disorder
CLM13301,I10,Essential hypertension
CLM13301,E78.5,Hyperlipidemia
CLM13302,S06.0X0A,Concussion
CLM13302,R10.9,Abdominal pain
CLM13303,H66.90,Otitis media
CLM13303,J45.909,Asthma
CLM13304,I10,Essential hypertension
CLM13305,E05.90,Hyperthyroidism
CLM13305,E11.9,Type 2 diabetes mellitus
CLM13305,E66.9,Obesity
CLM13306,E78.5,Hyperlipidemia
CLM13307,N39.0,UTI
CLM13307,J20.9,Acute bronchitis
CLM13308,C18.9,Colon cancer
CLM13309,J20.9,Acute bronchitis
CLM13309,J10.1,Influenza with pneumonia
CLM13310,M75.101,Rotator cuff tear
CLM13310,S83.511A,ACL sprain of right knee
CLM13311,D64.9,Anemia
CLM13311,Z00.00,Routine adult health exam
CLM13311,E78.5,Hyperlipidemia
CLM13312,E05.90,Hyperthyroidism
CLM13313,I10,Essential hypertension
CLM13314,E78.5,Hyperlipidemia
CLM13315,E78.5,Hyperlipidemia
CLM13315,I50.9,Heart failure
CLM13316,M54.5,Low back pain
CLM13317,Z51.11,Encounter for chemotherapy
CLM13318,E78.5,Hyperlipidemia
CLM13319,D64.9,Anemia
CLM13319,E11.9,Type 2 diabetes mellitus
CLM13320,E78.5,Hyperlipidemia
CLM13320,Z00.00,Routine adult health exam
CLM13320,I10,Essential hypertension
CLM13321,L70.0,Acne vulgaris
CLM13322,I10,Essential hypertension
CLM13323,R10.9,Abdominal pain
CLM13324,M75.101,Rotator cuff tear
CLM13325,L57.0,Actinic keratosis
CLM13325,L30.9,Dermatitis
CLM13325,L40.0,Psoriasis
CLM13326,L40.0,Psoriasis
CLM13326,D22.9,Melanocytic nevus
CLM13327,K21.9,Gastroesophageal reflux disease
CLM13327,E78.5,Hyperlipidemia
CLM13327,N18.3,Chronic kidney disease stage 3
CLM13328,J06.9,Upper respiratory infection
CLM13329,I10,Essential hypertension
CLM13329,Z00.00,Routine adult health exam
CLM13330,R55,Syncope
CLM13331,E03.9,Hypothyroidism
CLM13332,N18.3,Chronic kidney disease stage 3
CLM13333,M75.101,Rotator cuff tear
CLM13333,M25.561,Pain in right knee
CLM13334,J10.1,Influenza with pneumonia
CLM13335,J20.9,Acute bronchitis
CLM13335,M54.5,Low back pain
CLM13336,E78.5,Hyperlipidemia
CLM13337,J18.9,Pneumonia
CLM13338,L40.0,Psoriasis
CLM13338,L57.0,Actinic keratosis
CLM13339,I48.91,Atrial fibrillation
CLM13339,I50.9,Heart failure
CLM13339,I25.10,Coronary artery disease
CLM13340,J45.909,Asthma
CLM13341,I10,Essential hypertension
CLM13341,F41.1,Generalized anxiety disorder
CLM13342,L70.0,Acne vulgaris
CLM13342,D22.9,Melanocytic nevus
CLM13343,K21.9,Gastroesophageal reflux disease
CLM13344,D22.9,Melanocytic nevus
CLM13345,D64.9,Anemia
CLM13345,C50.911,Breast cancer
CLM13346,J45.909,Asthma
CLM13346,Z00.129,Routine child health exam
CLM13347,Z00.00,Routine adult health exam
CLM13348,K21.9,Gastroesophageal reflux disease
CLM13349,L40.0,Psoriasis
CLM13350,J18.9,Pneumonia
CLM13351,R07.9,Chest pain
CLM13351,S52.501A,Fracture of radius
CLM13351,R10.9,Abdominal pain
CLM13352,J44.9,COPD
CLM13353,E78.5,Hyperlipidemia
CLM13354,O24.410,Gestational diabetes
CLM13355,M25.561,Pain in right knee
CLM13356,F41.1,Generalized anxiety disorder
CLM13357,F41.1,Generalized anxiety disorder
CLM13357,N39.0,UTI
CLM13358,J20.9,Acute bronchitis
CLM13359,Z34.90,Normal pregnancy supervision
CLM13359,N80.9,Endometriosis
CLM13359,Z01.419,Routine gynecological exam
CLM13360,Z00.129,Routine child health exam
CLM13361,E03.9,Hypothyroidism
CLM13362,H66.90,Otitis media
CLM13362,J45.909,Asthma
CLM13363,J10.1,Influenza with pneumonia
CLM13363,J20.9,Acute bronchitis
CLM13363,I10,Essential hypertension
CLM13364,R07.9,Chest pain
CLM13364,S06.0X0A,Concussion
CLM13365,E78.5,Hyperlipidemia
CLM13365,D64.9,Anemia
CLM13366,M54.5,Low back pain
CLM13366,N39.0,UTI
CLM13367,E11.65,Type 2 diabetes with hyperglycemia
CLM13368,J18.9,Pneumonia
CLM13369,E78.5,Hyperlipidemia
CLM13370,E66.9,Obesity
CLM13371,F43.10,Post-traumatic stress disorder
CLM13372,D22.9,Melanocytic nevus
CLM13373,M54.5,Low back pain
CLM13374,Z00.00,Routine adult health exam
CLM13375,N39.0,UTI
CLM13375,Z00.00,Routine adult health exam
CLM13376,G47.33,Obstructive sleep apnea
CLM13377,E03.9,Hypothyroidism
CLM13378,L20.9,Atopic dermatitis
CLM13378,J06.9,Upper respiratory infection
CLM13379,E78.5,Hyperlipidemia
CLM13379,R07.9,Chest pain
CLM13379,I10,Essential hypertension
CLM13380,F90.0,ADHD
CLM13380,F32.9,Major depressive disorder
CLM13380,F31.9,Bipolar disorder
CLM13381,M75.101,Rotator cuff tear
CLM13381,M25.561,Pain in right knee
CLM13381,M17.11,Osteoarthritis of right knee
CLM13382,J10.1,Influenza with pneumonia
CLM13382,I10,Essential hypertension
CLM13383,N39.0,UTI
CLM13383,F41.1,Generalized anxiety disorder
CLM13383,J10.1,Influenza with pneumonia
CLM13384,L30.9,Dermatitis
CLM13385,J10.1,Influenza with pneumonia
CLM13386,Z00.00,Routine adult health exam
CLM13386,E11.9,Type 2 diabetes mellitus
CLM13387,J20.9,Acute bronchitis
CLM13387,I10,Essential hypertension
CLM13388,Z00.00,Routine adult health exam
CLM13389,K21.9,Gastroesophageal reflux disease
CLM13390,G47.33,Obstructive sleep apnea
CLM13391,S83.511A,ACL sprain of right knee
CLM13392,E78.5,Hyperlipidemia
CLM13392,N18.3,Chronic kidney disease stage 3
CLM13393,Z00.129,Routine child health exam
CLM13394,E03.9,Hypothyroidism
CLM13395,N39.0,UTI
CLM13396,J20.9,Acute bronchitis
CLM13396,J10.1,Influenza with pneumonia
CLM13396,M54.5,Low back pain
CLM13397,E03.9,Hypothyroidism
CLM13397,K21.9,Gastroesophageal reflux disease
CLM13398,J10.1,Influenza with pneumonia
CLM13398,J20.9,Acute bronchitis
CLM13399,F41.1,Generalized anxiety disorder
CLM13400,I10,Essential hypertension
CLM13401,C50.911,Breast cancer
CLM13402,I10,Essential hypertension
CLM13402,Z00.00,Routine adult health exam
CLM13403,K21.9,Gastroesophageal reflux disease
CLM13404,E78.5,Hyperlipidemia
CLM13404,E03.9,Hypothyroidism
CLM13405,K21.9,Gastroesophageal reflux disease
CLM13406,I10,Essential hypertension
CLM13407,R07.9,Chest pain
CLM13407,I48.91,Atrial fibrillation
CLM13408,I10,Essential hypertension
CLM13409,I10,Essential hypertension
CLM13410,E78.5,Hyperlipidemia
CLM13411,H66.90,Otitis media
CLM13411,J45.909,Asthma
CLM13412,M54.5,Low back pain
CLM13412,N39.0,UTI
CLM13413,R10.9,Abdominal pain
CLM13414,I10,Essential hypertension
CLM13414,D64.9,Anemia
CLM13415,J45.909,Asthma
CLM13415,Z00.129,Routine child health exam
CLM13416,J45.909,Asthma
CLM13416,J44.9,COPD
CLM13416,G47.33,Obstructive sleep apnea
CLM13417,J20.9,Acute bronchitis
CLM13418,I10,Essential hypertension
CLM13419,J20.9,Acute bronchitis
CLM13419,I10,Essential hypertension
CLM13420,L40.0,Psoriasis
CLM13421,D64.9,Anemia
CLM13422,E11.9,Type 2 diabetes mellitus
CLM13423,E11.9,Type 2 diabetes mellitus
CLM13423,E78.5,Hyperlipidemia
CLM13423,N39.0,UTI
CLM13424,E11.9,Type 2 diabetes mellitus
CLM13425,I25.10,Coronary artery disease
CLM13426,R07.9,Chest pain
CLM13427,J10.1,Influenza with pneumonia
CLM13427,N39.0,UTI
CLM13428,E78.5,Hyperlipidemia
CLM13429,R55,Syncope
CLM13429,S06.0X0A,Concussion
CLM13430,N80.9,Endometriosis
CLM13430,O24.410,Gestational diabetes
CLM13430,Z34.90,Normal pregnancy supervision
CLM13431,F41.1,Generalized anxiety disorder
CLM13432,E03.9,Hypothyroidism
CLM13433,E11.9,Type 2 diabetes mellitus
CLM13434,M54.5,Low back pain
CLM13435,J20.9,Acute bronchitis
CLM13435,J06.9,Upper respiratory infection
CLM13436,F41.1,Generalized anxiety disorder
CLM13436,N39.0,UTI
CLM13437,J10.1,Influenza with pneumonia
CLM13437,F41.1,Generalized anxiety disorder
CLM13438,I10,Essential hypertension
CLM13439,R10.9,Abdominal pain
CLM13440,F43.10,Post-traumatic stress disorder
CLM13440,F32.9,Major depressive disorder
CLM13441,D64.9,Anemia
CLM13442,E78.5,Hyperlipidemia
CLM13443,E66.9,Obesity
CLM13444,C18.9,Colon cancer
CLM13444,C61,Prostate cancer
CLM13444,Z51.11,Encounter for chemotherapy
CLM13445,F41.1,Generalized anxiety disorder
CLM13446,M25.561,Pain in right knee
CLM13447,F41.1,Generalized anxiety disorder
CLM13447,N39.0,UTI
CLM13448,R07.9,Chest pain
CLM13448,I10,Essential hypertension
CLM13448,E78.5,Hyperlipidemia
CLM13449,I48.91,Atrial fibrillation
CLM13449,I50.9,Heart failure
CLM13450,E11.9,Type 2 diabetes mellitus
CLM13451,J44.9,COPD
CLM13452,E78.5,Hyperlipidemia
CLM13452,I10,Essential hypertension
CLM13452,E03.9,Hypothyroidism
CLM13453,Z00.00,Routine adult health exam
CLM13454,L30.9,Dermatitis
CLM13454,D22.9,Melanocytic nevus
CLM13454,L40.0,Psoriasis
CLM13455,I10,Essential hypertension
CLM13455,I25.10,Coronary artery disease
CLM13456,E11.9,Type 2 diabetes mellitus
CLM13457,C18.9,Colon cancer
CLM13458,M54.5,Low back pain
CLM13459,J20.9,Acute bronchitis
CLM13459,Z00.00,Routine adult health exam
CLM13459,J06.9,Upper respiratory infection
CLM13460,L30.9,Dermatitis
CLM13461,J18.9,Pneumonia
CLM13462,N92.0,Heavy menstrual bleeding
CLM13462,Z34.90,Normal pregnancy supervision
CLM13462,O24.410,Gestational diabetes
CLM13463,J06.9,Upper respiratory infection
CLM13464,F90.0,ADHD
CLM13464,F43.10,Post-traumatic stress disorder
CLM13465,L40.0,Psoriasis
CLM13466,S06.0X0A,Concussion
CLM13467,E11.9,Type 2 diabetes mellitus
CLM13467,D64.9,Anemia
CLM13468,D64.9,Anemia
CLM13468,E78.5,Hyperlipidemia
CLM13468,Z00.00,Routine adult health exam
CLM13469,G47.33,Obstructive sleep apnea
CLM13470,E66.9,Obesity
CLM13470,E11.9,Type 2 diabetes mellitus
CLM13470,E05.90,Hyperthyroidism
CLM13471,I48.91,Atrial fibrillation
CLM13472,J02.0,Streptococcal pharyngitis
CLM13473,E78.5,Hyperlipidemia
CLM13474,I10,Essential hypertension
CLM13475,F31.9,Bipolar disorder
CLM13475,F32.9,Major depressive disorder
CLM13476,K21.9,Gastroesophageal reflux disease
CLM13476,E03.9,Hypothyroidism
CLM13476,E11.9,Type 2 diabetes mellitus
CLM13477,I10,Essential hypertension
CLM13478,E66.9,Obesity
CLM13479,L20.9,Atopic dermatitis
CLM13480,S06.0X0A,Concussion
CLM13480,S52.501A,Fracture of radius
CLM13481,J20.9,Acute bronchitis
CLM13482,E03.9,Hypothyroidism
CLM13483,L57.0,Actinic keratosis
CLM13484,I10,Essential hypertension
CLM13485,I48.91,Atrial fibrillation
CLM13486,I25.10,Coronary artery disease
CLM13487,I48.91,Atrial fibrillation
CLM13487,I50.9,Heart failure
CLM13488,R50.9,Fever
CLM13489,J20.9,Acute bronchitis
CLM13489,I10,Essential hypertension
CLM13489,Z00.00,Routine adult health exam
CLM13490,F90.0,ADHD
CLM13491,J10.1,Influenza with pneumonia
CLM13492,J10.1,Influenza with pneumonia
CLM13492,E78.5,Hyperlipidemia
CLM13492,J06.9,Upper respiratory infection
CLM13493,F41.1,Generalized anxiety disorder
CLM13494,L40.0,Psoriasis
CLM13495,F43.10,Post-traumatic stress disorder
CLM13496,E03.9,Hypothyroidism
CLM13497,J44.9,COPD
CLM13498,E78.5,Hyperlipidemia
CLM13498,N18.3,Chronic kidney disease stage 3
CLM13499,M54.5,Low back pain
CLM13500,M54.5,Low back pain
CLM13500,M17.11,Osteoarthritis of right knee
CLM13500,M75.101,Rotator cuff tear
CLM13501,I10,Essential hypertension
CLM13502,N18.3,Chronic kidney disease stage 3
CLM13502,E78.5,Hyperlipidemia
CLM13503,R07.9,Chest pain
CLM13504,S83.511A,ACL sprain of right knee
CLM13504,M25.561,Pain in right knee
CLM13505,E11.9,Type 2 diabetes mellitus
CLM13506,J10.1,Influenza with pneumonia
CLM13507,J20.9,Acute bronchitis
CLM13507,F41.1,Generalized anxiety disorder
CLM13507,J10.1,Influenza with pneumonia
CLM13508,M54.5,Low back pain
CLM13509,J20.9,Acute bronchitis
CLM13510,K21.9,Gastroesophageal reflux disease
CLM13511,I50.9,Heart failure
CLM13512,F32.9,Major depressive disorder
CLM13513,H66.90,Otitis media
CLM13514,J44.9,COPD
CLM13514,G47.33,Obstructive sleep apnea
CLM13515,Z00.129,Routine child health exam
CLM13516,F31.9,Bipolar disorder
CLM13517,J45.909,Asthma
CLM13517,G47.33,Obstructive sleep apnea
CLM13517,J18.9,Pneumonia
CLM13518,Z00.129,Routine child health exam
CLM13518,J02.0,Streptococcal pharyngitis
CLM13518,J06.9,Upper respiratory infection
CLM13519,S06.0X0A,Concussion
CLM13520,R07.9,Chest pain
CLM13520,S06.0X0A,Concussion
CLM13521,F43.10,Post-traumatic stress disorder
CLM13522,J20.9,Acute bronchitis
CLM13523,Z00.00,Routine adult health exam
CLM13524,H66.90,Otitis media
CLM13525,F31.9,Bipolar disorder
CLM13525,F90.0,ADHD
CLM13526,E05.90,Hyperthyroidism
CLM13527,D64.9,Anemia
CLM13527,E03.9,Hypothyroidism
CLM13527,K21.9,Gastroesophageal reflux disease
CLM13528,I10,Essential hypertension
CLM13529,S83.511A,ACL sprain of right knee
CLM13530,J45.909,Asthma
CLM13530,L20.9,Atopic dermatitis
CLM13531,E78.5,Hyperlipidemia
CLM13532,J18.9,Pneumonia
CLM13533,S52.501A,Fracture of radius
CLM13534,S06.0X0A,Concussion
CLM13535,M54.5,Low back pain
CLM13535,J06.9,Upper respiratory infection
CLM13536,L57.0,Actinic keratosis
CLM13536,L40.0,Psoriasis
CLM13536,L70.0,Acne vulgaris
CLM13537,E11.9,Type 2 diabetes mellitus
CLM13538,D64.9,Anemia
CLM13539,F31.9,Bipolar disorder
CLM13540,R50.9,Fever
CLM13540,J45.909,Asthma
CLM13541,G47.33,Obstructive sleep apnea
CLM13541,J18.9,Pneumonia
CLM13541,J44.9,COPD
CLM13542,C18.9,Colon cancer
CLM13542,C34.90,Lung cancer
CLM13542,Z51.11,Encounter for chemotherapy
CLM13543,I10,Essential hypertension
CLM13544,J18.9,Pneumonia
CLM13544,J45.909,Asthma
CLM13545,E03.9,Hypothyroidism
CLM13545,Z00.00,Routine adult health exam
CLM13546,Z00.00,Routine adult health exam
CLM13547,C34.90,Lung cancer
CLM13547,D64.9,Anemia
CLM13548,C61,Prostate cancer
CLM13549,J06.9,Upper respiratory infection
CLM13549,N39.0,UTI
CLM13549,J20.9,Acute bronchitis
CLM13550,S52.501A,Fracture of radius
CLM13551,J45.909,Asthma
CLM13552,E11.9,Type 2 diabetes mellitus
CLM13553,O24.410,Gestational diabetes
CLM13554,E11.9,Type 2 diabetes mellitus
CLM13555,Z00.00,Routine adult health exam
CLM13556,E11.9,Type 2 diabetes mellitus
CLM13556,N18.3,Chronic kidney disease stage 3
CLM13557,J10.1,Influenza with pneumonia
CLM13558,E78.5,Hyperlipidemia
CLM13558,Z00.00,Routine adult health exam
CLM13559,E78.5,Hyperlipidemia
CLM13559,E11.9,Type 2 diabetes mellitus
CLM13560,J44.9,COPD
CLM13561,C34.90,Lung cancer
CLM13562,E11.65,Type 2 diabetes with hyperglycemia
CLM13563,F41.1,Generalized anxiety disorder
CLM13564,Z01.419,Routine gynecological exam
CLM13564,Z34.90,Normal pregnancy supervision
CLM13565,F41.1,Generalized anxiety disorder
CLM13565,F31.9,Bipolar disorder
CLM13566,F43.10,Post-traumatic stress disorder
CLM13567,I48.91,Atrial fibrillation
CLM13567,R07.9,Chest pain
CLM13568,R07.9,Chest pain
CLM13569,E78.5,Hyperlipidemia
CLM13570,F41.1,Generalized anxiety disorder
CLM13570,F90.0,ADHD
CLM13571,F41.1,Generalized anxiety disorder
CLM13572,E11.65,Type 2 diabetes with hyperglycemia
CLM13572,E66.9,Obesity
CLM13573,K21.9,Gastroesophageal reflux disease
CLM13574,Z51.11,Encounter for chemotherapy
CLM13575,M17.11,Osteoarthritis of right knee
CLM13575,M25.561,Pain in right knee
CLM13576,R07.9,Chest pain
CLM13577,I10,Essential hypertension
CLM13577,Z00.00,Routine adult health exam
CLM13578,E11.9,Type 2 diabetes mellitus
CLM13579,R50.9,Fever
CLM13580,I50.9,Heart failure
CLM13581,E66.9,Obesity
CLM13582,I50.9,Heart failure
CLM13582,R07.9,Chest pain
CLM13583,L40.0,Psoriasis
CLM13583,D22.9,Melanocytic nevus
CLM13583,L70.0,Acne vulgaris
CLM13584,D64.9,Anemia
CLM13585,L40.0,Psoriasis
CLM13585,D22.9,Melanocytic nevus
CLM13585,L70.0,Acne vulgaris
CLM13586,S83.511A,ACL sprain of right knee
CLM13587,F41.1,Generalized anxiety disorder
CLM13587,E11.9,Type 2 diabetes mellitus
CLM13588,F32.9,Major depressive disorder
CLM13589,R07.9,Chest pain
CLM13589,E78.5,Hyperlipidemia
CLM13589,I50.9,Heart failure
CLM13590,Z51.11,Encounter for chemotherapy
CLM13591,I48.91,Atrial fibrillation
CLM13591,E78.5,Hyperlipidemia
CLM13592,R07.9,Chest pain
CLM13593,J18.9,Pneumonia
CLM13594,M25.561,Pain in right knee
CLM13595,Z01.419,Routine gynecological exam
CLM13596,I50.9,Heart failure
CLM13596,R07.9,Chest pain
CLM13597,E78.5,Hyperlipidemia
CLM13598,E78.5,Hyperlipidemia
CLM13598,I10,Essential hypertension
CLM13599,L57.0,Actinic keratosis
CLM13600,M17.11,Osteoarthritis of right knee
CLM13600,M54.5,Low back pain
CLM13601,E78.5,Hyperlipidemia
CLM13602,I10,Essential hypertension
CLM13603,E78.5,Hyperlipidemia
CLM13604,M75.101,Rotator cuff tear
CLM13604,S83.511A,ACL sprain of right knee
CLM13604,M17.11,Osteoarthritis of right knee
CLM13605,I50.9,Heart failure
CLM13606,I10,Essential hypertension
CLM13606,I25.10,Coronary artery disease
CLM13607,L57.0,Actinic keratosis
CLM13607,L70.0,Acne vulgaris
CLM13607,L30.9,Dermatitis
CLM13608,E78.5,Hyperlipidemia
CLM13608,I48.91,Atrial fibrillation
CLM13609,J06.9,Upper respiratory infection
CLM13610,M54.5,Low back pain
CLM13611,F32.9,Major depressive disorder
CLM13612,I48.91,Atrial fibrillation
CLM13613,J06.9,Upper respiratory infection
CLM13614,E03.9,Hypothyroidism
CLM13614,E11.9,Type 2 diabetes mellitus
CLM13614,E05.90,Hyperthyroidism
CLM13615,J44.9,COPD
CLM13616,E03.9,Hypothyroidism
CLM13617,L30.9,Dermatitis
CLM13617,L70.0,Acne vulgaris
CLM13618,I10,Essential hypertension
CLM13619,F31.9,Bipolar disorder
CLM13620,I10,Essential hypertension
CLM13621,M54.5,Low back pain
CLM13621,M25.561,Pain in right knee
CLM13622,E78.5,Hyperlipidemia
CLM13622,E03.9,Hypothyroidism
CLM13623,J18.9,Pneumonia
CLM13624,J44.9,COPD
CLM13625,I10,Essential hypertension
CLM13626,Z00.129,Routine child health exam
CLM13626,R50.9,Fever
CLM13627,Z00.00,Routine adult health exam
CLM13628,L20.9,Atopic dermatitis
CLM13628,J02.0,Streptococcal pharyngitis
CLM13629,R55,Syncope
CLM13629,S52.501A,Fracture of radius
CLM13630,D64.9,Anemia
CLM13631,Z00.00,Routine adult health exam
CLM13631,F41.1,Generalized anxiety disorder
CLM13632,D64.9,Anemia
CLM13633,F43.10,Post-traumatic stress disorder
CLM13633,F32.9,Major depressive disorder
CLM13634,E11.9,Type 2 diabetes mellitus
CLM13635,G47.33,Obstructive sleep apnea
CLM13636,I50.9,Heart failure
CLM13637,F32.9,Major depressive disorder
CLM13638,E03.9,Hypothyroidism
CLM13638,D64.9,Anemia
CLM13638,K21.9,Gastroesophageal reflux disease
CLM13639,J06.9,Upper respiratory infection
CLM13639,Z00.129,Routine child health exam
CLM13639,J45.909,Asthma
CLM13640,R10.9,Abdominal pain
CLM13641,E03.9,Hypothyroidism
CLM13641,E78.5,Hyperlipidemia
CLM13642,R55,Syncope
CLM13643,J18.9,Pneumonia
CLM13644,H66.90,Otitis media
CLM13645,R10.9,Abdominal pain
CLM13645,S06.0X0A,Concussion
CLM13646,J45.909,Asthma
CLM13647,R55,Syncope
CLM13648,R50.9,Fever
CLM13648,J02.0,Streptococcal pharyngitis
CLM13649,J18.9,Pneumonia
CLM13650,Z01.419,Routine gynecological exam
CLM13651,I10,Essential hypertension
CLM13652,F90.0,ADHD
CLM13652,F32.9,Major depressive disorder
CLM13653,G47.33,Obstructive sleep apnea
CLM13653,J44.9,COPD
CLM13654,E03.9,Hypothyroidism
CLM13655,L30.9,Dermatitis
CLM13655,L40.0,Psoriasis
CLM13655,L57.0,Actinic keratosis
CLM13656,Z00.00,Routine adult health exam
CLM13656,E03.9,Hypothyroidism
CLM13657,E03.9,Hypothyroidism
CLM13658,E78.5,Hyperlipidemia
CLM13658,I50.9,Heart failure
CLM13659,L30.9,Dermatitis
CLM13660,E11.65,Type 2 diabetes with hyperglycemia
CLM13661,Z00.00,Routine adult health exam
CLM13662,E11.9,Type 2 diabetes mellitus
CLM13663,E78.5,Hyperlipidemia
CLM13663,J06.9,Upper respiratory infection
CLM13663,I10,Essential hypertension
CLM13664,K21.9,Gastroesophageal reflux disease
CLM13664,E03.9,Hypothyroidism
CLM13664,E78.5,Hyperlipidemia
CLM13665,O24.410,Gestational diabetes
CLM13666,J18.9,Pneumonia
CLM13667,L30.9,Dermatitis
CLM13667,D22.9,Melanocytic nevus
CLM13668,J45.909,Asthma
CLM13668,G47.33,Obstructive sleep apnea
CLM13668,J18.9,Pneumonia
CLM13669,I48.91,Atrial fibrillation
CLM13669,R07.9,Chest pain
CLM13670,Z00.00,Routine adult health exam
CLM13671,Z00.00,Routine adult health exam
CLM13671,J10.1,Influenza with pneumonia
CLM13671,I10,Essential hypertension
CLM13672,I10,Essential hypertension
CLM13673,R07.9,Chest pain
CLM13674,E78.5,Hyperlipidemia
CLM13675,O24.410,Gestational diabetes
CLM13676,N18.3,Chronic kidney disease stage 3
CLM13677,J06.9,Upper respiratory infection
CLM13678,E03.9,Hypothyroidism
CLM13678,E78.5,Hyperlipidemia
CLM13678,Z00.00,Routine adult health exam
CLM13679,J45.909,Asthma
CLM13680,R55,Syncope
CLM13681,R07.9,Chest pain
CLM13681,J18.9,Pneumonia
CLM13682,J06.9,Upper respiratory infection
CLM13682,E78.5,Hyperlipidemia
CLM13683,Z00.00,Routine adult health exam
CLM13684,M75.101,Rotator cuff tear
CLM13685,Z00.129,Routine child health exam
CLM13685,R50.9,Fever
CLM13686,D64.9,Anemia
CLM13687,S83.511A,ACL sprain of right knee
CLM13688,S06.0X0A,Concussion
CLM13689,L40.0,Psoriasis
CLM13689,L57.0,Actinic keratosis
CLM13689,D22.9,Melanocytic nevus
CLM13690,J20.9,Acute bronchitis
CLM13690,J06.9,Upper respiratory infection
CLM13691,Z51.11,Encounter for chemotherapy
CLM13692,N18.3,Chronic kidney disease stage 3
CLM13693,J45.909,Asthma
CLM13694,H66.90,Otitis media
CLM13695,D64.9,Anemia
CLM13696,J20.9,Acute bronchitis
CLM13697,E11.9,Type 2 diabetes mellitus
CLM13698,E03.9,Hypothyroidism
CLM13699,D64.9,Anemia
CLM13700,G47.33,Obstructive sleep apnea
CLM13700,J45.909,Asthma
CLM13701,E11.9,Type 2 diabetes mellitus
CLM13702,Z01.419,Routine gynecological exam
CLM13702,N92.0,Heavy menstrual bleeding
CLM13702,O24.410,Gestational diabetes
CLM13703,M25.561,Pain in right knee
CLM13704,E78.5,Hyperlipidemia
CLM13704,I48.91,Atrial fibrillation
CLM13705,M25.561,Pain in right knee
CLM13706,L30.9,Dermatitis
CLM13707,O24.410,Gestational diabetes
CLM13708,M25.561,Pain in right knee
CLM13708,M75.101,Rotator cuff tear
CLM13709,I10,Essential hypertension
CLM13710,I25.10,Coronary artery disease
CLM13710,R07.9,Chest pain
CLM13711,J18.9,Pneumonia
CLM13711,G47.33,Obstructive sleep apnea
CLM13711,J44.9,COPD
CLM13712,J18.9,Pneumonia
CLM13712,R10.9,Abdominal pain
CLM13713,R07.9,Chest pain
CLM13714,Z00.00,Routine adult health exam
CLM13715,G47.33,Obstructive sleep apnea
CLM13715,J44.9,COPD
CLM13716,Z51.11,Encounter for chemotherapy
CLM13717,E78.5,Hyperlipidemia
CLM13718,Z00.00,Routine adult health exam
CLM13719,Z00.00,Routine adult health exam
CLM13719,N18.3,Chronic kidney disease stage 3
CLM13720,M54.5,Low back pain
CLM13721,E11.9,Type 2 diabetes mellitus
CLM13722,M17.11,Osteoarthritis of right knee
CLM13722,M75.101,Rotator cuff tear
CLM13723,K21.9,Gastroesophageal reflux disease
CLM13723,I10,Essential hypertension
CLM13724,J06.9,Upper respiratory infection
CLM13725,J45.909,Asthma
CLM13725,J44.9,COPD
CLM13726,R07.9,Chest pain
CLM13727,N39.0,UTI
CLM13728,E78.5,Hyperlipidemia
CLM13728,F41.1,Generalized anxiety disorder
CLM13728,J10.1,Influenza with pneumonia
CLM13729,J45.909,Asthma
CLM13729,Z00.129,Routine child health exam
CLM13730,M54.5,Low back pain
CLM13731,D64.9,Anemia
CLM13732,E11.9,Type 2 diabetes mellitus
CLM13733,J18.9,Pneumonia
CLM13734,M54.5,Low back pain
CLM13735,J02.0,Streptococcal pharyngitis
CLM13736,J10.1,Influenza with pneumonia
CLM13737,C50.911,Breast cancer
CLM13738,H66.90,Otitis media
CLM13738,J45.909,Asthma
CLM13739,J10.1,Influenza with pneumonia
CLM13740,S06.0X0A,Concussion
CLM13741,L20.9,Atopic dermatitis
CLM13741,H66.90,Otitis media
CLM13741,R50.9,Fever
CLM13742,E78.5,Hyperlipidemia
CLM13742,J06.9,Upper respiratory infection
CLM13743,M54.5,Low back pain
CLM13744,S06.0X0A,Concussion
CLM13745,S52.501A,Fracture of radius
CLM13745,S06.0X0A,Concussion
CLM13745,R55,Syncope
CLM13746,M17.11,Osteoarthritis of right knee
CLM13746,M75.101,Rotator cuff tear
CLM13747,J10.1,Influenza with pneumonia
CLM13748,N80.9,Endometriosis
CLM13748,N92.0,Heavy menstrual bleeding
CLM13749,I50.9,Heart failure
CLM13750,S52.501A,Fracture of radius
CLM13751,Z51.11,Encounter for chemotherapy
CLM13752,J18.9,Pneumonia
CLM13753,D22.9,Melanocytic nevus
CLM13753,L40.0,Psoriasis
CLM13754,E03.9,Hypothyroidism
CLM13754,E66.9,Obesity
CLM13754,E11.65,Type 2 diabetes with hyperglycemia
CLM13755,F32.9,Major depressive disorder
CLM13756,J06.9,Upper respiratory infection
CLM13756,N39.0,UTI
CLM13757,K21.9,Gastroesophageal reflux disease
CLM13757,E78.5,Hyperlipidemia
CLM13758,J45.909,Asthma
CLM13758,J44.9,COPD
CLM13759,K21.9,Gastroesophageal reflux disease
CLM13760,E03.9,Hypothyroidism
CLM13761,E11.9,Type 2 diabetes mellitus
CLM13762,C34.90,Lung cancer
CLM13763,I10,Essential hypertension
CLM13763,I48.91,Atrial fibrillation
CLM13763,R07.9,Chest pain
CLM13764,J10.1,Influenza with pneumonia
CLM13765,E78.5,Hyperlipidemia
CLM13766,I25.10,Coronary artery disease
CLM13766,I10,Essential hypertension
CLM13767,S52.501A,Fracture of radius
CLM13767,R55,Syncope
CLM13768,E78.5,Hyperlipidemia
CLM13769,J02.0,Streptococcal pharyngitis
CLM13769,R50.9,Fever
CLM13770,I48.91,Atrial fibrillation
CLM13770,R07.9,Chest pain
CLM13771,S83.511A,ACL sprain of right knee
CLM13772,N18.3,Chronic kidney disease stage 3
CLM13772,Z00.00,Routine adult health exam
CLM13773,F41.1,Generalized anxiety disorder
CLM13774,J45.909,Asthma
CLM13775,J18.9,Pneumonia
CLM13776,J06.9,Upper respiratory infection
CLM13776,E78.5,Hyperlipidemia
CLM13776,F41.1,Generalized anxiety disorder
CLM13777,J45.909,Asthma
CLM13778,C34.90,Lung cancer
CLM13779,J02.0,Streptococcal pharyngitis
CLM13780,F43.10,Post-traumatic stress disorder
CLM13780,F90.0,ADHD
CLM13781,E03.9,Hypothyroidism
CLM13781,K21.9,Gastroesophageal reflux disease
CLM13782,J20.9,Acute bronchitis
CLM13782,F41.1,Generalized anxiety disorder
CLM13783,F32.9,Major depressive disorder
CLM13784,Z00.00,Routine adult health exam
CLM13785,S52.501A,Fracture of radius
CLM13786,R55,Syncope
CLM13787,E78.5,Hyperlipidemia
CLM13787,J06.9,Upper respiratory infection
CLM13788,E11.9,Type 2 diabetes mellitus
CLM13788,E05.90,Hyperthyroidism
CLM13789,F32.9,Major depressive disorder
CLM13790,J06.9,Upper respiratory infection
CLM13790,Z00.00,Routine adult health exam
CLM13790,E78.5,Hyperlipidemia
CLM13791,N39.0,UTI
CLM13792,E05.90,Hyperthyroidism
CLM13792,E03.9,Hypothyroidism
CLM13793,J10.1,Influenza with pneumonia
CLM13794,E11.9,Type 2 diabetes mellitus
CLM13795,F32.9,Major depressive disorder
CLM13796,F41.1,Generalized anxiety disorder
CLM13797,E78.5,Hyperlipidemia
CLM13797,R07.9,Chest pain
CLM13798,R07.9,Chest pain
CLM13798,R10.9,Abdominal pain
CLM13799,J20.9,Acute bronchitis
CLM13800,N18.3,Chronic kidney disease stage 3
CLM13801,R07.9,Chest pain
CLM13802,J18.9,Pneumonia
CLM13803,C18.9,Colon cancer
CLM13803,C61,Prostate cancer
CLM13804,I10,Essential hypertension
CLM13805,J18.9,Pneumonia
CLM13805,R55,Syncope
CLM13805,R10.9,Abdominal pain
CLM13806,M54.5,Low back pain
CLM13806,I10,Essential hypertension
CLM13807,M75.101,Rotator cuff tear
CLM13807,M54.5,Low back pain
CLM13808,I10,Essential hypertension
CLM13809,C61,Prostate cancer
CLM13810,D64.9,Anemia
CLM13811,S06.0X0A,Concussion
CLM13811,R55,Syncope
CLM13811,S52.501A,Fracture of radius
CLM13812,J45.909,Asthma
CLM13813,I25.10,Coronary artery disease
CLM13814,F41.1,Generalized anxiety disorder
CLM13814,M54.5,Low back pain
CLM13814,Z00.00,Routine adult health exam
CLM13815,K21.9,Gastroesophageal reflux disease
CLM13816,F90.0,ADHD
CLM13817,J02.0,Streptococcal pharyngitis
CLM13817,L20.9,Atopic dermatitis
CLM13817,H66.90,Otitis media
CLM13818,E11.9,Type 2 diabetes mellitus
CLM13818,I10,Essential hypertension
CLM13819,M54.5,Low back pain
CLM13819,S83.511A,ACL sprain of right knee
CLM13820,L70.0,Acne vulgaris
CLM13820,L40.0,Psoriasis
CLM13821,J06.9,Upper respiratory infection
CLM13822,I25.10,Coronary artery disease
CLM13823,L40.0,Psoriasis
CLM13823,L57.0,Actinic keratosis
CLM13823,L30.9,Dermatitis
CLM13824,I50.9,Heart failure
CLM13825,H66.90,Otitis media
CLM13826,J18.9,Pneumonia
CLM13827,E11.9,Type 2 diabetes mellitus
CLM13827,I10,Essential hypertension
CLM13828,H66.90,Otitis media
CLM13829,E11.9,Type 2 diabetes mellitus
CLM13830,E03.9,Hypothyroidism
CLM13830,N18.3,Chronic kidney disease stage 3
CLM13831,G47.33,Obstructive sleep apnea
CLM13831,J18.9,Pneumonia
CLM13832,K21.9,Gastroesophageal reflux disease
CLM13833,I50.9,Heart failure
CLM13833,I10,Essential hypertension
CLM13834,J06.9,Upper respiratory infection
CLM13834,J20.9,Acute bronchitis
CLM13835,L30.9,Dermatitis
CLM13835,L70.0,Acne vulgaris
CLM13835,L40.0,Psoriasis
CLM13836,J10.1,Influenza with pneumonia
CLM13837,Z00.129,Routine child health exam
CLM13838,I10,Essential hypertension
CLM13838,F41.1,Generalized anxiety disorder
CLM13839,F90.0,ADHD
CLM13840,J06.9,Upper respiratory infection
CLM13841,F41.1,Generalized anxiety disorder
CLM13841,F90.0,ADHD
CLM13842,M17.11,Osteoarthritis of right knee
CLM13842,S83.511A,ACL sprain of right knee
CLM13843,Z34.90,Normal pregnancy supervision
CLM13844,D64.9,Anemia
CLM13844,Z00.00,Routine adult health exam
CLM13845,D64.9,Anemia
CLM13846,N80.9,Endometriosis
CLM13847,D64.9,Anemia
CLM13847,K21.9,Gastroesophageal reflux disease
CLM13847,E78.5,Hyperlipidemia
CLM13848,J10.1,Influenza with pneumonia
CLM13848,N39.0,UTI
CLM13849,I10,Essential hypertension
CLM13849,R07.9,Chest pain
CLM13849,E78.5,Hyperlipidemia
CLM13850,K21.9,Gastroesophageal reflux disease
CLM13850,E11.9,Type 2 diabetes mellitus
CLM13851,E11.9,Type 2 diabetes mellitus
CLM13851,J10.1,Influenza with pneumonia
CLM13852,S83.511A,ACL sprain of right knee
CLM13852,M17.11,Osteoarthritis of right knee
CLM13853,L30.9,Dermatitis
CLM13854,G47.33,Obstructive sleep apnea
CLM13854,J18.9,Pneumonia
CLM13854,J44.9,COPD
CLM13855,E11.9,Type 2 diabetes mellitus
CLM13855,I10,Essential hypertension
CLM13855,J10.1,Influenza with pneumonia
CLM13856,E03.9,Hypothyroidism
CLM13857,Z00.00,Routine adult health exam
CLM13858,C50.911,Breast cancer
CLM13859,I10,Essential hypertension
CLM13859,Z00.00,Routine adult health exam
CLM13859,J06.9,Upper respiratory infection
CLM13860,I25.10,Coronary artery disease
CLM13860,E78.5,Hyperlipidemia
CLM13861,J02.0,Streptococcal pharyngitis
CLM13862,N80.9,Endometriosis
CLM13863,Z34.90,Normal pregnancy supervision
CLM13864,S83.511A,ACL sprain of right knee
CLM13864,M75.101,Rotator cuff tear
CLM13865,E03.9,Hypothyroidism
CLM13866,N18.3,Chronic kidney disease stage 3
CLM13867,S83.511A,ACL sprain of right knee
CLM13867,M17.11,Osteoarthritis of right knee
CLM13868,C34.90,Lung cancer
CLM13869,F41.1,Generalized anxiety disorder
CLM13870,J20.9,Acute bronchitis
CLM13870,M54.5,Low back pain
CLM13871,I10,Essential hypertension
CLM13872,I10,Essential hypertension
CLM13873,I25.10,Coronary artery disease
CLM13873,I48.91,Atrial fibrillation
CLM13874,N18.3,Chronic kidney disease stage 3
CLM13875,E78.5,Hyperlipidemia
CLM13876,E78.5,Hyperlipidemia
CLM13877,J06.9,Upper respiratory infection
CLM13878,Z00.00,Routine adult health exam
CLM13879,I50.9,Heart failure
CLM13880,S52.501A,Fracture of radius
CLM13881,M75.101,Rotator cuff tear
CLM13881,M54.5,Low back pain
CLM13882,J10.1,Influenza with pneumonia
CLM13882,J06.9,Upper respiratory infection
CLM13882,F41.1,Generalized anxiety disorder
CLM13883,F31.9,Bipolar disorder
CLM13884,I10,Essential hypertension
CLM13885,J18.9,Pneumonia
CLM13885,J45.909,Asthma
CLM13886,R07.9,Chest pain
CLM13887,N39.0,UTI
CLM13887,E78.5,Hyperlipidemia
CLM13888,I50.9,Heart failure
CLM13888,I25.10,Coronary artery disease
CLM13888,I48.91,Atrial fibrillation
CLM13889,Z01.419,Routine gynecological exam
CLM13890,I25.10,Coronary artery disease
CLM13891,J06.9,Upper respiratory infection
CLM13891,M54.5,Low back pain
CLM13892,R50.9,Fever
CLM13892,J02.0,Streptococcal pharyngitis
CLM13893,M54.5,Low back pain
CLM13894,M25.561,Pain in right knee
CLM13894,M54.5,Low back pain
CLM13895,E78.5,Hyperlipidemia
CLM13896,I10,Essential hypertension
CLM13897,E78.5,Hyperlipidemia
CLM13897,E03.9,Hypothyroidism
CLM13898,J44.9,COPD
CLM13899,I48.91,Atrial fibrillation
CLM13900,J10.1,Influenza with pneumonia
CLM13901,E03.9,Hypothyroidism
CLM13902,E03.9,Hypothyroidism
CLM13902,D64.9,Anemia
CLM13903,L70.0,Acne vulgaris
CLM13903,L40.0,Psoriasis
CLM13904,E78.5,Hyperlipidemia
CLM13904,F41.1,Generalized anxiety disorder
CLM13905,I10,Essential hypertension
CLM13906,G47.33,Obstructive sleep apnea
CLM13907,L20.9,Atopic dermatitis
CLM13908,F90.0,ADHD
CLM13908,F31.9,Bipolar disorder
CLM13909,Z01.419,Routine gynecological exam
CLM13910,I10,Essential hypertension
CLM13911,H66.90,Otitis media
CLM13911,Z00.129,Routine child health exam
CLM13912,I50.9,Heart failure
CLM13912,R07.9,Chest pain
CLM13912,I10,Essential hypertension
CLM13913,F43.10,Post-traumatic stress disorder
CLM13914,I10,Essential hypertension
CLM13915,N18.3,Chronic kidney disease stage 3
CLM13916,F41.1,Generalized anxiety disorder
CLM13917,J45.909,Asthma
CLM13918,E03.9,Hypothyroidism
CLM13919,F43.10,Post-traumatic stress disorder
CLM13920,R10.9,Abdominal pain
CLM13921,N18.3,Chronic kidney disease stage 3
CLM13922,J20.9,Acute bronchitis
CLM13922,J10.1,Influenza with pneumonia
CLM13922,E11.9,Type 2 diabetes mellitus
CLM13923,N18.3,Chronic kidney disease stage 3
CLM13924,I50.9,Heart failure
CLM13924,I25.10,Coronary artery disease
CLM13924,I48.91,Atrial fibrillation
CLM13925,E05.90,Hyperthyroidism
CLM13925,E03.9,Hypothyroidism
CLM13926,R55,Syncope
CLM13927,I10,Essential hypertension
CLM13927,N18.3,Chronic kidney disease stage 3
CLM13928,I25.10,Coronary artery disease
CLM13929,J44.9,COPD
CLM13930,K21.9,Gastroesophageal reflux disease
CLM13930,E11.9,Type 2 diabetes mellitus
CLM13931,K21.9,Gastroesophageal reflux disease
CLM13931,Z00.00,Routine adult health exam
CLM13932,R50.9,Fever
CLM13933,I48.91,Atrial fibrillation
CLM13933,I10,Essential hypertension
CLM13934,Z00.00,Routine adult health exam
CLM13935,J20.9,Acute bronchitis
CLM13936,G47.33,Obstructive sleep apnea
CLM13936,J18.9,Pneumonia
CLM13937,J18.9,Pneumonia
CLM13937,R55,Syncope
CLM13938,Z00.00,Routine adult health exam
CLM13938,E03.9,Hypothyroidism
CLM13939,F41.1,Generalized anxiety disorder
CLM13939,F90.0,ADHD
CLM13940,E11.9,Type 2 diabetes mellitus
CLM13940,D64.9,Anemia
CLM13941,R10.9,Abdominal pain
CLM13941,J18.9,Pneumonia
CLM13942,M75.101,Rotator cuff tear
CLM13943,O24.410,Gestational diabetes
CLM13944,Z01.419,Routine gynecological exam
CLM13945,M25.561,Pain in right knee
CLM13946,E11.65,Type 2 diabetes with hyperglycemia
CLM13946,E11.9,Type 2 diabetes mellitus
CLM13947,N39.0,UTI
CLM13948,Z00.00,Routine adult health exam
CLM13949,E78.5,Hyperlipidemia
CLM13950,L70.0,Acne vulgaris
CLM13951,I48.91,Atrial fibrillation
CLM13951,I25.10,Coronary artery disease
CLM13952,J06.9,Upper respiratory infection
CLM13953,D64.9,Anemia
CLM13953,C50.911,Breast cancer
CLM13954,Z34.90,Normal pregnancy supervision
CLM13954,N80.9,Endometriosis
CLM13955,J18.9,Pneumonia
CLM13956,I10,Essential hypertension
CLM13957,L57.0,Actinic keratosis
CLM13958,E11.9,Type 2 diabetes mellitus
CLM13959,S06.0X0A,Concussion
CLM13959,R10.9,Abdominal pain
CLM13960,M54.5,Low back pain
CLM13960,J06.9,Upper respiratory infection
CLM13961,F41.1,Generalized anxiety disorder
CLM13962,J02.0,Streptococcal pharyngitis
CLM13963,E11.9,Type 2 diabetes mellitus
CLM13964,M75.101,Rotator cuff tear
CLM13964,M25.561,Pain in right knee
CLM13965,F90.0,ADHD
CLM13966,I50.9,Heart failure
CLM13966,I48.91,Atrial fibrillation
CLM13967,M25.561,Pain in right knee
CLM13968,I50.9,Heart failure
CLM13969,J20.9,Acute bronchitis
CLM13969,J06.9,Upper respiratory infection
CLM13970,E78.5,Hyperlipidemia
CLM13971,M54.5,Low back pain
CLM13971,Z00.00,Routine adult health exam
CLM13971,I10,Essential hypertension
CLM13972,L20.9,Atopic dermatitis
CLM13972,R50.9,Fever
CLM13973,E78.5,Hyperlipidemia
CLM13974,O24.410,Gestational diabetes
CLM13974,N80.9,Endometriosis
CLM13975,E11.9,Type 2 diabetes mellitus
CLM13975,F41.1,Generalized anxiety disorder
CLM13976,E78.5,Hyperlipidemia
CLM13977,E78.5,Hyperlipidemia
CLM13978,I25.10,Coronary artery disease
CLM13979,Z34.90,Normal pregnancy supervision
CLM13979,O24.410,Gestational diabetes
CLM13980,K21.9,Gastroesophageal reflux disease
CLM13981,S52.501A,Fracture of radius
CLM13981,R10.9,Abdominal pain
CLM13981,R07.9,Chest pain
CLM13982,R07.9,Chest pain
CLM13982,E78.5,Hyperlipidemia
CLM13983,E11.9,Type 2 diabetes mellitus
CLM13984,E78.5,Hyperlipidemia
CLM13985,N39.0,UTI
CLM13985,E11.9,Type 2 diabetes mellitus
CLM13986,Z34.90,Normal pregnancy supervision
CLM13986,Z01.419,Routine gynecological exam
CLM13987,J10.1,Influenza with pneumonia
CLM13988,F90.0,ADHD
CLM13988,F31.9,Bipolar disorder
CLM13989,E05.90,Hyperthyroidism
CLM13990,E03.9,Hypothyroidism
CLM13990,E11.9,Type 2 diabetes mellitus
CLM13991,J06.9,Upper respiratory infection
CLM13991,J10.1,Influenza with pneumonia
CLM13991,N39.0,UTI
CLM13992,E05.90,Hyperthyroidism
CLM13993,Z00.00,Routine adult health exam
CLM13994,E11.9,Type 2 diabetes mellitus
CLM13994,J20.9,Acute bronchitis
CLM13995,N18.3,Chronic kidney disease stage 3
CLM13995,D64.9,Anemia
CLM13996,F43.10,Post-traumatic stress disorder
CLM13997,I10,Essential hypertension
CLM13998,J44.9,COPD
CLM13998,J45.909,Asthma
CLM13999,I25.10,Coronary artery disease
CLM13999,I48.91,Atrial fibrillation
CLM14000,N18.3,Chronic kidney disease stage 3
CLM14001,Z00.00,Routine adult health exam
CLM14001,N39.0,UTI
CLM14002,J18.9,Pneumonia
CLM14002,S52.501A,Fracture of radius
CLM14002,R07.9,Chest pain
CLM14003,J10.1,Influenza with pneumonia
CLM14004,I10,Essential hypertension
CLM14004,R07.9,Chest pain
CLM14005,F41.1,Generalized anxiety disorder
CLM14006,M54.5,Low back pain
CLM14007,I10,Essential hypertension
CLM14008,M54.5,Low back pain
CLM14009,R55,Syncope
CLM14010,Z00.00,Routine adult health exam
CLM14011,E78.5,Hyperlipidemia
CLM14012,J10.1,Influenza with pneumonia
CLM14013,E03.9,Hypothyroidism
CLM14014,E78.5,Hyperlipidemia
CLM14014,I10,Essential hypertension
CLM14015,D22.9,Melanocytic nevus
CLM14015,L40.0,Psoriasis
CLM14016,L40.0,Psoriasis
CLM14016,L70.0,Acne vulgaris
CLM14016,L57.0,Actinic keratosis
CLM14017,G47.33,Obstructive sleep apnea
CLM14018,I10,Essential hypertension
CLM14018,I50.9,Heart failure
CLM14019,F31.9,Bipolar disorder
CLM14020,M54.5,Low back pain
CLM14021,F90.0,ADHD
CLM14022,D64.9,Anemia
CLM14022,C34.90,Lung cancer
CLM14023,D64.9,Anemia
CLM14023,K21.9,Gastroesophageal reflux disease
CLM14023,E11.9,Type 2 diabetes mellitus
CLM14024,F41.1,Generalized anxiety disorder
CLM14024,J20.9,Acute bronchitis
CLM14025,E05.90,Hyperthyroidism
CLM14026,F41.1,Generalized anxiety disorder
CLM14027,F31.9,Bipolar disorder
CLM14027,F43.10,Post-traumatic stress disorder
CLM14028,M54.5,Low back pain
CLM14028,N39.0,UTI
CLM14028,I10,Essential hypertension
CLM14029,O24.410,Gestational diabetes
CLM14030,M54.5,Low back pain
CLM14031,L70.0,Acne vulgaris
CLM14031,L57.0,Actinic keratosis
CLM14031,D22.9,Melanocytic nevus
CLM14032,N80.9,Endometriosis
CLM14033,R07.9,Chest pain
CLM14034,L57.0,Actinic keratosis
CLM14035,L30.9,Dermatitis
CLM14036,E78.5,Hyperlipidemia
CLM14036,R07.9,Chest pain
CLM14037,M54.5,Low back pain
CLM14038,R07.9,Chest pain
CLM14038,I25.10,Coronary artery disease
CLM14039,I48.91,Atrial fibrillation
CLM14039,I50.9,Heart failure
CLM14040,I10,Essential hypertension
CLM14041,J18.9,Pneumonia
CLM14041,R10.9,Abdominal pain
CLM14042,E11.9,Type 2 diabetes mellitus
CLM14042,J20.9,Acute bronchitis
CLM14043,S52.501A,Fracture of radius
CLM14044,E05.90,Hyperthyroidism
CLM14045,I10,Essential hypertension
CLM14046,E78.5,Hyperlipidemia
CLM14047,E11.9,Type 2 diabetes mellitus
CLM14047,I10,Essential hypertension
CLM14048,I10,Essential hypertension
CLM14049,I10,Essential hypertension
CLM14050,D64.9,Anemia
CLM14051,Z00.00,Routine adult health exam
CLM14052,F41.1,Generalized anxiety disorder
CLM14053,J06.9,Upper respiratory infection
CLM14054,J18.9,Pneumonia
CLM14055,E78.5,Hyperlipidemia
CLM14056,L20.9,Atopic dermatitis
CLM14056,J45.909,Asthma
CLM14057,H66.90,Otitis media
CLM14057,R50.9,Fever
CLM14058,S06.0X0A,Concussion
CLM14059,E78.5,Hyperlipidemia
CLM14059,J06.9,Upper respiratory infection
CLM14060,S06.0X0A,Concussion
CLM14060,S52.501A,Fracture of radius
CLM14060,R55,Syncope
CLM14061,J18.9,Pneumonia
CLM14061,R10.9,Abdominal pain
CLM14061,R07.9,Chest pain
CLM14062,F90.0,ADHD
CLM14063,F41.1,Generalized anxiety disorder
CLM14064,E03.9,Hypothyroidism
CLM14065,F43.10,Post-traumatic stress disorder
CLM14066,S52.501A,Fracture of radius
CLM14067,M54.5,Low back pain
CLM14067,I10,Essential hypertension
CLM14068,I10,Essential hypertension
CLM14068,J10.1,Influenza with pneumonia
CLM14069,K21.9,Gastroesophageal reflux disease
CLM14070,R10.9,Abdominal pain
CLM14071,J18.9,Pneumonia
CLM14071,R07.9,Chest pain
CLM14071,S52.501A,Fracture of radius
CLM14072,L70.0,Acne vulgaris
CLM14073,F43.10,Post-traumatic stress disorder
CLM14074,M54.5,Low back pain
CLM14074,E11.9,Type 2 diabetes mellitus
CLM14075,E11.9,Type 2 diabetes mellitus
CLM14076,N80.9,Endometriosis
CLM14076,Z01.419,Routine gynecological exam
CLM14077,L70.0,Acne vulgaris
CLM14078,L30.9,Dermatitis
CLM14079,J06.9,Upper respiratory infection
CLM14079,E78.5,Hyperlipidemia
CLM14079,J20.9,Acute bronchitis
CLM14080,I50.9,Heart failure
CLM14081,F41.1,Generalized anxiety disorder
CLM14081,F31.9,Bipolar disorder
CLM14081,F32.9,Major depressive disorder
CLM14082,E78.5,Hyperlipidemia
CLM14083,E78.5,Hyperlipidemia
CLM14084,I10,Essential hypertension
CLM14084,I50.9,Heart failure
CLM14084,R07.9,Chest pain
CLM14085,F41.1,Generalized anxiety disorder
CLM14086,D64.9,Anemia
CLM14087,J20.9,Acute bronchitis
CLM14088,J45.909,Asthma
CLM14088,J06.9,Upper respiratory infection
CLM14089,J10.1,Influenza with pneumonia
CLM14090,J02.0,Streptococcal pharyngitis
CLM14090,L20.9,Atopic dermatitis
CLM14091,M17.11,Osteoarthritis of right knee
CLM14091,M75.101,Rotator cuff tear
CLM14091,M54.5,Low back pain
CLM14092,E78.5,Hyperlipidemia
CLM14092,I48.91,Atrial fibrillation
CLM14093,F41.1,Generalized anxiety disorder
CLM14093,E11.9,Type 2 diabetes mellitus
CLM14093,N39.0,UTI
CLM14094,J20.9,Acute bronchitis
CLM14094,J06.9,Upper respiratory infection
CLM14095,Z51.11,Encounter for chemotherapy
CLM14096,J18.9,Pneumonia
CLM14096,R55,Syncope
CLM14097,J20.9,Acute bronchitis
CLM14098,J45.909,Asthma
CLM14099,D64.9,Anemia
CLM14100,E66.9,Obesity
CLM14101,Z01.419,Routine gynecological exam
CLM14102,D64.9,Anemia
CLM14103,D22.9,Melanocytic nevus
CLM14104,S83.511A,ACL sprain of right knee
CLM14105,E11.9,Type 2 diabetes mellitus
CLM14106,C18.9,Colon cancer
CLM14106,D64.9,Anemia
CLM14107,Z00.00,Routine adult health exam
CLM14107,I10,Essential hypertension
CLM14107,N18.3,Chronic kidney disease stage 3
CLM14108,E78.5,Hyperlipidemia
CLM14108,E11.9,Type 2 diabetes mellitus
CLM14109,Z00.00,Routine adult health exam
CLM14110,C18.9,Colon cancer
CLM14110,Z51.11,Encounter for chemotherapy
CLM14111,D64.9,Anemia
CLM14112,L70.0,Acne vulgaris
CLM14113,D22.9,Melanocytic nevus
CLM14113,L57.0,Actinic keratosis
CLM14114,I10,Essential hypertension
CLM14114,N18.3,Chronic kidney disease stage 3
CLM14115,E03.9,Hypothyroidism
CLM14116,L20.9,Atopic dermatitis
CLM14116,H66.90,Otitis media
CLM14117,E78.5,Hyperlipidemia
CLM14118,E11.9,Type 2 diabetes mellitus
CLM14119,F43.10,Post-traumatic stress disorder
CLM14119,F32.9,Major depressive disorder
CLM14120,S83.511A,ACL sprain of right knee
CLM14121,Z01.419,Routine gynecological exam
CLM14121,O24.410,Gestational diabetes
CLM14122,F41.1,Generalized anxiety disorder
CLM14123,I10,Essential hypertension
CLM14124,I10,Essential hypertension
CLM14125,J10.1,Influenza with pneumonia
CLM14126,F41.1,Generalized anxiety disorder
CLM14127,I25.10,Coronary artery disease
CLM14128,F43.10,Post-traumatic stress disorder
CLM14129,C18.9,Colon cancer
CLM14129,C50.911,Breast cancer
CLM14129,Z51.11,Encounter for chemotherapy
CLM14130,Z00.00,Routine adult health exam
CLM14131,N92.0,Heavy menstrual bleeding
CLM14131,Z01.419,Routine gynecological exam
CLM14132,M54.5,Low back pain
CLM14132,N39.0,UTI
CLM14132,E78.5,Hyperlipidemia
CLM14133,Z00.00,Routine adult health exam
CLM14133,K21.9,Gastroesophageal reflux disease
CLM14133,I10,Essential hypertension
CLM14134,L57.0,Actinic keratosis
CLM14134,L40.0,Psoriasis
CLM14135,M17.11,Osteoarthritis of right knee
CLM14135,M75.101,Rotator cuff tear
CLM14136,N18.3,Chronic kidney disease stage 3
CLM14137,L30.9,Dermatitis
CLM14138,H66.90,Otitis media
CLM14138,J45.909,Asthma
CLM14138,Z00.129,Routine child health exam
CLM14139,M54.5,Low back pain
CLM14140,J10.1,Influenza with pneumonia
CLM14140,E11.9,Type 2 diabetes mellitus
CLM14141,E11.9,Type 2 diabetes mellitus
CLM14142,S06.0X0A,Concussion
CLM14143,I50.9,Heart failure
CLM14144,I10,Essential hypertension
CLM14145,J44.9,COPD
CLM14145,J45.909,Asthma
CLM14146,S06.0X0A,Concussion
CLM14146,J18.9,Pneumonia
CLM14147,I10,Essential hypertension
CLM14148,J06.9,Upper respiratory infection
CLM14148,E78.5,Hyperlipidemia
CLM14149,J06.9,Upper respiratory infection
CLM14149,I10,Essential hypertension
CLM14149,Z00.00,Routine adult health exam
CLM14150,F31.9,Bipolar disorder
CLM14151,R10.9,Abdominal pain
CLM14152,G47.33,Obstructive sleep apnea
CLM14152,J45.909,Asthma
CLM14153,Z00.00,Routine adult health exam
CLM14154,I48.91,Atrial fibrillation
CLM14154,E78.5,Hyperlipidemia
CLM14154,I25.10,Coronary artery disease
CLM14155,M75.101,Rotator cuff tear
CLM14156,N18.3,Chronic kidney disease stage 3
CLM14157,E03.9,Hypothyroidism
CLM14158,D64.9,Anemia
CLM14158,E03.9,Hypothyroidism
CLM14159,J02.0,Streptococcal pharyngitis
CLM14159,R50.9,Fever
CLM14159,J45.909,Asthma
CLM14160,M54.5,Low back pain
CLM14160,J10.1,Influenza with pneumonia
CLM14160,E11.9,Type 2 diabetes mellitus
CLM14161,R10.9,Abdominal pain
CLM14161,R55,Syncope
CLM14162,E11.9,Type 2 diabetes mellitus
CLM14162,M54.5,Low back pain
CLM14163,J45.909,Asthma
CLM14163,J02.0,Streptococcal pharyngitis
CLM14164,E11.9,Type 2 diabetes mellitus
CLM14164,D64.9,Anemia
CLM14165,I10,Essential hypertension
CLM14166,E78.5,Hyperlipidemia
CLM14167,F90.0,ADHD
CLM14168,N18.3,Chronic kidney disease stage 3
CLM14169,I10,Essential hypertension
CLM14170,F31.9,Bipolar disorder
CLM14170,F41.1,Generalized anxiety disorder
CLM14171,F32.9,Major depressive disorder
CLM14171,F31.9,Bipolar disorder
CLM14171,F90.0,ADHD
CLM14172,F90.0,ADHD
CLM14172,F41.1,Generalized anxiety disorder
CLM14173,S83.511A,ACL sprain of right knee
CLM14174,E78.5,Hyperlipidemia
CLM14175,L20.9,Atopic dermatitis
CLM14175,Z00.129,Routine child health exam
CLM14176,Z00.00,Routine adult health exam
CLM14177,J20.9,Acute bronchitis
CLM14178,E11.9,Type 2 diabetes mellitus
CLM14179,D22.9,Melanocytic nevus
CLM14179,L57.0,Actinic keratosis
CLM14179,L70.0,Acne vulgaris
CLM14180,M54.5,Low back pain
CLM14181,J18.9,Pneumonia
CLM14182,E78.5,Hyperlipidemia
CLM14182,I25.10,Coronary artery disease
CLM14183,I50.9,Heart failure
CLM14184,F41.1,Generalized anxiety disorder
CLM14185,N18.3,Chronic kidney disease stage 3
CLM14185,I10,Essential hypertension
CLM14186,E03.9,Hypothyroidism
CLM14187,E11.9,Type 2 diabetes mellitus
CLM14188,I50.9,Heart failure
CLM14189,I10,Essential hypertension
CLM14190,S52.501A,Fracture of radius
CLM14191,R10.9,Abdominal pain
CLM14191,S52.501A,Fracture of radius
CLM14191,J18.9,Pneumonia
CLM14192,F31.9,Bipolar disorder
CLM14193,E78.5,Hyperlipidemia
CLM14194,J10.1,Influenza with pneumonia
CLM14194,M54.5,Low back pain
CLM14195,H66.90,Otitis media
CLM14195,J02.0,Streptococcal pharyngitis
CLM14196,J06.9,Upper respiratory infection
CLM14197,R07.9,Chest pain
CLM14198,L40.0,Psoriasis
CLM14198,L30.9,Dermatitis
CLM14199,F31.9,Bipolar disorder
CLM14200,M17.11,Osteoarthritis of right knee
CLM14200,M25.561,Pain in right knee
CLM14201,J18.9,Pneumonia
CLM14201,S06.0X0A,Concussion
CLM14202,G47.33,Obstructive sleep apnea
CLM14202,J18.9,Pneumonia
CLM14203,Z00.00,Routine adult health exam
CLM14204,E78.5,Hyperlipidemia
CLM14205,N39.0,UTI
CLM14206,E78.5,Hyperlipidemia
CLM14207,E03.9,Hypothyroidism
CLM14208,L20.9,Atopic dermatitis
CLM14208,J45.909,Asthma
CLM14209,M75.101,Rotator cuff tear
CLM14209,M25.561,Pain in right knee
CLM14210,E11.9,Type 2 diabetes mellitus
CLM14211,N39.0,UTI
CLM14212,R55,Syncope
CLM14213,S52.501A,Fracture of radius
CLM14213,J18.9,Pneumonia
CLM14214,N18.3,Chronic kidney disease stage 3
CLM14214,E78.5,Hyperlipidemia
CLM14215,J18.9,Pneumonia
CLM14216,J10.1,Influenza with pneumonia
CLM14216,J06.9,Upper respiratory infection
CLM14216,E78.5,Hyperlipidemia
CLM14217,O24.410,Gestational diabetes
CLM14217,Z01.419,Routine gynecological exam
CLM14218,J20.9,Acute bronchitis
CLM14218,F41.1,Generalized anxiety disorder
CLM14219,M54.5,Low back pain
CLM14219,Z00.00,Routine adult health exam
CLM14220,I25.10,Coronary artery disease
CLM14221,F32.9,Major depressive disorder
CLM14222,N18.3,Chronic kidney disease stage 3
CLM14222,E11.9,Type 2 diabetes mellitus
CLM14223,J06.9,Upper respiratory infection
CLM14224,H66.90,Otitis media
CLM14225,K21.9,Gastroesophageal reflux disease
CLM14226,M75.101,Rotator cuff tear
CLM14227,I50.9,Heart failure
CLM14227,E78.5,Hyperlipidemia
CLM14228,D64.9,Anemia
CLM14228,Z00.00,Routine adult health exam
CLM14229,M25.561,Pain in right knee
CLM14230,J44.9,COPD
CLM14230,J18.9,Pneumonia
CLM14231,E05.90,Hyperthyroidism
CLM14231,E66.9,Obesity
CLM14232,O24.410,Gestational diabetes
CLM14233,I10,Essential hypertension
CLM14234,I25.10,Coronary artery disease
CLM14234,I50.9,Heart failure
CLM14234,I10,Essential hypertension
CLM14235,J06.9,Upper respiratory infection
CLM14236,E66.9,Obesity
CLM14237,Z34.90,Normal pregnancy supervision
CLM14238,Z01.419,Routine gynecological exam
CLM14238,Z34.90,Normal pregnancy supervision
CLM14239,F41.1,Generalized anxiety disorder
CLM14239,E11.9,Type 2 diabetes mellitus
CLM14240,N39.0,UTI
CLM14241,J06.9,Upper respiratory infection
CLM14242,G47.33,Obstructive sleep apnea
CLM14242,J18.9,Pneumonia
CLM14242,J45.909,Asthma
CLM14243,E03.9,Hypothyroidism
CLM14243,E11.9,Type 2 diabetes mellitus
CLM14244,I10,Essential hypertension
CLM14244,N39.0,UTI
CLM14244,E78.5,Hyperlipidemia
CLM14245,N39.0,UTI
CLM14246,E03.9,Hypothyroidism
CLM14246,E66.9,Obesity
CLM14246,E11.9,Type 2 diabetes mellitus
CLM14247,F41.1,Generalized anxiety disorder
CLM14247,E78.5,Hyperlipidemia
CLM14248,I25.10,Coronary artery disease
CLM14249,I10,Essential hypertension
CLM14249,M54.5,Low back pain
CLM14250,J45.909,Asthma
CLM14251,C61,Prostate cancer
CLM14251,C34.90,Lung cancer
CLM14251,D64.9,Anemia
CLM14252,G47.33,Obstructive sleep apnea
CLM14252,J45.909,Asthma
CLM14252,J18.9,Pneumonia
CLM14253,K21.9,Gastroesophageal reflux disease
CLM14254,F31.9,Bipolar disorder
CLM14255,D64.9,Anemia
CLM14255,Z51.11,Encounter for chemotherapy
CLM14256,N92.0,Heavy menstrual bleeding
CLM14256,O24.410,Gestational diabetes
CLM14256,N80.9,Endometriosis
CLM14257,N18.3,Chronic kidney disease stage 3
CLM14258,E11.65,Type 2 diabetes with hyperglycemia
CLM14258,E11.9,Type 2 diabetes mellitus
CLM14259,J45.909,Asthma
CLM14259,H66.90,Otitis media
CLM14259,Z00.129,Routine child health exam
CLM14260,J10.1,Influenza with pneumonia
CLM14260,J06.9,Upper respiratory infection
CLM14261,L20.9,Atopic dermatitis
CLM14262,C61,Prostate cancer
CLM14263,J06.9,Upper respiratory infection
CLM14264,I48.91,Atrial fibrillation
CLM14265,F41.1,Generalized anxiety disorder
CLM14266,I10,Essential hypertension
CLM14267,J18.9,Pneumonia
CLM14268,J06.9,Upper respiratory infection
CLM14268,J10.1,Influenza with pneumonia
CLM14269,K21.9,Gastroesophageal reflux disease
CLM14269,E11.9,Type 2 diabetes mellitus
CLM14269,I10,Essential hypertension
CLM14270,E78.5,Hyperlipidemia
CLM14271,R10.9,Abdominal pain
CLM14271,S52.501A,Fracture of radius
CLM14272,M54.5,Low back pain
CLM14272,M25.561,Pain in right knee
CLM14272,M75.101,Rotator cuff tear
CLM14273,I10,Essential hypertension
CLM14274,K21.9,Gastroesophageal reflux disease
CLM14274,Z00.00,Routine adult health exam
CLM14275,Z34.90,Normal pregnancy supervision
CLM14276,R55,Syncope
CLM14276,R07.9,Chest pain
CLM14277,R55,Syncope
CLM14277,R10.9,Abdominal pain
CLM14277,S52.501A,Fracture of radius
CLM14278,J45.909,Asthma
CLM14279,S83.511A,ACL sprain of right knee
CLM14280,R10.9,Abdominal pain
CLM14281,F41.1,Generalized anxiety disorder
CLM14281,J10.1,Influenza with pneumonia
CLM14282,J45.909,Asthma
CLM14282,J18.9,Pneumonia
CLM14283,N92.0,Heavy menstrual bleeding
CLM14284,E11.9,Type 2 diabetes mellitus
CLM14285,J10.1,Influenza with pneumonia
CLM14286,J10.1,Influenza with pneumonia
CLM14286,M54.5,Low back pain
CLM14287,S06.0X0A,Concussion
CLM14288,N39.0,UTI
CLM14289,E03.9,Hypothyroidism
CLM14289,N18.3,Chronic kidney disease stage 3
CLM14290,I48.91,Atrial fibrillation
CLM14291,I10,Essential hypertension
CLM14292,Z34.90,Normal pregnancy supervision
CLM14293,M54.5,Low back pain
CLM14294,M17.11,Osteoarthritis of right knee
CLM14295,S06.0X0A,Concussion
CLM14296,R07.9,Chest pain
CLM14296,I25.10,Coronary artery disease
CLM14297,I48.91,Atrial fibrillation
CLM14297,I25.10,Coronary artery disease
CLM14298,I48.91,Atrial fibrillation
CLM14299,F43.10,Post-traumatic stress disorder
CLM14300,M54.5,Low back pain
CLM14301,N18.3,Chronic kidney disease stage 3
CLM14302,S52.501A,Fracture of radius
CLM14302,S06.0X0A,Concussion
CLM14303,D22.9,Melanocytic nevus
CLM14304,R50.9,Fever
CLM14305,N39.0,UTI
CLM14306,I10,Essential hypertension
CLM14307,L57.0,Actinic keratosis
CLM14308,Z00.00,Routine adult health exam
CLM14309,F41.1,Generalized anxiety disorder
CLM14310,I10,Essential hypertension
CLM14311,E78.5,Hyperlipidemia
CLM14312,G47.33,Obstructive sleep apnea
CLM14312,J18.9,Pneumonia
CLM14313,F32.9,Major depressive disorder
CLM14314,G47.33,Obstructive sleep apnea
CLM14314,J18.9,Pneumonia
CLM14315,I50.9,Heart failure
CLM14315,R07.9,Chest pain
CLM14316,S83.511A,ACL sprain of right knee
CLM14317,E03.9,Hypothyroidism
CLM14318,E11.9,Type 2 diabetes mellitus
CLM14318,J10.1,Influenza with pneumonia
CLM14319,N39.0,UTI
CLM14320,E03.9,Hypothyroidism
CLM14320,N18.3,Chronic kidney disease stage 3
CLM14321,E78.5,Hyperlipidemia
CLM14321,I50.9,Heart failure
CLM14322,Z00.00,Routine adult health exam
CLM14323,M54.5,Low back pain
CLM14323,S83.511A,ACL sprain of right knee
CLM14323,M17.11,Osteoarthritis of right knee
CLM14324,Z00.00,Routine adult health exam
CLM14325,M54.5,Low back pain
CLM14326,E11.9,Type 2 diabetes mellitus
CLM14326,K21.9,Gastroesophageal reflux disease
CLM14327,F32.9,Major depressive disorder
CLM14327,F90.0,ADHD
CLM14327,F43.10,Post-traumatic stress disorder
CLM14328,J45.909,Asthma
CLM14329,Z51.11,Encounter for chemotherapy
CLM14329,C50.911,Breast cancer
CLM14330,L30.9,Dermatitis
CLM14330,L57.0,Actinic keratosis
CLM14331,J06.9,Upper respiratory infection
CLM14332,J06.9,Upper respiratory infection
CLM14333,F32.9,Major depressive disorder
CLM14334,K21.9,Gastroesophageal reflux disease
CLM14334,E11.9,Type 2 diabetes mellitus
CLM14335,M17.11,Osteoarthritis of right knee
CLM14336,I10,Essential hypertension
CLM14337,R07.9,Chest pain
CLM14337,S52.501A,Fracture of radius
CLM14338,R10.9,Abdominal pain
CLM14339,N18.3,Chronic kidney disease stage 3
CLM14339,K21.9,Gastroesophageal reflux disease
CLM14339,E78.5,Hyperlipidemia
CLM14340,M75.101,Rotator cuff tear
CLM14341,D22.9,Melanocytic nevus
CLM14341,L70.0,Acne vulgaris
CLM14341,L57.0,Actinic keratosis
CLM14342,I50.9,Heart failure
CLM14342,E78.5,Hyperlipidemia
CLM14343,M25.561,Pain in right knee
CLM14344,M17.11,Osteoarthritis of right knee
CLM14344,M54.5,Low back pain
CLM14345,E78.5,Hyperlipidemia
CLM14345,I10,Essential hypertension
CLM14346,F41.1,Generalized anxiety disorder
CLM14347,R07.9,Chest pain
CLM14348,S52.501A,Fracture of radius
CLM14349,J06.9,Upper respiratory infection
CLM14350,I10,Essential hypertension
CLM14351,Z00.00,Routine adult health exam
CLM14352,K21.9,Gastroesophageal reflux disease
CLM14352,E03.9,Hypothyroidism
CLM14353,M54.5,Low back pain
CLM14354,R07.9,Chest pain
CLM14355,C50.911,Breast cancer
CLM14355,C34.90,Lung cancer
CLM14356,J06.9,Upper respiratory infection
CLM14357,Z34.90,Normal pregnancy supervision
CLM14358,I10,Essential hypertension
CLM14359,E78.5,Hyperlipidemia
CLM14359,J10.1,Influenza with pneumonia
CLM14360,J10.1,Influenza with pneumonia
CLM14361,K21.9,Gastroesophageal reflux disease
CLM14362,I25.10,Coronary artery disease
CLM14362,E78.5,Hyperlipidemia
CLM14362,R07.9,Chest pain
CLM14363,J44.9,COPD
CLM14363,G47.33,Obstructive sleep apnea
CLM14363,J18.9,Pneumonia
CLM14364,N39.0,UTI
CLM14365,M54.5,Low back pain
CLM14366,I10,Essential hypertension
CLM14366,E03.9,Hypothyroidism
CLM14367,R07.9,Chest pain
CLM14367,I10,Essential hypertension
CLM14367,E78.5,Hyperlipidemia
CLM14368,D64.9,Anemia
CLM14369,J45.909,Asthma
CLM14370,E66.9,Obesity
CLM14370,E05.90,Hyperthyroidism
CLM14371,Z00.00,Routine adult health exam
CLM14371,E11.9,Type 2 diabetes mellitus
CLM14372,F41.1,Generalized anxiety disorder
CLM14373,N18.3,Chronic kidney disease stage 3
CLM14373,K21.9,Gastroesophageal reflux disease
CLM14374,M17.11,Osteoarthritis of right knee
CLM14374,S83.511A,ACL sprain of right knee
CLM14375,M17.11,Osteoarthritis of right knee
CLM14376,N18.3,Chronic kidney disease stage 3
CLM14376,Z00.00,Routine adult health exam
CLM14377,I10,Essential hypertension
CLM14378,E78.5,Hyperlipidemia
CLM14379,F43.10,Post-traumatic stress disorder
CLM14380,R55,Syncope
CLM14380,R07.9,Chest pain
CLM14381,M54.5,Low back pain
CLM14382,E11.9,Type 2 diabetes mellitus
CLM14383,J06.9,Upper respiratory infection
CLM14383,I10,Essential hypertension
CLM14383,M54.5,Low back pain
CLM14384,F41.1,Generalized anxiety disorder
CLM14385,N80.9,Endometriosis
CLM14386,E78.5,Hyperlipidemia
CLM14387,F32.9,Major depressive disorder
CLM14388,I25.10,Coronary artery disease
CLM14388,R07.9,Chest pain
CLM14389,E11.9,Type 2 diabetes mellitus
CLM14389,E03.9,Hypothyroidism
CLM14390,N39.0,UTI
CLM14391,I50.9,Heart failure
CLM14391,E78.5,Hyperlipidemia
CLM14391,I10,Essential hypertension
CLM14392,D22.9,Melanocytic nevus
CLM14393,J20.9,Acute bronchitis
CLM14393,Z00.00,Routine adult health exam
CLM14394,D22.9,Melanocytic nevus
CLM14395,Z00.00,Routine adult health exam
CLM14396,E11.9,Type 2 diabetes mellitus
CLM14397,F41.1,Generalized anxiety disorder
CLM14397,J06.9,Upper respiratory infection
CLM14397,M54.5,Low back pain
CLM14398,J18.9,Pneumonia
CLM14399,Z00.00,Routine adult health exam
CLM14400,J02.0,Streptococcal pharyngitis
CLM14401,E78.5,Hyperlipidemia
CLM14402,F41.1,Generalized anxiety disorder
CLM14403,D64.9,Anemia
CLM14404,R07.9,Chest pain
CLM14405,J02.0,Streptococcal pharyngitis
CLM14405,R50.9,Fever
CLM14405,J06.9,Upper respiratory infection
CLM14406,J20.9,Acute bronchitis
CLM14407,K21.9,Gastroesophageal reflux disease
CLM14407,Z00.00,Routine adult health exam
CLM14408,M75.101,Rotator cuff tear
CLM14408,M54.5,Low back pain
CLM14408,M17.11,Osteoarthritis of right knee
CLM14409,Z00.00,Routine adult health exam
CLM14410,M75.101,Rotator cuff tear
CLM14410,M17.11,Osteoarthritis of right knee
CLM14411,I10,Essential hypertension
CLM14411,F41.1,Generalized anxiety disorder
CLM14412,L57.0,Actinic keratosis
CLM14412,L30.9,Dermatitis
CLM14413,I10,Essential hypertension
CLM14414,E78.5,Hyperlipidemia
CLM14415,S52.501A,Fracture of radius
CLM14415,R07.9,Chest pain
CLM14416,E05.90,Hyperthyroidism
CLM14417,E05.90,Hyperthyroidism
CLM14417,E03.9,Hypothyroidism
CLM14418,L70.0,Acne vulgaris
CLM14419,Z00.00,Routine adult health exam
CLM14420,E11.9,Type 2 diabetes mellitus
CLM14420,M54.5,Low back pain
CLM14421,E78.5,Hyperlipidemia
CLM14422,H66.90,Otitis media
CLM14422,Z00.129,Routine child health exam
CLM14423,R07.9,Chest pain
CLM14424,R07.9,Chest pain
CLM14425,N18.3,Chronic kidney disease stage 3
CLM14425,Z00.00,Routine adult health exam
CLM14426,N39.0,UTI
CLM14427,N39.0,UTI
CLM14428,E78.5,Hyperlipidemia
CLM14428,R07.9,Chest pain
CLM14429,Z00.00,Routine adult health exam
CLM14430,I10,Essential hypertension
CLM14431,N39.0,UTI
CLM14432,J06.9,Upper respiratory infection
CLM14432,E78.5,Hyperlipidemia
CLM14433,S06.0X0A,Concussion
CLM14434,M25.561,Pain in right knee
CLM14435,R10.9,Abdominal pain
CLM14435,R55,Syncope
CLM14436,E78.5,Hyperlipidemia
CLM14436,Z00.00,Routine adult health exam
CLM14437,J06.9,Upper respiratory infection
CLM14438,N18.3,Chronic kidney disease stage 3
CLM14439,I48.91,Atrial fibrillation
CLM14439,I10,Essential hypertension
CLM14440,Z00.00,Routine adult health exam
CLM14441,R50.9,Fever
CLM14442,R10.9,Abdominal pain
CLM14443,F41.1,Generalized anxiety disorder
CLM14444,S83.511A,ACL sprain of right knee
CLM14444,M54.5,Low back pain
CLM14444,M25.561,Pain in right knee
CLM14445,H66.90,Otitis media
CLM14446,F31.9,Bipolar disorder
CLM14447,J06.9,Upper respiratory infection
CLM14448,F31.9,Bipolar disorder
CLM14449,Z51.11,Encounter for chemotherapy
CLM14450,F41.1,Generalized anxiety disorder
CLM14451,I10,Essential hypertension
CLM14451,K21.9,Gastroesophageal reflux disease
CLM14451,E03.9,Hypothyroidism
CLM14452,D64.9,Anemia
CLM14452,C34.90,Lung cancer
CLM14453,I25.10,Coronary artery disease
CLM14453,E78.5,Hyperlipidemia
CLM14454,I10,Essential hypertension
CLM14455,J18.9,Pneumonia
CLM14455,S06.0X0A,Concussion
CLM14456,N80.9,Endometriosis
CLM14457,J45.909,Asthma
CLM14457,J18.9,Pneumonia
CLM14457,G47.33,Obstructive sleep apnea
CLM14458,S52.501A,Fracture of radius
CLM14458,R10.9,Abdominal pain
CLM14458,R55,Syncope
CLM14459,O24.410,Gestational diabetes
CLM14460,E78.5,Hyperlipidemia
CLM14461,R07.9,Chest pain
CLM14462,M54.5,Low back pain
CLM14463,D64.9,Anemia
CLM14463,C50.911,Breast cancer
CLM14464,J10.1,Influenza with pneumonia
CLM14464,I10,Essential hypertension
CLM14465,L30.9,Dermatitis
CLM14466,M54.5,Low back pain
CLM14466,M17.11,Osteoarthritis of right knee
CLM14466,M75.101,Rotator cuff tear
CLM14467,I10,Essential hypertension
CLM14468,E11.9,Type 2 diabetes mellitus
CLM14469,L30.9,Dermatitis
CLM14470,Z00.00,Routine adult health exam
CLM14471,E11.9,Type 2 diabetes mellitus
CLM14471,M54.5,Low back pain
CLM14472,I10,Essential hypertension
CLM14472,M54.5,Low back pain
CLM14473,L57.0,Actinic keratosis
CLM14474,Z00.129,Routine child health exam
CLM14475,F32.9,Major depressive disorder
CLM14476,E11.9,Type 2 diabetes mellitus
CLM14477,I25.10,Coronary artery disease
CLM14477,R07.9,Chest pain
CLM14478,F31.9,Bipolar disorder
CLM14479,R55,Syncope
CLM14479,S06.0X0A,Concussion
CLM14480,S83.511A,ACL sprain of right knee
CLM14481,I25.10,Coronary artery disease
CLM14482,L57.0,Actinic keratosis
CLM14482,L30.9,Dermatitis
CLM14483,E78.5,Hyperlipidemia
CLM14484,L40.0,Psoriasis
CLM14484,L30.9,Dermatitis
CLM14484,D22.9,Melanocytic nevus
CLM14485,Z34.90,Normal pregnancy supervision
CLM14486,R07.9,Chest pain
CLM14487,E11.65,Type 2 diabetes with hyperglycemia
CLM14488,N18.3,Chronic kidney disease stage 3
CLM14489,J06.9,Upper respiratory infection
CLM14490,R50.9,Fever
CLM14490,J45.909,Asthma
CLM14491,E11.9,Type 2 diabetes mellitus
CLM14492,D64.9,Anemia
CLM14493,M25.561,Pain in right knee
CLM14493,S83.511A,ACL sprain of right knee
CLM14494,E78.5,Hyperlipidemia
CLM14495,I48.91,Atrial fibrillation
CLM14496,Z00.00,Routine adult health exam
CLM14496,D64.9,Anemia
CLM14497,E03.9,Hypothyroidism
CLM14497,E78.5,Hyperlipidemia
CLM14498,E78.5,Hyperlipidemia
CLM14499,L70.0,Acne vulgaris
CLM14499,L57.0,Actinic keratosis
CLM14500,J06.9,Upper respiratory infection
CLM14501,E03.9,Hypothyroidism
CLM14502,J10.1,Influenza with pneumonia
CLM14503,M75.101,Rotator cuff tear
CLM14504,J02.0,Streptococcal pharyngitis
CLM14505,M54.5,Low back pain
CLM14506,R07.9,Chest pain
CLM14506,S52.501A,Fracture of radius
CLM14506,R55,Syncope
CLM14507,I48.91,Atrial fibrillation
CLM14507,I25.10,Coronary artery disease
CLM14508,R55,Syncope
CLM14509,N92.0,Heavy menstrual bleeding
CLM14510,M75.101,Rotator cuff tear
CLM14511,I10,Essential hypertension
CLM14511,I48.91,Atrial fibrillation
CLM14512,I10,Essential hypertension
CLM14513,F90.0,ADHD
CLM14514,S83.511A,ACL sprain of right knee
CLM14514,M75.101,Rotator cuff tear
CLM14515,N18.3,Chronic kidney disease stage 3
CLM14516,D22.9,Melanocytic nevus
CLM14517,J45.909,Asthma
CLM14518,I10,Essential hypertension
CLM14519,L70.0,Acne vulgaris
CLM14519,L30.9,Dermatitis
CLM14520,N39.0,UTI
CLM14521,M54.5,Low back pain
CLM14522,L70.0,Acne vulgaris
CLM14523,E11.65,Type 2 diabetes with hyperglycemia
CLM14523,E66.9,Obesity
CLM14524,C18.9,Colon cancer
CLM14525,M75.101,Rotator cuff tear
CLM14526,J02.0,Streptococcal pharyngitis
CLM14527,E11.9,Type 2 diabetes mellitus
CLM14528,F41.1,Generalized anxiety disorder
CLM14528,J20.9,Acute bronchitis
CLM14529,E11.9,Type 2 diabetes mellitus
CLM14529,E78.5,Hyperlipidemia
CLM14529,I10,Essential hypertension
CLM14530,I10,Essential hypertension
CLM14531,F32.9,Major depressive disorder
CLM14532,E11.9,Type 2 diabetes mellitus
CLM14533,L70.0,Acne vulgaris
CLM14534,C61,Prostate cancer
CLM14535,I10,Essential hypertension
CLM14536,N18.3,Chronic kidney disease stage 3
CLM14537,I10,Essential hypertension
CLM14538,N39.0,UTI
CLM14539,E11.9,Type 2 diabetes mellitus
CLM14540,E03.9,Hypothyroidism
CLM14540,K21.9,Gastroesophageal reflux disease
CLM14540,N18.3,Chronic kidney disease stage 3
CLM14541,D22.9,Melanocytic nevus
CLM14542,E78.5,Hyperlipidemia
CLM14543,C50.911,Breast cancer
CLM14543,C61,Prostate cancer
CLM14543,C18.9,Colon cancer
CLM14544,R07.9,Chest pain
CLM14545,L30.9,Dermatitis
CLM14545,D22.9,Melanocytic nevus
CLM14546,Z34.90,Normal pregnancy supervision
CLM14547,F31.9,Bipolar disorder
CLM14548,C18.9,Colon cancer
CLM14548,C50.911,Breast cancer
CLM14549,E11.9,Type 2 diabetes mellitus
CLM14549,D64.9,Anemia
CLM14550,I10,Essential hypertension
CLM14551,K21.9,Gastroesophageal reflux disease
CLM14552,E78.5,Hyperlipidemia
CLM14553,F32.9,Major depressive disorder
CLM14554,Z51.11,Encounter for chemotherapy
CLM14555,S83.511A,ACL sprain of right knee
CLM14555,M17.11,Osteoarthritis of right knee
CLM14556,S06.0X0A,Concussion
CLM14556,R10.9,Abdominal pain
CLM14557,M54.5,Low back pain
CLM14558,J06.9,Upper respiratory infection
CLM14559,L40.0,Psoriasis
CLM14560,I50.9,Heart failure
CLM14560,I48.91,Atrial fibrillation
CLM14561,J45.909,Asthma
CLM14562,L57.0,Actinic keratosis
CLM14562,D22.9,Melanocytic nevus
CLM14563,I50.9,Heart failure
CLM14564,S52.501A,Fracture of radius
CLM14564,J18.9,Pneumonia
CLM14565,E11.9,Type 2 diabetes mellitus
CLM14566,J20.9,Acute bronchitis
CLM14566,J06.9,Upper respiratory infection
CLM14566,Z00.00,Routine adult health exam
CLM14567,J10.1,Influenza with pneumonia
CLM14568,Z00.00,Routine adult health exam
CLM14568,E11.9,Type 2 diabetes mellitus
CLM14569,O24.410,Gestational diabetes
CLM14570,R55,Syncope
CLM14570,J18.9,Pneumonia
CLM14571,R07.9,Chest pain
CLM14572,D64.9,Anemia
CLM14573,S83.511A,ACL sprain of right knee
CLM14574,F90.0,ADHD
CLM14575,N18.3,Chronic kidney disease stage 3
CLM14576,E78.5,Hyperlipidemia
CLM14577,S52.501A,Fracture of radius
CLM14578,Z00.00,Routine adult health exam
CLM14579,E78.5,Hyperlipidemia
CLM14579,I48.91,Atrial fibrillation
CLM14580,D64.9,Anemia
CLM14580,I10,Essential hypertension
CLM14581,R07.9,Chest pain
CLM14581,I48.91,Atrial fibrillation
CLM14582,J06.9,Upper respiratory infection
CLM14582,Z00.129,Routine child health exam
CLM14582,J02.0,Streptococcal pharyngitis
CLM14583,M25.561,Pain in right knee
CLM14583,M17.11,Osteoarthritis of right knee
CLM14583,M54.5,Low back pain
CLM14584,S06.0X0A,Concussion
CLM14584,R07.9,Chest pain
CLM14584,R10.9,Abdominal pain
CLM14585,Z51.11,Encounter for chemotherapy
CLM14585,C61,Prostate cancer
CLM14586,J18.9,Pneumonia
CLM14586,J45.909,Asthma
CLM14586,G47.33,Obstructive sleep apnea
CLM14587,E03.9,Hypothyroidism
CLM14588,J06.9,Upper respiratory infection
CLM14589,E11.65,Type 2 diabetes with hyperglycemia
CLM14590,J45.909,Asthma
CLM14590,J18.9,Pneumonia
CLM14591,C34.90,Lung cancer
CLM14591,C50.911,Breast cancer
CLM14592,L57.0,Actinic keratosis
CLM14593,E11.9,Type 2 diabetes mellitus
CLM14594,M54.5,Low back pain
CLM14594,I10,Essential hypertension
CLM14595,E11.9,Type 2 diabetes mellitus
CLM14595,M54.5,Low back pain
CLM14596,I10,Essential hypertension
CLM14597,R07.9,Chest pain
CLM14597,I25.10,Coronary artery disease
CLM14597,E78.5,Hyperlipidemia
CLM14598,J10.1,Influenza with pneumonia
CLM14598,M54.5,Low back pain
CLM14599,E03.9,Hypothyroidism
CLM14599,I10,Essential hypertension
CLM14600,L70.0,Acne vulgaris
CLM14601,S06.0X0A,Concussion
CLM14602,Z00.00,Routine adult health exam
CLM14602,E11.9,Type 2 diabetes mellitus
CLM14603,G47.33,Obstructive sleep apnea
CLM14604,M25.561,Pain in right knee
CLM14604,S83.511A,ACL sprain of right knee
CLM14605,C50.911,Breast cancer
CLM14605,C18.9,Colon cancer
CLM14606,R07.9,Chest pain
CLM14606,I50.9,Heart failure
CLM14606,E78.5,Hyperlipidemia
CLM14607,I10,Essential hypertension
CLM14607,I50.9,Heart failure
CLM14607,E78.5,Hyperlipidemia
CLM14608,E78.5,Hyperlipidemia
CLM14609,L70.0,Acne vulgaris
CLM14609,L57.0,Actinic keratosis
CLM14609,L30.9,Dermatitis
CLM14610,F41.1,Generalized anxiety disorder
CLM14611,E78.5,Hyperlipidemia
CLM14611,R07.9,Chest pain
CLM14612,Z00.00,Routine adult health exam
CLM14613,F41.1,Generalized anxiety disorder
CLM14613,F43.10,Post-traumatic stress disorder
CLM14614,J44.9,COPD
CLM14615,E78.5,Hyperlipidemia
CLM14616,C34.90,Lung cancer
CLM14617,F43.10,Post-traumatic stress disorder
CLM14617,F41.1,Generalized anxiety disorder
CLM14617,F31.9,Bipolar disorder
CLM14618,F43.10,Post-traumatic stress disorder
CLM14618,F31.9,Bipolar disorder
CLM14619,Z51.11,Encounter for chemotherapy
CLM14619,C50.911,Breast cancer
CLM14620,Z00.00,Routine adult health exam
CLM14621,F41.1,Generalized anxiety disorder
CLM14621,F43.10,Post-traumatic stress disorder
CLM14622,C18.9,Colon cancer
CLM14623,E11.9,Type 2 diabetes mellitus
CLM14623,Z00.00,Routine adult health exam
CLM14624,F41.1,Generalized anxiety disorder
CLM14625,M75.101,Rotator cuff tear
CLM14625,M17.11,Osteoarthritis of right knee
CLM14626,N18.3,Chronic kidney disease stage 3
CLM14627,E11.9,Type 2 diabetes mellitus
CLM14628,I50.9,Heart failure
CLM14629,J06.9,Upper respiratory infection
CLM14630,K21.9,Gastroesophageal reflux disease
CLM14631,M17.11,Osteoarthritis of right knee
CLM14632,C18.9,Colon cancer
CLM14633,J18.9,Pneumonia
CLM14634,L57.0,Actinic keratosis
CLM14634,L30.9,Dermatitis
CLM14635,M54.5,Low back pain
CLM14636,Z00.129,Routine child health exam
CLM14636,L20.9,Atopic dermatitis
CLM14636,J02.0,Streptococcal pharyngitis
CLM14637,S06.0X0A,Concussion
CLM14637,R07.9,Chest pain
CLM14638,N39.0,UTI
CLM14638,M54.5,Low back pain
CLM14639,N18.3,Chronic kidney disease stage 3
CLM14640,F41.1,Generalized anxiety disorder
CLM14641,J06.9,Upper respiratory infection
CLM14642,I48.91,Atrial fibrillation
CLM14643,S83.511A,ACL sprain of right knee
CLM14644,L20.9,Atopic dermatitis
CLM14645,N39.0,UTI
CLM14645,E11.9,Type 2 diabetes mellitus
CLM14646,E78.5,Hyperlipidemia
CLM14647,R07.9,Chest pain
CLM14648,Z00.00,Routine adult health exam
CLM14649,J18.9,Pneumonia
CLM14650,F32.9,Major depressive disorder
CLM14651,D64.9,Anemia
CLM14651,K21.9,Gastroesophageal reflux disease
CLM14651,I10,Essential hypertension
CLM14652,E78.5,Hyperlipidemia
CLM14653,M54.5,Low back pain
CLM14654,J10.1,Influenza with pneumonia
CLM14655,E78.5,Hyperlipidemia
CLM14655,E03.9,Hypothyroidism
CLM14655,K21.9,Gastroesophageal reflux disease
CLM14656,N92.0,Heavy menstrual bleeding
CLM14657,I10,Essential hypertension
CLM14657,I25.10,Coronary artery disease
CLM14658,E11.9,Type 2 diabetes mellitus
CLM14659,Z00.00,Routine adult health exam
CLM14660,C34.90,Lung cancer
CLM14660,C50.911,Breast cancer
CLM14661,J10.1,Influenza with pneumonia
CLM14662,R07.9,Chest pain
CLM14662,S06.0X0A,Concussion
CLM14663,E78.5,Hyperlipidemia
CLM14663,I50.9,Heart failure
CLM14664,S52.501A,Fracture of radius
CLM14665,N39.0,UTI
CLM14665,E11.9,Type 2 diabetes mellitus
CLM14665,I10,Essential hypertension
CLM14666,I25.10,Coronary artery disease
CLM14667,E03.9,Hypothyroidism
CLM14668,I48.91,Atrial fibrillation
CLM14669,E78.5,Hyperlipidemia
CLM14670,I48.91,Atrial fibrillation
CLM14671,I10,Essential hypertension
CLM14672,L40.0,Psoriasis
CLM14673,O24.410,Gestational diabetes
CLM14673,N92.0,Heavy menstrual bleeding
CLM14673,Z34.90,Normal pregnancy supervision
CLM14674,F32.9,Major depressive disorder
CLM14675,L30.9,Dermatitis
CLM14676,E11.9,Type 2 diabetes mellitus
CLM14677,J06.9,Upper respiratory infection
CLM14678,D22.9,Melanocytic nevus
CLM14679,E11.9,Type 2 diabetes mellitus
CLM14679,E78.5,Hyperlipidemia
CLM14679,Z00.00,Routine adult health exam
CLM14680,J06.9,Upper respiratory infection
CLM14681,N39.0,UTI
CLM14682,E03.9,Hypothyroidism
CLM14683,M25.561,Pain in right knee
CLM14684,J18.9,Pneumonia
CLM14685,S83.511A,ACL sprain of right knee
CLM14686,E03.9,Hypothyroidism
CLM14687,E78.5,Hyperlipidemia
CLM14688,J20.9,Acute bronchitis
CLM14689,E78.5,Hyperlipidemia
CLM14690,F41.1,Generalized anxiety disorder
CLM14691,I48.91,Atrial fibrillation
CLM14691,I25.10,Coronary artery disease
CLM14692,R10.9,Abdominal pain
CLM14692,R55,Syncope
CLM14693,J06.9,Upper respiratory infection
CLM14693,I10,Essential hypertension
CLM14694,I10,Essential hypertension
CLM14695,I10,Essential hypertension
CLM14696,I10,Essential hypertension
CLM14697,J45.909,Asthma
CLM14698,D22.9,Melanocytic nevus
CLM14699,E78.5,Hyperlipidemia
CLM14700,R07.9,Chest pain
CLM14700,R55,Syncope
CLM14700,S52.501A,Fracture of radius
CLM14701,J02.0,Streptococcal pharyngitis
CLM14701,R50.9,Fever
CLM14702,E03.9,Hypothyroidism
CLM14703,I50.9,Heart failure
CLM14703,I48.91,Atrial fibrillation
CLM14704,S06.0X0A,Concussion
CLM14705,R07.9,Chest pain
CLM14705,R55,Syncope
CLM14706,E78.5,Hyperlipidemia
CLM14706,J10.1,Influenza with pneumonia
CLM14707,E11.9,Type 2 diabetes mellitus
CLM14708,J06.9,Upper respiratory infection
CLM14709,E05.90,Hyperthyroidism
CLM14710,J10.1,Influenza with pneumonia
CLM14711,J06.9,Upper respiratory infection
CLM14712,J06.9,Upper respiratory infection
CLM14713,Z00.00,Routine adult health exam
CLM14714,M75.101,Rotator cuff tear
CLM14715,E78.5,Hyperlipidemia
CLM14716,R07.9,Chest pain
CLM14717,F90.0,ADHD
CLM14717,F41.1,Generalized anxiety disorder
CLM14718,J18.9,Pneumonia
CLM14719,I10,Essential hypertension
CLM14720,S06.0X0A,Concussion
CLM14720,S52.501A,Fracture of radius
CLM14721,E11.9,Type 2 diabetes mellitus
CLM14722,Z51.11,Encounter for chemotherapy
CLM14722,D64.9,Anemia
CLM14723,Z00.00,Routine adult health exam
CLM14723,J06.9,Upper respiratory infection
CLM14724,R50.9,Fever
CLM14724,J02.0,Streptococcal pharyngitis
CLM14725,C50.911,Breast cancer
CLM14726,E78.5,Hyperlipidemia
CLM14727,J06.9,Upper respiratory infection
CLM14728,E78.5,Hyperlipidemia
CLM14729,E11.9,Type 2 diabetes mellitus
CLM14729,E11.65,Type 2 diabetes with hyperglycemia
CLM14730,N39.0,UTI
CLM14731,N18.3,Chronic kidney disease stage 3
CLM14732,N39.0,UTI
CLM14732,J10.1,Influenza with pneumonia
CLM14733,N39.0,UTI
CLM14734,I25.10,Coronary artery disease
CLM14734,R07.9,Chest pain
CLM14735,Z00.00,Routine adult health exam
CLM14736,J10.1,Influenza with pneumonia
CLM14736,M54.5,Low back pain
CLM14737,Z00.129,Routine child health exam
CLM14738,M75.101,Rotator cuff tear
CLM14739,F31.9,Bipolar disorder
CLM14739,F32.9,Major depressive disorder
CLM14739,F43.10,Post-traumatic stress disorder
CLM14740,M54.5,Low back pain
CLM14741,N39.0,UTI
CLM14741,J06.9,Upper respiratory infection
CLM14741,J20.9,Acute bronchitis
CLM14742,E03.9,Hypothyroidism
CLM14742,E11.65,Type 2 diabetes with hyperglycemia
CLM14743,I10,Essential hypertension
CLM14743,E78.5,Hyperlipidemia
CLM14744,E78.5,Hyperlipidemia
CLM14745,Z51.11,Encounter for chemotherapy
CLM14745,D64.9,Anemia
CLM14746,I10,Essential hypertension
CLM14746,K21.9,Gastroesophageal reflux disease
CLM14747,J18.9,Pneumonia
CLM14747,R07.9,Chest pain
CLM14747,R10.9,Abdominal pain
CLM14748,K21.9,Gastroesophageal reflux disease
CLM14748,E11.9,Type 2 diabetes mellitus
CLM14749,J18.9,Pneumonia
CLM14749,G47.33,Obstructive sleep apnea
CLM14750,E11.9,Type 2 diabetes mellitus
CLM14751,N39.0,UTI
CLM14752,E11.9,Type 2 diabetes mellitus
CLM14752,I10,Essential hypertension
CLM14753,I48.91,Atrial fibrillation
CLM14754,S83.511A,ACL sprain of right knee
CLM14755,Z00.00,Routine adult health exam
CLM14756,L57.0,Actinic keratosis
CLM14756,L30.9,Dermatitis
CLM14756,L70.0,Acne vulgaris
CLM14757,J45.909,Asthma
CLM14758,S83.511A,ACL sprain of right knee
CLM14758,M25.561,Pain in right knee
CLM14758,M54.5,Low back pain
CLM14759,M54.5,Low back pain
CLM14759,E78.5,Hyperlipidemia
CLM14759,J06.9,Upper respiratory infection
CLM14760,K21.9,Gastroesophageal reflux disease
CLM14760,D64.9,Anemia
CLM14761,J10.1,Influenza with pneumonia
CLM14762,D64.9,Anemia
CLM14763,R50.9,Fever
CLM14764,M54.5,Low back pain
CLM14765,I10,Essential hypertension
CLM14765,I25.10,Coronary artery disease
CLM14765,E78.5,Hyperlipidemia
CLM14766,M54.5,Low back pain
CLM14767,Z00.00,Routine adult health exam
CLM14767,E03.9,Hypothyroidism
CLM14768,R50.9,Fever
CLM14769,L40.0,Psoriasis
CLM14769,L30.9,Dermatitis
CLM14770,E78.5,Hyperlipidemia
CLM14771,E11.9,Type 2 diabetes mellitus
CLM14771,N39.0,UTI
CLM14772,H66.90,Otitis media
CLM14772,J02.0,Streptococcal pharyngitis
CLM14773,F41.1,Generalized anxiety disorder
CLM14774,L70.0,Acne vulgaris
CLM14775,E11.9,Type 2 diabetes mellitus
CLM14776,I50.9,Heart failure
CLM14777,S06.0X0A,Concussion
CLM14778,J45.909,Asthma
CLM14778,R50.9,Fever
CLM14779,E11.9,Type 2 diabetes mellitus
CLM14779,J10.1,Influenza with pneumonia
CLM14779,J06.9,Upper respiratory infection
CLM14780,E78.5,Hyperlipidemia
CLM14781,Z00.00,Routine adult health exam
CLM14782,Z00.00,Routine adult health exam
CLM14783,C34.90,Lung cancer
CLM14783,Z51.11,Encounter for chemotherapy
CLM14784,R07.9,Chest pain
CLM14784,J18.9,Pneumonia
CLM14785,E11.9,Type 2 diabetes mellitus
CLM14785,M54.5,Low back pain
CLM14786,Z00.00,Routine adult health exam
CLM14787,E78.5,Hyperlipidemia
CLM14788,C61,Prostate cancer
CLM14788,C50.911,Breast cancer
CLM14789,D64.9,Anemia
CLM14790,J10.1,Influenza with pneumonia
CLM14790,J06.9,Upper respiratory infection
CLM14790,F41.1,Generalized anxiety disorder
CLM14791,I48.91,Atrial fibrillation
CLM14791,I50.9,Heart failure
CLM14791,I10,Essential hypertension
CLM14792,E66.9,Obesity
CLM14793,E11.9,Type 2 diabetes mellitus
CLM14794,I10,Essential hypertension
CLM14794,J06.9,Upper respiratory infection
CLM14795,D64.9,Anemia
CLM14796,E11.9,Type 2 diabetes mellitus
CLM14796,E78.5,Hyperlipidemia
CLM14797,J06.9,Upper respiratory infection
CLM14797,E78.5,Hyperlipidemia
CLM14798,E11.9,Type 2 diabetes mellitus
CLM14799,R07.9,Chest pain
CLM14799,I25.10,Coronary artery disease
CLM14800,Z00.00,Routine adult health exam
CLM14800,E78.5,Hyperlipidemia
CLM14801,C34.90,Lung cancer
CLM14802,S83.511A,ACL sprain of right knee
CLM14803,I25.10,Coronary artery disease
CLM14804,R10.9,Abdominal pain
CLM14804,R07.9,Chest pain
CLM14804,J18.9,Pneumonia
CLM14805,M25.561,Pain in right knee
CLM14805,M17.11,Osteoarthritis of right knee
CLM14806,L20.9,Atopic dermatitis
CLM14807,N18.3,Chronic kidney disease stage 3
CLM14808,E11.9,Type 2 diabetes mellitus
CLM14809,J18.9,Pneumonia
CLM14810,I10,Essential hypertension
CLM14811,J45.909,Asthma
CLM14811,G47.33,Obstructive sleep apnea
CLM14811,J18.9,Pneumonia
CLM14812,E66.9,Obesity
CLM14813,E11.9,Type 2 diabetes mellitus
CLM14813,E11.65,Type 2 diabetes with hyperglycemia
CLM14814,E78.5,Hyperlipidemia
CLM14815,L30.9,Dermatitis
CLM14816,I10,Essential hypertension
CLM14817,E03.9,Hypothyroidism
CLM14818,E78.5,Hyperlipidemia
CLM14819,J10.1,Influenza with pneumonia
CLM14820,R07.9,Chest pain
CLM14821,D64.9,Anemia
CLM14821,C18.9,Colon cancer
CLM14822,I10,Essential hypertension
CLM14823,E78.5,Hyperlipidemia
CLM14824,I25.10,Coronary artery disease
CLM14825,J18.9,Pneumonia
CLM14825,S52.501A,Fracture of radius
CLM14826,J06.9,Upper respiratory infection
CLM14826,J20.9,Acute bronchitis
CLM14826,E11.9,Type 2 diabetes mellitus
CLM14827,E03.9,Hypothyroidism
CLM14827,E11.9,Type 2 diabetes mellitus
CLM14827,D64.9,Anemia
CLM14828,Z00.00,Routine adult health exam
CLM14829,J45.909,Asthma
CLM14829,J44.9,COPD
CLM14829,J18.9,Pneumonia
CLM14830,F32.9,Major depressive disorder
CLM14831,M54.5,Low back pain
CLM14832,S52.501A,Fracture of radius
CLM14832,R55,Syncope
CLM14832,J18.9,Pneumonia
CLM14833,J10.1,Influenza with pneumonia
CLM14834,F41.1,Generalized anxiety disorder
CLM14835,J18.9,Pneumonia
CLM14836,I10,Essential hypertension
CLM14837,I10,Essential hypertension
CLM14838,Z00.129,Routine child health exam
CLM14838,R50.9,Fever
CLM14838,H66.90,Otitis media
CLM14839,E78.5,Hyperlipidemia
CLM14839,K21.9,Gastroesophageal reflux disease
CLM14840,I10,Essential hypertension
CLM14841,K21.9,Gastroesophageal reflux disease
CLM14841,Z00.00,Routine adult health exam
CLM14841,D64.9,Anemia
CLM14842,S52.501A,Fracture of radius
CLM14843,J45.909,Asthma
CLM14843,J02.0,Streptococcal pharyngitis
CLM14844,M17.11,Osteoarthritis of right knee
CLM14845,N92.0,Heavy menstrual bleeding
CLM14846,D64.9,Anemia
CLM14847,F90.0,ADHD
CLM14847,F41.1,Generalized anxiety disorder
CLM14848,M17.11,Osteoarthritis of right knee
CLM14848,M54.5,Low back pain
CLM14849,F41.1,Generalized anxiety disorder
CLM14850,Z00.00,Routine adult health exam
CLM14851,K21.9,Gastroesophageal reflux disease
CLM14852,I50.9,Heart failure
CLM14852,I48.91,Atrial fibrillation
CLM14852,I25.10,Coronary artery disease
CLM14853,R10.9,Abdominal pain
CLM14853,S52.501A,Fracture of radius
CLM14854,I10,Essential hypertension
CLM14855,E78.5,Hyperlipidemia
CLM14856,M25.561,Pain in right knee
CLM14857,N80.9,Endometriosis
CLM14858,D64.9,Anemia
CLM14859,D64.9,Anemia
CLM14859,E11.9,Type 2 diabetes mellitus
CLM14860,N18.3,Chronic kidney disease stage 3
CLM14860,E11.9,Type 2 diabetes mellitus
CLM14860,E78.5,Hyperlipidemia
CLM14861,L40.0,Psoriasis
CLM14862,R07.9,Chest pain
CLM14862,J18.9,Pneumonia
CLM14863,J06.9,Upper respiratory infection
CLM14864,C61,Prostate cancer
CLM14865,L20.9,Atopic dermatitis
CLM14865,J45.909,Asthma
CLM14866,N18.3,Chronic kidney disease stage 3
CLM14866,E78.5,Hyperlipidemia
CLM14867,R07.9,Chest pain
CLM14868,C61,Prostate cancer
CLM14868,C18.9,Colon cancer
CLM14869,F41.1,Generalized anxiety disorder
CLM14869,I10,Essential hypertension
CLM14869,N39.0,UTI
CLM14870,H66.90,Otitis media
CLM14871,F32.9,Major depressive disorder
CLM14872,K21.9,Gastroesophageal reflux disease
CLM14872,I10,Essential hypertension
CLM14873,J20.9,Acute bronchitis
CLM14873,E11.9,Type 2 diabetes mellitus
CLM14874,Z51.11,Encounter for chemotherapy
CLM14874,D64.9,Anemia
CLM14875,D64.9,Anemia
CLM14876,F41.1,Generalized anxiety disorder
CLM14877,F32.9,Major depressive disorder
CLM14878,R07.9,Chest pain
CLM14878,I48.91,Atrial fibrillation
CLM14879,J10.1,Influenza with pneumonia
CLM14879,J06.9,Upper respiratory infection
CLM14880,Z00.00,Routine adult health exam
CLM14881,R10.9,Abdominal pain
CLM14882,E03.9,Hypothyroidism
CLM14883,I50.9,Heart failure
CLM14884,R07.9,Chest pain
CLM14885,N39.0,UTI
CLM14885,E11.9,Type 2 diabetes mellitus
CLM14885,M54.5,Low back pain
CLM14886,I25.10,Coronary artery disease
CLM14887,F90.0,ADHD
CLM14888,R55,Syncope
CLM14888,S06.0X0A,Concussion
CLM14889,E11.9,Type 2 diabetes mellitus
CLM14890,N39.0,UTI
CLM14891,M54.5,Low back pain
CLM14891,F41.1,Generalized anxiety disorder
CLM14892,Z00.00,Routine adult health exam
CLM14892,K21.9,Gastroesophageal reflux disease
CLM14893,M75.101,Rotator cuff tear
CLM14894,L30.9,Dermatitis
CLM14895,E78.5,Hyperlipidemia
CLM14895,E11.9,Type 2 diabetes mellitus
CLM14896,C50.911,Breast cancer
CLM14896,C34.90,Lung cancer
CLM14897,M17.11,Osteoarthritis of right knee
CLM14898,J18.9,Pneumonia
CLM14899,I10,Essential hypertension
CLM14900,O24.410,Gestational diabetes
CLM14901,E11.9,Type 2 diabetes mellitus
CLM14901,N39.0,UTI
CLM14902,I25.10,Coronary artery disease
CLM14902,E78.5,Hyperlipidemia
CLM14903,R55,Syncope
CLM14904,K21.9,Gastroesophageal reflux disease
CLM14905,J02.0,Streptococcal pharyngitis
CLM14906,I25.10,Coronary artery disease
CLM14906,I48.91,Atrial fibrillation
CLM14907,E03.9,Hypothyroidism
CLM14907,E78.5,Hyperlipidemia
CLM14908,C34.90,Lung cancer
CLM14908,C50.911,Breast cancer
CLM14909,Z00.00,Routine adult health exam
CLM14909,E03.9,Hypothyroidism
CLM14910,L70.0,Acne vulgaris
CLM14911,I10,Essential hypertension
CLM14911,E11.9,Type 2 diabetes mellitus
CLM14911,N18.3,Chronic kidney disease stage 3
CLM14912,F41.1,Generalized anxiety disorder
CLM14912,J20.9,Acute bronchitis
CLM14912,J10.1,Influenza with pneumonia
CLM14913,L30.9,Dermatitis
CLM14914,C18.9,Colon cancer
CLM14914,C50.911,Breast cancer
CLM14914,D64.9,Anemia
CLM14915,M54.5,Low back pain
CLM14916,J20.9,Acute bronchitis
CLM14916,J06.9,Upper respiratory infection
CLM14917,Z00.00,Routine adult health exam
CLM14918,J06.9,Upper respiratory infection
CLM14918,E78.5,Hyperlipidemia
CLM14918,I10,Essential hypertension
CLM14919,S06.0X0A,Concussion
CLM14920,S52.501A,Fracture of radius
CLM14921,J10.1,Influenza with pneumonia
CLM14921,F41.1,Generalized anxiety disorder
CLM14922,I10,Essential hypertension
CLM14923,R07.9,Chest pain
CLM14923,R10.9,Abdominal pain
CLM14924,I10,Essential hypertension
CLM14925,I10,Essential hypertension
CLM14926,I50.9,Heart failure
CLM14927,L20.9,Atopic dermatitis
CLM14928,Z00.00,Routine adult health exam
CLM14929,E11.65,Type 2 diabetes with hyperglycemia
CLM14930,D64.9,Anemia
CLM14930,C50.911,Breast cancer
CLM14931,Z00.00,Routine adult health exam
CLM14932,S52.501A,Fracture of radius
CLM14932,J18.9,Pneumonia
CLM14933,R07.9,Chest pain
CLM14934,I10,Essential hypertension
CLM14934,D64.9,Anemia
CLM14934,E11.9,Type 2 diabetes mellitus
CLM14935,C18.9,Colon cancer
CLM14936,L40.0,Psoriasis
CLM14937,F43.10,Post-traumatic stress disorder
CLM14937,F32.9,Major depressive disorder
CLM14938,E78.5,Hyperlipidemia
CLM14938,N18.3,Chronic kidney disease stage 3
CLM14939,E03.9,Hypothyroidism
CLM14940,O24.410,Gestational diabetes
CLM14941,M25.561,Pain in right knee
CLM14941,S83.511A,ACL sprain of right knee
CLM14942,L20.9,Atopic dermatitis
CLM14943,I50.9,Heart failure
CLM14944,R07.9,Chest pain
CLM14945,C61,Prostate cancer
CLM14945,C18.9,Colon cancer
CLM14946,J10.1,Influenza with pneumonia
CLM14946,N39.0,UTI
CLM14947,E78.5,Hyperlipidemia
CLM14948,J10.1,Influenza with pneumonia
CLM14948,Z00.00,Routine adult health exam
CLM14949,F90.0,ADHD
CLM14950,G47.33,Obstructive sleep apnea
CLM14950,J45.909,Asthma
CLM14951,F41.1,Generalized anxiety disorder
CLM14952,I48.91,Atrial fibrillation
CLM14952,I25.10,Coronary artery disease
CLM14953,J44.9,COPD
CLM14954,O24.410,Gestational diabetes
CLM14954,N80.9,Endometriosis
CLM14955,E11.9,Type 2 diabetes mellitus
CLM14956,I10,Essential hypertension
CLM14957,C61,Prostate cancer
CLM14958,K21.9,Gastroesophageal reflux disease
CLM14958,D64.9,Anemia
CLM14959,Z00.129,Routine child health exam
CLM14960,I10,Essential hypertension
CLM14961,E11.9,Type 2 diabetes mellitus
CLM14961,M54.5,Low back pain
CLM14962,M17.11,Osteoarthritis of right knee
CLM14963,S83.511A,ACL sprain of right knee
CLM14963,M54.5,Low back pain
CLM14964,E78.5,Hyperlipidemia
CLM14964,Z00.00,Routine adult health exam
CLM14965,I10,Essential hypertension
CLM14965,I25.10,Coronary artery disease
CLM14966,C34.90,Lung cancer
CLM14966,C18.9,Colon cancer
CLM14967,C50.911,Breast cancer
CLM14967,C61,Prostate cancer
CLM14968,G47.33,Obstructive sleep apnea
CLM14968,J18.9,Pneumonia
CLM14969,Z00.00,Routine adult health exam
CLM14970,M25.561,Pain in right knee
CLM14970,M17.11,Osteoarthritis of right knee
CLM14970,M54.5,Low back pain
CLM14971,E78.5,Hyperlipidemia
CLM14972,J06.9,Upper respiratory infection
CLM14973,R10.9,Abdominal pain
CLM14974,I10,Essential hypertension
CLM14975,J20.9,Acute bronchitis
CLM14976,K21.9,Gastroesophageal reflux disease
CLM14977,I50.9,Heart failure
CLM14978,I10,Essential hypertension
CLM14979,E11.9,Type 2 diabetes mellitus
CLM14980,F32.9,Major depressive disorder
CLM14981,Z00.00,Routine adult health exam
CLM14982,E11.9,Type 2 diabetes mellitus
CLM14983,L30.9,Dermatitis
CLM14983,L70.0,Acne vulgaris
CLM14984,D64.9,Anemia
CLM14985,E78.5,Hyperlipidemia
CLM14986,I50.9,Heart failure
CLM14986,I10,Essential hypertension
CLM14987,R07.9,Chest pain
CLM14988,L57.0,Actinic keratosis
CLM14988,L70.0,Acne vulgaris
CLM14989,E11.9,Type 2 diabetes mellitus
CLM14990,Z34.90,Normal pregnancy supervision
CLM14991,C18.9,Colon cancer
CLM14991,C61,Prostate cancer
CLM14992,E03.9,Hypothyroidism
CLM14992,E11.9,Type 2 diabetes mellitus
CLM14993,I10,Essential hypertension
CLM14994,R07.9,Chest pain
CLM14994,E78.5,Hyperlipidemia
CLM14994,I10,Essential hypertension
CLM14995,J18.9,Pneumonia
CLM14996,S52.501A,Fracture of radius
CLM14996,R07.9,Chest pain
CLM14997,J45.909,Asthma
CLM14997,G47.33,Obstructive sleep apnea
CLM14998,R07.9,Chest pain
CLM14998,I48.91,Atrial fibrillation
CLM14999,D64.9,Anemia
CLM14999,Z00.00,Routine adult health exam
CLM14999,E03.9,Hypothyroidism
CLM15000,F41.1,Generalized anxiety disorder
