claim_id,procedure_code,procedure_desc,amount
CLM001,99213,Office/outpatient visit,$120
CLM002,87070,Bacteria culture,$80
CLM003,93000,EKG/ECG with interpretation,$150
CLM004,71020,Chest X-ray,$110
CLM005,80050,General health panel,$300
CLM006,36415,Blood draw,$30
CLM007,99214,Detailed office visit,$130
CLM009,96415,Chemotherapy infusion additional hour,$372
CLM010,87070,Bacteria culture,$75
CLM010,80061,Lipid panel,$58
CLM011,85025,Complete blood count,$49
CLM012,17000,Destruction of skin lesion,$140
CLM013,85025,Complete blood count,$49
CLM014,99392,Preventive visit age 1-4,$199
CLM015,71020,Chest X-ray,$124
CLM016,80050,General health panel,$310
CLM016,83036,Hemoglobin A1c,$39
CLM017,85025,Complete blood count,$47
CLM017,96413,Chemotherapy infusion first hour,$1083
CLM018,99215,Comprehensive office visit,$191
CLM019,96910,Phototherapy treatment,$164
CLM019,11102,Skin biopsy,$168
CLM020,87070,Bacteria culture,$77
CLM021,99214,Detailed office visit,$125
CLM022,99215,Comprehensive office visit,$223
CLM022,85025,Complete blood count,$43
CLM023,99214,Detailed office visit,$151
CLM023,93000,EKG/ECG with interpretation,$151
CLM024,87070,Bacteria culture,$84
CLM025,82947,Glucose test,$23
CLM025,83036,Hemoglobin A1c,$44
CLM026,80050,General health panel,$326
CLM027,36415,Blood draw,$33
CLM028,36415,Blood draw,$31
CLM028,80061,Lipid panel,$54
CLM028,85025,Complete blood count,$48
CLM029,20610,Major joint injection,$264
CLM029,73030,Shoulder X-ray,$138
CLM030,20610,Major joint injection,$239
CLM031,99213,Office/outpatient visit,$114
CLM031,73030,Shoulder X-ray,$114
CLM032,36415,Blood draw,$30
CLM033,99215,Comprehensive office visit,$206
CLM033,36415,Blood draw,$33
CLM034,90834,Psychotherapy 45 minutes,$155
CLM034,90791,Psychiatric diagnostic evaluation,$252
CLM034,90837,Psychotherapy 60 minutes,$166
CLM035,99214,Detailed office visit,$130
CLM036,36415,Blood draw,$31
CLM036,83036,Hemoglobin A1c,$47
CLM037,87070,Bacteria culture,$90
CLM038,73721,MRI knee,$1576
CLM038,73030,Shoulder X-ray,$111
CLM039,83036,Hemoglobin A1c,$46
CLM039,99214,Detailed office visit,$140
CLM040,99214,Detailed office visit,$132
CLM041,88175,Pap smear cytology,$81
CLM041,99214,Detailed office visit,$143
CLM042,99214,Detailed office visit,$119
CLM043,99213,Office/outpatient visit,$113
CLM044,71020,Chest X-ray,$107
CLM044,36415,Blood draw,$33
CLM045,36415,Blood draw,$31
CLM045,85025,Complete blood count,$42
CLM046,90791,Psychiatric diagnostic evaluation,$280
CLM046,90837,Psychotherapy 60 minutes,$210
CLM046,99214,Detailed office visit,$132
CLM047,93000,EKG/ECG with interpretation,$145
CLM048,94640,Nebulizer treatment,$50
CLM048,94010,Spirometry,$95
CLM049,93000,EKG/ECG with interpretation,$159
CLM049,80053,Comprehensive metabolic panel,$62
CLM050,85025,Complete blood count,$50
CLM051,99214,Detailed office visit,$128
CLM052,80050,General health panel,$342
CLM053,80053,Comprehensive metabolic panel,$58
CLM053,99214,Detailed office visit,$146
CLM054,99214,Detailed office visit,$152
CLM054,87070,Bacteria culture,$85
CLM055,85025,Complete blood count,$43
CLM055,77385,IMRT radiation treatment,$2581
CLM056,90837,Psychotherapy 60 minutes,$168
CLM057,71020,Chest X-ray,$124
CLM058,87880,Rapid strep test,$32
CLM058,99392,Preventive visit age 1-4,$178
CLM059,80061,Lipid panel,$61
CLM060,36415,Blood draw,$30
CLM060,83036,Hemoglobin A1c,$40
CLM061,85025,Complete blood count,$41
CLM062,99392,Preventive visit age 1-4,$203
CLM063,73030,Shoulder X-ray,$127
CLM063,73721,MRI knee,$1466
CLM064,73030,Shoulder X-ray,$122
CLM065,99214,Detailed office visit,$122
CLM066,99215,Comprehensive office visit,$201
CLM066,83036,Hemoglobin A1c,$40
CLM067,93000,EKG/ECG with interpretation,$155
CLM068,80061,Lipid panel,$53
CLM068,87070,Bacteria culture,$92
CLM069,99214,Detailed office visit,$143
CLM070,94010,Spirometry,$87
CLM070,99214,Detailed office visit,$145
CLM071,87880,Rapid strep test,$38
CLM072,93000,EKG/ECG with interpretation,$140
CLM072,71020,Chest X-ray,$109
CLM072,99285,ED visit high severity,$1082
CLM073,87070,Bacteria culture,$73
CLM074,93000,EKG/ECG with interpretation,$164
CLM075,80061,Lipid panel,$53
CLM075,36415,Blood draw,$34
CLM076,99214,Detailed office visit,$128
CLM077,82947,Glucose test,$29
CLM078,99214,Detailed office visit,$152
CLM078,99215,Comprehensive office visit,$195
CLM079,87070,Bacteria culture,$81
CLM080,99213,Office/outpatient visit,$131
CLM081,99213,Office/outpatient visit,$134
CLM081,36415,Blood draw,$32
CLM082,73030,Shoulder X-ray,$137
CLM083,87070,Bacteria culture,$83
CLM084,82947,Glucose test,$24
CLM085,90791,Psychiatric diagnostic evaluation,$286
CLM086,17000,Destruction of skin lesion,$123
CLM087,36415,Blood draw,$34
CLM087,80050,General health panel,$275
CLM088,85025,Complete blood count,$41
CLM089,99214,Detailed office visit,$131
CLM090,99214,Detailed office visit,$150
CLM091,99392,Preventive visit age 1-4,$184
CLM091,90460,Immunization administration,$45
CLM092,80061,Lipid panel,$50
CLM092,85025,Complete blood count,$53
CLM092,87070,Bacteria culture,$81
CLM093,36415,Blood draw,$34
CLM094,87070,Bacteria culture,$78
CLM095,99213,Office/outpatient visit,$119
CLM096,99214,Detailed office visit,$150
CLM096,93000,EKG/ECG with interpretation,$175
CLM096,93015,Cardiac stress test,$989
CLM097,85025,Complete blood count,$52
CLM097,99215,Comprehensive office visit,$190
CLM098,82947,Glucose test,$24
CLM098,36415,Blood draw,$30
CLM098,83036,Hemoglobin A1c,$41
CLM099,80053,Comprehensive metabolic panel,$62
CLM100,80053,Comprehensive metabolic panel,$55
CLM101,36415,Blood draw,$33
CLM102,90837,Psychotherapy 60 minutes,$177
CLM103,99213,Office/outpatient visit,$111
CLM103,11102,Skin biopsy,$190
CLM104,90707,MMR vaccine,$90
CLM104,90460,Immunization administration,$43
CLM104,99213,Office/outpatient visit,$123
CLM105,96910,Phototherapy treatment,$154
CLM105,99213,Office/outpatient visit,$122
CLM105,17000,Destruction of skin lesion,$114
CLM106,59400,Routine obstetric care,$3930
CLM106,88175,Pap smear cytology,$74
CLM107,71020,Chest X-ray,$121
CLM107,94640,Nebulizer treatment,$47
CLM107,94010,Spirometry,$102
CLM108,99214,Detailed office visit,$150
CLM108,88175,Pap smear cytology,$63
CLM109,85025,Complete blood count,$48
CLM109,80061,Lipid panel,$58
CLM110,90834,Psychotherapy 45 minutes,$154
CLM110,90837,Psychotherapy 60 minutes,$209
CLM111,99213,Office/outpatient visit,$137
CLM111,85025,Complete blood count,$49
CLM112,80061,Lipid panel,$55
CLM113,71020,Chest X-ray,$106
CLM113,99283,ED visit moderate severity,$477
CLM114,85025,Complete blood count,$50
CLM114,71020,Chest X-ray,$127
CLM115,99214,Detailed office visit,$134
CLM115,71020,Chest X-ray,$102
CLM115,36415,Blood draw,$35
CLM116,99214,Detailed office visit,$130
CLM116,93015,Cardiac stress test,$824
CLM117,99283,ED visit moderate severity,$519
CLM117,71020,Chest X-ray,$106
CLM118,93000,EKG/ECG with interpretation,$151
CLM119,36415,Blood draw,$30
CLM120,99214,Detailed office visit,$128
CLM120,94010,Spirometry,$106
CLM121,99214,Detailed office visit,$124
CLM121,90834,Psychotherapy 45 minutes,$128
CLM122,83036,Hemoglobin A1c,$38
CLM123,36415,Blood draw,$29
CLM123,93000,EKG/ECG with interpretation,$156
CLM124,99285,ED visit high severity,$1296
CLM124,71020,Chest X-ray,$104
CLM125,11102,Skin biopsy,$211
CLM126,20610,Major joint injection,$228
CLM126,73030,Shoulder X-ray,$127
CLM126,99213,Office/outpatient visit,$116
CLM127,82947,Glucose test,$23
CLM128,71020,Chest X-ray,$107
CLM128,87070,Bacteria culture,$91
CLM128,80061,Lipid panel,$62
CLM129,99214,Detailed office visit,$146
CLM129,90834,Psychotherapy 45 minutes,$133
CLM130,36415,Blood draw,$28
CLM131,99283,ED visit moderate severity,$522
CLM132,73030,Shoulder X-ray,$128
CLM132,99213,Office/outpatient visit,$109
CLM133,99213,Office/outpatient visit,$115
CLM133,99392,Preventive visit age 1-4,$199
CLM134,80053,Comprehensive metabolic panel,$71
CLM135,36415,Blood draw,$34
CLM135,80053,Comprehensive metabolic panel,$56
CLM136,36415,Blood draw,$35
CLM136,93000,EKG/ECG with interpretation,$161
CLM137,80050,General health panel,$304
CLM137,93000,EKG/ECG with interpretation,$158
CLM138,87070,Bacteria culture,$76
CLM138,80050,General health panel,$295
CLM139,99213,Office/outpatient visit,$120
CLM140,80053,Comprehensive metabolic panel,$69
CLM141,93306,Echocardiogram complete,$1240
CLM142,83036,Hemoglobin A1c,$38
CLM142,99214,Detailed office visit,$125
CLM143,36415,Blood draw,$28
CLM143,83036,Hemoglobin A1c,$47
CLM143,99215,Comprehensive office visit,$217
CLM144,93000,EKG/ECG with interpretation,$148
CLM144,80053,Comprehensive metabolic panel,$65
CLM144,83036,Hemoglobin A1c,$39
CLM145,90834,Psychotherapy 45 minutes,$143
CLM146,93000,EKG/ECG with interpretation,$161
CLM147,83036,Hemoglobin A1c,$39
CLM147,93000,EKG/ECG with interpretation,$157
CLM148,36415,Blood draw,$31
CLM148,80050,General health panel,$328
CLM149,71020,Chest X-ray,$104
CLM149,99214,Detailed office visit,$119
CLM150,17000,Destruction of skin lesion,$128
CLM151,99214,Detailed office visit,$131
CLM152,82947,Glucose test,$25
CLM153,99213,Office/outpatient visit,$118
CLM154,87880,Rapid strep test,$37
CLM154,90707,MMR vaccine,$88
CLM155,87880,Rapid strep test,$34
CLM156,99214,Detailed office visit,$133
CLM157,20610,Major joint injection,$293
CLM157,99213,Office/outpatient visit,$127
CLM158,99215,Comprehensive office visit,$208
CLM159,90791,Psychiatric diagnostic evaluation,$284
CLM159,90834,Psychotherapy 45 minutes,$157
CLM160,87880,Rapid strep test,$39
CLM161,99213,Office/outpatient visit,$117
CLM161,80061,Lipid panel,$59
CLM161,36415,Blood draw,$28
CLM162,99214,Detailed office visit,$148
CLM163,17000,Destruction of skin lesion,$116
CLM164,93306,Echocardiogram complete,$1164
CLM165,36415,Blood draw,$30
CLM166,20610,Major joint injection,$293
CLM167,17000,Destruction of skin lesion,$117
CLM168,85025,Complete blood count,$42
CLM169,87070,Bacteria culture,$88
CLM169,99214,Detailed office visit,$146
CLM170,99214,Detailed office visit,$143
CLM170,93000,EKG/ECG with interpretation,$145
CLM170,93458,Cardiac catheterization,$4392
CLM171,71020,Chest X-ray,$128
CLM171,94640,Nebulizer treatment,$57
CLM172,93306,Echocardiogram complete,$1375
CLM173,85025,Complete blood count,$50
CLM173,80061,Lipid panel,$62
CLM173,99214,Detailed office visit,$118
CLM174,85025,Complete blood count,$48
CLM175,85025,Complete blood count,$41
CLM176,99215,Comprehensive office visit,$235
CLM176,99214,Detailed office visit,$142
CLM177,71020,Chest X-ray,$100
CLM178,80050,General health panel,$318
CLM179,71020,Chest X-ray,$124
CLM180,17000,Destruction of skin lesion,$140
CLM181,11102,Skin biopsy,$197
CLM182,99213,Office/outpatient visit,$129
CLM182,17000,Destruction of skin lesion,$116
CLM183,99392,Preventive visit age 1-4,$168
CLM183,87880,Rapid strep test,$38
CLM184,99214,Detailed office visit,$131
CLM185,71020,Chest X-ray,$110
CLM186,93000,EKG/ECG with interpretation,$141
CLM187,93000,EKG/ECG with interpretation,$141
CLM187,71020,Chest X-ray,$100
CLM187,70450,CT head without contrast,$864
CLM188,36415,Blood draw,$27
CLM188,83036,Hemoglobin A1c,$40
CLM188,80050,General health panel,$286
CLM189,99213,Office/outpatient visit,$128
CLM189,87880,Rapid strep test,$33
CLM189,90460,Immunization administration,$43
CLM190,36415,Blood draw,$34
CLM191,11102,Skin biopsy,$177
CLM192,80053,Comprehensive metabolic panel,$58
CLM193,87880,Rapid strep test,$33
CLM194,76805,Obstetric ultrasound,$422
CLM194,99214,Detailed office visit,$123
CLM195,71020,Chest X-ray,$127
CLM195,80061,Lipid panel,$60
CLM196,83036,Hemoglobin A1c,$45
CLM196,80053,Comprehensive metabolic panel,$68
CLM197,80053,Comprehensive metabolic panel,$56
CLM198,73030,Shoulder X-ray,$135
CLM199,99214,Detailed office visit,$145
CLM200,36415,Blood draw,$30
CLM201,93000,EKG/ECG with interpretation,$147
CLM202,80053,Comprehensive metabolic panel,$68
CLM202,36415,Blood draw,$29
CLM203,71020,Chest X-ray,$99
CLM204,71020,Chest X-ray,$108
CLM205,99214,Detailed office visit,$150
CLM205,94010,Spirometry,$92
CLM205,71020,Chest X-ray,$113
CLM206,85025,Complete blood count,$41
CLM206,77385,IMRT radiation treatment,$2411
CLM206,96415,Chemotherapy infusion additional hour,$392
CLM207,99213,Office/outpatient visit,$122
CLM208,93306,Echocardiogram complete,$1277
CLM209,99214,Detailed office visit,$142
CLM210,71020,Chest X-ray,$127
CLM210,85025,Complete blood count,$53
CLM210,80061,Lipid panel,$58
CLM211,80050,General health panel,$306
CLM211,36415,Blood draw,$31
CLM211,83036,Hemoglobin A1c,$44
CLM212,71020,Chest X-ray,$122
CLM212,80061,Lipid panel,$62
CLM213,94640,Nebulizer treatment,$58
CLM213,94010,Spirometry,$83
CLM214,94010,Spirometry,$91
CLM215,99214,Detailed office visit,$148
CLM216,87070,Bacteria culture,$75
CLM216,99214,Detailed office visit,$138
CLM216,36415,Blood draw,$34
CLM217,85025,Complete blood count,$47
CLM218,93000,EKG/ECG with interpretation,$162
CLM219,17000,Destruction of skin lesion,$129
CLM219,99213,Office/outpatient visit,$132
CLM220,93306,Echocardiogram complete,$1092
CLM220,93015,Cardiac stress test,$924
CLM220,93000,EKG/ECG with interpretation,$169
CLM221,93000,EKG/ECG with interpretation,$147
CLM221,83036,Hemoglobin A1c,$39
CLM222,99214,Detailed office visit,$123
CLM223,76805,Obstetric ultrasound,$455
CLM224,80050,General health panel,$295
CLM224,83036,Hemoglobin A1c,$45
CLM225,99213,Office/outpatient visit,$129
CLM226,76805,Obstetric ultrasound,$361
CLM227,87070,Bacteria culture,$90
CLM228,36415,Blood draw,$31
CLM229,99214,Detailed office visit,$119
CLM230,73721,MRI knee,$1506
CLM231,80061,Lipid panel,$60
CLM232,71020,Chest X-ray,$101
CLM233,71020,Chest X-ray,$123
CLM234,90834,Psychotherapy 45 minutes,$143
CLM235,80050,General health panel,$294
CLM236,93458,Cardiac catheterization,$4309
CLM237,85025,Complete blood count,$53
CLM237,36415,Blood draw,$29
CLM237,80061,Lipid panel,$61
CLM238,99215,Comprehensive office visit,$236
CLM239,99214,Detailed office visit,$140
CLM240,83036,Hemoglobin A1c,$37
CLM240,80053,Comprehensive metabolic panel,$69
CLM241,36415,Blood draw,$32
CLM242,99214,Detailed office visit,$132
CLM243,80061,Lipid panel,$50
CLM244,99214,Detailed office visit,$135
CLM245,94640,Nebulizer treatment,$53
CLM246,80053,Comprehensive metabolic panel,$55
CLM246,36415,Blood draw,$31
CLM246,93000,EKG/ECG with interpretation,$137
CLM247,71020,Chest X-ray,$113
CLM248,11102,Skin biopsy,$177
CLM248,96910,Phototherapy treatment,$179
CLM249,99214,Detailed office visit,$128
CLM250,93458,Cardiac catheterization,$5299
CLM251,94640,Nebulizer treatment,$49
CLM252,83036,Hemoglobin A1c,$46
CLM253,99214,Detailed office visit,$149
CLM253,80061,Lipid panel,$61
CLM254,90834,Psychotherapy 45 minutes,$157
CLM255,99214,Detailed office visit,$132
CLM256,83036,Hemoglobin A1c,$40
CLM256,99215,Comprehensive office visit,$215
CLM256,93000,EKG/ECG with interpretation,$149
CLM257,80053,Comprehensive metabolic panel,$59
CLM258,83036,Hemoglobin A1c,$38
CLM259,11102,Skin biopsy,$204
CLM259,96910,Phototherapy treatment,$185
CLM260,36415,Blood draw,$31
CLM260,80053,Comprehensive metabolic panel,$66
CLM260,83036,Hemoglobin A1c,$39
CLM261,36415,Blood draw,$27
CLM261,80061,Lipid panel,$62
CLM261,99213,Office/outpatient visit,$138
CLM262,99214,Detailed office visit,$135
CLM263,85025,Complete blood count,$41
CLM264,93458,Cardiac catheterization,$5126
CLM264,99214,Detailed office visit,$139
CLM265,80053,Comprehensive metabolic panel,$69
CLM266,93000,EKG/ECG with interpretation,$141
CLM267,99214,Detailed office visit,$132
CLM267,93000,EKG/ECG with interpretation,$162
CLM268,87070,Bacteria culture,$72
CLM269,99214,Detailed office visit,$144
CLM270,99214,Detailed office visit,$140
CLM271,99213,Office/outpatient visit,$128
CLM272,99214,Detailed office visit,$139
CLM272,36415,Blood draw,$28
CLM273,99214,Detailed office visit,$123
CLM274,80061,Lipid panel,$59
CLM275,99283,ED visit moderate severity,$471
CLM276,99214,Detailed office visit,$131
CLM276,94640,Nebulizer treatment,$51
CLM276,71020,Chest X-ray,$109
CLM277,73721,MRI knee,$1357
CLM277,20610,Major joint injection,$259
CLM278,80053,Comprehensive metabolic panel,$64
CLM279,80061,Lipid panel,$51
CLM279,99214,Detailed office visit,$127
CLM280,11102,Skin biopsy,$178
CLM281,71020,Chest X-ray,$105
CLM281,99214,Detailed office visit,$120
CLM282,85025,Complete blood count,$45
CLM283,11102,Skin biopsy,$169
CLM284,36415,Blood draw,$34
CLM284,85025,Complete blood count,$48
CLM285,99214,Detailed office visit,$132
CLM286,83036,Hemoglobin A1c,$39
CLM286,84443,TSH test,$60
CLM287,87070,Bacteria culture,$80
CLM288,85025,Complete blood count,$46
CLM289,99213,Office/outpatient visit,$128
CLM289,36415,Blood draw,$33
CLM290,99214,Detailed office visit,$146
CLM290,93015,Cardiac stress test,$795
CLM291,87880,Rapid strep test,$32
CLM291,99213,Office/outpatient visit,$114
CLM292,99213,Office/outpatient visit,$120
CLM293,93015,Cardiac stress test,$919
CLM293,99214,Detailed office visit,$121
CLM294,83036,Hemoglobin A1c,$37
CLM294,80053,Comprehensive metabolic panel,$69
CLM295,36415,Blood draw,$30
CLM295,87070,Bacteria culture,$83
CLM296,80061,Lipid panel,$50
CLM297,36415,Blood draw,$32
CLM297,84443,TSH test,$64
CLM298,36415,Blood draw,$28
CLM298,93000,EKG/ECG with interpretation,$159
CLM298,83036,Hemoglobin A1c,$44
CLM299,84443,TSH test,$51
CLM299,99214,Detailed office visit,$126
CLM299,83036,Hemoglobin A1c,$36
CLM300,87880,Rapid strep test,$39
CLM301,90837,Psychotherapy 60 minutes,$167
CLM302,71020,Chest X-ray,$127
CLM303,99214,Detailed office visit,$133
CLM304,93000,EKG/ECG with interpretation,$149
CLM304,99283,ED visit moderate severity,$510
CLM305,80061,Lipid panel,$58
CLM305,71020,Chest X-ray,$111
CLM305,36415,Blood draw,$32
CLM306,99214,Detailed office visit,$144
CLM306,93000,EKG/ECG with interpretation,$141
CLM306,93306,Echocardiogram complete,$1192
CLM307,80061,Lipid panel,$56
CLM308,80050,General health panel,$296
CLM308,93000,EKG/ECG with interpretation,$154
CLM309,96910,Phototherapy treatment,$170
CLM310,93000,EKG/ECG with interpretation,$141
CLM310,99283,ED visit moderate severity,$461
CLM311,90791,Psychiatric diagnostic evaluation,$280
CLM312,36415,Blood draw,$34
CLM312,82947,Glucose test,$24
CLM313,90460,Immunization administration,$39
CLM314,83036,Hemoglobin A1c,$46
CLM314,80050,General health panel,$305
CLM315,71020,Chest X-ray,$108
CLM315,99213,Office/outpatient visit,$127
CLM316,99214,Detailed office visit,$136
CLM316,99213,Office/outpatient visit,$122
CLM316,71020,Chest X-ray,$110
CLM317,36415,Blood draw,$33
CLM318,99213,Office/outpatient visit,$138
CLM318,90460,Immunization administration,$43
CLM318,90707,MMR vaccine,$92
CLM319,93000,EKG/ECG with interpretation,$144
CLM320,90837,Psychotherapy 60 minutes,$205
CLM320,90791,Psychiatric diagnostic evaluation,$228
CLM321,80053,Comprehensive metabolic panel,$56
CLM322,93000,EKG/ECG with interpretation,$173
CLM323,90837,Psychotherapy 60 minutes,$211
CLM324,83036,Hemoglobin A1c,$38
CLM324,36415,Blood draw,$28
CLM324,93000,EKG/ECG with interpretation,$170
CLM325,73030,Shoulder X-ray,$130
CLM326,99214,Detailed office visit,$142
CLM326,94010,Spirometry,$87
CLM326,71020,Chest X-ray,$108
CLM327,99214,Detailed office visit,$131
CLM328,87880,Rapid strep test,$40
CLM328,90707,MMR vaccine,$90
CLM329,36415,Blood draw,$32
CLM330,76805,Obstetric ultrasound,$438
CLM331,71020,Chest X-ray,$107
CLM332,90460,Immunization administration,$39
CLM333,94640,Nebulizer treatment,$46
CLM334,87070,Bacteria culture,$72
CLM335,80053,Comprehensive metabolic panel,$64
CLM336,36415,Blood draw,$27
CLM336,80061,Lipid panel,$57
CLM337,83036,Hemoglobin A1c,$45
CLM338,36415,Blood draw,$34
CLM339,93458,Cardiac catheterization,$5120
CLM339,99214,Detailed office visit,$139
CLM340,99214,Detailed office visit,$140
CLM341,99214,Detailed office visit,$144
CLM342,88175,Pap smear cytology,$77
CLM343,80061,Lipid panel,$54
CLM343,99214,Detailed office visit,$148
CLM343,36415,Blood draw,$34
CLM344,99214,Detailed office visit,$143
CLM344,93000,EKG/ECG with interpretation,$135
CLM345,99213,Office/outpatient visit,$123
CLM345,90460,Immunization administration,$44
CLM346,90791,Psychiatric diagnostic evaluation,$276
CLM346,90834,Psychotherapy 45 minutes,$155
CLM347,87070,Bacteria culture,$90
CLM347,80061,Lipid panel,$55
CLM347,85025,Complete blood count,$42
CLM348,85025,Complete blood count,$45
CLM348,36415,Blood draw,$29
CLM349,73030,Shoulder X-ray,$134
CLM350,70450,CT head without contrast,$982
CLM351,90460,Immunization administration,$40
CLM352,99213,Office/outpatient visit,$113
CLM353,70450,CT head without contrast,$877
CLM354,99213,Office/outpatient visit,$139
CLM355,96415,Chemotherapy infusion additional hour,$374
CLM356,93000,EKG/ECG with interpretation,$144
CLM356,99283,ED visit moderate severity,$519
CLM356,71020,Chest X-ray,$117
CLM357,90837,Psychotherapy 60 minutes,$180
CLM357,99214,Detailed office visit,$132
CLM358,83036,Hemoglobin A1c,$39
CLM359,99214,Detailed office visit,$120
CLM360,99214,Detailed office visit,$136
CLM360,36415,Blood draw,$33
CLM361,17000,Destruction of skin lesion,$138
CLM361,96910,Phototherapy treatment,$183
CLM362,93000,EKG/ECG with interpretation,$160
CLM362,99283,ED visit moderate severity,$459
CLM363,90791,Psychiatric diagnostic evaluation,$247
CLM363,90834,Psychotherapy 45 minutes,$132
CLM364,99213,Office/outpatient visit,$116
CLM364,73721,MRI knee,$1586
CLM365,90791,Psychiatric diagnostic evaluation,$281
CLM366,93458,Cardiac catheterization,$4073
CLM367,93000,EKG/ECG with interpretation,$149
CLM367,80053,Comprehensive metabolic panel,$55
CLM368,99214,Detailed office visit,$141
CLM368,80050,General health panel,$351
CLM369,99283,ED visit moderate severity,$407
CLM369,71020,Chest X-ray,$121
CLM369,93000,EKG/ECG with interpretation,$148
CLM370,85025,Complete blood count,$43
CLM371,83036,Hemoglobin A1c,$37
CLM372,83036,Hemoglobin A1c,$38
CLM372,93000,EKG/ECG with interpretation,$139
CLM373,99214,Detailed office visit,$152
CLM374,99213,Office/outpatient visit,$139
CLM374,96910,Phototherapy treatment,$186
CLM375,93000,EKG/ECG with interpretation,$164
CLM376,36415,Blood draw,$33
CLM377,17000,Destruction of skin lesion,$117
CLM378,83036,Hemoglobin A1c,$44
CLM378,36415,Blood draw,$28
CLM379,99214,Detailed office visit,$137
CLM379,93000,EKG/ECG with interpretation,$176
CLM379,93015,Cardiac stress test,$839
CLM380,99215,Comprehensive office visit,$232
CLM381,99214,Detailed office visit,$123
CLM382,90460,Immunization administration,$43
CLM382,99213,Office/outpatient visit,$138
CLM383,90834,Psychotherapy 45 minutes,$137
CLM383,99214,Detailed office visit,$149
CLM384,99213,Office/outpatient visit,$113
CLM385,96910,Phototherapy treatment,$179
CLM385,17000,Destruction of skin lesion,$137
CLM385,99213,Office/outpatient visit,$139
CLM386,83036,Hemoglobin A1c,$44
CLM387,99285,ED visit high severity,$1399
CLM387,93000,EKG/ECG with interpretation,$148
CLM388,17000,Destruction of skin lesion,$115
CLM389,36415,Blood draw,$35
CLM389,83036,Hemoglobin A1c,$39
CLM390,99214,Detailed office visit,$134
CLM391,11102,Skin biopsy,$165
CLM391,17000,Destruction of skin lesion,$133
CLM392,93000,EKG/ECG with interpretation,$135
CLM393,99214,Detailed office visit,$135
CLM394,71020,Chest X-ray,$113
CLM395,93000,EKG/ECG with interpretation,$139
CLM396,99214,Detailed office visit,$129
CLM397,93000,EKG/ECG with interpretation,$164
CLM397,71020,Chest X-ray,$123
CLM397,99283,ED visit moderate severity,$453
CLM398,99214,Detailed office visit,$125
CLM399,87880,Rapid strep test,$34
CLM399,99213,Office/outpatient visit,$141
CLM400,80061,Lipid panel,$50
CLM401,76805,Obstetric ultrasound,$446
CLM401,59400,Routine obstetric care,$3957
CLM401,99214,Detailed office visit,$122
CLM402,73721,MRI knee,$1608
CLM403,94640,Nebulizer treatment,$52
CLM404,93458,Cardiac catheterization,$5223
CLM405,20610,Major joint injection,$253
CLM405,99213,Office/outpatient visit,$141
CLM405,73030,Shoulder X-ray,$134
CLM406,17000,Destruction of skin lesion,$121
CLM407,99214,Detailed office visit,$119
CLM408,99283,ED visit moderate severity,$408
CLM408,71020,Chest X-ray,$108
CLM408,93000,EKG/ECG with interpretation,$142
CLM409,85025,Complete blood count,$49
CLM410,83036,Hemoglobin A1c,$37
CLM410,36415,Blood draw,$27
CLM411,99214,Detailed office visit,$134
CLM412,71020,Chest X-ray,$127
CLM412,93000,EKG/ECG with interpretation,$149
CLM413,80061,Lipid panel,$52
CLM414,80050,General health panel,$314
CLM415,71020,Chest X-ray,$127
CLM416,99392,Preventive visit age 1-4,$185
CLM417,94010,Spirometry,$87
CLM417,94640,Nebulizer treatment,$59
CLM418,93000,EKG/ECG with interpretation,$170
CLM419,80053,Comprehensive metabolic panel,$68
CLM419,36415,Blood draw,$28
CLM419,93000,EKG/ECG with interpretation,$159
CLM420,99392,Preventive visit age 1-4,$172
CLM420,90707,MMR vaccine,$104
CLM421,36415,Blood draw,$29
CLM421,82947,Glucose test,$25
CLM422,99214,Detailed office visit,$150
CLM423,96910,Phototherapy treatment,$171
CLM424,93000,EKG/ECG with interpretation,$169
CLM425,17000,Destruction of skin lesion,$111
CLM425,96910,Phototherapy treatment,$163
CLM426,94640,Nebulizer treatment,$55
CLM427,99392,Preventive visit age 1-4,$199
CLM427,99213,Office/outpatient visit,$135
CLM428,99285,ED visit high severity,$1252
CLM428,71020,Chest X-ray,$127
CLM429,11102,Skin biopsy,$200
CLM430,83036,Hemoglobin A1c,$45
CLM431,90460,Immunization administration,$46
CLM432,99215,Comprehensive office visit,$195
CLM432,85025,Complete blood count,$51
CLM433,93000,EKG/ECG with interpretation,$149
CLM433,93015,Cardiac stress test,$838
CLM434,80050,General health panel,$302
CLM435,85025,Complete blood count,$44
CLM435,96413,Chemotherapy infusion first hour,$1284
CLM436,83036,Hemoglobin A1c,$37
CLM436,80050,General health panel,$346
CLM437,99213,Office/outpatient visit,$124
CLM438,93000,EKG/ECG with interpretation,$144
CLM438,99283,ED visit moderate severity,$486
CLM439,73030,Shoulder X-ray,$129
CLM439,99213,Office/outpatient visit,$121
CLM439,73721,MRI knee,$1681
CLM440,85025,Complete blood count,$49
CLM441,88175,Pap smear cytology,$76
CLM441,76805,Obstetric ultrasound,$413
CLM441,99214,Detailed office visit,$133
CLM442,94640,Nebulizer treatment,$49
CLM443,93000,EKG/ECG with interpretation,$148
CLM443,80053,Comprehensive metabolic panel,$63
CLM443,83036,Hemoglobin A1c,$37
CLM444,99283,ED visit moderate severity,$480
CLM445,93000,EKG/ECG with interpretation,$150
CLM445,70450,CT head without contrast,$1029
CLM446,99214,Detailed office visit,$119
CLM447,80053,Comprehensive metabolic panel,$58
CLM448,99214,Detailed office visit,$131
CLM449,99213,Office/outpatient visit,$136
CLM449,87070,Bacteria culture,$88
CLM450,36415,Blood draw,$30
CLM451,36415,Blood draw,$32
CLM452,80061,Lipid panel,$62
CLM453,88175,Pap smear cytology,$72
CLM453,99214,Detailed office visit,$147
CLM454,99213,Office/outpatient visit,$138
CLM455,71020,Chest X-ray,$120
CLM456,90707,MMR vaccine,$86
CLM456,99213,Office/outpatient visit,$138
CLM456,87880,Rapid strep test,$32
CLM457,99215,Comprehensive office visit,$218
CLM458,73721,MRI knee,$1761
CLM458,20610,Major joint injection,$285
CLM458,99213,Office/outpatient visit,$112
CLM459,83036,Hemoglobin A1c,$39
CLM460,99213,Office/outpatient visit,$117
CLM460,73030,Shoulder X-ray,$139
CLM460,20610,Major joint injection,$228
CLM461,83036,Hemoglobin A1c,$36
CLM461,80050,General health panel,$302
CLM462,93000,EKG/ECG with interpretation,$166
CLM462,71020,Chest X-ray,$99
CLM463,90834,Psychotherapy 45 minutes,$136
CLM464,71020,Chest X-ray,$111
CLM465,93000,EKG/ECG with interpretation,$163
CLM466,99214,Detailed office visit,$140
CLM466,99215,Comprehensive office visit,$230
CLM467,36415,Blood draw,$32
CLM467,99215,Comprehensive office visit,$227
CLM467,80053,Comprehensive metabolic panel,$69
CLM468,71020,Chest X-ray,$113
CLM469,99214,Detailed office visit,$119
CLM469,90834,Psychotherapy 45 minutes,$141
CLM470,93000,EKG/ECG with interpretation,$155
CLM471,94640,Nebulizer treatment,$49
CLM472,99214,Detailed office visit,$132
CLM473,99213,Office/outpatient visit,$113
CLM474,93000,EKG/ECG with interpretation,$152
CLM475,90837,Psychotherapy 60 minutes,$170
CLM475,90791,Psychiatric diagnostic evaluation,$278
CLM476,71020,Chest X-ray,$121
CLM476,80061,Lipid panel,$62
CLM477,99214,Detailed office visit,$144
CLM477,36415,Blood draw,$30
CLM478,36415,Blood draw,$32
CLM479,71020,Chest X-ray,$112
CLM479,36415,Blood draw,$30
CLM480,77385,IMRT radiation treatment,$2479
CLM481,99213,Office/outpatient visit,$112
CLM482,80061,Lipid panel,$61
CLM483,99214,Detailed office visit,$144
CLM483,93000,EKG/ECG with interpretation,$143
CLM483,93306,Echocardiogram complete,$1088
CLM484,99214,Detailed office visit,$150
CLM485,99213,Office/outpatient visit,$109
CLM485,20610,Major joint injection,$273
CLM485,73030,Shoulder X-ray,$124
CLM486,36415,Blood draw,$30
CLM487,99283,ED visit moderate severity,$449
CLM488,94640,Nebulizer treatment,$52
CLM488,71020,Chest X-ray,$110
CLM489,93000,EKG/ECG with interpretation,$145
CLM490,96910,Phototherapy treatment,$151
CLM490,99213,Office/outpatient visit,$113
CLM491,87070,Bacteria culture,$82
CLM491,80050,General health panel,$290
CLM492,99285,ED visit high severity,$1161
CLM492,99283,ED visit moderate severity,$428
CLM493,83036,Hemoglobin A1c,$47
CLM493,99215,Comprehensive office visit,$216
CLM493,80053,Comprehensive metabolic panel,$59
CLM494,99214,Detailed office visit,$139
CLM494,93458,Cardiac catheterization,$4523
CLM494,93000,EKG/ECG with interpretation,$151
CLM495,80053,Comprehensive metabolic panel,$69
CLM496,36415,Blood draw,$35
CLM497,90460,Immunization administration,$40
CLM498,90834,Psychotherapy 45 minutes,$134
CLM498,90837,Psychotherapy 60 minutes,$211
CLM498,99214,Detailed office visit,$149
CLM499,80061,Lipid panel,$50
CLM500,90460,Immunization administration,$40
CLM500,99213,Office/outpatient visit,$120
CLM500,87880,Rapid strep test,$32
CLM501,99214,Detailed office visit,$127
CLM501,95810,Sleep study,$1323
CLM502,93000,EKG/ECG with interpretation,$175
CLM503,99214,Detailed office visit,$141
CLM503,90791,Psychiatric diagnostic evaluation,$294
CLM504,93015,Cardiac stress test,$863
CLM504,99214,Detailed office visit,$150
CLM505,85025,Complete blood count,$49
CLM506,99214,Detailed office visit,$120
CLM507,99213,Office/outpatient visit,$136
CLM508,29881,Knee arthroscopy,$5635
CLM508,99213,Office/outpatient visit,$118
CLM509,99392,Preventive visit age 1-4,$195
CLM510,99213,Office/outpatient visit,$117
CLM511,90834,Psychotherapy 45 minutes,$155
CLM512,87070,Bacteria culture,$93
CLM513,80050,General health panel,$303
CLM513,71020,Chest X-ray,$116
CLM513,85025,Complete blood count,$48
CLM514,93000,EKG/ECG with interpretation,$156
CLM515,99214,Detailed office visit,$121
CLM515,90791,Psychiatric diagnostic evaluation,$260
CLM515,90837,Psychotherapy 60 minutes,$189
CLM516,99214,Detailed office visit,$122
CLM517,94010,Spirometry,$94
CLM518,99214,Detailed office visit,$131
CLM518,90837,Psychotherapy 60 minutes,$172
CLM519,99213,Office/outpatient visit,$125
CLM519,11102,Skin biopsy,$175
CLM520,36415,Blood draw,$30
CLM521,85025,Complete blood count,$46
CLM522,99213,Office/outpatient visit,$140
CLM522,17000,Destruction of skin lesion,$129
CLM523,11102,Skin biopsy,$204
CLM523,99213,Office/outpatient visit,$111
CLM524,93306,Echocardiogram complete,$1358
CLM524,99214,Detailed office visit,$118
CLM524,93015,Cardiac stress test,$933
CLM525,36415,Blood draw,$29
CLM526,85025,Complete blood count,$46
CLM526,99215,Comprehensive office visit,$215
CLM526,96413,Chemotherapy infusion first hour,$1132
CLM527,94010,Spirometry,$86
CLM527,95810,Sleep study,$1275
CLM528,83036,Hemoglobin A1c,$41
CLM529,99213,Office/outpatient visit,$124
CLM530,93000,EKG/ECG with interpretation,$167
CLM531,93000,EKG/ECG with interpretation,$154
CLM532,85025,Complete blood count,$42
CLM533,99214,Detailed office visit,$143
CLM533,80053,Comprehensive metabolic panel,$62
CLM534,99214,Detailed office visit,$121
CLM534,80050,General health panel,$330
CLM535,85025,Complete blood count,$50
CLM535,96415,Chemotherapy infusion additional hour,$380
CLM536,36415,Blood draw,$29
CLM536,99213,Office/outpatient visit,$129
CLM537,73030,Shoulder X-ray,$140
CLM538,90707,MMR vaccine,$82
CLM538,87880,Rapid strep test,$35
CLM538,90460,Immunization administration,$45
CLM539,83036,Hemoglobin A1c,$42
CLM540,80061,Lipid panel,$52
CLM540,80050,General health panel,$282
CLM541,71020,Chest X-ray,$124
CLM542,80050,General health panel,$338
CLM542,85025,Complete blood count,$44
CLM542,36415,Blood draw,$34
CLM543,94010,Spirometry,$100
CLM544,99213,Office/outpatient visit,$132
CLM544,85025,Complete blood count,$47
CLM545,87070,Bacteria culture,$88
CLM545,80061,Lipid panel,$65
CLM546,80061,Lipid panel,$54
CLM546,80050,General health panel,$291
CLM547,83036,Hemoglobin A1c,$40
CLM548,90460,Immunization administration,$40
CLM549,71020,Chest X-ray,$99
CLM549,93000,EKG/ECG with interpretation,$162
CLM549,70450,CT head without contrast,$1061
CLM550,99214,Detailed office visit,$130
CLM551,36415,Blood draw,$29
CLM551,85025,Complete blood count,$47
CLM551,99213,Office/outpatient visit,$135
CLM552,90791,Psychiatric diagnostic evaluation,$249
CLM553,80061,Lipid panel,$57
CLM554,93015,Cardiac stress test,$941
CLM555,90834,Psychotherapy 45 minutes,$138
CLM556,80050,General health panel,$335
CLM556,36415,Blood draw,$33
CLM557,99214,Detailed office visit,$131
CLM558,93306,Echocardiogram complete,$1191
CLM559,36415,Blood draw,$29
CLM559,71020,Chest X-ray,$107
CLM560,87070,Bacteria culture,$93
CLM561,85025,Complete blood count,$43
CLM562,73721,MRI knee,$1446
CLM562,20610,Major joint injection,$263
CLM563,87070,Bacteria culture,$79
CLM563,85025,Complete blood count,$46
CLM564,93000,EKG/ECG with interpretation,$176
CLM565,90791,Psychiatric diagnostic evaluation,$226
CLM565,90834,Psychotherapy 45 minutes,$160
CLM566,87070,Bacteria culture,$85
CLM566,99214,Detailed office visit,$151
CLM567,93000,EKG/ECG with interpretation,$162
CLM567,99283,ED visit moderate severity,$523
CLM568,36415,Blood draw,$33
CLM569,88175,Pap smear cytology,$79
CLM569,76805,Obstetric ultrasound,$430
CLM570,94640,Nebulizer treatment,$53
CLM570,99214,Detailed office visit,$136
CLM571,99214,Detailed office visit,$126
CLM572,93015,Cardiac stress test,$838
CLM573,80053,Comprehensive metabolic panel,$70
CLM574,93000,EKG/ECG with interpretation,$168
CLM575,99213,Office/outpatient visit,$117
CLM576,95810,Sleep study,$1401
CLM576,94010,Spirometry,$96
CLM577,93000,EKG/ECG with interpretation,$167
CLM578,85025,Complete blood count,$52
CLM578,99214,Detailed office visit,$146
CLM579,85025,Complete blood count,$42
CLM579,80061,Lipid panel,$61
CLM580,36415,Blood draw,$27
CLM581,71020,Chest X-ray,$109
CLM582,36415,Blood draw,$30
CLM582,80053,Comprehensive metabolic panel,$56
CLM583,83036,Hemoglobin A1c,$40
CLM583,80053,Comprehensive metabolic panel,$62
CLM584,83036,Hemoglobin A1c,$41
CLM585,99214,Detailed office visit,$151
CLM586,93000,EKG/ECG with interpretation,$144
CLM586,99214,Detailed office visit,$120
CLM586,93015,Cardiac stress test,$839
CLM587,90460,Immunization administration,$38
CLM587,90707,MMR vaccine,$90
CLM588,71020,Chest X-ray,$120
CLM588,99283,ED visit moderate severity,$513
CLM589,99214,Detailed office visit,$132
CLM589,83036,Hemoglobin A1c,$43
CLM589,80050,General health panel,$348
CLM590,85025,Complete blood count,$41
CLM590,36415,Blood draw,$30
CLM591,85025,Complete blood count,$52
CLM592,36415,Blood draw,$29
CLM592,80053,Comprehensive metabolic panel,$63
CLM592,93000,EKG/ECG with interpretation,$177
CLM593,90837,Psychotherapy 60 minutes,$189
CLM594,71020,Chest X-ray,$100
CLM594,99285,ED visit high severity,$1226
CLM595,96415,Chemotherapy infusion additional hour,$354
CLM595,85025,Complete blood count,$43
CLM596,93458,Cardiac catheterization,$5043
CLM596,99214,Detailed office visit,$140
CLM597,99285,ED visit high severity,$1167
CLM598,71020,Chest X-ray,$116
CLM599,87880,Rapid strep test,$35
CLM600,93000,EKG/ECG with interpretation,$138
CLM601,99214,Detailed office visit,$137
CLM602,83036,Hemoglobin A1c,$46
CLM602,36415,Blood draw,$35
CLM603,85025,Complete blood count,$51
CLM604,99213,Office/outpatient visit,$141
CLM605,99213,Office/outpatient visit,$112
CLM606,90707,MMR vaccine,$84
CLM606,99392,Preventive visit age 1-4,$207
CLM607,17000,Destruction of skin lesion,$134
CLM608,80050,General health panel,$350
CLM608,71020,Chest X-ray,$121
CLM609,36415,Blood draw,$31
CLM609,83036,Hemoglobin A1c,$41
CLM610,93015,Cardiac stress test,$883
CLM610,99214,Detailed office visit,$143
CLM611,36415,Blood draw,$32
CLM612,99214,Detailed office visit,$144
CLM613,83036,Hemoglobin A1c,$42
CLM614,36415,Blood draw,$34
CLM615,76805,Obstetric ultrasound,$376
CLM616,83036,Hemoglobin A1c,$42
CLM617,99214,Detailed office visit,$132
CLM618,83036,Hemoglobin A1c,$40
CLM618,99215,Comprehensive office visit,$216
CLM619,85025,Complete blood count,$42
CLM619,99215,Comprehensive office visit,$193
CLM620,87070,Bacteria culture,$78
CLM620,80061,Lipid panel,$54
CLM621,85025,Complete blood count,$48
CLM621,36415,Blood draw,$29
CLM622,99213,Office/outpatient visit,$127
CLM623,70450,CT head without contrast,$1059
CLM623,71020,Chest X-ray,$101
CLM623,99285,ED visit high severity,$1242
CLM624,93015,Cardiac stress test,$982
CLM625,83036,Hemoglobin A1c,$38
CLM625,80053,Comprehensive metabolic panel,$57
CLM625,93000,EKG/ECG with interpretation,$160
CLM626,93000,EKG/ECG with interpretation,$177
CLM626,80053,Comprehensive metabolic panel,$65
CLM626,36415,Blood draw,$28
CLM627,90791,Psychiatric diagnostic evaluation,$294
CLM627,90837,Psychotherapy 60 minutes,$182
CLM628,82947,Glucose test,$23
CLM628,83036,Hemoglobin A1c,$45
CLM628,36415,Blood draw,$30
CLM629,99213,Office/outpatient visit,$127
CLM630,99213,Office/outpatient visit,$134
CLM631,83036,Hemoglobin A1c,$40
CLM632,93000,EKG/ECG with interpretation,$157
CLM632,93306,Echocardiogram complete,$1335
CLM633,99213,Office/outpatient visit,$119
CLM633,17000,Destruction of skin lesion,$124
CLM633,11102,Skin biopsy,$184
CLM634,93458,Cardiac catheterization,$4501
CLM634,93000,EKG/ECG with interpretation,$175
CLM635,99213,Office/outpatient visit,$114
CLM635,80061,Lipid panel,$60
CLM636,82947,Glucose test,$27
CLM636,84443,TSH test,$62
CLM637,99214,Detailed office visit,$118
CLM638,93000,EKG/ECG with interpretation,$164
CLM638,36415,Blood draw,$31
CLM638,83036,Hemoglobin A1c,$39
CLM639,93306,Echocardiogram complete,$1135
CLM640,90460,Immunization administration,$42
CLM641,99392,Preventive visit age 1-4,$192
CLM641,87880,Rapid strep test,$34
CLM642,11102,Skin biopsy,$201
CLM643,87070,Bacteria culture,$92
CLM643,99214,Detailed office visit,$147
CLM644,99214,Detailed office visit,$135
CLM644,93000,EKG/ECG with interpretation,$164
CLM645,93000,EKG/ECG with interpretation,$172
CLM646,73721,MRI knee,$1470
CLM646,20610,Major joint injection,$250
CLM646,99213,Office/outpatient visit,$136
CLM647,20610,Major joint injection,$246
CLM647,73721,MRI knee,$1497
CLM647,99213,Office/outpatient visit,$129
CLM648,94640,Nebulizer treatment,$49
CLM648,99214,Detailed office visit,$117
CLM649,36415,Blood draw,$28
CLM650,83036,Hemoglobin A1c,$46
CLM651,90837,Psychotherapy 60 minutes,$174
CLM652,99214,Detailed office visit,$147
CLM653,94640,Nebulizer treatment,$46
CLM654,36415,Blood draw,$29
CLM654,85025,Complete blood count,$47
CLM654,99214,Detailed office visit,$130
CLM655,71020,Chest X-ray,$106
CLM655,99213,Office/outpatient visit,$131
CLM656,73030,Shoulder X-ray,$134
CLM656,99213,Office/outpatient visit,$110
CLM657,99214,Detailed office visit,$147
CLM658,93000,EKG/ECG with interpretation,$165
CLM658,93015,Cardiac stress test,$913
CLM659,93000,EKG/ECG with interpretation,$161
CLM660,99213,Office/outpatient visit,$112
CLM661,29881,Knee arthroscopy,$5140
CLM662,90834,Psychotherapy 45 minutes,$139
CLM663,71020,Chest X-ray,$103
CLM664,99213,Office/outpatient visit,$121
CLM665,36415,Blood draw,$31
CLM666,94640,Nebulizer treatment,$52
CLM667,83036,Hemoglobin A1c,$39
CLM668,83036,Hemoglobin A1c,$41
CLM669,99214,Detailed office visit,$134
CLM670,36415,Blood draw,$31
CLM670,80053,Comprehensive metabolic panel,$64
CLM671,88175,Pap smear cytology,$78
CLM671,76805,Obstetric ultrasound,$376
CLM671,99214,Detailed office visit,$144
CLM672,87880,Rapid strep test,$33
CLM672,90460,Immunization administration,$37
CLM673,83036,Hemoglobin A1c,$47
CLM673,80050,General health panel,$353
CLM673,80053,Comprehensive metabolic panel,$57
CLM674,36415,Blood draw,$29
CLM675,99214,Detailed office visit,$148
CLM675,87070,Bacteria culture,$80
CLM676,99213,Office/outpatient visit,$137
CLM677,99214,Detailed office visit,$153
CLM677,99215,Comprehensive office visit,$214
CLM678,82947,Glucose test,$26
CLM679,36415,Blood draw,$31
CLM680,99285,ED visit high severity,$1104
CLM680,71020,Chest X-ray,$100
CLM681,83036,Hemoglobin A1c,$36
CLM681,99214,Detailed office visit,$148
CLM682,99215,Comprehensive office visit,$242
CLM682,80050,General health panel,$279
CLM682,80053,Comprehensive metabolic panel,$64
CLM683,99285,ED visit high severity,$1402
CLM684,36415,Blood draw,$32
CLM684,83036,Hemoglobin A1c,$45
CLM685,94640,Nebulizer treatment,$57
CLM686,71020,Chest X-ray,$117
CLM686,99283,ED visit moderate severity,$469
CLM687,87070,Bacteria culture,$91
CLM688,96910,Phototherapy treatment,$177
CLM689,90460,Immunization administration,$37
CLM689,99392,Preventive visit age 1-4,$208
CLM689,87880,Rapid strep test,$35
CLM690,93000,EKG/ECG with interpretation,$147
CLM690,99214,Detailed office visit,$141
CLM691,99214,Detailed office visit,$118
CLM691,71020,Chest X-ray,$105
CLM691,87070,Bacteria culture,$89
CLM692,11102,Skin biopsy,$187
CLM693,36415,Blood draw,$34
CLM693,83036,Hemoglobin A1c,$38
CLM694,99214,Detailed office visit,$146
CLM695,90834,Psychotherapy 45 minutes,$140
CLM696,99214,Detailed office visit,$121
CLM697,99214,Detailed office visit,$135
CLM698,71020,Chest X-ray,$101
CLM698,93000,EKG/ECG with interpretation,$173
CLM699,93000,EKG/ECG with interpretation,$143
CLM700,85025,Complete blood count,$53
CLM701,99213,Office/outpatient visit,$139
CLM701,87880,Rapid strep test,$33
CLM702,93015,Cardiac stress test,$887
CLM703,96415,Chemotherapy infusion additional hour,$389
CLM704,93015,Cardiac stress test,$899
CLM704,93000,EKG/ECG with interpretation,$156
CLM704,99214,Detailed office visit,$146
CLM705,99215,Comprehensive office visit,$242
CLM706,20610,Major joint injection,$285
CLM707,93000,EKG/ECG with interpretation,$162
CLM707,71020,Chest X-ray,$101
CLM707,99283,ED visit moderate severity,$521
CLM708,90460,Immunization administration,$41
CLM709,99392,Preventive visit age 1-4,$166
CLM710,83036,Hemoglobin A1c,$39
CLM710,99215,Comprehensive office visit,$231
CLM711,96910,Phototherapy treatment,$160
CLM711,99213,Office/outpatient visit,$121
CLM711,17000,Destruction of skin lesion,$133
CLM712,80053,Comprehensive metabolic panel,$58
CLM712,36415,Blood draw,$27
CLM712,83036,Hemoglobin A1c,$43
CLM713,99213,Office/outpatient visit,$122
CLM713,17000,Destruction of skin lesion,$118
CLM714,99214,Detailed office visit,$142
CLM714,80061,Lipid panel,$62
CLM715,17000,Destruction of skin lesion,$120
CLM715,11102,Skin biopsy,$191
CLM716,99214,Detailed office visit,$126
CLM716,93015,Cardiac stress test,$936
CLM716,93000,EKG/ECG with interpretation,$166
CLM717,90460,Immunization administration,$38
CLM718,80053,Comprehensive metabolic panel,$68
CLM718,93000,EKG/ECG with interpretation,$155
CLM719,17000,Destruction of skin lesion,$136
CLM719,11102,Skin biopsy,$195
CLM720,36415,Blood draw,$28
CLM720,80053,Comprehensive metabolic panel,$59
CLM720,83036,Hemoglobin A1c,$40
CLM721,73030,Shoulder X-ray,$110
CLM721,99213,Office/outpatient visit,$114
CLM721,20610,Major joint injection,$293
CLM722,36415,Blood draw,$30
CLM723,93306,Echocardiogram complete,$1124
CLM724,82947,Glucose test,$27
CLM725,36415,Blood draw,$28
CLM725,80061,Lipid panel,$56
CLM726,36415,Blood draw,$27
CLM727,99213,Office/outpatient visit,$110
CLM728,84443,TSH test,$52
CLM729,36415,Blood draw,$29
CLM730,71020,Chest X-ray,$99
CLM730,94010,Spirometry,$95
CLM731,99213,Office/outpatient visit,$125
CLM732,90460,Immunization administration,$40
CLM732,87880,Rapid strep test,$36
CLM732,99213,Office/outpatient visit,$122
CLM733,99214,Detailed office visit,$143
CLM734,99213,Office/outpatient visit,$130
CLM734,85025,Complete blood count,$43
CLM734,80061,Lipid panel,$52
CLM735,99214,Detailed office visit,$133
CLM736,99213,Office/outpatient visit,$122
CLM736,36415,Blood draw,$35
CLM736,80061,Lipid panel,$52
CLM737,36415,Blood draw,$28
CLM738,93000,EKG/ECG with interpretation,$171
CLM738,93458,Cardiac catheterization,$4073
CLM739,99214,Detailed office visit,$123
CLM740,36415,Blood draw,$35
CLM740,99213,Office/outpatient visit,$118
CLM740,80061,Lipid panel,$58
CLM741,70450,CT head without contrast,$1045
CLM742,96910,Phototherapy treatment,$172
CLM742,99213,Office/outpatient visit,$142
CLM743,36415,Blood draw,$35
CLM743,83036,Hemoglobin A1c,$41
CLM743,99215,Comprehensive office visit,$223
CLM744,36415,Blood draw,$34
CLM744,83036,Hemoglobin A1c,$36
CLM745,99214,Detailed office visit,$132
CLM746,96910,Phototherapy treatment,$151
CLM747,87880,Rapid strep test,$41
CLM748,85025,Complete blood count,$51
CLM748,99215,Comprehensive office visit,$194
CLM749,20610,Major joint injection,$228
CLM750,36415,Blood draw,$30
CLM750,99215,Comprehensive office visit,$225
CLM751,96413,Chemotherapy infusion first hour,$1164
CLM751,85025,Complete blood count,$53
CLM751,99215,Comprehensive office visit,$219
CLM752,93000,EKG/ECG with interpretation,$171
CLM753,93000,EKG/ECG with interpretation,$138
CLM754,80061,Lipid panel,$60
CLM755,36415,Blood draw,$31
CLM756,83036,Hemoglobin A1c,$44
CLM757,90834,Psychotherapy 45 minutes,$160
CLM757,90791,Psychiatric diagnostic evaluation,$287
CLM758,90707,MMR vaccine,$84
CLM758,90460,Immunization administration,$45
CLM759,87070,Bacteria culture,$91
CLM760,85025,Complete blood count,$42
CLM760,99215,Comprehensive office visit,$245
CLM760,96415,Chemotherapy infusion additional hour,$369
CLM761,99214,Detailed office visit,$124
CLM761,82947,Glucose test,$26
CLM761,83036,Hemoglobin A1c,$40
CLM762,99214,Detailed office visit,$148
CLM762,93015,Cardiac stress test,$852
CLM763,20610,Major joint injection,$289
CLM764,17000,Destruction of skin lesion,$132
CLM765,85025,Complete blood count,$49
CLM765,96415,Chemotherapy infusion additional hour,$361
CLM765,99215,Comprehensive office visit,$209
CLM766,99213,Office/outpatient visit,$121
CLM767,71020,Chest X-ray,$118
CLM768,93015,Cardiac stress test,$772
CLM768,93000,EKG/ECG with interpretation,$171
CLM769,36415,Blood draw,$30
CLM770,80050,General health panel,$318
CLM771,99213,Office/outpatient visit,$127
CLM772,99214,Detailed office visit,$131
CLM772,36415,Blood draw,$30
CLM773,90837,Psychotherapy 60 minutes,$196
CLM773,90791,Psychiatric diagnostic evaluation,$251
CLM774,99214,Detailed office visit,$130
CLM775,87880,Rapid strep test,$32
CLM776,83036,Hemoglobin A1c,$46
CLM776,99214,Detailed office visit,$137
CLM777,83036,Hemoglobin A1c,$47
CLM778,93306,Echocardiogram complete,$1224
CLM779,73030,Shoulder X-ray,$129
CLM779,20610,Major joint injection,$276
CLM780,96910,Phototherapy treatment,$170
CLM781,36415,Blood draw,$32
CLM781,82947,Glucose test,$27
CLM782,80050,General health panel,$294
CLM782,83036,Hemoglobin A1c,$46
CLM783,99214,Detailed office visit,$140
CLM784,85025,Complete blood count,$44
CLM785,80050,General health panel,$318
CLM785,87070,Bacteria culture,$91
CLM785,85025,Complete blood count,$47
CLM786,93000,EKG/ECG with interpretation,$149
CLM786,99214,Detailed office visit,$148
CLM787,76805,Obstetric ultrasound,$362
CLM788,85025,Complete blood count,$43
CLM789,93000,EKG/ECG with interpretation,$158
CLM790,36415,Blood draw,$34
CLM791,99214,Detailed office visit,$121
CLM792,99214,Detailed office visit,$124
CLM792,71020,Chest X-ray,$118
CLM793,99213,Office/outpatient visit,$109
CLM793,11102,Skin biopsy,$196
CLM794,90834,Psychotherapy 45 minutes,$155
CLM795,87070,Bacteria culture,$73
CLM796,87070,Bacteria culture,$81
CLM797,80050,General health panel,$353
CLM798,71020,Chest X-ray,$107
CLM799,99215,Comprehensive office visit,$208
CLM800,80053,Comprehensive metabolic panel,$66
CLM801,36415,Blood draw,$27
CLM802,93000,EKG/ECG with interpretation,$164
CLM803,99214,Detailed office visit,$123
CLM803,80050,General health panel,$298
CLM804,99214,Detailed office visit,$153
CLM804,90837,Psychotherapy 60 minutes,$168
CLM805,36415,Blood draw,$34
CLM805,83036,Hemoglobin A1c,$36
CLM806,73030,Shoulder X-ray,$123
CLM806,20610,Major joint injection,$242
CLM807,36415,Blood draw,$32
CLM807,99215,Comprehensive office visit,$209
CLM807,99214,Detailed office visit,$135
CLM808,99214,Detailed office visit,$140
CLM809,80061,Lipid panel,$65
CLM810,71020,Chest X-ray,$116
CLM810,99214,Detailed office visit,$124
CLM810,36415,Blood draw,$31
CLM811,80053,Comprehensive metabolic panel,$62
CLM812,36415,Blood draw,$33
CLM813,80061,Lipid panel,$53
CLM814,88175,Pap smear cytology,$71
CLM815,80050,General health panel,$302
CLM816,80053,Comprehensive metabolic panel,$65
CLM817,90837,Psychotherapy 60 minutes,$178
CLM817,99214,Detailed office visit,$128
CLM817,90791,Psychiatric diagnostic evaluation,$277
CLM818,90837,Psychotherapy 60 minutes,$165
CLM819,36415,Blood draw,$28
CLM819,99214,Detailed office visit,$128
CLM820,71020,Chest X-ray,$114
CLM821,90791,Psychiatric diagnostic evaluation,$271
CLM822,99214,Detailed office visit,$136
CLM823,93000,EKG/ECG with interpretation,$143
CLM823,99214,Detailed office visit,$152
CLM824,36415,Blood draw,$34
CLM825,71020,Chest X-ray,$108
CLM825,36415,Blood draw,$35
CLM826,99213,Office/outpatient visit,$136
CLM826,96910,Phototherapy treatment,$164
CLM826,17000,Destruction of skin lesion,$112
CLM827,93000,EKG/ECG with interpretation,$152
CLM828,83036,Hemoglobin A1c,$45
CLM828,93000,EKG/ECG with interpretation,$149
CLM829,93306,Echocardiogram complete,$1199
CLM829,93015,Cardiac stress test,$988
CLM830,71020,Chest X-ray,$120
CLM831,80050,General health panel,$348
CLM831,80061,Lipid panel,$53
CLM832,99214,Detailed office visit,$132
CLM833,99392,Preventive visit age 1-4,$164
CLM834,36415,Blood draw,$32
CLM835,71020,Chest X-ray,$101
CLM836,93306,Echocardiogram complete,$1137
CLM837,80061,Lipid panel,$57
CLM837,99213,Office/outpatient visit,$139
CLM838,80061,Lipid panel,$56
CLM839,93306,Echocardiogram complete,$1128
CLM839,99214,Detailed office visit,$142
CLM840,90834,Psychotherapy 45 minutes,$130
CLM840,90791,Psychiatric diagnostic evaluation,$282
CLM841,93000,EKG/ECG with interpretation,$175
CLM841,93015,Cardiac stress test,$889
CLM842,83036,Hemoglobin A1c,$37
CLM842,82947,Glucose test,$24
CLM843,90834,Psychotherapy 45 minutes,$144
CLM844,11102,Skin biopsy,$207
CLM844,96910,Phototherapy treatment,$170
CLM844,99213,Office/outpatient visit,$128
CLM845,93015,Cardiac stress test,$994
CLM845,93458,Cardiac catheterization,$4232
CLM845,99214,Detailed office visit,$133
CLM846,94010,Spirometry,$96
CLM847,71020,Chest X-ray,$120
CLM847,99285,ED visit high severity,$1302
CLM848,90837,Psychotherapy 60 minutes,$200
CLM849,90834,Psychotherapy 45 minutes,$148
CLM849,90791,Psychiatric diagnostic evaluation,$294
CLM850,20610,Major joint injection,$265
CLM850,99213,Office/outpatient visit,$137
CLM851,94640,Nebulizer treatment,$56
CLM852,85025,Complete blood count,$44
CLM853,73721,MRI knee,$1573
CLM854,80061,Lipid panel,$63
CLM855,85025,Complete blood count,$41
CLM855,87070,Bacteria culture,$77
CLM856,93000,EKG/ECG with interpretation,$157
CLM857,99214,Detailed office visit,$130
CLM857,36415,Blood draw,$35
CLM858,88175,Pap smear cytology,$69
CLM859,99214,Detailed office visit,$148
CLM860,87070,Bacteria culture,$79
CLM861,36415,Blood draw,$31
CLM861,80053,Comprehensive metabolic panel,$67
CLM862,90707,MMR vaccine,$95
CLM863,99214,Detailed office visit,$153
CLM864,90837,Psychotherapy 60 minutes,$167
CLM865,85025,Complete blood count,$52
CLM865,99215,Comprehensive office visit,$199
CLM866,88175,Pap smear cytology,$64
CLM866,76805,Obstetric ultrasound,$394
CLM867,36415,Blood draw,$32
CLM868,87070,Bacteria culture,$78
CLM868,80061,Lipid panel,$58
CLM868,85025,Complete blood count,$44
CLM869,80061,Lipid panel,$54
CLM869,99214,Detailed office visit,$152
CLM869,99213,Office/outpatient visit,$132
CLM870,99214,Detailed office visit,$138
CLM870,90791,Psychiatric diagnostic evaluation,$288
CLM871,80053,Comprehensive metabolic panel,$64
CLM872,87070,Bacteria culture,$82
CLM872,71020,Chest X-ray,$124
CLM873,83036,Hemoglobin A1c,$45
CLM873,99214,Detailed office visit,$140
CLM873,36415,Blood draw,$27
CLM874,84443,TSH test,$63
CLM874,36415,Blood draw,$34
CLM875,99213,Office/outpatient visit,$110
CLM875,36415,Blood draw,$33
CLM875,99214,Detailed office visit,$152
CLM876,36415,Blood draw,$28
CLM877,99213,Office/outpatient visit,$112
CLM878,36415,Blood draw,$31
CLM879,71020,Chest X-ray,$103
CLM880,36415,Blood draw,$34
CLM881,80061,Lipid panel,$53
CLM881,36415,Blood draw,$30
CLM882,85025,Complete blood count,$48
CLM882,80061,Lipid panel,$50
CLM883,36415,Blood draw,$34
CLM883,83036,Hemoglobin A1c,$38
CLM884,71020,Chest X-ray,$104
CLM885,90707,MMR vaccine,$83
CLM886,99215,Comprehensive office visit,$240
CLM887,90834,Psychotherapy 45 minutes,$161
CLM888,99214,Detailed office visit,$133
CLM889,93000,EKG/ECG with interpretation,$161
CLM890,85025,Complete blood count,$41
CLM891,87070,Bacteria culture,$92
CLM892,83036,Hemoglobin A1c,$45
CLM893,36415,Blood draw,$31
CLM894,36415,Blood draw,$35
CLM895,90791,Psychiatric diagnostic evaluation,$261
CLM895,90837,Psychotherapy 60 minutes,$163
CLM896,99214,Detailed office visit,$141
CLM897,80053,Comprehensive metabolic panel,$59
CLM897,83036,Hemoglobin A1c,$42
CLM898,96413,Chemotherapy infusion first hour,$1071
CLM899,99214,Detailed office visit,$148
CLM900,80061,Lipid panel,$51
CLM900,99214,Detailed office visit,$129
CLM901,99214,Detailed office visit,$138
CLM902,99214,Detailed office visit,$117
CLM902,93000,EKG/ECG with interpretation,$137
CLM903,93000,EKG/ECG with interpretation,$154
CLM903,99214,Detailed office visit,$148
CLM904,85025,Complete blood count,$44
CLM905,11102,Skin biopsy,$187
CLM905,17000,Destruction of skin lesion,$121
CLM906,93000,EKG/ECG with interpretation,$174
CLM907,99214,Detailed office visit,$147
CLM907,93306,Echocardiogram complete,$1254
CLM908,85025,Complete blood count,$48
CLM909,99213,Office/outpatient visit,$110
CLM909,36415,Blood draw,$33
CLM910,71020,Chest X-ray,$118
CLM910,85025,Complete blood count,$49
CLM911,85025,Complete blood count,$44
CLM911,87070,Bacteria culture,$80
CLM912,99213,Office/outpatient visit,$119
CLM912,20610,Major joint injection,$289
CLM912,73721,MRI knee,$1594
CLM913,99285,ED visit high severity,$1353
CLM914,71020,Chest X-ray,$128
CLM914,94010,Spirometry,$92
CLM915,87070,Bacteria culture,$73
CLM916,36415,Blood draw,$28
CLM917,94010,Spirometry,$103
CLM918,99214,Detailed office visit,$142
CLM919,99214,Detailed office visit,$147
CLM920,99214,Detailed office visit,$142
CLM920,93015,Cardiac stress test,$774
CLM921,99214,Detailed office visit,$126
CLM921,90791,Psychiatric diagnostic evaluation,$241
CLM922,99392,Preventive visit age 1-4,$172
CLM923,90834,Psychotherapy 45 minutes,$155
CLM923,90837,Psychotherapy 60 minutes,$170
CLM924,83036,Hemoglobin A1c,$40
CLM925,85025,Complete blood count,$47
CLM925,99215,Comprehensive office visit,$223
CLM926,99214,Detailed office visit,$150
CLM927,71020,Chest X-ray,$108
CLM927,36415,Blood draw,$30
CLM928,88175,Pap smear cytology,$65
CLM929,77385,IMRT radiation treatment,$2286
CLM930,93000,EKG/ECG with interpretation,$145
CLM930,93458,Cardiac catheterization,$4590
CLM931,87070,Bacteria culture,$81
CLM931,99213,Office/outpatient visit,$120
CLM932,85025,Complete blood count,$45
CLM933,94010,Spirometry,$94
CLM934,73030,Shoulder X-ray,$129
CLM935,99215,Comprehensive office visit,$241
CLM936,99214,Detailed office visit,$147
CLM936,90837,Psychotherapy 60 minutes,$185
CLM937,83036,Hemoglobin A1c,$40
CLM938,99213,Office/outpatient visit,$134
CLM939,88175,Pap smear cytology,$65
CLM939,99214,Detailed office visit,$138
CLM940,87070,Bacteria culture,$84
CLM941,93458,Cardiac catheterization,$4304
CLM942,71020,Chest X-ray,$116
CLM943,76805,Obstetric ultrasound,$395
CLM944,83036,Hemoglobin A1c,$42
CLM945,80061,Lipid panel,$55
CLM945,71020,Chest X-ray,$119
CLM946,99214,Detailed office visit,$147
CLM946,88175,Pap smear cytology,$73
CLM946,59400,Routine obstetric care,$3691
CLM947,99214,Detailed office visit,$118
CLM948,36415,Blood draw,$29
CLM949,99213,Office/outpatient visit,$123
CLM949,73721,MRI knee,$1489
CLM950,85025,Complete blood count,$43
CLM950,36415,Blood draw,$28
CLM951,90707,MMR vaccine,$83
CLM952,93306,Echocardiogram complete,$1354
CLM953,94640,Nebulizer treatment,$47
CLM954,87070,Bacteria culture,$94
CLM954,36415,Blood draw,$31
CLM954,85025,Complete blood count,$41
CLM955,99283,ED visit moderate severity,$469
CLM956,93000,EKG/ECG with interpretation,$144
CLM957,80053,Comprehensive metabolic panel,$70
CLM957,93000,EKG/ECG with interpretation,$151
CLM958,93000,EKG/ECG with interpretation,$147
CLM958,71020,Chest X-ray,$114
CLM959,90791,Psychiatric diagnostic evaluation,$278
CLM960,73030,Shoulder X-ray,$123
CLM961,90460,Immunization administration,$38
CLM961,90707,MMR vaccine,$94
CLM962,17000,Destruction of skin lesion,$128
CLM963,99214,Detailed office visit,$143
CLM963,83036,Hemoglobin A1c,$39
CLM964,70450,CT head without contrast,$829
CLM965,80053,Comprehensive metabolic panel,$55
CLM966,36415,Blood draw,$35
CLM967,71020,Chest X-ray,$100
CLM967,80061,Lipid panel,$55
CLM967,99214,Detailed office visit,$153
CLM968,99214,Detailed office visit,$153
CLM969,36415,Blood draw,$28
CLM969,80061,Lipid panel,$56
CLM969,71020,Chest X-ray,$125
CLM970,93000,EKG/ECG with interpretation,$160
CLM971,94640,Nebulizer treatment,$50
CLM972,85025,Complete blood count,$43
CLM973,94640,Nebulizer treatment,$49
CLM974,71020,Chest X-ray,$100
CLM975,90834,Psychotherapy 45 minutes,$158
CLM976,87880,Rapid strep test,$39
CLM977,80050,General health panel,$321
CLM978,36415,Blood draw,$30
CLM978,80061,Lipid panel,$52
CLM979,71020,Chest X-ray,$108
CLM980,11102,Skin biopsy,$201
CLM981,90837,Psychotherapy 60 minutes,$167
CLM981,99214,Detailed office visit,$127
CLM982,93306,Echocardiogram complete,$1186
CLM983,85025,Complete blood count,$42
CLM983,99213,Office/outpatient visit,$130
CLM984,84443,TSH test,$53
CLM984,36415,Blood draw,$35
CLM984,82947,Glucose test,$23
CLM985,90837,Psychotherapy 60 minutes,$182
CLM985,99214,Detailed office visit,$144
CLM985,90791,Psychiatric diagnostic evaluation,$273
CLM986,99213,Office/outpatient visit,$124
CLM987,99214,Detailed office visit,$142
CLM987,93000,EKG/ECG with interpretation,$151
CLM987,36415,Blood draw,$29
CLM988,80061,Lipid panel,$62
CLM989,99213,Office/outpatient visit,$122
CLM990,36415,Blood draw,$32
CLM991,85025,Complete blood count,$49
CLM992,84443,TSH test,$63
CLM993,99215,Comprehensive office visit,$226
CLM993,80053,Comprehensive metabolic panel,$62
CLM994,99214,Detailed office visit,$151
CLM995,85025,Complete blood count,$46
CLM995,77385,IMRT radiation treatment,$2185
CLM996,80061,Lipid panel,$60
CLM997,36415,Blood draw,$30
CLM998,90707,MMR vaccine,$96
CLM999,80050,General health panel,$295
CLM999,87070,Bacteria culture,$87
CLM1000,36415,Blood draw,$28
CLM1001,99214,Detailed office visit,$150
CLM1001,36415,Blood draw,$33
CLM1002,20610,Major joint injection,$270
CLM1002,29881,Knee arthroscopy,$5268
CLM1003,99214,Detailed office visit,$141
CLM1004,80053,Comprehensive metabolic panel,$66
CLM1005,83036,Hemoglobin A1c,$41
CLM1005,80053,Comprehensive metabolic panel,$70
CLM1006,99392,Preventive visit age 1-4,$210
CLM1007,94640,Nebulizer treatment,$56
CLM1008,90460,Immunization administration,$39
CLM1009,36415,Blood draw,$31
CLM1009,71020,Chest X-ray,$111
CLM1010,36415,Blood draw,$30
CLM1010,93000,EKG/ECG with interpretation,$140
CLM1011,99213,Office/outpatient visit,$122
CLM1012,99215,Comprehensive office visit,$221
CLM1013,82947,Glucose test,$25
CLM1013,99214,Detailed office visit,$120
CLM1013,36415,Blood draw,$33
CLM1014,36415,Blood draw,$33
CLM1014,83036,Hemoglobin A1c,$38
CLM1014,80050,General health panel,$272
CLM1015,99283,ED visit moderate severity,$450
CLM1015,93000,EKG/ECG with interpretation,$170
CLM1015,71020,Chest X-ray,$110
CLM1016,90834,Psychotherapy 45 minutes,$132
CLM1016,99214,Detailed office visit,$134
CLM1016,90837,Psychotherapy 60 minutes,$171
CLM1017,36415,Blood draw,$29
CLM1018,99213,Office/outpatient visit,$126
CLM1018,73721,MRI knee,$1436
CLM1018,20610,Major joint injection,$294
CLM1019,99392,Preventive visit age 1-4,$178
CLM1020,11102,Skin biopsy,$208
CLM1021,71020,Chest X-ray,$108
CLM1022,82947,Glucose test,$28
CLM1023,93306,Echocardiogram complete,$1135
CLM1023,93000,EKG/ECG with interpretation,$161
CLM1024,93000,EKG/ECG with interpretation,$174
CLM1025,36415,Blood draw,$30
CLM1026,80050,General health panel,$305
CLM1027,80061,Lipid panel,$59
CLM1028,94640,Nebulizer treatment,$50
CLM1029,96910,Phototherapy treatment,$182
CLM1030,99392,Preventive visit age 1-4,$211
CLM1031,90707,MMR vaccine,$97
CLM1031,87880,Rapid strep test,$39
CLM1032,93000,EKG/ECG with interpretation,$171
CLM1033,71020,Chest X-ray,$120
CLM1033,99285,ED visit high severity,$1085
CLM1034,87070,Bacteria culture,$90
CLM1035,90707,MMR vaccine,$93
CLM1036,87880,Rapid strep test,$34
CLM1036,90460,Immunization administration,$40
CLM1037,99215,Comprehensive office visit,$236
CLM1038,73030,Shoulder X-ray,$113
CLM1038,20610,Major joint injection,$256
CLM1039,71020,Chest X-ray,$108
CLM1039,85025,Complete blood count,$53
CLM1039,36415,Blood draw,$31
CLM1040,99213,Office/outpatient visit,$128
CLM1040,73030,Shoulder X-ray,$128
CLM1041,36415,Blood draw,$28
CLM1041,80061,Lipid panel,$63
CLM1041,99214,Detailed office visit,$137
CLM1042,36415,Blood draw,$35
CLM1042,71020,Chest X-ray,$124
CLM1043,73030,Shoulder X-ray,$139
CLM1044,96415,Chemotherapy infusion additional hour,$339
CLM1045,82947,Glucose test,$25
CLM1046,99214,Detailed office visit,$151
CLM1046,99215,Comprehensive office visit,$205
CLM1046,80053,Comprehensive metabolic panel,$65
CLM1047,87880,Rapid strep test,$38
CLM1048,17000,Destruction of skin lesion,$139
CLM1048,96910,Phototherapy treatment,$171
CLM1049,20610,Major joint injection,$287
CLM1049,99213,Office/outpatient visit,$115
CLM1050,80053,Comprehensive metabolic panel,$67
CLM1050,83036,Hemoglobin A1c,$41
CLM1050,99214,Detailed office visit,$149
CLM1051,80053,Comprehensive metabolic panel,$58
CLM1052,87880,Rapid strep test,$37
CLM1052,90707,MMR vaccine,$84
CLM1053,85025,Complete blood count,$46
CLM1054,87880,Rapid strep test,$32
CLM1055,99214,Detailed office visit,$141
CLM1055,93000,EKG/ECG with interpretation,$151
CLM1055,93306,Echocardiogram complete,$1400
CLM1056,99213,Office/outpatient visit,$116
CLM1056,85025,Complete blood count,$48
CLM1056,80061,Lipid panel,$60
CLM1057,36415,Blood draw,$32
CLM1058,93015,Cardiac stress test,$838
CLM1058,99214,Detailed office visit,$131
CLM1059,71020,Chest X-ray,$120
CLM1060,99213,Office/outpatient visit,$111
CLM1060,17000,Destruction of skin lesion,$127
CLM1061,36415,Blood draw,$27
CLM1062,87070,Bacteria culture,$74
CLM1063,80053,Comprehensive metabolic panel,$67
CLM1064,80053,Comprehensive metabolic panel,$66
CLM1065,36415,Blood draw,$32
CLM1066,99215,Comprehensive office visit,$230
CLM1066,96415,Chemotherapy infusion additional hour,$340
CLM1067,85025,Complete blood count,$42
CLM1067,99214,Detailed office visit,$139
CLM1068,94640,Nebulizer treatment,$48
CLM1068,71020,Chest X-ray,$107
CLM1069,93306,Echocardiogram complete,$1414
CLM1069,99214,Detailed office visit,$118
CLM1070,82947,Glucose test,$27
CLM1070,84443,TSH test,$59
CLM1071,36415,Blood draw,$30
CLM1071,84443,TSH test,$56
CLM1072,87070,Bacteria culture,$82
CLM1073,99214,Detailed office visit,$118
CLM1074,90837,Psychotherapy 60 minutes,$178
CLM1075,17000,Destruction of skin lesion,$121
CLM1076,99215,Comprehensive office visit,$246
CLM1076,85025,Complete blood count,$53
CLM1077,99213,Office/outpatient visit,$108
CLM1078,99214,Detailed office visit,$128
CLM1079,99213,Office/outpatient visit,$128
CLM1079,87880,Rapid strep test,$33
CLM1080,71020,Chest X-ray,$129
CLM1081,85025,Complete blood count,$46
CLM1082,80050,General health panel,$292
CLM1082,83036,Hemoglobin A1c,$41
CLM1083,36415,Blood draw,$32
CLM1084,36415,Blood draw,$29
CLM1084,83036,Hemoglobin A1c,$37
CLM1085,99214,Detailed office visit,$135
CLM1086,99213,Office/outpatient visit,$128
CLM1087,80053,Comprehensive metabolic panel,$67
CLM1087,36415,Blood draw,$35
CLM1087,83036,Hemoglobin A1c,$43
CLM1088,80053,Comprehensive metabolic panel,$62
CLM1089,99214,Detailed office visit,$128
CLM1090,90707,MMR vaccine,$100
CLM1090,90460,Immunization administration,$39
CLM1091,87070,Bacteria culture,$84
CLM1092,85025,Complete blood count,$50
CLM1093,36415,Blood draw,$35
CLM1093,99214,Detailed office visit,$120
CLM1093,80050,General health panel,$305
CLM1094,83036,Hemoglobin A1c,$44
CLM1095,88175,Pap smear cytology,$74
CLM1095,99214,Detailed office visit,$128
CLM1096,99215,Comprehensive office visit,$205
CLM1097,96910,Phototherapy treatment,$184
CLM1098,80061,Lipid panel,$55
CLM1099,90791,Psychiatric diagnostic evaluation,$280
CLM1099,90834,Psychotherapy 45 minutes,$136
CLM1099,99214,Detailed office visit,$129
CLM1100,99213,Office/outpatient visit,$111
CLM1101,99214,Detailed office visit,$134
CLM1102,71020,Chest X-ray,$114
CLM1103,36415,Blood draw,$31
CLM1103,83036,Hemoglobin A1c,$43
CLM1103,99214,Detailed office visit,$147
CLM1104,83036,Hemoglobin A1c,$41
CLM1105,93000,EKG/ECG with interpretation,$173
CLM1106,36415,Blood draw,$34
CLM1107,17000,Destruction of skin lesion,$127
CLM1107,99213,Office/outpatient visit,$140
CLM1107,11102,Skin biopsy,$174
CLM1108,93000,EKG/ECG with interpretation,$165
CLM1109,85025,Complete blood count,$51
CLM1109,77385,IMRT radiation treatment,$2354
CLM1109,96415,Chemotherapy infusion additional hour,$326
CLM1110,71020,Chest X-ray,$122
CLM1110,87070,Bacteria culture,$94
CLM1111,85025,Complete blood count,$51
CLM1112,96415,Chemotherapy infusion additional hour,$402
CLM1113,71020,Chest X-ray,$106
CLM1114,85025,Complete blood count,$46
CLM1115,87070,Bacteria culture,$85
CLM1116,71020,Chest X-ray,$104
CLM1116,94010,Spirometry,$87
CLM1116,95810,Sleep study,$1553
CLM1117,90837,Psychotherapy 60 minutes,$203
CLM1118,88175,Pap smear cytology,$65
CLM1119,83036,Hemoglobin A1c,$38
CLM1119,99214,Detailed office visit,$144
CLM1120,73030,Shoulder X-ray,$128
CLM1120,99213,Office/outpatient visit,$114
CLM1121,99214,Detailed office visit,$131
CLM1121,93000,EKG/ECG with interpretation,$143
CLM1122,80061,Lipid panel,$51
CLM1123,96910,Phototherapy treatment,$186
CLM1123,11102,Skin biopsy,$199
CLM1124,36415,Blood draw,$35
CLM1124,87070,Bacteria culture,$85
CLM1125,99213,Office/outpatient visit,$116
CLM1126,99214,Detailed office visit,$146
CLM1127,99215,Comprehensive office visit,$199
CLM1128,73030,Shoulder X-ray,$130
CLM1129,99213,Office/outpatient visit,$111
CLM1130,36415,Blood draw,$31
CLM1131,84443,TSH test,$52
CLM1131,36415,Blood draw,$27
CLM1132,80050,General health panel,$335
CLM1132,36415,Blood draw,$33
CLM1132,83036,Hemoglobin A1c,$44
CLM1133,36415,Blood draw,$32
CLM1133,80061,Lipid panel,$62
CLM1134,93000,EKG/ECG with interpretation,$140
CLM1134,99214,Detailed office visit,$132
CLM1135,94640,Nebulizer treatment,$49
CLM1136,99214,Detailed office visit,$140
CLM1136,90834,Psychotherapy 45 minutes,$129
CLM1137,80061,Lipid panel,$56
CLM1138,99214,Detailed office visit,$123
CLM1138,93000,EKG/ECG with interpretation,$168
CLM1139,93000,EKG/ECG with interpretation,$163
CLM1140,90460,Immunization administration,$36
CLM1140,87880,Rapid strep test,$41
CLM1141,36415,Blood draw,$28
CLM1142,99283,ED visit moderate severity,$443
CLM1143,99213,Office/outpatient visit,$119
CLM1144,99214,Detailed office visit,$127
CLM1145,83036,Hemoglobin A1c,$41
CLM1146,83036,Hemoglobin A1c,$38
CLM1147,99214,Detailed office visit,$126
CLM1147,93000,EKG/ECG with interpretation,$139
CLM1148,99214,Detailed office visit,$150
CLM1149,80050,General health panel,$318
CLM1149,36415,Blood draw,$29
CLM1149,83036,Hemoglobin A1c,$36
CLM1150,71020,Chest X-ray,$102
CLM1150,93000,EKG/ECG with interpretation,$150
CLM1151,83036,Hemoglobin A1c,$43
CLM1151,99214,Detailed office visit,$127
CLM1151,80053,Comprehensive metabolic panel,$56
CLM1152,36415,Blood draw,$28
CLM1152,83036,Hemoglobin A1c,$38
CLM1153,99214,Detailed office visit,$129
CLM1154,71020,Chest X-ray,$126
CLM1155,99214,Detailed office visit,$119
CLM1155,90837,Psychotherapy 60 minutes,$198
CLM1155,90834,Psychotherapy 45 minutes,$143
CLM1156,80053,Comprehensive metabolic panel,$62
CLM1157,99213,Office/outpatient visit,$121
CLM1157,36415,Blood draw,$28
CLM1158,93000,EKG/ECG with interpretation,$159
CLM1159,99215,Comprehensive office visit,$222
CLM1160,99213,Office/outpatient visit,$133
CLM1161,80061,Lipid panel,$63
CLM1161,99214,Detailed office visit,$151
CLM1162,93000,EKG/ECG with interpretation,$173
CLM1163,80050,General health panel,$273
CLM1164,99215,Comprehensive office visit,$246
CLM1164,85025,Complete blood count,$52
CLM1164,77385,IMRT radiation treatment,$2234
CLM1165,36415,Blood draw,$33
CLM1166,99214,Detailed office visit,$151
CLM1167,88175,Pap smear cytology,$68
CLM1168,83036,Hemoglobin A1c,$45
CLM1168,80050,General health panel,$272
CLM1169,80061,Lipid panel,$54
CLM1170,85025,Complete blood count,$45
CLM1171,88175,Pap smear cytology,$67
CLM1172,93000,EKG/ECG with interpretation,$140
CLM1173,20610,Major joint injection,$254
CLM1173,73721,MRI knee,$1749
CLM1173,73030,Shoulder X-ray,$140
CLM1174,80050,General health panel,$297
CLM1175,80061,Lipid panel,$52
CLM1176,99215,Comprehensive office visit,$198
CLM1176,85025,Complete blood count,$47
CLM1177,93000,EKG/ECG with interpretation,$143
CLM1178,93306,Echocardiogram complete,$1090
CLM1178,93000,EKG/ECG with interpretation,$144
CLM1179,17000,Destruction of skin lesion,$122
CLM1179,96910,Phototherapy treatment,$168
CLM1180,93000,EKG/ECG with interpretation,$143
CLM1180,71020,Chest X-ray,$129
CLM1180,99285,ED visit high severity,$1154
CLM1181,94010,Spirometry,$83
CLM1181,99214,Detailed office visit,$136
CLM1182,36415,Blood draw,$29
CLM1182,80050,General health panel,$279
CLM1183,94640,Nebulizer treatment,$46
CLM1184,36415,Blood draw,$33
CLM1185,80061,Lipid panel,$58
CLM1186,71020,Chest X-ray,$100
CLM1186,85025,Complete blood count,$44
CLM1187,99213,Office/outpatient visit,$117
CLM1188,83036,Hemoglobin A1c,$41
CLM1188,36415,Blood draw,$28
CLM1189,90834,Psychotherapy 45 minutes,$128
CLM1189,90791,Psychiatric diagnostic evaluation,$255
CLM1190,83036,Hemoglobin A1c,$39
CLM1190,80053,Comprehensive metabolic panel,$55
CLM1190,99214,Detailed office visit,$120
CLM1191,90791,Psychiatric diagnostic evaluation,$271
CLM1192,99392,Preventive visit age 1-4,$187
CLM1193,99214,Detailed office visit,$149
CLM1193,99213,Office/outpatient visit,$113
CLM1194,71020,Chest X-ray,$103
CLM1194,70450,CT head without contrast,$876
CLM1194,99285,ED visit high severity,$1095
CLM1195,36415,Blood draw,$30
CLM1196,85025,Complete blood count,$52
CLM1196,80050,General health panel,$307
CLM1197,99214,Detailed office visit,$124
CLM1197,93000,EKG/ECG with interpretation,$155
CLM1198,36415,Blood draw,$29
CLM1199,80061,Lipid panel,$57
CLM1199,71020,Chest X-ray,$127
CLM1200,99214,Detailed office visit,$142
CLM1201,87070,Bacteria culture,$77
CLM1201,80050,General health panel,$295
CLM1202,85025,Complete blood count,$49
CLM1203,99213,Office/outpatient visit,$141
CLM1203,20610,Major joint injection,$254
CLM1204,85025,Complete blood count,$52
CLM1205,20610,Major joint injection,$238
CLM1206,36415,Blood draw,$27
CLM1207,85025,Complete blood count,$52
CLM1208,99214,Detailed office visit,$125
CLM1209,93000,EKG/ECG with interpretation,$172
CLM1210,96413,Chemotherapy infusion first hour,$1253
CLM1211,99213,Office/outpatient visit,$116
CLM1212,93000,EKG/ECG with interpretation,$157
CLM1213,71020,Chest X-ray,$108
CLM1213,99214,Detailed office visit,$124
CLM1213,80061,Lipid panel,$58
CLM1214,99213,Office/outpatient visit,$112
CLM1215,99214,Detailed office visit,$121
CLM1215,93000,EKG/ECG with interpretation,$153
CLM1216,93000,EKG/ECG with interpretation,$162
CLM1216,93458,Cardiac catheterization,$5001
CLM1217,96910,Phototherapy treatment,$179
CLM1218,85025,Complete blood count,$51
CLM1219,90837,Psychotherapy 60 minutes,$163
CLM1219,90834,Psychotherapy 45 minutes,$141
CLM1220,88175,Pap smear cytology,$69
CLM1220,59400,Routine obstetric care,$4108
CLM1221,85025,Complete blood count,$53
CLM1221,71020,Chest X-ray,$125
CLM1222,93015,Cardiac stress test,$806
CLM1223,17000,Destruction of skin lesion,$127
CLM1224,36415,Blood draw,$31
CLM1224,80050,General health panel,$302
CLM1225,99214,Detailed office visit,$135
CLM1226,99213,Office/outpatient visit,$125
CLM1226,36415,Blood draw,$27
CLM1226,71020,Chest X-ray,$112
CLM1227,82947,Glucose test,$25
CLM1227,36415,Blood draw,$30
CLM1228,73030,Shoulder X-ray,$109
CLM1228,29881,Knee arthroscopy,$5832
CLM1229,99213,Office/outpatient visit,$108
CLM1230,80053,Comprehensive metabolic panel,$56
CLM1230,99215,Comprehensive office visit,$216
CLM1230,83036,Hemoglobin A1c,$39
CLM1231,93000,EKG/ECG with interpretation,$170
CLM1232,36415,Blood draw,$31
CLM1233,36415,Blood draw,$34
CLM1233,87070,Bacteria culture,$74
CLM1234,90460,Immunization administration,$46
CLM1235,85025,Complete blood count,$47
CLM1236,99392,Preventive visit age 1-4,$170
CLM1237,80061,Lipid panel,$52
CLM1237,85025,Complete blood count,$46
CLM1238,99213,Office/outpatient visit,$123
CLM1239,36415,Blood draw,$33
CLM1240,83036,Hemoglobin A1c,$39
CLM1241,88175,Pap smear cytology,$80
CLM1242,80061,Lipid panel,$64
CLM1243,96415,Chemotherapy infusion additional hour,$356
CLM1244,99392,Preventive visit age 1-4,$198
CLM1245,71020,Chest X-ray,$122
CLM1246,99214,Detailed office visit,$119
CLM1246,36415,Blood draw,$32
CLM1246,80061,Lipid panel,$55
CLM1247,71020,Chest X-ray,$117
CLM1247,36415,Blood draw,$32
CLM1247,99214,Detailed office visit,$143
CLM1248,70450,CT head without contrast,$1019
CLM1249,85025,Complete blood count,$43
CLM1250,80061,Lipid panel,$56
CLM1250,71020,Chest X-ray,$127
CLM1251,93000,EKG/ECG with interpretation,$169
CLM1252,85025,Complete blood count,$41
CLM1252,99214,Detailed office visit,$126
CLM1253,99215,Comprehensive office visit,$202
CLM1254,36415,Blood draw,$34
CLM1254,83036,Hemoglobin A1c,$47
CLM1254,82947,Glucose test,$27
CLM1255,96413,Chemotherapy infusion first hour,$1167
CLM1256,99214,Detailed office visit,$118
CLM1256,93000,EKG/ECG with interpretation,$175
CLM1257,80053,Comprehensive metabolic panel,$67
CLM1258,71020,Chest X-ray,$126
CLM1259,99213,Office/outpatient visit,$111
CLM1259,71020,Chest X-ray,$100
CLM1260,99392,Preventive visit age 1-4,$190
CLM1261,93015,Cardiac stress test,$890
CLM1262,71020,Chest X-ray,$104
CLM1262,93000,EKG/ECG with interpretation,$164
CLM1263,82947,Glucose test,$23
CLM1264,80061,Lipid panel,$63
CLM1265,36415,Blood draw,$29
CLM1265,80061,Lipid panel,$58
CLM1266,85025,Complete blood count,$49
CLM1267,71020,Chest X-ray,$129
CLM1268,99214,Detailed office visit,$136
CLM1268,90837,Psychotherapy 60 minutes,$164
CLM1269,36415,Blood draw,$30
CLM1269,80061,Lipid panel,$56
CLM1270,71020,Chest X-ray,$113
CLM1270,36415,Blood draw,$34
CLM1271,80053,Comprehensive metabolic panel,$67
CLM1272,99214,Detailed office visit,$124
CLM1272,71020,Chest X-ray,$110
CLM1273,99283,ED visit moderate severity,$497
CLM1273,71020,Chest X-ray,$102
CLM1274,76805,Obstetric ultrasound,$374
CLM1275,99214,Detailed office visit,$140
CLM1276,90834,Psychotherapy 45 minutes,$141
CLM1277,90837,Psychotherapy 60 minutes,$191
CLM1278,99214,Detailed office visit,$124
CLM1278,76805,Obstetric ultrasound,$447
CLM1279,85025,Complete blood count,$51
CLM1279,99215,Comprehensive office visit,$243
CLM1280,80061,Lipid panel,$51
CLM1281,73030,Shoulder X-ray,$110
CLM1281,99213,Office/outpatient visit,$110
CLM1282,99213,Office/outpatient visit,$129
CLM1283,99214,Detailed office visit,$125
CLM1284,93015,Cardiac stress test,$788
CLM1285,96910,Phototherapy treatment,$158
CLM1286,99214,Detailed office visit,$129
CLM1287,17000,Destruction of skin lesion,$110
CLM1288,84443,TSH test,$60
CLM1289,87880,Rapid strep test,$32
CLM1290,71020,Chest X-ray,$99
CLM1291,99214,Detailed office visit,$139
CLM1292,90707,MMR vaccine,$88
CLM1293,36415,Blood draw,$28
CLM1294,73030,Shoulder X-ray,$121
CLM1294,20610,Major joint injection,$271
CLM1295,99214,Detailed office visit,$130
CLM1295,83036,Hemoglobin A1c,$43
CLM1296,83036,Hemoglobin A1c,$46
CLM1297,36415,Blood draw,$27
CLM1298,85025,Complete blood count,$50
CLM1298,99213,Office/outpatient visit,$127
CLM1299,80053,Comprehensive metabolic panel,$57
CLM1300,80061,Lipid panel,$52
CLM1300,36415,Blood draw,$28
CLM1301,71020,Chest X-ray,$128
CLM1301,94010,Spirometry,$92
CLM1302,93000,EKG/ECG with interpretation,$146
CLM1303,99214,Detailed office visit,$139
CLM1304,36415,Blood draw,$29
CLM1305,99213,Office/outpatient visit,$128
CLM1306,83036,Hemoglobin A1c,$42
CLM1306,82947,Glucose test,$24
CLM1307,94010,Spirometry,$102
CLM1307,99214,Detailed office visit,$150
CLM1307,71020,Chest X-ray,$126
CLM1308,93000,EKG/ECG with interpretation,$175
CLM1309,71020,Chest X-ray,$119
CLM1309,93000,EKG/ECG with interpretation,$161
CLM1309,99283,ED visit moderate severity,$451
CLM1310,99213,Office/outpatient visit,$138
CLM1311,99214,Detailed office visit,$145
CLM1312,85025,Complete blood count,$45
CLM1313,99214,Detailed office visit,$119
CLM1314,80050,General health panel,$325
CLM1314,93000,EKG/ECG with interpretation,$165
CLM1315,85025,Complete blood count,$45
CLM1315,96413,Chemotherapy infusion first hour,$1052
CLM1316,99213,Office/outpatient visit,$127
CLM1317,99215,Comprehensive office visit,$197
CLM1317,80050,General health panel,$320
CLM1317,80053,Comprehensive metabolic panel,$69
CLM1318,93000,EKG/ECG with interpretation,$140
CLM1319,99214,Detailed office visit,$150
CLM1320,80061,Lipid panel,$53
CLM1321,93000,EKG/ECG with interpretation,$161
CLM1322,73030,Shoulder X-ray,$137
CLM1323,99213,Office/outpatient visit,$123
CLM1324,90834,Psychotherapy 45 minutes,$153
CLM1325,87880,Rapid strep test,$35
CLM1325,90460,Immunization administration,$45
CLM1325,90707,MMR vaccine,$96
CLM1326,99214,Detailed office visit,$132
CLM1326,93000,EKG/ECG with interpretation,$149
CLM1327,71020,Chest X-ray,$104
CLM1327,93000,EKG/ECG with interpretation,$166
CLM1328,99213,Office/outpatient visit,$109
CLM1328,20610,Major joint injection,$241
CLM1329,99213,Office/outpatient visit,$110
CLM1329,73030,Shoulder X-ray,$116
CLM1330,71020,Chest X-ray,$115
CLM1330,99285,ED visit high severity,$1387
CLM1331,70450,CT head without contrast,$907
CLM1332,99215,Comprehensive office visit,$213
CLM1333,99214,Detailed office visit,$133
CLM1334,99392,Preventive visit age 1-4,$186
CLM1335,93306,Echocardiogram complete,$1237
CLM1336,99214,Detailed office visit,$128
CLM1337,36415,Blood draw,$32
CLM1338,71020,Chest X-ray,$110
CLM1339,99215,Comprehensive office visit,$228
CLM1340,71020,Chest X-ray,$106
CLM1341,87880,Rapid strep test,$41
CLM1342,99214,Detailed office visit,$145
CLM1342,93015,Cardiac stress test,$773
CLM1342,93000,EKG/ECG with interpretation,$167
CLM1343,99213,Office/outpatient visit,$120
CLM1344,93015,Cardiac stress test,$938
CLM1345,90791,Psychiatric diagnostic evaluation,$248
CLM1346,71020,Chest X-ray,$120
CLM1346,99214,Detailed office visit,$122
CLM1347,87880,Rapid strep test,$38
CLM1347,90707,MMR vaccine,$101
CLM1347,99392,Preventive visit age 1-4,$190
CLM1348,93000,EKG/ECG with interpretation,$158
CLM1349,73030,Shoulder X-ray,$122
CLM1350,59400,Routine obstetric care,$3437
CLM1350,99214,Detailed office visit,$136
CLM1350,88175,Pap smear cytology,$73
CLM1351,93000,EKG/ECG with interpretation,$157
CLM1352,73030,Shoulder X-ray,$126
CLM1353,73030,Shoulder X-ray,$114
CLM1354,99214,Detailed office visit,$147
CLM1354,99213,Office/outpatient visit,$137
CLM1354,80061,Lipid panel,$56
CLM1355,36415,Blood draw,$33
CLM1356,99214,Detailed office visit,$145
CLM1356,94640,Nebulizer treatment,$48
CLM1357,99214,Detailed office visit,$148
CLM1358,80053,Comprehensive metabolic panel,$56
CLM1358,93000,EKG/ECG with interpretation,$143
CLM1359,93015,Cardiac stress test,$977
CLM1360,93000,EKG/ECG with interpretation,$150
CLM1361,99213,Office/outpatient visit,$130
CLM1362,99214,Detailed office visit,$150
CLM1362,87070,Bacteria culture,$74
CLM1363,85025,Complete blood count,$51
CLM1364,99213,Office/outpatient visit,$116
CLM1365,71020,Chest X-ray,$116
CLM1366,99283,ED visit moderate severity,$526
CLM1367,80050,General health panel,$272
CLM1368,83036,Hemoglobin A1c,$38
CLM1368,93000,EKG/ECG with interpretation,$172
CLM1368,36415,Blood draw,$32
CLM1369,93000,EKG/ECG with interpretation,$177
CLM1370,73030,Shoulder X-ray,$117
CLM1370,99213,Office/outpatient visit,$124
CLM1371,20610,Major joint injection,$255
CLM1371,73030,Shoulder X-ray,$115
CLM1371,99213,Office/outpatient visit,$114
CLM1372,90707,MMR vaccine,$93
CLM1373,99215,Comprehensive office visit,$191
CLM1373,99214,Detailed office visit,$133
CLM1374,82947,Glucose test,$23
CLM1374,36415,Blood draw,$29
CLM1375,85025,Complete blood count,$50
CLM1375,87070,Bacteria culture,$82
CLM1376,99214,Detailed office visit,$118
CLM1377,93000,EKG/ECG with interpretation,$147
CLM1378,36415,Blood draw,$33
CLM1379,71020,Chest X-ray,$120
CLM1380,99214,Detailed office visit,$120
CLM1381,93306,Echocardiogram complete,$1193
CLM1381,99214,Detailed office visit,$135
CLM1382,36415,Blood draw,$33
CLM1383,94640,Nebulizer treatment,$56
CLM1383,71020,Chest X-ray,$122
CLM1384,73030,Shoulder X-ray,$120
CLM1385,36415,Blood draw,$34
CLM1385,84443,TSH test,$64
CLM1386,85025,Complete blood count,$50
CLM1387,36415,Blood draw,$32
CLM1387,85025,Complete blood count,$47
CLM1387,80050,General health panel,$309
CLM1388,73030,Shoulder X-ray,$138
CLM1389,36415,Blood draw,$28
CLM1389,83036,Hemoglobin A1c,$40
CLM1390,99214,Detailed office visit,$140
CLM1391,36415,Blood draw,$33
CLM1392,99214,Detailed office visit,$131
CLM1393,99214,Detailed office visit,$129
CLM1393,94640,Nebulizer treatment,$58
CLM1394,93015,Cardiac stress test,$810
CLM1395,85025,Complete blood count,$44
CLM1396,73721,MRI knee,$1591
CLM1396,20610,Major joint injection,$248
CLM1397,80061,Lipid panel,$50
CLM1397,85025,Complete blood count,$52
CLM1397,71020,Chest X-ray,$109
CLM1398,93000,EKG/ECG with interpretation,$139
CLM1399,36415,Blood draw,$33
CLM1400,83036,Hemoglobin A1c,$41
CLM1401,99213,Office/outpatient visit,$135
CLM1401,36415,Blood draw,$31
CLM1402,17000,Destruction of skin lesion,$124
CLM1402,11102,Skin biopsy,$164
CLM1402,99213,Office/outpatient visit,$136
CLM1403,99213,Office/outpatient visit,$128
CLM1403,99392,Preventive visit age 1-4,$175
CLM1403,90707,MMR vaccine,$89
CLM1404,93458,Cardiac catheterization,$4087
CLM1404,99214,Detailed office visit,$153
CLM1405,85025,Complete blood count,$50
CLM1406,80053,Comprehensive metabolic panel,$62
CLM1406,83036,Hemoglobin A1c,$41
CLM1407,99214,Detailed office visit,$124
CLM1407,84443,TSH test,$59
CLM1408,85025,Complete blood count,$45
CLM1409,73030,Shoulder X-ray,$113
CLM1409,20610,Major joint injection,$243
CLM1410,93000,EKG/ECG with interpretation,$159
CLM1411,36415,Blood draw,$27
CLM1412,99214,Detailed office visit,$122
CLM1412,88175,Pap smear cytology,$63
CLM1413,80061,Lipid panel,$53
CLM1413,85025,Complete blood count,$42
CLM1414,36415,Blood draw,$27
CLM1415,99214,Detailed office visit,$129
CLM1415,88175,Pap smear cytology,$74
CLM1416,96910,Phototherapy treatment,$158
CLM1417,99215,Comprehensive office visit,$237
CLM1417,96415,Chemotherapy infusion additional hour,$412
CLM1417,85025,Complete blood count,$45
CLM1418,71020,Chest X-ray,$110
CLM1418,99214,Detailed office visit,$127
CLM1419,90834,Psychotherapy 45 minutes,$137
CLM1420,80061,Lipid panel,$61
CLM1421,99285,ED visit high severity,$1287
CLM1421,71020,Chest X-ray,$120
CLM1422,99213,Office/outpatient visit,$129
CLM1422,87880,Rapid strep test,$36
CLM1423,80053,Comprehensive metabolic panel,$61
CLM1424,99214,Detailed office visit,$128
CLM1424,71020,Chest X-ray,$114
CLM1425,99214,Detailed office visit,$118
CLM1426,93000,EKG/ECG with interpretation,$142
CLM1427,71020,Chest X-ray,$122
CLM1427,94010,Spirometry,$95
CLM1428,99214,Detailed office visit,$135
CLM1428,80050,General health panel,$279
CLM1428,80053,Comprehensive metabolic panel,$62
CLM1429,90834,Psychotherapy 45 minutes,$134
CLM1430,83036,Hemoglobin A1c,$43
CLM1430,36415,Blood draw,$29
CLM1431,87880,Rapid strep test,$33
CLM1431,99213,Office/outpatient visit,$126
CLM1431,90707,MMR vaccine,$87
CLM1432,80053,Comprehensive metabolic panel,$65
CLM1432,83036,Hemoglobin A1c,$42
CLM1433,90791,Psychiatric diagnostic evaluation,$282
CLM1433,90834,Psychotherapy 45 minutes,$150
CLM1434,80061,Lipid panel,$52
CLM1434,87070,Bacteria culture,$80
CLM1435,36415,Blood draw,$32
CLM1436,36415,Blood draw,$28
CLM1436,84443,TSH test,$60
CLM1437,94010,Spirometry,$93
CLM1437,94640,Nebulizer treatment,$56
CLM1438,20610,Major joint injection,$294
CLM1439,88175,Pap smear cytology,$73
CLM1439,99214,Detailed office visit,$120
CLM1439,76805,Obstetric ultrasound,$361
CLM1440,90791,Psychiatric diagnostic evaluation,$228
CLM1441,90707,MMR vaccine,$98
CLM1441,87880,Rapid strep test,$41
CLM1441,99392,Preventive visit age 1-4,$208
CLM1442,20610,Major joint injection,$227
CLM1442,99213,Office/outpatient visit,$135
CLM1442,29881,Knee arthroscopy,$4819
CLM1443,85025,Complete blood count,$50
CLM1444,36415,Blood draw,$34
CLM1444,80061,Lipid panel,$62
CLM1445,71020,Chest X-ray,$122
CLM1446,96415,Chemotherapy infusion additional hour,$406
CLM1446,96413,Chemotherapy infusion first hour,$1250
CLM1446,85025,Complete blood count,$47
CLM1447,99214,Detailed office visit,$128
CLM1448,85025,Complete blood count,$44
CLM1448,99215,Comprehensive office visit,$212
CLM1449,99215,Comprehensive office visit,$234
CLM1449,96415,Chemotherapy infusion additional hour,$323
CLM1450,80061,Lipid panel,$59
CLM1451,96415,Chemotherapy infusion additional hour,$360
CLM1452,73030,Shoulder X-ray,$113
CLM1453,76805,Obstetric ultrasound,$392
CLM1454,99214,Detailed office visit,$135
CLM1455,99213,Office/outpatient visit,$134
CLM1455,20610,Major joint injection,$285
CLM1455,73030,Shoulder X-ray,$109
CLM1456,99214,Detailed office visit,$129
CLM1457,90791,Psychiatric diagnostic evaluation,$268
CLM1457,99214,Detailed office visit,$122
CLM1458,80061,Lipid panel,$58
CLM1458,87070,Bacteria culture,$86
CLM1459,93000,EKG/ECG with interpretation,$171
CLM1459,70450,CT head without contrast,$845
CLM1459,99283,ED visit moderate severity,$450
CLM1460,90834,Psychotherapy 45 minutes,$130
CLM1461,71020,Chest X-ray,$113
CLM1462,99213,Office/outpatient visit,$121
CLM1463,71020,Chest X-ray,$105
CLM1464,36415,Blood draw,$27
CLM1464,80061,Lipid panel,$60
CLM1464,71020,Chest X-ray,$128
CLM1465,85025,Complete blood count,$45
CLM1465,87070,Bacteria culture,$92
CLM1466,71020,Chest X-ray,$124
CLM1467,94640,Nebulizer treatment,$48
CLM1468,71020,Chest X-ray,$113
CLM1469,99214,Detailed office visit,$135
CLM1469,80053,Comprehensive metabolic panel,$57
CLM1470,80061,Lipid panel,$52
CLM1470,36415,Blood draw,$34
CLM1470,87070,Bacteria culture,$80
CLM1471,93306,Echocardiogram complete,$1387
CLM1472,99214,Detailed office visit,$128
CLM1472,99215,Comprehensive office visit,$199
CLM1473,99214,Detailed office visit,$148
CLM1473,94010,Spirometry,$97
CLM1473,71020,Chest X-ray,$101
CLM1474,99214,Detailed office visit,$151
CLM1475,83036,Hemoglobin A1c,$46
CLM1476,71020,Chest X-ray,$128
CLM1477,85025,Complete blood count,$41
CLM1478,36415,Blood draw,$30
CLM1479,76805,Obstetric ultrasound,$424
CLM1479,99214,Detailed office visit,$149
CLM1480,99214,Detailed office visit,$146
CLM1480,76805,Obstetric ultrasound,$455
CLM1481,99214,Detailed office visit,$148
CLM1482,85025,Complete blood count,$49
CLM1483,99213,Office/outpatient visit,$127
CLM1483,87070,Bacteria culture,$79
CLM1484,99213,Office/outpatient visit,$123
CLM1485,93015,Cardiac stress test,$909
CLM1485,93458,Cardiac catheterization,$4205
CLM1485,93306,Echocardiogram complete,$1215
CLM1486,93000,EKG/ECG with interpretation,$175
CLM1487,87070,Bacteria culture,$79
CLM1487,36415,Blood draw,$33
CLM1488,94640,Nebulizer treatment,$54
CLM1489,36415,Blood draw,$32
CLM1490,36415,Blood draw,$28
CLM1490,99214,Detailed office visit,$144
CLM1491,99215,Comprehensive office visit,$214
CLM1492,99215,Comprehensive office visit,$216
CLM1493,87070,Bacteria culture,$79
CLM1494,85025,Complete blood count,$42
CLM1495,71020,Chest X-ray,$114
CLM1495,99214,Detailed office visit,$121
CLM1496,70450,CT head without contrast,$923
CLM1496,71020,Chest X-ray,$125
CLM1497,99214,Detailed office visit,$139
CLM1498,99214,Detailed office visit,$141
CLM1499,36415,Blood draw,$35
CLM1499,83036,Hemoglobin A1c,$44
CLM1499,99215,Comprehensive office visit,$229
CLM1500,80050,General health panel,$301
CLM1500,36415,Blood draw,$29
CLM1500,99213,Office/outpatient visit,$125
CLM1501,94640,Nebulizer treatment,$50
CLM1502,71020,Chest X-ray,$113
CLM1503,36415,Blood draw,$31
CLM1504,99214,Detailed office visit,$118
CLM1505,85025,Complete blood count,$42
CLM1505,99215,Comprehensive office visit,$216
CLM1506,87880,Rapid strep test,$36
CLM1506,99213,Office/outpatient visit,$118
CLM1507,93000,EKG/ECG with interpretation,$139
CLM1507,99214,Detailed office visit,$118
CLM1507,93015,Cardiac stress test,$913
CLM1508,85025,Complete blood count,$49
CLM1508,96415,Chemotherapy infusion additional hour,$392
CLM1509,99214,Detailed office visit,$150
CLM1510,83036,Hemoglobin A1c,$38
CLM1510,36415,Blood draw,$29
CLM1511,90707,MMR vaccine,$101
CLM1512,71020,Chest X-ray,$110
CLM1512,80061,Lipid panel,$50
CLM1513,85025,Complete blood count,$43
CLM1514,87880,Rapid strep test,$35
CLM1514,90707,MMR vaccine,$82
CLM1514,90460,Immunization administration,$42
CLM1515,99214,Detailed office visit,$141
CLM1516,36415,Blood draw,$27
CLM1516,85025,Complete blood count,$41
CLM1517,71020,Chest X-ray,$106
CLM1518,99213,Office/outpatient visit,$110
CLM1518,73030,Shoulder X-ray,$126
CLM1519,96910,Phototherapy treatment,$185
CLM1519,99213,Office/outpatient visit,$140
CLM1520,99214,Detailed office visit,$142
CLM1521,70450,CT head without contrast,$903
CLM1522,85025,Complete blood count,$45
CLM1523,87880,Rapid strep test,$36
CLM1523,90707,MMR vaccine,$87
CLM1523,99213,Office/outpatient visit,$113
CLM1524,93000,EKG/ECG with interpretation,$161
CLM1524,93458,Cardiac catheterization,$4795
CLM1524,99214,Detailed office visit,$118
CLM1525,99213,Office/outpatient visit,$131
CLM1526,80050,General health panel,$286
CLM1527,93000,EKG/ECG with interpretation,$135
CLM1527,70450,CT head without contrast,$1042
CLM1528,99214,Detailed office visit,$124
CLM1528,80053,Comprehensive metabolic panel,$59
CLM1528,36415,Blood draw,$34
CLM1529,90834,Psychotherapy 45 minutes,$156
CLM1530,99214,Detailed office visit,$132
CLM1531,99213,Office/outpatient visit,$110
CLM1532,71020,Chest X-ray,$122
CLM1532,80061,Lipid panel,$56
CLM1533,11102,Skin biopsy,$163
CLM1534,83036,Hemoglobin A1c,$44
CLM1535,99285,ED visit high severity,$1259
CLM1536,96413,Chemotherapy infusion first hour,$1006
CLM1537,90460,Immunization administration,$45
CLM1538,71020,Chest X-ray,$118
CLM1538,93000,EKG/ECG with interpretation,$138
CLM1539,90460,Immunization administration,$38
CLM1540,93015,Cardiac stress test,$793
CLM1541,83036,Hemoglobin A1c,$45
CLM1542,99214,Detailed office visit,$120
CLM1542,80053,Comprehensive metabolic panel,$67
CLM1543,85025,Complete blood count,$44
CLM1544,93306,Echocardiogram complete,$1088
CLM1544,93000,EKG/ECG with interpretation,$176
CLM1545,96415,Chemotherapy infusion additional hour,$360
CLM1546,93000,EKG/ECG with interpretation,$156
CLM1547,85025,Complete blood count,$44
CLM1548,87880,Rapid strep test,$35
CLM1549,90837,Psychotherapy 60 minutes,$179
CLM1549,90834,Psychotherapy 45 minutes,$156
CLM1549,90791,Psychiatric diagnostic evaluation,$240
CLM1550,80061,Lipid panel,$58
CLM1551,36415,Blood draw,$33
CLM1551,84443,TSH test,$56
CLM1552,99214,Detailed office visit,$121
CLM1553,82947,Glucose test,$24
CLM1554,80053,Comprehensive metabolic panel,$68
CLM1555,87880,Rapid strep test,$36
CLM1555,90460,Immunization administration,$40
CLM1555,99213,Office/outpatient visit,$110
CLM1556,99214,Detailed office visit,$122
CLM1556,93015,Cardiac stress test,$777
CLM1556,93000,EKG/ECG with interpretation,$142
CLM1557,99213,Office/outpatient visit,$109
CLM1557,20610,Major joint injection,$228
CLM1558,36415,Blood draw,$28
CLM1559,99214,Detailed office visit,$130
CLM1560,90707,MMR vaccine,$102
CLM1560,99213,Office/outpatient visit,$135
CLM1561,71020,Chest X-ray,$115
CLM1562,90460,Immunization administration,$45
CLM1563,80050,General health panel,$345
CLM1563,80053,Comprehensive metabolic panel,$55
CLM1564,71020,Chest X-ray,$99
CLM1565,93000,EKG/ECG with interpretation,$166
CLM1565,99214,Detailed office visit,$145
CLM1566,90791,Psychiatric diagnostic evaluation,$261
CLM1567,36415,Blood draw,$35
CLM1568,83036,Hemoglobin A1c,$45
CLM1568,99214,Detailed office visit,$131
CLM1569,59400,Routine obstetric care,$3621
CLM1569,99214,Detailed office visit,$134
CLM1570,87880,Rapid strep test,$38
CLM1570,90707,MMR vaccine,$93
CLM1571,93000,EKG/ECG with interpretation,$160
CLM1571,99214,Detailed office visit,$117
CLM1572,85025,Complete blood count,$44
CLM1572,99215,Comprehensive office visit,$240
CLM1573,85025,Complete blood count,$46
CLM1574,70450,CT head without contrast,$1009
CLM1574,93000,EKG/ECG with interpretation,$141
CLM1575,87880,Rapid strep test,$33
CLM1575,90707,MMR vaccine,$95
CLM1575,99213,Office/outpatient visit,$111
CLM1576,99214,Detailed office visit,$143
CLM1576,90834,Psychotherapy 45 minutes,$155
CLM1577,36415,Blood draw,$35
CLM1578,93000,EKG/ECG with interpretation,$165
CLM1578,70450,CT head without contrast,$842
CLM1579,99213,Office/outpatient visit,$117
CLM1579,96910,Phototherapy treatment,$157
CLM1579,17000,Destruction of skin lesion,$118
CLM1580,11102,Skin biopsy,$180
CLM1581,36415,Blood draw,$35
CLM1582,71020,Chest X-ray,$106
CLM1583,36415,Blood draw,$31
CLM1584,80053,Comprehensive metabolic panel,$62
CLM1584,99215,Comprehensive office visit,$203
CLM1584,36415,Blood draw,$27
CLM1585,90791,Psychiatric diagnostic evaluation,$241
CLM1585,90837,Psychotherapy 60 minutes,$200
CLM1585,99214,Detailed office visit,$141
CLM1586,36415,Blood draw,$29
CLM1586,99213,Office/outpatient visit,$130
CLM1587,71020,Chest X-ray,$125
CLM1587,99285,ED visit high severity,$1321
CLM1587,93000,EKG/ECG with interpretation,$156
CLM1588,80053,Comprehensive metabolic panel,$61
CLM1589,90460,Immunization administration,$37
CLM1590,82947,Glucose test,$29
CLM1591,99213,Office/outpatient visit,$121
CLM1591,87880,Rapid strep test,$40
CLM1592,99392,Preventive visit age 1-4,$197
CLM1592,90707,MMR vaccine,$82
CLM1593,93000,EKG/ECG with interpretation,$144
CLM1593,99214,Detailed office visit,$153
CLM1594,80050,General health panel,$294
CLM1595,71020,Chest X-ray,$119
CLM1596,83036,Hemoglobin A1c,$45
CLM1596,84443,TSH test,$57
CLM1597,99213,Office/outpatient visit,$114
CLM1598,36415,Blood draw,$32
CLM1598,85025,Complete blood count,$50
CLM1599,99214,Detailed office visit,$153
CLM1599,93000,EKG/ECG with interpretation,$138
CLM1600,93000,EKG/ECG with interpretation,$167
CLM1600,71020,Chest X-ray,$105
CLM1600,99283,ED visit moderate severity,$443
CLM1601,83036,Hemoglobin A1c,$40
CLM1601,36415,Blood draw,$35
CLM1602,71020,Chest X-ray,$128
CLM1602,36415,Blood draw,$27
CLM1603,73721,MRI knee,$1694
CLM1604,90707,MMR vaccine,$82
CLM1605,94640,Nebulizer treatment,$46
CLM1606,99214,Detailed office visit,$130
CLM1606,76805,Obstetric ultrasound,$385
CLM1607,20610,Major joint injection,$231
CLM1607,99213,Office/outpatient visit,$112
CLM1607,73030,Shoulder X-ray,$131
CLM1608,99214,Detailed office visit,$142
CLM1609,83036,Hemoglobin A1c,$42
CLM1609,36415,Blood draw,$30
CLM1610,83036,Hemoglobin A1c,$41
CLM1610,80053,Comprehensive metabolic panel,$68
CLM1611,99214,Detailed office visit,$120
CLM1612,99214,Detailed office visit,$119
CLM1613,93000,EKG/ECG with interpretation,$149
CLM1613,70450,CT head without contrast,$936
CLM1614,93306,Echocardiogram complete,$1219
CLM1615,90834,Psychotherapy 45 minutes,$134
CLM1615,90791,Psychiatric diagnostic evaluation,$272
CLM1615,90837,Psychotherapy 60 minutes,$200
CLM1616,84443,TSH test,$61
CLM1616,83036,Hemoglobin A1c,$37
CLM1616,36415,Blood draw,$35
CLM1617,93306,Echocardiogram complete,$1387
CLM1617,99214,Detailed office visit,$148
CLM1617,93458,Cardiac catheterization,$5021
CLM1618,76805,Obstetric ultrasound,$388
CLM1618,99214,Detailed office visit,$152
CLM1619,93306,Echocardiogram complete,$1134
CLM1620,36415,Blood draw,$29
CLM1621,85025,Complete blood count,$44
CLM1621,96415,Chemotherapy infusion additional hour,$350
CLM1622,80053,Comprehensive metabolic panel,$67
CLM1623,80061,Lipid panel,$56
CLM1624,99213,Office/outpatient visit,$134
CLM1625,93000,EKG/ECG with interpretation,$166
CLM1625,99214,Detailed office visit,$141
CLM1626,36415,Blood draw,$35
CLM1626,82947,Glucose test,$24
CLM1627,99213,Office/outpatient visit,$111
CLM1627,17000,Destruction of skin lesion,$122
CLM1628,90791,Psychiatric diagnostic evaluation,$266
CLM1628,90834,Psychotherapy 45 minutes,$144
CLM1628,99214,Detailed office visit,$135
CLM1629,90707,MMR vaccine,$102
CLM1629,99213,Office/outpatient visit,$133
CLM1630,99214,Detailed office visit,$137
CLM1631,83036,Hemoglobin A1c,$44
CLM1631,36415,Blood draw,$30
CLM1632,83036,Hemoglobin A1c,$39
CLM1633,73030,Shoulder X-ray,$124
CLM1634,83036,Hemoglobin A1c,$38
CLM1634,80050,General health panel,$321
CLM1634,93000,EKG/ECG with interpretation,$150
CLM1635,99214,Detailed office visit,$129
CLM1636,99213,Office/outpatient visit,$130
CLM1636,80061,Lipid panel,$61
CLM1636,36415,Blood draw,$33
CLM1637,73030,Shoulder X-ray,$141
CLM1638,95810,Sleep study,$1633
CLM1638,71020,Chest X-ray,$100
CLM1639,36415,Blood draw,$34
CLM1640,87880,Rapid strep test,$34
CLM1640,99213,Office/outpatient visit,$121
CLM1641,99214,Detailed office visit,$144
CLM1642,99213,Office/outpatient visit,$132
CLM1643,93000,EKG/ECG with interpretation,$171
CLM1644,87070,Bacteria culture,$80
CLM1645,85025,Complete blood count,$52
CLM1645,71020,Chest X-ray,$126
CLM1646,85025,Complete blood count,$41
CLM1647,71020,Chest X-ray,$108
CLM1647,94640,Nebulizer treatment,$47
CLM1648,80061,Lipid panel,$62
CLM1649,85025,Complete blood count,$43
CLM1649,99215,Comprehensive office visit,$196
CLM1649,96413,Chemotherapy infusion first hour,$1294
CLM1650,90707,MMR vaccine,$82
CLM1650,87880,Rapid strep test,$40
CLM1651,90707,MMR vaccine,$82
CLM1652,80050,General health panel,$278
CLM1652,36415,Blood draw,$30
CLM1652,99215,Comprehensive office visit,$218
CLM1653,36415,Blood draw,$33
CLM1653,99214,Detailed office visit,$135
CLM1653,83036,Hemoglobin A1c,$38
CLM1654,95810,Sleep study,$1593
CLM1655,99285,ED visit high severity,$1307
CLM1655,93000,EKG/ECG with interpretation,$138
CLM1655,70450,CT head without contrast,$1044
CLM1656,80050,General health panel,$349
CLM1656,93000,EKG/ECG with interpretation,$176
CLM1657,90791,Psychiatric diagnostic evaluation,$287
CLM1658,84443,TSH test,$58
CLM1658,36415,Blood draw,$28
CLM1659,99283,ED visit moderate severity,$470
CLM1660,94640,Nebulizer treatment,$57
CLM1660,99214,Detailed office visit,$119
CLM1661,85025,Complete blood count,$52
CLM1661,96415,Chemotherapy infusion additional hour,$404
CLM1662,36415,Blood draw,$33
CLM1662,99215,Comprehensive office visit,$215
CLM1663,99214,Detailed office visit,$124
CLM1664,71020,Chest X-ray,$112
CLM1664,36415,Blood draw,$34
CLM1665,99213,Office/outpatient visit,$135
CLM1666,36415,Blood draw,$34
CLM1667,99214,Detailed office visit,$135
CLM1668,71020,Chest X-ray,$116
CLM1669,85025,Complete blood count,$51
CLM1670,90837,Psychotherapy 60 minutes,$175
CLM1671,87070,Bacteria culture,$74
CLM1672,36415,Blood draw,$28
CLM1672,99214,Detailed office visit,$149
CLM1673,36415,Blood draw,$34
CLM1674,71020,Chest X-ray,$117
CLM1675,99214,Detailed office visit,$146
CLM1676,85025,Complete blood count,$45
CLM1677,87880,Rapid strep test,$34
CLM1678,99214,Detailed office visit,$146
CLM1678,36415,Blood draw,$27
CLM1679,99392,Preventive visit age 1-4,$204
CLM1679,87880,Rapid strep test,$37
CLM1679,90460,Immunization administration,$41
CLM1680,87070,Bacteria culture,$82
CLM1680,36415,Blood draw,$33
CLM1681,70450,CT head without contrast,$856
CLM1681,71020,Chest X-ray,$108
CLM1681,93000,EKG/ECG with interpretation,$156
CLM1682,93000,EKG/ECG with interpretation,$153
CLM1682,93015,Cardiac stress test,$979
CLM1682,93306,Echocardiogram complete,$1404
CLM1683,36415,Blood draw,$33
CLM1683,83036,Hemoglobin A1c,$40
CLM1684,93000,EKG/ECG with interpretation,$172
CLM1684,93458,Cardiac catheterization,$4908
CLM1685,36415,Blood draw,$33
CLM1685,87070,Bacteria culture,$86
CLM1685,99213,Office/outpatient visit,$130
CLM1686,90460,Immunization administration,$42
CLM1687,93000,EKG/ECG with interpretation,$161
CLM1688,93458,Cardiac catheterization,$5239
CLM1689,99214,Detailed office visit,$146
CLM1690,87070,Bacteria culture,$86
CLM1691,99213,Office/outpatient visit,$135
CLM1691,11102,Skin biopsy,$211
CLM1692,99214,Detailed office visit,$123
CLM1692,93000,EKG/ECG with interpretation,$142
CLM1692,93306,Echocardiogram complete,$1134
CLM1693,99214,Detailed office visit,$145
CLM1694,90834,Psychotherapy 45 minutes,$134
CLM1695,80053,Comprehensive metabolic panel,$68
CLM1695,83036,Hemoglobin A1c,$42
CLM1696,99214,Detailed office visit,$127
CLM1697,36415,Blood draw,$31
CLM1698,99213,Office/outpatient visit,$127
CLM1699,20610,Major joint injection,$289
CLM1699,99213,Office/outpatient visit,$134
CLM1700,96413,Chemotherapy infusion first hour,$1187
CLM1700,96415,Chemotherapy infusion additional hour,$353
CLM1701,93458,Cardiac catheterization,$4897
CLM1701,99214,Detailed office visit,$151
CLM1701,93015,Cardiac stress test,$771
CLM1702,87070,Bacteria culture,$85
CLM1702,80061,Lipid panel,$50
CLM1703,71020,Chest X-ray,$121
CLM1703,85025,Complete blood count,$42
CLM1704,80061,Lipid panel,$59
CLM1704,36415,Blood draw,$29
CLM1704,99213,Office/outpatient visit,$119
CLM1705,20610,Major joint injection,$250
CLM1706,87880,Rapid strep test,$36
CLM1707,93000,EKG/ECG with interpretation,$147
CLM1708,71020,Chest X-ray,$117
CLM1709,93000,EKG/ECG with interpretation,$143
CLM1709,99283,ED visit moderate severity,$517
CLM1709,99285,ED visit high severity,$1204
CLM1710,87070,Bacteria culture,$79
CLM1710,99213,Office/outpatient visit,$126
CLM1711,99214,Detailed office visit,$153
CLM1711,93000,EKG/ECG with interpretation,$166
CLM1712,99214,Detailed office visit,$120
CLM1712,80061,Lipid panel,$64
CLM1713,90791,Psychiatric diagnostic evaluation,$257
CLM1713,99214,Detailed office visit,$133
CLM1714,71020,Chest X-ray,$101
CLM1715,99283,ED visit moderate severity,$409
CLM1715,93000,EKG/ECG with interpretation,$167
CLM1716,17000,Destruction of skin lesion,$134
CLM1716,96910,Phototherapy treatment,$171
CLM1717,93000,EKG/ECG with interpretation,$165
CLM1717,93015,Cardiac stress test,$772
CLM1717,99214,Detailed office visit,$121
CLM1718,85025,Complete blood count,$43
CLM1719,80053,Comprehensive metabolic panel,$65
CLM1719,83036,Hemoglobin A1c,$45
CLM1719,99214,Detailed office visit,$122
CLM1720,99215,Comprehensive office visit,$246
CLM1721,93000,EKG/ECG with interpretation,$143
CLM1721,99214,Detailed office visit,$149
CLM1722,95810,Sleep study,$1364
CLM1722,99214,Detailed office visit,$132
CLM1723,11102,Skin biopsy,$195
CLM1723,99213,Office/outpatient visit,$120
CLM1724,85025,Complete blood count,$48
CLM1724,36415,Blood draw,$27
CLM1725,36415,Blood draw,$35
CLM1725,80050,General health panel,$297
CLM1726,85025,Complete blood count,$48
CLM1726,87070,Bacteria culture,$92
CLM1726,80061,Lipid panel,$57
CLM1727,96413,Chemotherapy infusion first hour,$1148
CLM1727,96415,Chemotherapy infusion additional hour,$354
CLM1728,80053,Comprehensive metabolic panel,$55
CLM1728,83036,Hemoglobin A1c,$43
CLM1729,93000,EKG/ECG with interpretation,$142
CLM1730,17000,Destruction of skin lesion,$129
CLM1730,11102,Skin biopsy,$190
CLM1730,99213,Office/outpatient visit,$126
CLM1731,71020,Chest X-ray,$105
CLM1732,36415,Blood draw,$29
CLM1733,93000,EKG/ECG with interpretation,$139
CLM1733,93015,Cardiac stress test,$772
CLM1734,94640,Nebulizer treatment,$47
CLM1735,99283,ED visit moderate severity,$413
CLM1735,70450,CT head without contrast,$810
CLM1736,90837,Psychotherapy 60 minutes,$201
CLM1736,90834,Psychotherapy 45 minutes,$161
CLM1736,99214,Detailed office visit,$138
CLM1737,90834,Psychotherapy 45 minutes,$160
CLM1737,99214,Detailed office visit,$132
CLM1738,99214,Detailed office visit,$142
CLM1738,71020,Chest X-ray,$123
CLM1739,99215,Comprehensive office visit,$204
CLM1740,85025,Complete blood count,$50
CLM1740,80050,General health panel,$270
CLM1741,90707,MMR vaccine,$98
CLM1742,36415,Blood draw,$30
CLM1743,80061,Lipid panel,$60
CLM1744,17000,Destruction of skin lesion,$127
CLM1745,99214,Detailed office visit,$149
CLM1745,94010,Spirometry,$81
CLM1746,99213,Office/outpatient visit,$111
CLM1747,71020,Chest X-ray,$121
CLM1748,99285,ED visit high severity,$1340
CLM1749,36415,Blood draw,$28
CLM1749,99215,Comprehensive office visit,$238
CLM1749,83036,Hemoglobin A1c,$46
CLM1750,99213,Office/outpatient visit,$111
CLM1751,90834,Psychotherapy 45 minutes,$149
CLM1751,90791,Psychiatric diagnostic evaluation,$234
CLM1751,90837,Psychotherapy 60 minutes,$187
CLM1752,83036,Hemoglobin A1c,$47
CLM1752,99214,Detailed office visit,$142
CLM1753,36415,Blood draw,$32
CLM1753,85025,Complete blood count,$45
CLM1754,73030,Shoulder X-ray,$113
CLM1755,87070,Bacteria culture,$86
CLM1756,83036,Hemoglobin A1c,$43
CLM1756,84443,TSH test,$51
CLM1757,85025,Complete blood count,$43
CLM1758,99213,Office/outpatient visit,$119
CLM1759,87070,Bacteria culture,$89
CLM1759,80061,Lipid panel,$57
CLM1759,85025,Complete blood count,$49
CLM1760,99215,Comprehensive office visit,$219
CLM1760,80050,General health panel,$353
CLM1761,99214,Detailed office visit,$143
CLM1762,93000,EKG/ECG with interpretation,$139
CLM1762,99214,Detailed office visit,$140
CLM1763,71020,Chest X-ray,$129
CLM1764,71020,Chest X-ray,$123
CLM1764,94640,Nebulizer treatment,$57
CLM1765,99213,Office/outpatient visit,$108
CLM1766,87070,Bacteria culture,$75
CLM1767,70450,CT head without contrast,$1045
CLM1767,93000,EKG/ECG with interpretation,$161
CLM1767,71020,Chest X-ray,$124
CLM1768,90707,MMR vaccine,$94
CLM1769,99213,Office/outpatient visit,$115
CLM1769,73030,Shoulder X-ray,$141
CLM1770,80053,Comprehensive metabolic panel,$60
CLM1771,87070,Bacteria culture,$92
CLM1771,71020,Chest X-ray,$105
CLM1772,36415,Blood draw,$28
CLM1772,99214,Detailed office visit,$132
CLM1772,87070,Bacteria culture,$94
CLM1773,80050,General health panel,$337
CLM1773,36415,Blood draw,$30
CLM1773,99214,Detailed office visit,$120
CLM1774,99214,Detailed office visit,$146
CLM1774,90834,Psychotherapy 45 minutes,$131
CLM1775,99214,Detailed office visit,$151
CLM1776,17000,Destruction of skin lesion,$128
CLM1777,93015,Cardiac stress test,$793
CLM1777,93000,EKG/ECG with interpretation,$165
CLM1778,99213,Office/outpatient visit,$114
CLM1779,93000,EKG/ECG with interpretation,$152
CLM1780,99214,Detailed office visit,$129
CLM1781,85025,Complete blood count,$41
CLM1781,80061,Lipid panel,$53
CLM1781,80050,General health panel,$343
CLM1782,93000,EKG/ECG with interpretation,$144
CLM1782,70450,CT head without contrast,$1018
CLM1782,99283,ED visit moderate severity,$512
CLM1783,36415,Blood draw,$29
CLM1783,80061,Lipid panel,$60
CLM1783,99214,Detailed office visit,$128
CLM1784,71020,Chest X-ray,$110
CLM1785,83036,Hemoglobin A1c,$39
CLM1786,36415,Blood draw,$31
CLM1787,80050,General health panel,$333
CLM1788,85025,Complete blood count,$44
CLM1789,73030,Shoulder X-ray,$115
CLM1790,73030,Shoulder X-ray,$110
CLM1791,99392,Preventive visit age 1-4,$195
CLM1792,94010,Spirometry,$99
CLM1792,94640,Nebulizer treatment,$48
CLM1793,87070,Bacteria culture,$81
CLM1794,71020,Chest X-ray,$115
CLM1795,99214,Detailed office visit,$138
CLM1795,90791,Psychiatric diagnostic evaluation,$230
CLM1795,90837,Psychotherapy 60 minutes,$174
CLM1796,85025,Complete blood count,$43
CLM1796,99213,Office/outpatient visit,$109
CLM1797,80053,Comprehensive metabolic panel,$59
CLM1798,20610,Major joint injection,$238
CLM1798,99213,Office/outpatient visit,$117
CLM1798,73030,Shoulder X-ray,$113
CLM1799,99214,Detailed office visit,$130
CLM1799,83036,Hemoglobin A1c,$40
CLM1799,36415,Blood draw,$34
CLM1800,99213,Office/outpatient visit,$139
CLM1800,73030,Shoulder X-ray,$119
CLM1801,85025,Complete blood count,$50
CLM1802,17000,Destruction of skin lesion,$116
CLM1802,11102,Skin biopsy,$167
CLM1803,73030,Shoulder X-ray,$126
CLM1803,99213,Office/outpatient visit,$120
CLM1804,94640,Nebulizer treatment,$52
CLM1804,71020,Chest X-ray,$116
CLM1805,87070,Bacteria culture,$83
CLM1806,96413,Chemotherapy infusion first hour,$1095
CLM1807,71020,Chest X-ray,$116
CLM1808,80050,General health panel,$280
CLM1808,99214,Detailed office visit,$145
CLM1809,93458,Cardiac catheterization,$4808
CLM1809,99214,Detailed office visit,$150
CLM1810,80050,General health panel,$336
CLM1810,83036,Hemoglobin A1c,$43
CLM1811,36415,Blood draw,$32
CLM1811,85025,Complete blood count,$50
CLM1812,80050,General health panel,$337
CLM1812,87070,Bacteria culture,$86
CLM1813,85025,Complete blood count,$46
CLM1813,87070,Bacteria culture,$75
CLM1814,17000,Destruction of skin lesion,$113
CLM1815,99214,Detailed office visit,$131
CLM1816,90791,Psychiatric diagnostic evaluation,$273
CLM1817,71020,Chest X-ray,$102
CLM1818,99214,Detailed office visit,$124
CLM1819,80053,Comprehensive metabolic panel,$57
CLM1820,99213,Office/outpatient visit,$124
CLM1821,93306,Echocardiogram complete,$1089
CLM1822,99283,ED visit moderate severity,$523
CLM1823,71020,Chest X-ray,$104
CLM1823,99285,ED visit high severity,$1276
CLM1824,99214,Detailed office visit,$140
CLM1824,90834,Psychotherapy 45 minutes,$158
CLM1825,36415,Blood draw,$35
CLM1825,83036,Hemoglobin A1c,$38
CLM1826,17000,Destruction of skin lesion,$118
CLM1826,11102,Skin biopsy,$180
CLM1827,87070,Bacteria culture,$86
CLM1827,80050,General health panel,$278
CLM1827,85025,Complete blood count,$47
CLM1828,71020,Chest X-ray,$126
CLM1828,93000,EKG/ECG with interpretation,$141
CLM1828,99285,ED visit high severity,$1375
CLM1829,93000,EKG/ECG with interpretation,$175
CLM1830,90707,MMR vaccine,$102
CLM1830,87880,Rapid strep test,$32
CLM1830,99213,Office/outpatient visit,$126
CLM1831,36415,Blood draw,$35
CLM1831,93000,EKG/ECG with interpretation,$138
CLM1832,85025,Complete blood count,$49
CLM1832,96415,Chemotherapy infusion additional hour,$406
CLM1833,93000,EKG/ECG with interpretation,$169
CLM1833,99214,Detailed office visit,$129
CLM1834,96413,Chemotherapy infusion first hour,$1180
CLM1835,99213,Office/outpatient visit,$139
CLM1836,36415,Blood draw,$32
CLM1837,87880,Rapid strep test,$36
CLM1837,99213,Office/outpatient visit,$110
CLM1837,90460,Immunization administration,$40
CLM1838,99214,Detailed office visit,$124
CLM1838,93306,Echocardiogram complete,$1155
CLM1839,90707,MMR vaccine,$105
CLM1839,90460,Immunization administration,$43
CLM1840,93015,Cardiac stress test,$766
CLM1840,99214,Detailed office visit,$149
CLM1840,93000,EKG/ECG with interpretation,$156
CLM1841,85025,Complete blood count,$44
CLM1842,93306,Echocardiogram complete,$1322
CLM1842,93000,EKG/ECG with interpretation,$139
CLM1843,80053,Comprehensive metabolic panel,$70
CLM1844,36415,Blood draw,$30
CLM1844,80053,Comprehensive metabolic panel,$57
CLM1845,87880,Rapid strep test,$32
CLM1846,87070,Bacteria culture,$88
CLM1847,94640,Nebulizer treatment,$45
CLM1847,94010,Spirometry,$105
CLM1848,99213,Office/outpatient visit,$129
CLM1849,85025,Complete blood count,$42
CLM1850,96910,Phototherapy treatment,$177
CLM1851,80053,Comprehensive metabolic panel,$62
CLM1852,85025,Complete blood count,$50
CLM1853,82947,Glucose test,$27
CLM1854,99215,Comprehensive office visit,$210
CLM1855,85025,Complete blood count,$46
CLM1856,29881,Knee arthroscopy,$5248
CLM1856,73030,Shoulder X-ray,$117
CLM1857,82947,Glucose test,$28
CLM1857,99214,Detailed office visit,$153
CLM1857,83036,Hemoglobin A1c,$41
CLM1858,71020,Chest X-ray,$128
CLM1859,80050,General health panel,$338
CLM1859,80053,Comprehensive metabolic panel,$55
CLM1860,29881,Knee arthroscopy,$4909
CLM1861,17000,Destruction of skin lesion,$116
CLM1861,99213,Office/outpatient visit,$140
CLM1861,96910,Phototherapy treatment,$176
CLM1862,76805,Obstetric ultrasound,$376
CLM1863,93000,EKG/ECG with interpretation,$171
CLM1863,93015,Cardiac stress test,$949
CLM1864,94010,Spirometry,$101
CLM1865,99213,Office/outpatient visit,$134
CLM1866,17000,Destruction of skin lesion,$133
CLM1867,99215,Comprehensive office visit,$215
CLM1868,83036,Hemoglobin A1c,$40
CLM1868,93000,EKG/ECG with interpretation,$162
CLM1869,90837,Psychotherapy 60 minutes,$195
CLM1870,93015,Cardiac stress test,$821
CLM1870,93306,Echocardiogram complete,$1262
CLM1871,87070,Bacteria culture,$72
CLM1871,99213,Office/outpatient visit,$136
CLM1871,36415,Blood draw,$31
CLM1872,99214,Detailed office visit,$141
CLM1873,17000,Destruction of skin lesion,$121
CLM1874,87070,Bacteria culture,$75
CLM1875,99214,Detailed office visit,$125
CLM1875,36415,Blood draw,$33
CLM1876,77385,IMRT radiation treatment,$2461
CLM1876,96415,Chemotherapy infusion additional hour,$372
CLM1876,96413,Chemotherapy infusion first hour,$1153
CLM1877,80050,General health panel,$271
CLM1877,36415,Blood draw,$30
CLM1877,93000,EKG/ECG with interpretation,$145
CLM1878,93015,Cardiac stress test,$947
CLM1878,99214,Detailed office visit,$135
CLM1878,93000,EKG/ECG with interpretation,$161
CLM1879,73030,Shoulder X-ray,$131
CLM1880,73030,Shoulder X-ray,$115
CLM1881,99214,Detailed office visit,$151
CLM1882,71020,Chest X-ray,$102
CLM1882,94010,Spirometry,$85
CLM1882,94640,Nebulizer treatment,$54
CLM1883,87880,Rapid strep test,$39
CLM1883,99392,Preventive visit age 1-4,$165
CLM1884,71020,Chest X-ray,$110
CLM1885,93000,EKG/ECG with interpretation,$168
CLM1886,99213,Office/outpatient visit,$113
CLM1886,73030,Shoulder X-ray,$134
CLM1887,36415,Blood draw,$28
CLM1888,17000,Destruction of skin lesion,$135
CLM1889,71020,Chest X-ray,$112
CLM1890,96910,Phototherapy treatment,$174
CLM1891,87070,Bacteria culture,$72
CLM1891,85025,Complete blood count,$51
CLM1892,99214,Detailed office visit,$151
CLM1892,80050,General health panel,$351
CLM1893,71020,Chest X-ray,$101
CLM1893,93000,EKG/ECG with interpretation,$142
CLM1894,87880,Rapid strep test,$34
CLM1895,99214,Detailed office visit,$143
CLM1896,93000,EKG/ECG with interpretation,$155
CLM1897,80061,Lipid panel,$63
CLM1898,17000,Destruction of skin lesion,$114
CLM1899,90837,Psychotherapy 60 minutes,$162
CLM1899,99214,Detailed office visit,$143
CLM1900,85025,Complete blood count,$49
CLM1901,11102,Skin biopsy,$169
CLM1901,17000,Destruction of skin lesion,$120
CLM1902,36415,Blood draw,$34
CLM1902,99215,Comprehensive office visit,$189
CLM1903,99214,Detailed office visit,$130
CLM1904,99214,Detailed office visit,$123
CLM1905,84443,TSH test,$59
CLM1905,36415,Blood draw,$29
CLM1906,80061,Lipid panel,$52
CLM1907,87070,Bacteria culture,$90
CLM1907,85025,Complete blood count,$43
CLM1908,73030,Shoulder X-ray,$124
CLM1908,20610,Major joint injection,$267
CLM1908,99213,Office/outpatient visit,$112
CLM1909,85025,Complete blood count,$42
CLM1910,85025,Complete blood count,$51
CLM1911,90791,Psychiatric diagnostic evaluation,$252
CLM1911,90837,Psychotherapy 60 minutes,$163
CLM1912,85025,Complete blood count,$53
CLM1913,73721,MRI knee,$1479
CLM1914,80061,Lipid panel,$55
CLM1915,99215,Comprehensive office visit,$193
CLM1916,90837,Psychotherapy 60 minutes,$173
CLM1916,99214,Detailed office visit,$130
CLM1917,36415,Blood draw,$28
CLM1918,99214,Detailed office visit,$134
CLM1918,93000,EKG/ECG with interpretation,$168
CLM1919,87070,Bacteria culture,$85
CLM1920,85025,Complete blood count,$42
CLM1921,80053,Comprehensive metabolic panel,$66
CLM1922,36415,Blood draw,$27
CLM1922,83036,Hemoglobin A1c,$46
CLM1922,80053,Comprehensive metabolic panel,$60
CLM1923,85025,Complete blood count,$43
CLM1924,99214,Detailed office visit,$144
CLM1925,94640,Nebulizer treatment,$47
CLM1925,94010,Spirometry,$102
CLM1925,71020,Chest X-ray,$109
CLM1926,99214,Detailed office visit,$118
CLM1927,99214,Detailed office visit,$128
CLM1927,93000,EKG/ECG with interpretation,$136
CLM1928,87070,Bacteria culture,$87
CLM1929,85025,Complete blood count,$41
CLM1929,80061,Lipid panel,$51
CLM1930,94640,Nebulizer treatment,$59
CLM1931,17000,Destruction of skin lesion,$110
CLM1931,11102,Skin biopsy,$186
CLM1932,73030,Shoulder X-ray,$125
CLM1933,99214,Detailed office visit,$142
CLM1934,93458,Cardiac catheterization,$4270
CLM1934,99214,Detailed office visit,$145
CLM1934,93000,EKG/ECG with interpretation,$167
CLM1935,82947,Glucose test,$23
CLM1936,99213,Office/outpatient visit,$108
CLM1937,83036,Hemoglobin A1c,$41
CLM1937,36415,Blood draw,$35
CLM1938,99392,Preventive visit age 1-4,$164
CLM1938,87880,Rapid strep test,$32
CLM1939,87070,Bacteria culture,$93
CLM1939,80061,Lipid panel,$57
CLM1939,99213,Office/outpatient visit,$137
CLM1940,99214,Detailed office visit,$153
CLM1941,99214,Detailed office visit,$139
CLM1942,73030,Shoulder X-ray,$130
CLM1943,99214,Detailed office visit,$118
CLM1943,93000,EKG/ECG with interpretation,$165
CLM1943,93015,Cardiac stress test,$867
CLM1944,71020,Chest X-ray,$117
CLM1945,99214,Detailed office visit,$138
CLM1945,80053,Comprehensive metabolic panel,$66
CLM1946,90834,Psychotherapy 45 minutes,$131
CLM1946,90791,Psychiatric diagnostic evaluation,$235
CLM1947,71020,Chest X-ray,$100
CLM1948,82947,Glucose test,$28
CLM1948,83036,Hemoglobin A1c,$36
CLM1948,36415,Blood draw,$33
CLM1949,87880,Rapid strep test,$35
CLM1949,99392,Preventive visit age 1-4,$163
CLM1949,90460,Immunization administration,$41
CLM1950,85025,Complete blood count,$49
CLM1950,96415,Chemotherapy infusion additional hour,$379
CLM1950,96413,Chemotherapy infusion first hour,$1169
CLM1951,84443,TSH test,$63
CLM1951,36415,Blood draw,$32
CLM1952,99214,Detailed office visit,$136
CLM1953,80061,Lipid panel,$60
CLM1953,99214,Detailed office visit,$121
CLM1954,87070,Bacteria culture,$93
CLM1955,93000,EKG/ECG with interpretation,$151
CLM1955,83036,Hemoglobin A1c,$41
CLM1955,36415,Blood draw,$29
CLM1956,90460,Immunization administration,$42
CLM1957,71020,Chest X-ray,$100
CLM1958,99213,Office/outpatient visit,$130
CLM1958,20610,Major joint injection,$287
CLM1959,80053,Comprehensive metabolic panel,$70
CLM1960,99214,Detailed office visit,$141
CLM1960,90837,Psychotherapy 60 minutes,$201
CLM1961,93000,EKG/ECG with interpretation,$160
CLM1962,80061,Lipid panel,$55
CLM1963,99213,Office/outpatient visit,$128
CLM1963,11102,Skin biopsy,$169
CLM1964,93000,EKG/ECG with interpretation,$160
CLM1964,99283,ED visit moderate severity,$462
CLM1965,85025,Complete blood count,$44
CLM1966,73030,Shoulder X-ray,$138
CLM1966,20610,Major joint injection,$256
CLM1967,73030,Shoulder X-ray,$141
CLM1967,99213,Office/outpatient visit,$130
CLM1968,36415,Blood draw,$33
CLM1968,99213,Office/outpatient visit,$130
CLM1969,36415,Blood draw,$29
CLM1969,87070,Bacteria culture,$91
CLM1970,93000,EKG/ECG with interpretation,$155
CLM1970,99214,Detailed office visit,$137
CLM1971,99214,Detailed office visit,$147
CLM1972,99214,Detailed office visit,$135
CLM1973,11102,Skin biopsy,$181
CLM1973,17000,Destruction of skin lesion,$130
CLM1974,99214,Detailed office visit,$142
CLM1975,36415,Blood draw,$28
CLM1975,80050,General health panel,$311
CLM1976,83036,Hemoglobin A1c,$40
CLM1976,36415,Blood draw,$32
CLM1977,80061,Lipid panel,$62
CLM1977,99214,Detailed office visit,$146
CLM1978,99214,Detailed office visit,$148
CLM1979,99214,Detailed office visit,$123
CLM1980,80061,Lipid panel,$55
CLM1980,36415,Blood draw,$28
CLM1981,70450,CT head without contrast,$1055
CLM1982,99214,Detailed office visit,$124
CLM1982,82947,Glucose test,$28
CLM1983,93000,EKG/ECG with interpretation,$169
CLM1984,36415,Blood draw,$35
CLM1985,90707,MMR vaccine,$82
CLM1986,80061,Lipid panel,$51
CLM1986,99213,Office/outpatient visit,$134
CLM1987,11102,Skin biopsy,$191
CLM1988,36415,Blood draw,$33
CLM1988,99214,Detailed office visit,$138
CLM1989,83036,Hemoglobin A1c,$47
CLM1989,99215,Comprehensive office visit,$225
CLM1990,94640,Nebulizer treatment,$52
CLM1990,71020,Chest X-ray,$123
CLM1990,94010,Spirometry,$81
CLM1991,71020,Chest X-ray,$117
CLM1992,80061,Lipid panel,$59
CLM1993,36415,Blood draw,$29
CLM1994,93000,EKG/ECG with interpretation,$147
CLM1995,87070,Bacteria culture,$92
CLM1995,80050,General health panel,$309
CLM1996,99213,Office/outpatient visit,$123
CLM1997,71020,Chest X-ray,$115
CLM1997,36415,Blood draw,$32
CLM1998,90460,Immunization administration,$47
CLM1999,83036,Hemoglobin A1c,$37
CLM2000,36415,Blood draw,$32
CLM2001,87880,Rapid strep test,$36
CLM2001,99213,Office/outpatient visit,$119
CLM2002,11102,Skin biopsy,$167
CLM2002,17000,Destruction of skin lesion,$111
CLM2003,84443,TSH test,$59
CLM2004,20610,Major joint injection,$270
CLM2005,85025,Complete blood count,$47
CLM2006,99214,Detailed office visit,$147
CLM2006,93000,EKG/ECG with interpretation,$175
CLM2007,80053,Comprehensive metabolic panel,$54
CLM2007,83036,Hemoglobin A1c,$45
CLM2008,99215,Comprehensive office visit,$243
CLM2008,99214,Detailed office visit,$148
CLM2009,99213,Office/outpatient visit,$127
CLM2009,29881,Knee arthroscopy,$5358
CLM2009,73030,Shoulder X-ray,$130
CLM2010,36415,Blood draw,$30
CLM2011,88175,Pap smear cytology,$67
CLM2012,99214,Detailed office visit,$145
CLM2012,93015,Cardiac stress test,$796
CLM2013,93015,Cardiac stress test,$855
CLM2014,83036,Hemoglobin A1c,$40
CLM2015,80061,Lipid panel,$54
CLM2016,83036,Hemoglobin A1c,$41
CLM2016,93000,EKG/ECG with interpretation,$171
CLM2017,36415,Blood draw,$33
CLM2017,99214,Detailed office visit,$128
CLM2018,85025,Complete blood count,$44
CLM2019,80053,Comprehensive metabolic panel,$66
CLM2019,83036,Hemoglobin A1c,$38
CLM2020,99213,Office/outpatient visit,$131
CLM2020,17000,Destruction of skin lesion,$129
CLM2021,93000,EKG/ECG with interpretation,$152
CLM2022,90460,Immunization administration,$47
CLM2023,99214,Detailed office visit,$128
CLM2023,93015,Cardiac stress test,$937
CLM2024,36415,Blood draw,$32
CLM2025,90460,Immunization administration,$40
CLM2026,99283,ED visit moderate severity,$502
CLM2027,99213,Office/outpatient visit,$139
CLM2028,99214,Detailed office visit,$128
CLM2028,93000,EKG/ECG with interpretation,$166
CLM2029,90707,MMR vaccine,$96
CLM2029,99392,Preventive visit age 1-4,$181
CLM2029,87880,Rapid strep test,$36
CLM2030,99215,Comprehensive office visit,$209
CLM2030,80053,Comprehensive metabolic panel,$56
CLM2030,99214,Detailed office visit,$136
CLM2031,90460,Immunization administration,$44
CLM2032,17000,Destruction of skin lesion,$138
CLM2033,71020,Chest X-ray,$123
CLM2034,80053,Comprehensive metabolic panel,$69
CLM2035,71020,Chest X-ray,$102
CLM2036,93000,EKG/ECG with interpretation,$139
CLM2037,36415,Blood draw,$32
CLM2037,80053,Comprehensive metabolic panel,$60
CLM2037,99215,Comprehensive office visit,$203
CLM2038,73030,Shoulder X-ray,$120
CLM2038,20610,Major joint injection,$268
CLM2038,99213,Office/outpatient visit,$135
CLM2039,71020,Chest X-ray,$120
CLM2040,80050,General health panel,$277
CLM2041,80053,Comprehensive metabolic panel,$67
CLM2041,99214,Detailed office visit,$138
CLM2042,93015,Cardiac stress test,$781
CLM2043,36415,Blood draw,$35
CLM2044,71020,Chest X-ray,$100
CLM2044,94010,Spirometry,$84
CLM2045,99214,Detailed office visit,$142
CLM2046,88175,Pap smear cytology,$65
CLM2047,99214,Detailed office visit,$131
CLM2048,17000,Destruction of skin lesion,$137
CLM2048,99213,Office/outpatient visit,$108
CLM2048,96910,Phototherapy treatment,$145
CLM2049,85025,Complete blood count,$46
CLM2050,87070,Bacteria culture,$85
CLM2051,73721,MRI knee,$1696
CLM2051,20610,Major joint injection,$293
CLM2052,59400,Routine obstetric care,$3180
CLM2052,88175,Pap smear cytology,$81
CLM2052,76805,Obstetric ultrasound,$386
CLM2053,96415,Chemotherapy infusion additional hour,$361
CLM2053,99215,Comprehensive office visit,$218
CLM2054,85025,Complete blood count,$42
CLM2055,87070,Bacteria culture,$79
CLM2056,99214,Detailed office visit,$124
CLM2056,71020,Chest X-ray,$124
CLM2056,80050,General health panel,$327
CLM2057,36415,Blood draw,$31
CLM2058,77385,IMRT radiation treatment,$2667
CLM2059,85025,Complete blood count,$53
CLM2059,99215,Comprehensive office visit,$211
CLM2060,80050,General health panel,$319
CLM2060,71020,Chest X-ray,$124
CLM2061,36415,Blood draw,$30
CLM2061,87070,Bacteria culture,$76
CLM2062,90834,Psychotherapy 45 minutes,$147
CLM2062,90837,Psychotherapy 60 minutes,$170
CLM2062,99214,Detailed office visit,$128
CLM2063,36415,Blood draw,$35
CLM2063,99214,Detailed office visit,$127
CLM2064,90837,Psychotherapy 60 minutes,$188
CLM2065,80061,Lipid panel,$59
CLM2065,71020,Chest X-ray,$122
CLM2066,90791,Psychiatric diagnostic evaluation,$278
CLM2067,85025,Complete blood count,$47
CLM2067,36415,Blood draw,$30
CLM2068,36415,Blood draw,$35
CLM2069,99214,Detailed office visit,$149
CLM2069,76805,Obstetric ultrasound,$471
CLM2070,90837,Psychotherapy 60 minutes,$172
CLM2071,36415,Blood draw,$28
CLM2071,87070,Bacteria culture,$77
CLM2071,99213,Office/outpatient visit,$138
CLM2072,93000,EKG/ECG with interpretation,$177
CLM2073,93000,EKG/ECG with interpretation,$141
CLM2073,80050,General health panel,$280
CLM2074,83036,Hemoglobin A1c,$37
CLM2075,93306,Echocardiogram complete,$1096
CLM2075,99214,Detailed office visit,$130
CLM2076,99213,Office/outpatient visit,$132
CLM2076,99392,Preventive visit age 1-4,$181
CLM2077,36415,Blood draw,$33
CLM2078,96910,Phototherapy treatment,$187
CLM2079,99213,Office/outpatient visit,$133
CLM2080,99214,Detailed office visit,$119
CLM2081,99213,Office/outpatient visit,$112
CLM2081,96910,Phototherapy treatment,$165
CLM2082,90460,Immunization administration,$45
CLM2082,90707,MMR vaccine,$95
CLM2082,99213,Office/outpatient visit,$133
CLM2083,87070,Bacteria culture,$74
CLM2084,17000,Destruction of skin lesion,$127
CLM2084,11102,Skin biopsy,$200
CLM2084,96910,Phototherapy treatment,$184
CLM2085,99213,Office/outpatient visit,$136
CLM2085,29881,Knee arthroscopy,$5386
CLM2086,99213,Office/outpatient visit,$124
CLM2086,96910,Phototherapy treatment,$148
CLM2087,93000,EKG/ECG with interpretation,$137
CLM2088,80061,Lipid panel,$56
CLM2089,87070,Bacteria culture,$80
CLM2089,36415,Blood draw,$32
CLM2090,99214,Detailed office visit,$136
CLM2090,82947,Glucose test,$24
CLM2091,93000,EKG/ECG with interpretation,$156
CLM2092,83036,Hemoglobin A1c,$42
CLM2092,36415,Blood draw,$35
CLM2093,90707,MMR vaccine,$82
CLM2094,85025,Complete blood count,$42
CLM2095,90834,Psychotherapy 45 minutes,$135
CLM2095,90837,Psychotherapy 60 minutes,$208
CLM2095,90791,Psychiatric diagnostic evaluation,$295
CLM2096,87070,Bacteria culture,$89
CLM2096,85025,Complete blood count,$46
CLM2097,99214,Detailed office visit,$131
CLM2097,88175,Pap smear cytology,$78
CLM2098,36415,Blood draw,$35
CLM2099,87070,Bacteria culture,$93
CLM2099,36415,Blood draw,$31
CLM2100,87880,Rapid strep test,$35
CLM2101,71020,Chest X-ray,$111
CLM2101,87070,Bacteria culture,$84
CLM2102,84443,TSH test,$53
CLM2102,36415,Blood draw,$34
CLM2103,80053,Comprehensive metabolic panel,$55
CLM2104,95810,Sleep study,$1482
CLM2104,94010,Spirometry,$85
CLM2105,88175,Pap smear cytology,$80
CLM2106,90791,Psychiatric diagnostic evaluation,$248
CLM2107,71020,Chest X-ray,$101
CLM2107,87070,Bacteria culture,$76
CLM2108,93000,EKG/ECG with interpretation,$145
CLM2108,93306,Echocardiogram complete,$1176
CLM2109,87880,Rapid strep test,$35
CLM2110,85025,Complete blood count,$48
CLM2110,96415,Chemotherapy infusion additional hour,$319
CLM2111,85025,Complete blood count,$45
CLM2112,94640,Nebulizer treatment,$46
CLM2113,99213,Office/outpatient visit,$122
CLM2114,93000,EKG/ECG with interpretation,$172
CLM2115,94010,Spirometry,$93
CLM2116,99214,Detailed office visit,$153
CLM2116,36415,Blood draw,$29
CLM2117,90834,Psychotherapy 45 minutes,$151
CLM2117,90837,Psychotherapy 60 minutes,$198
CLM2118,85025,Complete blood count,$50
CLM2119,99214,Detailed office visit,$124
CLM2120,93458,Cardiac catheterization,$4938
CLM2121,90460,Immunization administration,$38
CLM2122,80061,Lipid panel,$57
CLM2122,87070,Bacteria culture,$76
CLM2122,85025,Complete blood count,$49
CLM2123,99214,Detailed office visit,$126
CLM2123,93015,Cardiac stress test,$879
CLM2124,93015,Cardiac stress test,$964
CLM2124,99214,Detailed office visit,$147
CLM2124,93000,EKG/ECG with interpretation,$143
CLM2125,36415,Blood draw,$31
CLM2126,90707,MMR vaccine,$90
CLM2126,90460,Immunization administration,$47
CLM2127,71020,Chest X-ray,$108
CLM2128,87880,Rapid strep test,$39
CLM2129,83036,Hemoglobin A1c,$46
CLM2130,90707,MMR vaccine,$100
CLM2131,73721,MRI knee,$1496
CLM2131,73030,Shoulder X-ray,$140
CLM2132,93000,EKG/ECG with interpretation,$175
CLM2132,36415,Blood draw,$31
CLM2133,93000,EKG/ECG with interpretation,$157
CLM2134,99213,Office/outpatient visit,$114
CLM2135,36415,Blood draw,$34
CLM2135,71020,Chest X-ray,$116
CLM2136,73030,Shoulder X-ray,$133
CLM2137,99214,Detailed office visit,$120
CLM2138,80053,Comprehensive metabolic panel,$58
CLM2138,83036,Hemoglobin A1c,$47
CLM2139,99213,Office/outpatient visit,$127
CLM2140,99213,Office/outpatient visit,$116
CLM2141,99215,Comprehensive office visit,$208
CLM2142,73030,Shoulder X-ray,$134
CLM2143,36415,Blood draw,$35
CLM2143,87070,Bacteria culture,$91
CLM2144,99214,Detailed office visit,$153
CLM2145,36415,Blood draw,$35
CLM2145,84443,TSH test,$59
CLM2146,99214,Detailed office visit,$130
CLM2147,99213,Office/outpatient visit,$119
CLM2147,87880,Rapid strep test,$33
CLM2148,93000,EKG/ECG with interpretation,$151
CLM2148,71020,Chest X-ray,$99
CLM2149,99214,Detailed office visit,$128
CLM2150,90707,MMR vaccine,$88
CLM2150,99213,Office/outpatient visit,$139
CLM2151,99283,ED visit moderate severity,$411
CLM2151,93000,EKG/ECG with interpretation,$165
CLM2151,71020,Chest X-ray,$127
CLM2152,90707,MMR vaccine,$100
CLM2153,99214,Detailed office visit,$152
CLM2153,93000,EKG/ECG with interpretation,$170
CLM2154,87070,Bacteria culture,$94
CLM2155,36415,Blood draw,$33
CLM2156,94010,Spirometry,$85
CLM2157,93306,Echocardiogram complete,$1123
CLM2157,99214,Detailed office visit,$135
CLM2157,93000,EKG/ECG with interpretation,$170
CLM2158,87880,Rapid strep test,$35
CLM2158,90460,Immunization administration,$40
CLM2159,36415,Blood draw,$31
CLM2160,83036,Hemoglobin A1c,$37
CLM2161,83036,Hemoglobin A1c,$38
CLM2161,36415,Blood draw,$33
CLM2162,99213,Office/outpatient visit,$111
CLM2162,36415,Blood draw,$33
CLM2163,99214,Detailed office visit,$136
CLM2163,93306,Echocardiogram complete,$1410
CLM2163,93000,EKG/ECG with interpretation,$156
CLM2164,87070,Bacteria culture,$91
CLM2165,99214,Detailed office visit,$128
CLM2166,36415,Blood draw,$31
CLM2167,85025,Complete blood count,$50
CLM2168,99213,Office/outpatient visit,$137
CLM2168,80061,Lipid panel,$58
CLM2169,99283,ED visit moderate severity,$481
CLM2170,71020,Chest X-ray,$124
CLM2170,36415,Blood draw,$27
CLM2171,71020,Chest X-ray,$107
CLM2171,93000,EKG/ECG with interpretation,$150
CLM2171,99283,ED visit moderate severity,$409
CLM2172,85025,Complete blood count,$52
CLM2173,99392,Preventive visit age 1-4,$177
CLM2173,87880,Rapid strep test,$38
CLM2174,71020,Chest X-ray,$127
CLM2174,94640,Nebulizer treatment,$53
CLM2174,95810,Sleep study,$1521
CLM2175,71020,Chest X-ray,$103
CLM2176,36415,Blood draw,$28
CLM2177,88175,Pap smear cytology,$66
CLM2177,99214,Detailed office visit,$136
CLM2178,90707,MMR vaccine,$105
CLM2178,99213,Office/outpatient visit,$120
CLM2178,99392,Preventive visit age 1-4,$201
CLM2179,87070,Bacteria culture,$81
CLM2179,71020,Chest X-ray,$101
CLM2180,71020,Chest X-ray,$109
CLM2181,93306,Echocardiogram complete,$1347
CLM2182,93000,EKG/ECG with interpretation,$136
CLM2183,36415,Blood draw,$30
CLM2183,85025,Complete blood count,$53
CLM2183,71020,Chest X-ray,$107
CLM2184,99213,Office/outpatient visit,$128
CLM2185,88175,Pap smear cytology,$79
CLM2186,99214,Detailed office visit,$136
CLM2186,80061,Lipid panel,$60
CLM2187,88175,Pap smear cytology,$81
CLM2187,76805,Obstetric ultrasound,$425
CLM2188,99214,Detailed office visit,$139
CLM2188,90834,Psychotherapy 45 minutes,$143
CLM2189,83036,Hemoglobin A1c,$36
CLM2190,99213,Office/outpatient visit,$135
CLM2190,11102,Skin biopsy,$182
CLM2190,96910,Phototherapy treatment,$146
CLM2191,82947,Glucose test,$28
CLM2192,99214,Detailed office visit,$118
CLM2193,99214,Detailed office visit,$135
CLM2193,36415,Blood draw,$31
CLM2193,85025,Complete blood count,$52
CLM2194,99214,Detailed office visit,$138
CLM2195,90707,MMR vaccine,$89
CLM2196,80061,Lipid panel,$64
CLM2197,80053,Comprehensive metabolic panel,$55
CLM2197,80050,General health panel,$297
CLM2198,88175,Pap smear cytology,$73
CLM2199,36415,Blood draw,$33
CLM2199,82947,Glucose test,$24
CLM2200,94010,Spirometry,$104
CLM2200,99214,Detailed office visit,$142
CLM2200,95810,Sleep study,$1411
CLM2201,83036,Hemoglobin A1c,$39
CLM2202,87070,Bacteria culture,$88
CLM2202,85025,Complete blood count,$50
CLM2203,93000,EKG/ECG with interpretation,$164
CLM2204,90707,MMR vaccine,$90
CLM2205,73721,MRI knee,$1473
CLM2205,20610,Major joint injection,$272
CLM2206,90707,MMR vaccine,$105
CLM2206,99392,Preventive visit age 1-4,$208
CLM2207,36415,Blood draw,$28
CLM2207,99213,Office/outpatient visit,$134
CLM2208,99214,Detailed office visit,$141
CLM2209,20610,Major joint injection,$225
CLM2209,99213,Office/outpatient visit,$128
CLM2209,73030,Shoulder X-ray,$137
CLM2210,70450,CT head without contrast,$940
CLM2211,99215,Comprehensive office visit,$197
CLM2212,99215,Comprehensive office visit,$234
CLM2213,99213,Office/outpatient visit,$125
CLM2214,99214,Detailed office visit,$149
CLM2214,90834,Psychotherapy 45 minutes,$135
CLM2215,99214,Detailed office visit,$150
CLM2215,93306,Echocardiogram complete,$1141
CLM2216,20610,Major joint injection,$280
CLM2217,99215,Comprehensive office visit,$209
CLM2218,85025,Complete blood count,$46
CLM2219,99215,Comprehensive office visit,$234
CLM2220,36415,Blood draw,$31
CLM2220,80050,General health panel,$321
CLM2221,93000,EKG/ECG with interpretation,$157
CLM2221,99214,Detailed office visit,$126
CLM2222,71020,Chest X-ray,$108
CLM2223,80053,Comprehensive metabolic panel,$62
CLM2224,99283,ED visit moderate severity,$414
CLM2225,17000,Destruction of skin lesion,$138
CLM2225,99213,Office/outpatient visit,$110
CLM2226,88175,Pap smear cytology,$68
CLM2226,99214,Detailed office visit,$147
CLM2226,76805,Obstetric ultrasound,$426
CLM2227,82947,Glucose test,$25
CLM2227,84443,TSH test,$50
CLM2228,93306,Echocardiogram complete,$1277
CLM2229,85025,Complete blood count,$47
CLM2230,99213,Office/outpatient visit,$140
CLM2231,73721,MRI knee,$1681
CLM2232,93306,Echocardiogram complete,$1274
CLM2233,99213,Office/outpatient visit,$126
CLM2234,99285,ED visit high severity,$1244
CLM2235,85025,Complete blood count,$46
CLM2236,99215,Comprehensive office visit,$217
CLM2237,99214,Detailed office visit,$151
CLM2238,71020,Chest X-ray,$120
CLM2238,36415,Blood draw,$30
CLM2239,73721,MRI knee,$1480
CLM2239,73030,Shoulder X-ray,$116
CLM2239,20610,Major joint injection,$247
CLM2240,93000,EKG/ECG with interpretation,$172
CLM2241,80053,Comprehensive metabolic panel,$62
CLM2241,99215,Comprehensive office visit,$202
CLM2242,36415,Blood draw,$33
CLM2243,93000,EKG/ECG with interpretation,$163
CLM2244,36415,Blood draw,$33
CLM2245,80053,Comprehensive metabolic panel,$57
CLM2246,73030,Shoulder X-ray,$117
CLM2247,80053,Comprehensive metabolic panel,$58
CLM2247,36415,Blood draw,$34
CLM2248,80061,Lipid panel,$51
CLM2248,99213,Office/outpatient visit,$139
CLM2249,85025,Complete blood count,$47
CLM2250,87070,Bacteria culture,$78
CLM2250,99213,Office/outpatient visit,$141
CLM2251,99214,Detailed office visit,$138
CLM2252,77385,IMRT radiation treatment,$2452
CLM2252,96413,Chemotherapy infusion first hour,$1104
CLM2253,99213,Office/outpatient visit,$116
CLM2254,88175,Pap smear cytology,$75
CLM2254,99214,Detailed office visit,$133
CLM2255,17000,Destruction of skin lesion,$119
CLM2256,80053,Comprehensive metabolic panel,$60
CLM2256,99214,Detailed office visit,$128
CLM2256,36415,Blood draw,$27
CLM2257,99213,Office/outpatient visit,$134
CLM2257,73030,Shoulder X-ray,$133
CLM2257,20610,Major joint injection,$283
CLM2258,99392,Preventive visit age 1-4,$205
CLM2258,99213,Office/outpatient visit,$129
CLM2259,17000,Destruction of skin lesion,$111
CLM2260,87070,Bacteria culture,$73
CLM2260,85025,Complete blood count,$47
CLM2261,77385,IMRT radiation treatment,$2722
CLM2261,99215,Comprehensive office visit,$214
CLM2262,99214,Detailed office visit,$148
CLM2262,80061,Lipid panel,$59
CLM2263,17000,Destruction of skin lesion,$141
CLM2263,11102,Skin biopsy,$191
CLM2264,99214,Detailed office visit,$118
CLM2265,90460,Immunization administration,$45
CLM2266,36415,Blood draw,$32
CLM2266,71020,Chest X-ray,$106
CLM2266,80061,Lipid panel,$53
CLM2267,20610,Major joint injection,$243
CLM2268,80050,General health panel,$347
CLM2269,99214,Detailed office visit,$141
CLM2269,83036,Hemoglobin A1c,$41
CLM2269,93000,EKG/ECG with interpretation,$152
CLM2270,90460,Immunization administration,$44
CLM2271,87880,Rapid strep test,$39
CLM2272,17000,Destruction of skin lesion,$109
CLM2273,36415,Blood draw,$32
CLM2274,83036,Hemoglobin A1c,$45
CLM2274,93000,EKG/ECG with interpretation,$151
CLM2275,20610,Major joint injection,$228
CLM2276,99392,Preventive visit age 1-4,$198
CLM2277,99214,Detailed office visit,$140
CLM2277,90834,Psychotherapy 45 minutes,$158
CLM2278,90460,Immunization administration,$36
CLM2279,99213,Office/outpatient visit,$112
CLM2280,99214,Detailed office visit,$135
CLM2281,36415,Blood draw,$35
CLM2282,71020,Chest X-ray,$123
CLM2283,88175,Pap smear cytology,$81
CLM2284,99285,ED visit high severity,$1226
CLM2284,93000,EKG/ECG with interpretation,$167
CLM2285,85025,Complete blood count,$44
CLM2285,80061,Lipid panel,$57
CLM2286,71020,Chest X-ray,$122
CLM2286,87070,Bacteria culture,$83
CLM2287,90837,Psychotherapy 60 minutes,$209
CLM2287,99214,Detailed office visit,$145
CLM2288,36415,Blood draw,$31
CLM2289,85025,Complete blood count,$41
CLM2289,99214,Detailed office visit,$127
CLM2289,87070,Bacteria culture,$75
CLM2290,80053,Comprehensive metabolic panel,$70
CLM2290,93000,EKG/ECG with interpretation,$150
CLM2290,83036,Hemoglobin A1c,$37
CLM2291,99214,Detailed office visit,$141
CLM2292,88175,Pap smear cytology,$72
CLM2293,99214,Detailed office visit,$132
CLM2294,80061,Lipid panel,$64
CLM2294,36415,Blood draw,$34
CLM2295,94640,Nebulizer treatment,$54
CLM2295,99214,Detailed office visit,$129
CLM2296,85025,Complete blood count,$43
CLM2297,17000,Destruction of skin lesion,$118
CLM2297,96910,Phototherapy treatment,$155
CLM2298,85025,Complete blood count,$53
CLM2298,71020,Chest X-ray,$123
CLM2299,36415,Blood draw,$32
CLM2300,93000,EKG/ECG with interpretation,$166
CLM2300,93015,Cardiac stress test,$833
CLM2301,93015,Cardiac stress test,$857
CLM2302,36415,Blood draw,$27
CLM2303,73721,MRI knee,$1401
CLM2304,90707,MMR vaccine,$99
CLM2304,87880,Rapid strep test,$36
CLM2304,90460,Immunization administration,$45
CLM2305,85025,Complete blood count,$51
CLM2306,80061,Lipid panel,$58
CLM2307,80053,Comprehensive metabolic panel,$56
CLM2307,99214,Detailed office visit,$120
CLM2308,36415,Blood draw,$33
CLM2309,99213,Office/outpatient visit,$130
CLM2310,29881,Knee arthroscopy,$5162
CLM2311,85025,Complete blood count,$48
CLM2312,71020,Chest X-ray,$120
CLM2312,87070,Bacteria culture,$84
CLM2313,88175,Pap smear cytology,$78
CLM2313,99214,Detailed office visit,$131
CLM2314,99213,Office/outpatient visit,$112
CLM2315,36415,Blood draw,$33
CLM2315,87070,Bacteria culture,$77
CLM2316,83036,Hemoglobin A1c,$43
CLM2316,80053,Comprehensive metabolic panel,$70
CLM2316,99214,Detailed office visit,$152
CLM2317,70450,CT head without contrast,$863
CLM2317,99285,ED visit high severity,$1279
CLM2317,93000,EKG/ECG with interpretation,$169
CLM2318,80050,General health panel,$292
CLM2319,93000,EKG/ECG with interpretation,$153
CLM2319,99214,Detailed office visit,$140
CLM2320,36415,Blood draw,$33
CLM2321,71020,Chest X-ray,$100
CLM2321,80061,Lipid panel,$61
CLM2322,83036,Hemoglobin A1c,$36
CLM2322,99215,Comprehensive office visit,$210
CLM2323,99214,Detailed office visit,$144
CLM2324,73721,MRI knee,$1429
CLM2325,99213,Office/outpatient visit,$139
CLM2326,99214,Detailed office visit,$123
CLM2327,94640,Nebulizer treatment,$56
CLM2328,36415,Blood draw,$34
CLM2328,80061,Lipid panel,$64
CLM2329,99214,Detailed office visit,$127
CLM2330,93000,EKG/ECG with interpretation,$142
CLM2330,83036,Hemoglobin A1c,$39
CLM2330,80053,Comprehensive metabolic panel,$55
CLM2331,99214,Detailed office visit,$126
CLM2331,93015,Cardiac stress test,$884
CLM2332,99392,Preventive visit age 1-4,$191
CLM2333,36415,Blood draw,$30
CLM2334,93000,EKG/ECG with interpretation,$174
CLM2335,99214,Detailed office visit,$127
CLM2336,90460,Immunization administration,$36
CLM2336,99213,Office/outpatient visit,$115
CLM2337,17000,Destruction of skin lesion,$111
CLM2337,11102,Skin biopsy,$182
CLM2337,99213,Office/outpatient visit,$118
CLM2338,73030,Shoulder X-ray,$139
CLM2339,85025,Complete blood count,$53
CLM2340,99214,Detailed office visit,$135
CLM2341,70450,CT head without contrast,$901
CLM2342,99392,Preventive visit age 1-4,$181
CLM2343,90837,Psychotherapy 60 minutes,$188
CLM2343,90834,Psychotherapy 45 minutes,$161
CLM2344,87070,Bacteria culture,$86
CLM2344,99213,Office/outpatient visit,$113
CLM2344,80050,General health panel,$285
CLM2345,87880,Rapid strep test,$36
CLM2346,99392,Preventive visit age 1-4,$210
CLM2347,99213,Office/outpatient visit,$113
CLM2347,85025,Complete blood count,$52
CLM2347,99214,Detailed office visit,$125
CLM2348,99214,Detailed office visit,$142
CLM2348,94640,Nebulizer treatment,$45
CLM2349,36415,Blood draw,$33
CLM2349,85025,Complete blood count,$50
CLM2350,99214,Detailed office visit,$146
CLM2351,36415,Blood draw,$33
CLM2351,80053,Comprehensive metabolic panel,$58
CLM2352,82947,Glucose test,$26
CLM2352,84443,TSH test,$52
CLM2353,88175,Pap smear cytology,$81
CLM2353,76805,Obstetric ultrasound,$442
CLM2354,93306,Echocardiogram complete,$1334
CLM2355,93000,EKG/ECG with interpretation,$153
CLM2355,93015,Cardiac stress test,$959
CLM2355,99214,Detailed office visit,$144
CLM2356,99214,Detailed office visit,$129
CLM2357,90460,Immunization administration,$36
CLM2358,76805,Obstetric ultrasound,$410
CLM2358,99214,Detailed office visit,$147
CLM2359,99214,Detailed office visit,$153
CLM2360,85025,Complete blood count,$46
CLM2361,85025,Complete blood count,$49
CLM2361,80061,Lipid panel,$50
CLM2361,87070,Bacteria culture,$75
CLM2362,71020,Chest X-ray,$101
CLM2363,90460,Immunization administration,$43
CLM2364,99214,Detailed office visit,$153
CLM2364,88175,Pap smear cytology,$75
CLM2364,76805,Obstetric ultrasound,$384
CLM2365,93000,EKG/ECG with interpretation,$139
CLM2365,36415,Blood draw,$35
CLM2366,83036,Hemoglobin A1c,$41
CLM2367,20610,Major joint injection,$281
CLM2367,99213,Office/outpatient visit,$135
CLM2368,80053,Comprehensive metabolic panel,$55
CLM2368,36415,Blood draw,$35
CLM2369,82947,Glucose test,$25
CLM2369,83036,Hemoglobin A1c,$41
CLM2369,84443,TSH test,$60
CLM2370,99213,Office/outpatient visit,$110
CLM2371,83036,Hemoglobin A1c,$40
CLM2371,36415,Blood draw,$34
CLM2372,87070,Bacteria culture,$76
CLM2372,71020,Chest X-ray,$117
CLM2373,94010,Spirometry,$90
CLM2374,36415,Blood draw,$30
CLM2374,83036,Hemoglobin A1c,$43
CLM2374,99214,Detailed office visit,$150
CLM2375,17000,Destruction of skin lesion,$134
CLM2376,80050,General health panel,$300
CLM2376,36415,Blood draw,$32
CLM2377,99213,Office/outpatient visit,$140
CLM2378,87880,Rapid strep test,$40
CLM2378,90707,MMR vaccine,$93
CLM2379,99283,ED visit moderate severity,$448
CLM2379,93000,EKG/ECG with interpretation,$142
CLM2380,90834,Psychotherapy 45 minutes,$136
CLM2380,90837,Psychotherapy 60 minutes,$194
CLM2380,99214,Detailed office visit,$122
CLM2381,99392,Preventive visit age 1-4,$174
CLM2381,87880,Rapid strep test,$34
CLM2381,90460,Immunization administration,$46
CLM2382,36415,Blood draw,$35
CLM2383,99214,Detailed office visit,$145
CLM2383,90834,Psychotherapy 45 minutes,$135
CLM2384,87070,Bacteria culture,$94
CLM2384,85025,Complete blood count,$47
CLM2385,80061,Lipid panel,$54
CLM2386,80061,Lipid panel,$50
CLM2386,85025,Complete blood count,$41
CLM2387,87070,Bacteria culture,$91
CLM2388,80053,Comprehensive metabolic panel,$58
CLM2389,85025,Complete blood count,$51
CLM2390,36415,Blood draw,$34
CLM2390,71020,Chest X-ray,$107
CLM2391,80061,Lipid panel,$65
CLM2391,87070,Bacteria culture,$78
CLM2391,85025,Complete blood count,$46
CLM2392,99214,Detailed office visit,$152
CLM2393,94010,Spirometry,$85
CLM2393,99214,Detailed office visit,$122
CLM2394,80050,General health panel,$321
CLM2394,83036,Hemoglobin A1c,$45
CLM2395,70450,CT head without contrast,$1040
CLM2395,93000,EKG/ECG with interpretation,$165
CLM2396,99213,Office/outpatient visit,$120
CLM2397,99213,Office/outpatient visit,$135
CLM2397,96910,Phototherapy treatment,$181
CLM2398,99215,Comprehensive office visit,$227
CLM2398,36415,Blood draw,$35
CLM2399,36415,Blood draw,$29
CLM2399,99214,Detailed office visit,$146
CLM2400,17000,Destruction of skin lesion,$112
CLM2401,36415,Blood draw,$33
CLM2402,99214,Detailed office visit,$126
CLM2402,80061,Lipid panel,$58
CLM2403,20610,Major joint injection,$250
CLM2404,87070,Bacteria culture,$77
CLM2405,90791,Psychiatric diagnostic evaluation,$263
CLM2406,87070,Bacteria culture,$77
CLM2407,93015,Cardiac stress test,$996
CLM2408,83036,Hemoglobin A1c,$41
CLM2409,93000,EKG/ECG with interpretation,$145
CLM2409,99214,Detailed office visit,$135
CLM2409,93458,Cardiac catheterization,$4419
CLM2410,83036,Hemoglobin A1c,$45
CLM2410,93000,EKG/ECG with interpretation,$148
CLM2411,99213,Office/outpatient visit,$126
CLM2411,36415,Blood draw,$28
CLM2412,36415,Blood draw,$35
CLM2413,36415,Blood draw,$32
CLM2413,71020,Chest X-ray,$111
CLM2414,99392,Preventive visit age 1-4,$178
CLM2415,99213,Office/outpatient visit,$126
CLM2416,90837,Psychotherapy 60 minutes,$207
CLM2416,90834,Psychotherapy 45 minutes,$146
CLM2416,99214,Detailed office visit,$125
CLM2417,11102,Skin biopsy,$201
CLM2418,36415,Blood draw,$33
CLM2418,87070,Bacteria culture,$82
CLM2419,80061,Lipid panel,$56
CLM2419,99213,Office/outpatient visit,$113
CLM2420,85025,Complete blood count,$49
CLM2420,99213,Office/outpatient visit,$119
CLM2421,80053,Comprehensive metabolic panel,$68
CLM2422,99214,Detailed office visit,$139
CLM2423,36415,Blood draw,$27
CLM2423,93000,EKG/ECG with interpretation,$152
CLM2424,99214,Detailed office visit,$128
CLM2425,93000,EKG/ECG with interpretation,$156
CLM2426,90707,MMR vaccine,$102
CLM2426,87880,Rapid strep test,$35
CLM2427,90834,Psychotherapy 45 minutes,$159
CLM2428,96415,Chemotherapy infusion additional hour,$345
CLM2428,99215,Comprehensive office visit,$201
CLM2429,80050,General health panel,$294
CLM2429,80061,Lipid panel,$53
CLM2430,36415,Blood draw,$27
CLM2431,85025,Complete blood count,$43
CLM2431,80061,Lipid panel,$55
CLM2431,80050,General health panel,$339
CLM2432,17000,Destruction of skin lesion,$116
CLM2432,96910,Phototherapy treatment,$153
CLM2433,94010,Spirometry,$95
CLM2433,99214,Detailed office visit,$131
CLM2434,82947,Glucose test,$27
CLM2435,99213,Office/outpatient visit,$117
CLM2436,85025,Complete blood count,$48
CLM2436,87070,Bacteria culture,$92
CLM2436,36415,Blood draw,$35
CLM2437,11102,Skin biopsy,$166
CLM2437,17000,Destruction of skin lesion,$128
CLM2438,94010,Spirometry,$99
CLM2439,80061,Lipid panel,$59
CLM2440,85025,Complete blood count,$53
CLM2441,36415,Blood draw,$32
CLM2441,93000,EKG/ECG with interpretation,$155
CLM2442,36415,Blood draw,$28
CLM2443,99214,Detailed office visit,$136
CLM2444,99213,Office/outpatient visit,$138
CLM2445,83036,Hemoglobin A1c,$39
CLM2446,99214,Detailed office visit,$139
CLM2447,90460,Immunization administration,$44
CLM2447,87880,Rapid strep test,$34
CLM2448,80053,Comprehensive metabolic panel,$56
CLM2449,87070,Bacteria culture,$82
CLM2449,71020,Chest X-ray,$104
CLM2450,36415,Blood draw,$34
CLM2450,80053,Comprehensive metabolic panel,$60
CLM2450,83036,Hemoglobin A1c,$47
CLM2451,80053,Comprehensive metabolic panel,$65
CLM2451,80050,General health panel,$353
CLM2451,83036,Hemoglobin A1c,$38
CLM2452,93306,Echocardiogram complete,$1404
CLM2453,96415,Chemotherapy infusion additional hour,$393
CLM2453,85025,Complete blood count,$42
CLM2454,93015,Cardiac stress test,$785
CLM2455,80050,General health panel,$352
CLM2456,99214,Detailed office visit,$137
CLM2457,83036,Hemoglobin A1c,$36
CLM2457,36415,Blood draw,$30
CLM2458,36415,Blood draw,$30
CLM2459,85025,Complete blood count,$45
CLM2459,96415,Chemotherapy infusion additional hour,$352
CLM2460,11102,Skin biopsy,$188
CLM2461,80053,Comprehensive metabolic panel,$61
CLM2462,99215,Comprehensive office visit,$229
CLM2463,94010,Spirometry,$100
CLM2464,73030,Shoulder X-ray,$131
CLM2465,99214,Detailed office visit,$128
CLM2465,90791,Psychiatric diagnostic evaluation,$241
CLM2465,90834,Psychotherapy 45 minutes,$132
CLM2466,71020,Chest X-ray,$100
CLM2466,99285,ED visit high severity,$1337
CLM2467,87070,Bacteria culture,$88
CLM2468,99214,Detailed office visit,$118
CLM2469,93000,EKG/ECG with interpretation,$169
CLM2469,80053,Comprehensive metabolic panel,$60
CLM2469,80050,General health panel,$289
CLM2470,94640,Nebulizer treatment,$49
CLM2470,71020,Chest X-ray,$119
CLM2471,99214,Detailed office visit,$117
CLM2472,36415,Blood draw,$35
CLM2472,99214,Detailed office visit,$133
CLM2473,83036,Hemoglobin A1c,$45
CLM2474,11102,Skin biopsy,$209
CLM2474,96910,Phototherapy treatment,$182
CLM2474,17000,Destruction of skin lesion,$129
CLM2475,80061,Lipid panel,$61
CLM2475,99213,Office/outpatient visit,$115
CLM2476,96415,Chemotherapy infusion additional hour,$404
CLM2477,90791,Psychiatric diagnostic evaluation,$274
CLM2478,99214,Detailed office visit,$128
CLM2478,88175,Pap smear cytology,$71
CLM2479,85025,Complete blood count,$50
CLM2479,99214,Detailed office visit,$145
CLM2479,36415,Blood draw,$32
CLM2480,71020,Chest X-ray,$117
CLM2480,99283,ED visit moderate severity,$445
CLM2480,93000,EKG/ECG with interpretation,$138
CLM2481,99214,Detailed office visit,$136
CLM2482,85025,Complete blood count,$52
CLM2482,99215,Comprehensive office visit,$215
CLM2483,99283,ED visit moderate severity,$440
CLM2483,93000,EKG/ECG with interpretation,$135
CLM2484,93000,EKG/ECG with interpretation,$143
CLM2484,71020,Chest X-ray,$106
CLM2485,80053,Comprehensive metabolic panel,$61
CLM2486,93000,EKG/ECG with interpretation,$150
CLM2487,80053,Comprehensive metabolic panel,$64
CLM2488,88175,Pap smear cytology,$66
CLM2489,36415,Blood draw,$28
CLM2490,83036,Hemoglobin A1c,$44
CLM2490,82947,Glucose test,$24
CLM2490,99214,Detailed office visit,$149
CLM2491,93000,EKG/ECG with interpretation,$154
CLM2491,99214,Detailed office visit,$130
CLM2492,99214,Detailed office visit,$123
CLM2493,71020,Chest X-ray,$111
CLM2494,73030,Shoulder X-ray,$109
CLM2495,93306,Echocardiogram complete,$1147
CLM2495,93000,EKG/ECG with interpretation,$148
CLM2496,85025,Complete blood count,$51
CLM2496,99213,Office/outpatient visit,$133
CLM2497,87880,Rapid strep test,$38
CLM2498,94010,Spirometry,$105
CLM2499,36415,Blood draw,$32
CLM2500,99213,Office/outpatient visit,$134
CLM2501,80061,Lipid panel,$53
CLM2501,99214,Detailed office visit,$127
CLM2502,73030,Shoulder X-ray,$119
CLM2503,90834,Psychotherapy 45 minutes,$147
CLM2503,90791,Psychiatric diagnostic evaluation,$252
CLM2504,80061,Lipid panel,$55
CLM2505,80053,Comprehensive metabolic panel,$57
CLM2505,83036,Hemoglobin A1c,$47
CLM2506,36415,Blood draw,$31
CLM2507,93000,EKG/ECG with interpretation,$175
CLM2507,80053,Comprehensive metabolic panel,$66
CLM2507,99214,Detailed office visit,$128
CLM2508,87880,Rapid strep test,$40
CLM2509,99285,ED visit high severity,$1178
CLM2510,71020,Chest X-ray,$126
CLM2510,70450,CT head without contrast,$895
CLM2510,93000,EKG/ECG with interpretation,$174
CLM2511,11102,Skin biopsy,$188
CLM2512,93015,Cardiac stress test,$926
CLM2513,85025,Complete blood count,$47
CLM2513,96415,Chemotherapy infusion additional hour,$376
CLM2514,90837,Psychotherapy 60 minutes,$184
CLM2514,99214,Detailed office visit,$144
CLM2515,80050,General health panel,$304
CLM2515,99214,Detailed office visit,$130
CLM2516,80050,General health panel,$326
CLM2516,99214,Detailed office visit,$118
CLM2517,99214,Detailed office visit,$150
CLM2517,90791,Psychiatric diagnostic evaluation,$244
CLM2518,99214,Detailed office visit,$126
CLM2519,36415,Blood draw,$32
CLM2519,99215,Comprehensive office visit,$193
CLM2520,93000,EKG/ECG with interpretation,$151
CLM2520,70450,CT head without contrast,$948
CLM2521,85025,Complete blood count,$43
CLM2521,99215,Comprehensive office visit,$201
CLM2522,99283,ED visit moderate severity,$476
CLM2523,99214,Detailed office visit,$148
CLM2524,99214,Detailed office visit,$142
CLM2524,71020,Chest X-ray,$127
CLM2524,94640,Nebulizer treatment,$57
CLM2525,96910,Phototherapy treatment,$167
CLM2526,93000,EKG/ECG with interpretation,$174
CLM2527,36415,Blood draw,$33
CLM2528,83036,Hemoglobin A1c,$36
CLM2528,93000,EKG/ECG with interpretation,$155
CLM2529,36415,Blood draw,$28
CLM2530,71020,Chest X-ray,$127
CLM2530,93000,EKG/ECG with interpretation,$152
CLM2530,99283,ED visit moderate severity,$420
CLM2531,88175,Pap smear cytology,$66
CLM2532,70450,CT head without contrast,$827
CLM2532,71020,Chest X-ray,$110
CLM2532,99285,ED visit high severity,$1121
CLM2533,20610,Major joint injection,$228
CLM2534,99215,Comprehensive office visit,$215
CLM2535,71020,Chest X-ray,$106
CLM2535,70450,CT head without contrast,$1046
CLM2535,99283,ED visit moderate severity,$430
CLM2536,80053,Comprehensive metabolic panel,$68
CLM2536,93000,EKG/ECG with interpretation,$160
CLM2537,20610,Major joint injection,$237
CLM2538,93000,EKG/ECG with interpretation,$156
CLM2539,99285,ED visit high severity,$1381
CLM2540,83036,Hemoglobin A1c,$46
CLM2540,80053,Comprehensive metabolic panel,$60
CLM2541,88175,Pap smear cytology,$71
CLM2541,99214,Detailed office visit,$126
CLM2542,80053,Comprehensive metabolic panel,$66
CLM2542,99214,Detailed office visit,$126
CLM2542,36415,Blood draw,$30
CLM2543,83036,Hemoglobin A1c,$42
CLM2543,99214,Detailed office visit,$123
CLM2544,80061,Lipid panel,$52
CLM2544,36415,Blood draw,$28
CLM2545,94640,Nebulizer treatment,$53
CLM2546,36415,Blood draw,$32
CLM2546,87070,Bacteria culture,$84
CLM2547,99214,Detailed office visit,$134
CLM2548,99214,Detailed office visit,$152
CLM2549,36415,Blood draw,$35
CLM2550,93000,EKG/ECG with interpretation,$161
CLM2551,71020,Chest X-ray,$108
CLM2551,99283,ED visit moderate severity,$456
CLM2552,87070,Bacteria culture,$89
CLM2552,80061,Lipid panel,$62
CLM2553,11102,Skin biopsy,$191
CLM2553,99213,Office/outpatient visit,$127
CLM2554,93015,Cardiac stress test,$831
CLM2555,96910,Phototherapy treatment,$151
CLM2555,99213,Office/outpatient visit,$135
CLM2556,36415,Blood draw,$30
CLM2557,99214,Detailed office visit,$129
CLM2558,36415,Blood draw,$31
CLM2558,80050,General health panel,$282
CLM2559,90460,Immunization administration,$46
CLM2560,90837,Psychotherapy 60 minutes,$197
CLM2560,99214,Detailed office visit,$149
CLM2560,90834,Psychotherapy 45 minutes,$137
CLM2561,83036,Hemoglobin A1c,$39
CLM2562,90834,Psychotherapy 45 minutes,$160
CLM2562,90791,Psychiatric diagnostic evaluation,$270
CLM2563,90707,MMR vaccine,$93
CLM2564,80061,Lipid panel,$60
CLM2565,80053,Comprehensive metabolic panel,$57
CLM2565,83036,Hemoglobin A1c,$38
CLM2566,90834,Psychotherapy 45 minutes,$147
CLM2566,90837,Psychotherapy 60 minutes,$209
CLM2567,99213,Office/outpatient visit,$123
CLM2567,71020,Chest X-ray,$114
CLM2567,36415,Blood draw,$34
CLM2568,80061,Lipid panel,$53
CLM2568,99213,Office/outpatient visit,$123
CLM2569,99285,ED visit high severity,$1090
CLM2570,80050,General health panel,$275
CLM2571,94010,Spirometry,$97
CLM2572,73721,MRI knee,$1703
CLM2573,87880,Rapid strep test,$36
CLM2573,90460,Immunization administration,$40
CLM2573,99213,Office/outpatient visit,$110
CLM2574,85025,Complete blood count,$51
CLM2575,83036,Hemoglobin A1c,$47
CLM2576,83036,Hemoglobin A1c,$46
CLM2577,87880,Rapid strep test,$32
CLM2578,99214,Detailed office visit,$134
CLM2579,99214,Detailed office visit,$144
CLM2580,99213,Office/outpatient visit,$115
CLM2580,17000,Destruction of skin lesion,$132
CLM2580,96910,Phototherapy treatment,$178
CLM2581,87880,Rapid strep test,$35
CLM2581,90707,MMR vaccine,$88
CLM2581,90460,Immunization administration,$42
CLM2582,70450,CT head without contrast,$877
CLM2582,99283,ED visit moderate severity,$438
CLM2583,99213,Office/outpatient visit,$142
CLM2584,99215,Comprehensive office visit,$246
CLM2585,11102,Skin biopsy,$178
CLM2586,36415,Blood draw,$33
CLM2586,85025,Complete blood count,$41
CLM2587,93458,Cardiac catheterization,$5219
CLM2588,99214,Detailed office visit,$145
CLM2588,85025,Complete blood count,$42
CLM2589,71020,Chest X-ray,$122
CLM2589,36415,Blood draw,$34
CLM2590,93000,EKG/ECG with interpretation,$175
CLM2590,99214,Detailed office visit,$121
CLM2590,93015,Cardiac stress test,$995
CLM2591,36415,Blood draw,$34
CLM2592,99213,Office/outpatient visit,$118
CLM2592,99392,Preventive visit age 1-4,$211
CLM2592,90707,MMR vaccine,$106
CLM2593,83036,Hemoglobin A1c,$37
CLM2593,99214,Detailed office visit,$135
CLM2593,99215,Comprehensive office visit,$215
CLM2594,88175,Pap smear cytology,$79
CLM2594,99214,Detailed office visit,$136
CLM2595,71020,Chest X-ray,$111
CLM2595,99213,Office/outpatient visit,$116
CLM2596,71020,Chest X-ray,$106
CLM2597,99214,Detailed office visit,$131
CLM2597,93000,EKG/ECG with interpretation,$136
CLM2598,99215,Comprehensive office visit,$204
CLM2599,99214,Detailed office visit,$121
CLM2600,96415,Chemotherapy infusion additional hour,$349
CLM2601,73030,Shoulder X-ray,$118
CLM2602,99214,Detailed office visit,$143
CLM2603,83036,Hemoglobin A1c,$47
CLM2603,36415,Blood draw,$34
CLM2604,17000,Destruction of skin lesion,$111
CLM2605,99214,Detailed office visit,$126
CLM2606,93000,EKG/ECG with interpretation,$169
CLM2607,94640,Nebulizer treatment,$47
CLM2607,94010,Spirometry,$96
CLM2607,99214,Detailed office visit,$133
CLM2608,83036,Hemoglobin A1c,$46
CLM2608,36415,Blood draw,$27
CLM2609,93015,Cardiac stress test,$814
CLM2610,93000,EKG/ECG with interpretation,$145
CLM2610,99214,Detailed office visit,$124
CLM2610,93306,Echocardiogram complete,$1203
CLM2611,96910,Phototherapy treatment,$181
CLM2612,99213,Office/outpatient visit,$141
CLM2613,83036,Hemoglobin A1c,$43
CLM2613,82947,Glucose test,$23
CLM2613,36415,Blood draw,$33
CLM2614,17000,Destruction of skin lesion,$112
CLM2615,77385,IMRT radiation treatment,$2490
CLM2615,96415,Chemotherapy infusion additional hour,$337
CLM2616,99283,ED visit moderate severity,$515
CLM2616,71020,Chest X-ray,$114
CLM2617,99213,Office/outpatient visit,$122
CLM2617,85025,Complete blood count,$49
CLM2617,71020,Chest X-ray,$107
CLM2618,73721,MRI knee,$1631
CLM2619,99214,Detailed office visit,$124
CLM2619,90837,Psychotherapy 60 minutes,$188
CLM2620,80050,General health panel,$294
CLM2620,80061,Lipid panel,$55
CLM2621,99213,Office/outpatient visit,$140
CLM2621,20610,Major joint injection,$248
CLM2621,29881,Knee arthroscopy,$5789
CLM2622,90791,Psychiatric diagnostic evaluation,$265
CLM2623,36415,Blood draw,$30
CLM2624,76805,Obstetric ultrasound,$462
CLM2625,80061,Lipid panel,$51
CLM2626,90791,Psychiatric diagnostic evaluation,$245
CLM2627,93000,EKG/ECG with interpretation,$157
CLM2628,73030,Shoulder X-ray,$131
CLM2629,99214,Detailed office visit,$150
CLM2629,93000,EKG/ECG with interpretation,$163
CLM2630,80061,Lipid panel,$55
CLM2630,36415,Blood draw,$34
CLM2631,99213,Office/outpatient visit,$120
CLM2632,96910,Phototherapy treatment,$166
CLM2632,17000,Destruction of skin lesion,$121
CLM2632,99213,Office/outpatient visit,$128
CLM2633,80053,Comprehensive metabolic panel,$68
CLM2633,36415,Blood draw,$35
CLM2634,80053,Comprehensive metabolic panel,$63
CLM2635,99214,Detailed office visit,$131
CLM2636,71020,Chest X-ray,$118
CLM2637,93458,Cardiac catheterization,$4433
CLM2638,94010,Spirometry,$84
CLM2638,99214,Detailed office visit,$151
CLM2638,94640,Nebulizer treatment,$59
CLM2639,36415,Blood draw,$27
CLM2640,80053,Comprehensive metabolic panel,$57
CLM2641,93000,EKG/ECG with interpretation,$159
CLM2642,88175,Pap smear cytology,$68
CLM2642,99214,Detailed office visit,$121
CLM2643,80053,Comprehensive metabolic panel,$61
CLM2644,99213,Office/outpatient visit,$111
CLM2644,36415,Blood draw,$33
CLM2645,94010,Spirometry,$95
CLM2646,99214,Detailed office visit,$131
CLM2647,80061,Lipid panel,$56
CLM2648,87070,Bacteria culture,$81
CLM2648,80061,Lipid panel,$64
CLM2649,76805,Obstetric ultrasound,$398
CLM2649,99214,Detailed office visit,$145
CLM2649,88175,Pap smear cytology,$65
CLM2650,90460,Immunization administration,$43
CLM2651,85025,Complete blood count,$51
CLM2651,80061,Lipid panel,$56
CLM2651,36415,Blood draw,$28
CLM2652,93306,Echocardiogram complete,$1169
CLM2652,93458,Cardiac catheterization,$4644
CLM2653,83036,Hemoglobin A1c,$40
CLM2654,93458,Cardiac catheterization,$4871
CLM2654,93015,Cardiac stress test,$839
CLM2655,71020,Chest X-ray,$122
CLM2656,85025,Complete blood count,$50
CLM2656,80061,Lipid panel,$61
CLM2657,29881,Knee arthroscopy,$5367
CLM2658,99214,Detailed office visit,$128
CLM2658,99213,Office/outpatient visit,$130
CLM2659,99215,Comprehensive office visit,$198
CLM2659,77385,IMRT radiation treatment,$2168
CLM2659,85025,Complete blood count,$51
CLM2660,90707,MMR vaccine,$93
CLM2661,90460,Immunization administration,$37
CLM2662,85025,Complete blood count,$51
CLM2663,36415,Blood draw,$35
CLM2663,80053,Comprehensive metabolic panel,$55
CLM2663,83036,Hemoglobin A1c,$42
CLM2664,80050,General health panel,$334
CLM2665,85025,Complete blood count,$52
CLM2666,99215,Comprehensive office visit,$202
CLM2667,99213,Office/outpatient visit,$130
CLM2667,20610,Major joint injection,$228
CLM2668,71020,Chest X-ray,$109
CLM2669,36415,Blood draw,$34
CLM2670,17000,Destruction of skin lesion,$130
CLM2670,11102,Skin biopsy,$163
CLM2670,99213,Office/outpatient visit,$111
CLM2671,80050,General health panel,$315
CLM2671,85025,Complete blood count,$45
CLM2672,93000,EKG/ECG with interpretation,$150
CLM2672,70450,CT head without contrast,$853
CLM2673,93000,EKG/ECG with interpretation,$164
CLM2673,99215,Comprehensive office visit,$205
CLM2674,83036,Hemoglobin A1c,$46
CLM2675,93000,EKG/ECG with interpretation,$135
CLM2675,99214,Detailed office visit,$125
CLM2675,93015,Cardiac stress test,$892
CLM2676,84443,TSH test,$59
CLM2676,83036,Hemoglobin A1c,$47
CLM2677,99214,Detailed office visit,$131
CLM2677,80061,Lipid panel,$63
CLM2678,80061,Lipid panel,$55
CLM2679,94640,Nebulizer treatment,$49
CLM2679,71020,Chest X-ray,$117
CLM2680,99213,Office/outpatient visit,$134
CLM2680,73721,MRI knee,$1748
CLM2680,73030,Shoulder X-ray,$122
CLM2681,99214,Detailed office visit,$134
CLM2682,99214,Detailed office visit,$129
CLM2683,94010,Spirometry,$103
CLM2684,73030,Shoulder X-ray,$117
CLM2684,99213,Office/outpatient visit,$137
CLM2685,93000,EKG/ECG with interpretation,$150
CLM2685,99283,ED visit moderate severity,$530
CLM2685,71020,Chest X-ray,$106
CLM2686,99214,Detailed office visit,$127
CLM2687,36415,Blood draw,$32
CLM2688,90707,MMR vaccine,$86
CLM2689,80053,Comprehensive metabolic panel,$61
CLM2689,36415,Blood draw,$34
CLM2689,83036,Hemoglobin A1c,$37
CLM2690,99213,Office/outpatient visit,$127
CLM2690,17000,Destruction of skin lesion,$120
CLM2691,99215,Comprehensive office visit,$191
CLM2691,36415,Blood draw,$29
CLM2691,80053,Comprehensive metabolic panel,$62
CLM2692,80061,Lipid panel,$53
CLM2693,85025,Complete blood count,$42
CLM2693,77385,IMRT radiation treatment,$2327
CLM2694,99213,Office/outpatient visit,$118
CLM2695,85025,Complete blood count,$51
CLM2696,99213,Office/outpatient visit,$141
CLM2697,87070,Bacteria culture,$83
CLM2697,36415,Blood draw,$35
CLM2698,85025,Complete blood count,$41
CLM2698,36415,Blood draw,$35
CLM2699,71020,Chest X-ray,$107
CLM2699,99285,ED visit high severity,$1217
CLM2700,99214,Detailed office visit,$152
CLM2700,94640,Nebulizer treatment,$51
CLM2701,85025,Complete blood count,$47
CLM2701,99215,Comprehensive office visit,$209
CLM2702,99213,Office/outpatient visit,$139
CLM2703,96910,Phototherapy treatment,$179
CLM2704,80050,General health panel,$295
CLM2704,80053,Comprehensive metabolic panel,$56
CLM2705,80053,Comprehensive metabolic panel,$63
CLM2705,83036,Hemoglobin A1c,$46
CLM2706,80061,Lipid panel,$56
CLM2706,87070,Bacteria culture,$93
CLM2707,83036,Hemoglobin A1c,$45
CLM2707,93000,EKG/ECG with interpretation,$153
CLM2708,83036,Hemoglobin A1c,$46
CLM2709,99213,Office/outpatient visit,$121
CLM2710,71020,Chest X-ray,$120
CLM2710,99285,ED visit high severity,$1395
CLM2711,99214,Detailed office visit,$122
CLM2712,80050,General health panel,$347
CLM2713,90460,Immunization administration,$43
CLM2714,94640,Nebulizer treatment,$45
CLM2714,94010,Spirometry,$105
CLM2715,99213,Office/outpatient visit,$135
CLM2716,80053,Comprehensive metabolic panel,$55
CLM2717,90791,Psychiatric diagnostic evaluation,$255
CLM2717,90834,Psychotherapy 45 minutes,$143
CLM2718,80061,Lipid panel,$63
CLM2719,94640,Nebulizer treatment,$53
CLM2719,94010,Spirometry,$99
CLM2719,99214,Detailed office visit,$127
CLM2720,36415,Blood draw,$27
CLM2720,83036,Hemoglobin A1c,$41
CLM2721,99214,Detailed office visit,$140
CLM2721,36415,Blood draw,$29
CLM2722,87070,Bacteria culture,$73
CLM2723,11102,Skin biopsy,$190
CLM2723,99213,Office/outpatient visit,$135
CLM2724,99285,ED visit high severity,$1112
CLM2725,83036,Hemoglobin A1c,$41
CLM2725,99214,Detailed office visit,$139
CLM2726,20610,Major joint injection,$231
CLM2727,99214,Detailed office visit,$131
CLM2728,93000,EKG/ECG with interpretation,$140
CLM2728,99214,Detailed office visit,$131
CLM2729,59400,Routine obstetric care,$3916
CLM2730,99213,Office/outpatient visit,$122
CLM2730,96910,Phototherapy treatment,$178
CLM2731,99213,Office/outpatient visit,$138
CLM2732,83036,Hemoglobin A1c,$45
CLM2732,36415,Blood draw,$31
CLM2733,80050,General health panel,$296
CLM2733,36415,Blood draw,$30
CLM2734,20610,Major joint injection,$241
CLM2735,99213,Office/outpatient visit,$127
CLM2736,99214,Detailed office visit,$124
CLM2737,99214,Detailed office visit,$133
CLM2738,73030,Shoulder X-ray,$118
CLM2738,20610,Major joint injection,$283
CLM2738,99213,Office/outpatient visit,$112
CLM2739,36415,Blood draw,$29
CLM2740,36415,Blood draw,$29
CLM2741,99215,Comprehensive office visit,$226
CLM2741,85025,Complete blood count,$51
CLM2742,71020,Chest X-ray,$123
CLM2742,36415,Blood draw,$34
CLM2743,88175,Pap smear cytology,$64
CLM2743,99214,Detailed office visit,$129
CLM2744,85025,Complete blood count,$52
CLM2745,85025,Complete blood count,$44
CLM2746,93015,Cardiac stress test,$856
CLM2746,93000,EKG/ECG with interpretation,$166
CLM2747,93000,EKG/ECG with interpretation,$137
CLM2748,99214,Detailed office visit,$117
CLM2748,90791,Psychiatric diagnostic evaluation,$234
CLM2748,90837,Psychotherapy 60 minutes,$198
CLM2749,99213,Office/outpatient visit,$124
CLM2750,36415,Blood draw,$31
CLM2750,99214,Detailed office visit,$152
CLM2751,87880,Rapid strep test,$39
CLM2751,99213,Office/outpatient visit,$131
CLM2751,90707,MMR vaccine,$91
CLM2752,99214,Detailed office visit,$128
CLM2752,85025,Complete blood count,$45
CLM2753,80053,Comprehensive metabolic panel,$71
CLM2753,36415,Blood draw,$27
CLM2754,99214,Detailed office visit,$125
CLM2754,90791,Psychiatric diagnostic evaluation,$234
CLM2755,93000,EKG/ECG with interpretation,$175
CLM2756,99214,Detailed office visit,$136
CLM2757,94640,Nebulizer treatment,$56
CLM2758,90460,Immunization administration,$39
CLM2759,90460,Immunization administration,$46
CLM2760,90834,Psychotherapy 45 minutes,$155
CLM2761,99213,Office/outpatient visit,$131
CLM2761,87070,Bacteria culture,$88
CLM2762,93306,Echocardiogram complete,$1113
CLM2763,36415,Blood draw,$32
CLM2764,83036,Hemoglobin A1c,$44
CLM2765,83036,Hemoglobin A1c,$46
CLM2766,94640,Nebulizer treatment,$56
CLM2767,96415,Chemotherapy infusion additional hour,$342
CLM2768,83036,Hemoglobin A1c,$37
CLM2769,90791,Psychiatric diagnostic evaluation,$235
CLM2769,99214,Detailed office visit,$120
CLM2770,99213,Office/outpatient visit,$129
CLM2771,93015,Cardiac stress test,$843
CLM2772,36415,Blood draw,$30
CLM2772,80061,Lipid panel,$56
CLM2772,85025,Complete blood count,$44
CLM2773,88175,Pap smear cytology,$69
CLM2773,99214,Detailed office visit,$135
CLM2773,76805,Obstetric ultrasound,$372
CLM2774,90837,Psychotherapy 60 minutes,$194
CLM2775,93000,EKG/ECG with interpretation,$160
CLM2775,99214,Detailed office visit,$140
CLM2776,88175,Pap smear cytology,$79
CLM2777,90791,Psychiatric diagnostic evaluation,$286
CLM2778,80050,General health panel,$324
CLM2779,36415,Blood draw,$30
CLM2780,93000,EKG/ECG with interpretation,$152
CLM2781,99214,Detailed office visit,$142
CLM2782,99214,Detailed office visit,$127
CLM2783,99214,Detailed office visit,$118
CLM2783,90837,Psychotherapy 60 minutes,$181
CLM2784,11102,Skin biopsy,$184
CLM2784,99213,Office/outpatient visit,$121
CLM2785,99214,Detailed office visit,$137
CLM2786,90834,Psychotherapy 45 minutes,$143
CLM2787,85025,Complete blood count,$50
CLM2788,99213,Office/outpatient visit,$109
CLM2789,80061,Lipid panel,$54
CLM2789,71020,Chest X-ray,$107
CLM2790,71020,Chest X-ray,$129
CLM2791,20610,Major joint injection,$254
CLM2791,29881,Knee arthroscopy,$5812
CLM2791,73030,Shoulder X-ray,$134
CLM2792,90460,Immunization administration,$37
CLM2792,87880,Rapid strep test,$35
CLM2793,99214,Detailed office visit,$129
CLM2794,93015,Cardiac stress test,$777
CLM2795,99214,Detailed office visit,$149
CLM2795,80053,Comprehensive metabolic panel,$57
CLM2796,99215,Comprehensive office visit,$247
CLM2796,80050,General health panel,$305
CLM2797,93015,Cardiac stress test,$801
CLM2797,93306,Echocardiogram complete,$1318
CLM2798,73030,Shoulder X-ray,$121
CLM2799,93000,EKG/ECG with interpretation,$168
CLM2800,85025,Complete blood count,$50
CLM2800,96415,Chemotherapy infusion additional hour,$319
CLM2801,99214,Detailed office visit,$125
CLM2801,93000,EKG/ECG with interpretation,$144
CLM2802,99214,Detailed office visit,$140
CLM2802,93000,EKG/ECG with interpretation,$137
CLM2803,99285,ED visit high severity,$1199
CLM2804,73030,Shoulder X-ray,$118
CLM2805,71020,Chest X-ray,$107
CLM2805,85025,Complete blood count,$42
CLM2806,87070,Bacteria culture,$91
CLM2806,80061,Lipid panel,$63
CLM2806,85025,Complete blood count,$43
CLM2807,93000,EKG/ECG with interpretation,$165
CLM2808,87880,Rapid strep test,$37
CLM2808,90460,Immunization administration,$44
CLM2809,80050,General health panel,$317
CLM2810,99213,Office/outpatient visit,$127
CLM2810,36415,Blood draw,$30
CLM2811,87070,Bacteria culture,$77
CLM2812,99215,Comprehensive office visit,$246
CLM2813,93000,EKG/ECG with interpretation,$149
CLM2814,36415,Blood draw,$33
CLM2814,99213,Office/outpatient visit,$131
CLM2815,99285,ED visit high severity,$1134
CLM2816,83036,Hemoglobin A1c,$44
CLM2817,83036,Hemoglobin A1c,$47
CLM2818,20610,Major joint injection,$283
CLM2819,99214,Detailed office visit,$144
CLM2820,83036,Hemoglobin A1c,$38
CLM2821,99214,Detailed office visit,$133
CLM2822,36415,Blood draw,$30
CLM2823,17000,Destruction of skin lesion,$128
CLM2823,11102,Skin biopsy,$210
CLM2824,36415,Blood draw,$31
CLM2825,73030,Shoulder X-ray,$115
CLM2826,99214,Detailed office visit,$118
CLM2827,20610,Major joint injection,$260
CLM2828,85025,Complete blood count,$48
CLM2829,99214,Detailed office visit,$141
CLM2830,99215,Comprehensive office visit,$241
CLM2831,36415,Blood draw,$28
CLM2832,87070,Bacteria culture,$75
CLM2833,80050,General health panel,$315
CLM2834,99283,ED visit moderate severity,$525
CLM2835,93000,EKG/ECG with interpretation,$147
CLM2835,36415,Blood draw,$31
CLM2836,99285,ED visit high severity,$1099
CLM2836,99283,ED visit moderate severity,$499
CLM2837,99214,Detailed office visit,$120
CLM2838,93000,EKG/ECG with interpretation,$138
CLM2838,99283,ED visit moderate severity,$469
CLM2838,70450,CT head without contrast,$818
CLM2839,93458,Cardiac catheterization,$5054
CLM2840,71020,Chest X-ray,$114
CLM2840,99285,ED visit high severity,$1324
CLM2841,71020,Chest X-ray,$102
CLM2841,99283,ED visit moderate severity,$450
CLM2841,99285,ED visit high severity,$1246
CLM2842,99214,Detailed office visit,$140
CLM2842,90791,Psychiatric diagnostic evaluation,$236
CLM2843,73030,Shoulder X-ray,$112
CLM2843,99213,Office/outpatient visit,$138
CLM2843,20610,Major joint injection,$231
CLM2844,80061,Lipid panel,$52
CLM2844,71020,Chest X-ray,$103
CLM2844,87070,Bacteria culture,$89
CLM2845,99214,Detailed office visit,$133
CLM2845,94640,Nebulizer treatment,$51
CLM2846,99214,Detailed office visit,$130
CLM2846,93458,Cardiac catheterization,$4861
CLM2847,73030,Shoulder X-ray,$118
CLM2848,99214,Detailed office visit,$124
CLM2848,93306,Echocardiogram complete,$1230
CLM2849,99214,Detailed office visit,$140
CLM2849,82947,Glucose test,$26
CLM2849,83036,Hemoglobin A1c,$46
CLM2850,82947,Glucose test,$28
CLM2851,36415,Blood draw,$27
CLM2851,71020,Chest X-ray,$126
CLM2852,93458,Cardiac catheterization,$4679
CLM2853,94010,Spirometry,$92
CLM2854,11102,Skin biopsy,$200
CLM2855,36415,Blood draw,$28
CLM2855,80053,Comprehensive metabolic panel,$60
CLM2856,73030,Shoulder X-ray,$119
CLM2856,99213,Office/outpatient visit,$110
CLM2857,36415,Blood draw,$33
CLM2858,36415,Blood draw,$28
CLM2859,99214,Detailed office visit,$117
CLM2859,83036,Hemoglobin A1c,$41
CLM2860,99214,Detailed office visit,$151
CLM2861,99213,Office/outpatient visit,$108
CLM2861,11102,Skin biopsy,$171
CLM2862,99214,Detailed office visit,$130
CLM2863,73030,Shoulder X-ray,$137
CLM2864,99215,Comprehensive office visit,$237
CLM2865,80061,Lipid panel,$63
CLM2865,87070,Bacteria culture,$81
CLM2866,71020,Chest X-ray,$105
CLM2867,94010,Spirometry,$93
CLM2868,93000,EKG/ECG with interpretation,$157
CLM2869,87070,Bacteria culture,$94
CLM2869,80061,Lipid panel,$57
CLM2870,99215,Comprehensive office visit,$247
CLM2870,93000,EKG/ECG with interpretation,$152
CLM2871,90707,MMR vaccine,$90
CLM2872,70450,CT head without contrast,$950
CLM2873,94010,Spirometry,$94
CLM2873,94640,Nebulizer treatment,$59
CLM2874,71020,Chest X-ray,$125
CLM2875,93458,Cardiac catheterization,$4642
CLM2876,99214,Detailed office visit,$126
CLM2877,93458,Cardiac catheterization,$4159
CLM2877,93000,EKG/ECG with interpretation,$166
CLM2878,80053,Comprehensive metabolic panel,$56
CLM2879,99214,Detailed office visit,$135
CLM2879,71020,Chest X-ray,$106
CLM2880,99214,Detailed office visit,$133
CLM2881,73030,Shoulder X-ray,$110
CLM2882,36415,Blood draw,$32
CLM2883,17000,Destruction of skin lesion,$128
CLM2883,96910,Phototherapy treatment,$187
CLM2884,87070,Bacteria culture,$88
CLM2885,99214,Detailed office visit,$139
CLM2886,99213,Office/outpatient visit,$110
CLM2886,99392,Preventive visit age 1-4,$165
CLM2887,99213,Office/outpatient visit,$111
CLM2888,36415,Blood draw,$34
CLM2889,87070,Bacteria culture,$81
CLM2889,99214,Detailed office visit,$136
CLM2890,90460,Immunization administration,$37
CLM2890,99392,Preventive visit age 1-4,$198
CLM2891,36415,Blood draw,$32
CLM2891,80053,Comprehensive metabolic panel,$62
CLM2892,82947,Glucose test,$25
CLM2892,83036,Hemoglobin A1c,$47
CLM2893,85025,Complete blood count,$41
CLM2894,36415,Blood draw,$34
CLM2895,80053,Comprehensive metabolic panel,$62
CLM2896,99214,Detailed office visit,$139
CLM2897,36415,Blood draw,$30
CLM2898,71020,Chest X-ray,$101
CLM2898,94010,Spirometry,$95
CLM2899,99214,Detailed office visit,$135
CLM2900,99213,Office/outpatient visit,$127
CLM2901,99213,Office/outpatient visit,$113
CLM2901,96910,Phototherapy treatment,$186
CLM2902,36415,Blood draw,$31
CLM2903,90837,Psychotherapy 60 minutes,$186
CLM2904,93306,Echocardiogram complete,$1347
CLM2904,93000,EKG/ECG with interpretation,$176
CLM2905,73030,Shoulder X-ray,$127
CLM2905,20610,Major joint injection,$254
CLM2905,73721,MRI knee,$1693
CLM2906,71020,Chest X-ray,$112
CLM2906,94010,Spirometry,$93
CLM2906,99214,Detailed office visit,$137
CLM2907,99214,Detailed office visit,$127
CLM2908,99214,Detailed office visit,$134
CLM2908,80061,Lipid panel,$63
CLM2909,99214,Detailed office visit,$119
CLM2909,93000,EKG/ECG with interpretation,$140
CLM2909,93458,Cardiac catheterization,$4345
CLM2910,99214,Detailed office visit,$125
CLM2911,36415,Blood draw,$34
CLM2912,20610,Major joint injection,$251
CLM2912,99213,Office/outpatient visit,$121
CLM2913,85025,Complete blood count,$49
CLM2914,85025,Complete blood count,$42
CLM2915,99213,Office/outpatient visit,$118
CLM2915,96910,Phototherapy treatment,$161
CLM2916,36415,Blood draw,$28
CLM2917,99214,Detailed office visit,$153
CLM2918,11102,Skin biopsy,$163
CLM2918,17000,Destruction of skin lesion,$134
CLM2919,93000,EKG/ECG with interpretation,$174
CLM2919,99283,ED visit moderate severity,$480
CLM2919,71020,Chest X-ray,$114
CLM2920,80061,Lipid panel,$50
CLM2921,11102,Skin biopsy,$185
CLM2922,36415,Blood draw,$28
CLM2922,80050,General health panel,$332
CLM2922,99215,Comprehensive office visit,$215
CLM2923,36415,Blood draw,$27
CLM2924,73030,Shoulder X-ray,$113
CLM2925,17000,Destruction of skin lesion,$137
CLM2926,99214,Detailed office visit,$136
CLM2926,90837,Psychotherapy 60 minutes,$185
CLM2927,99213,Office/outpatient visit,$141
CLM2927,36415,Blood draw,$30
CLM2928,80053,Comprehensive metabolic panel,$66
CLM2929,36415,Blood draw,$30
CLM2929,80050,General health panel,$336
CLM2929,99213,Office/outpatient visit,$127
CLM2930,17000,Destruction of skin lesion,$126
CLM2930,99213,Office/outpatient visit,$135
CLM2931,80053,Comprehensive metabolic panel,$70
CLM2931,83036,Hemoglobin A1c,$38
CLM2931,36415,Blood draw,$30
CLM2932,99283,ED visit moderate severity,$528
CLM2932,71020,Chest X-ray,$109
CLM2933,80061,Lipid panel,$57
CLM2934,99283,ED visit moderate severity,$458
CLM2935,83036,Hemoglobin A1c,$38
CLM2936,80061,Lipid panel,$55
CLM2936,36415,Blood draw,$29
CLM2937,96910,Phototherapy treatment,$177
CLM2937,99213,Office/outpatient visit,$116
CLM2938,90837,Psychotherapy 60 minutes,$197
CLM2939,90707,MMR vaccine,$102
CLM2940,99285,ED visit high severity,$1098
CLM2941,17000,Destruction of skin lesion,$115
CLM2942,36415,Blood draw,$30
CLM2942,87070,Bacteria culture,$87
CLM2943,90707,MMR vaccine,$102
CLM2944,85025,Complete blood count,$43
CLM2945,99213,Office/outpatient visit,$130
CLM2945,20610,Major joint injection,$264
CLM2945,73030,Shoulder X-ray,$122
CLM2946,36415,Blood draw,$29
CLM2947,96910,Phototherapy treatment,$173
CLM2948,80050,General health panel,$325
CLM2948,36415,Blood draw,$27
CLM2949,99215,Comprehensive office visit,$222
CLM2949,96415,Chemotherapy infusion additional hour,$410
CLM2950,85025,Complete blood count,$44
CLM2951,85025,Complete blood count,$42
CLM2951,80061,Lipid panel,$53
CLM2952,99214,Detailed office visit,$153
CLM2953,99213,Office/outpatient visit,$109
CLM2953,99392,Preventive visit age 1-4,$163
CLM2954,93000,EKG/ECG with interpretation,$135
CLM2955,93000,EKG/ECG with interpretation,$138
CLM2955,80053,Comprehensive metabolic panel,$68
CLM2956,71020,Chest X-ray,$123
CLM2956,93000,EKG/ECG with interpretation,$143
CLM2957,85025,Complete blood count,$41
CLM2957,80061,Lipid panel,$55
CLM2958,99213,Office/outpatient visit,$118
CLM2959,80061,Lipid panel,$62
CLM2959,85025,Complete blood count,$52
CLM2960,99215,Comprehensive office visit,$202
CLM2961,36415,Blood draw,$28
CLM2962,94010,Spirometry,$86
CLM2962,71020,Chest X-ray,$118
CLM2963,80050,General health panel,$282
CLM2963,36415,Blood draw,$28
CLM2963,87070,Bacteria culture,$78
CLM2964,93000,EKG/ECG with interpretation,$169
CLM2964,36415,Blood draw,$32
CLM2965,93015,Cardiac stress test,$886
CLM2965,93458,Cardiac catheterization,$4279
CLM2965,99214,Detailed office visit,$127
CLM2966,99214,Detailed office visit,$138
CLM2966,90837,Psychotherapy 60 minutes,$179
CLM2966,90834,Psychotherapy 45 minutes,$131
CLM2967,85025,Complete blood count,$41
CLM2968,80050,General health panel,$300
CLM2969,99214,Detailed office visit,$150
CLM2970,96415,Chemotherapy infusion additional hour,$324
CLM2971,93000,EKG/ECG with interpretation,$147
CLM2971,71020,Chest X-ray,$110
CLM2971,99283,ED visit moderate severity,$434
CLM2972,80053,Comprehensive metabolic panel,$69
CLM2972,99214,Detailed office visit,$138
CLM2972,99215,Comprehensive office visit,$193
CLM2973,80061,Lipid panel,$64
CLM2974,36415,Blood draw,$27
CLM2974,80050,General health panel,$307
CLM2975,99214,Detailed office visit,$122
CLM2976,80061,Lipid panel,$50
CLM2976,71020,Chest X-ray,$112
CLM2977,99214,Detailed office visit,$129
CLM2977,83036,Hemoglobin A1c,$45
CLM2977,36415,Blood draw,$34
CLM2978,80050,General health panel,$329
CLM2978,80061,Lipid panel,$52
CLM2979,36415,Blood draw,$28
CLM2979,85025,Complete blood count,$46
CLM2980,99283,ED visit moderate severity,$504
CLM2980,70450,CT head without contrast,$879
CLM2981,84443,TSH test,$50
CLM2982,83036,Hemoglobin A1c,$43
CLM2983,87880,Rapid strep test,$36
CLM2983,90460,Immunization administration,$42
CLM2984,99213,Office/outpatient visit,$126
CLM2985,36415,Blood draw,$35
CLM2985,99214,Detailed office visit,$151
CLM2985,80050,General health panel,$348
CLM2986,80050,General health panel,$333
CLM2986,36415,Blood draw,$30
CLM2987,36415,Blood draw,$34
CLM2987,85025,Complete blood count,$41
CLM2988,99214,Detailed office visit,$142
CLM2988,93000,EKG/ECG with interpretation,$162
CLM2989,99285,ED visit high severity,$1089
CLM2990,99214,Detailed office visit,$132
CLM2991,36415,Blood draw,$34
CLM2992,85025,Complete blood count,$47
CLM2992,71020,Chest X-ray,$112
CLM2993,99213,Office/outpatient visit,$135
CLM2994,94010,Spirometry,$93
CLM2994,94640,Nebulizer treatment,$49
CLM2994,99214,Detailed office visit,$118
CLM2995,90791,Psychiatric diagnostic evaluation,$287
CLM2996,96910,Phototherapy treatment,$163
CLM2996,11102,Skin biopsy,$187
CLM2996,17000,Destruction of skin lesion,$122
CLM2997,93000,EKG/ECG with interpretation,$175
CLM2997,71020,Chest X-ray,$99
CLM2997,99285,ED visit high severity,$1186
CLM2998,80061,Lipid panel,$51
CLM2999,17000,Destruction of skin lesion,$108
CLM2999,11102,Skin biopsy,$194
CLM3000,99214,Detailed office visit,$146
CLM3000,94640,Nebulizer treatment,$58
CLM3001,99214,Detailed office visit,$147
CLM3001,93000,EKG/ECG with interpretation,$136
CLM3001,93306,Echocardiogram complete,$1283
CLM3002,11102,Skin biopsy,$186
CLM3003,94640,Nebulizer treatment,$57
CLM3003,99214,Detailed office visit,$137
CLM3004,93458,Cardiac catheterization,$4499
CLM3004,99214,Detailed office visit,$125
CLM3004,93000,EKG/ECG with interpretation,$174
CLM3005,80061,Lipid panel,$58
CLM3006,93000,EKG/ECG with interpretation,$139
CLM3007,96910,Phototherapy treatment,$157
CLM3008,36415,Blood draw,$32
CLM3009,99214,Detailed office visit,$142
CLM3009,90791,Psychiatric diagnostic evaluation,$259
CLM3010,93000,EKG/ECG with interpretation,$177
CLM3011,99214,Detailed office visit,$134
CLM3011,36415,Blood draw,$35
CLM3012,99215,Comprehensive office visit,$191
CLM3013,99215,Comprehensive office visit,$204
CLM3013,85025,Complete blood count,$42
CLM3014,99213,Office/outpatient visit,$137
CLM3015,80061,Lipid panel,$64
CLM3015,85025,Complete blood count,$41
CLM3016,17000,Destruction of skin lesion,$141
CLM3017,99214,Detailed office visit,$129
CLM3017,90837,Psychotherapy 60 minutes,$202
CLM3018,20610,Major joint injection,$294
CLM3018,99213,Office/outpatient visit,$141
CLM3018,73030,Shoulder X-ray,$132
CLM3019,36415,Blood draw,$31
CLM3019,99214,Detailed office visit,$118
CLM3020,36415,Blood draw,$28
CLM3021,93000,EKG/ECG with interpretation,$163
CLM3022,99214,Detailed office visit,$151
CLM3022,85025,Complete blood count,$45
CLM3023,90837,Psychotherapy 60 minutes,$168
CLM3024,85025,Complete blood count,$43
CLM3025,80050,General health panel,$328
CLM3025,83036,Hemoglobin A1c,$41
CLM3026,87070,Bacteria culture,$77
CLM3026,85025,Complete blood count,$52
CLM3027,99214,Detailed office visit,$119
CLM3027,84443,TSH test,$56
CLM3028,99213,Office/outpatient visit,$130
CLM3029,90791,Psychiatric diagnostic evaluation,$234
CLM3030,84443,TSH test,$53
CLM3031,99214,Detailed office visit,$128
CLM3032,85025,Complete blood count,$41
CLM3033,93306,Echocardiogram complete,$1186
CLM3033,99214,Detailed office visit,$127
CLM3034,36415,Blood draw,$31
CLM3034,85025,Complete blood count,$44
CLM3035,71020,Chest X-ray,$111
CLM3036,99214,Detailed office visit,$151
CLM3037,99392,Preventive visit age 1-4,$179
CLM3037,99213,Office/outpatient visit,$121
CLM3038,80050,General health panel,$350
CLM3039,36415,Blood draw,$34
CLM3040,71020,Chest X-ray,$108
CLM3041,90707,MMR vaccine,$89
CLM3042,80061,Lipid panel,$61
CLM3042,99213,Office/outpatient visit,$113
CLM3043,36415,Blood draw,$32
CLM3043,80061,Lipid panel,$64
CLM3043,99214,Detailed office visit,$148
CLM3044,99215,Comprehensive office visit,$189
CLM3045,99214,Detailed office visit,$145
CLM3045,36415,Blood draw,$31
CLM3046,36415,Blood draw,$30
CLM3046,80053,Comprehensive metabolic panel,$57
CLM3047,85025,Complete blood count,$52
CLM3047,99215,Comprehensive office visit,$218
CLM3047,96415,Chemotherapy infusion additional hour,$395
CLM3048,93000,EKG/ECG with interpretation,$144
CLM3049,36415,Blood draw,$34
CLM3049,71020,Chest X-ray,$110
CLM3049,85025,Complete blood count,$46
CLM3050,88175,Pap smear cytology,$79
CLM3050,99214,Detailed office visit,$142
CLM3050,76805,Obstetric ultrasound,$457
CLM3051,90834,Psychotherapy 45 minutes,$134
CLM3051,90837,Psychotherapy 60 minutes,$212
CLM3051,90791,Psychiatric diagnostic evaluation,$234
CLM3052,36415,Blood draw,$32
CLM3053,83036,Hemoglobin A1c,$38
CLM3054,80053,Comprehensive metabolic panel,$64
CLM3054,83036,Hemoglobin A1c,$36
CLM3055,80061,Lipid panel,$60
CLM3056,93015,Cardiac stress test,$787
CLM3057,85025,Complete blood count,$45
CLM3057,36415,Blood draw,$32
CLM3058,99213,Office/outpatient visit,$125
CLM3059,80061,Lipid panel,$51
CLM3060,94010,Spirometry,$87
CLM3061,71020,Chest X-ray,$119
CLM3062,99215,Comprehensive office visit,$196
CLM3062,85025,Complete blood count,$46
CLM3063,99214,Detailed office visit,$126
CLM3063,94640,Nebulizer treatment,$49
CLM3064,87070,Bacteria culture,$74
CLM3065,99215,Comprehensive office visit,$190
CLM3066,96413,Chemotherapy infusion first hour,$1157
CLM3067,80050,General health panel,$325
CLM3067,36415,Blood draw,$31
CLM3068,80061,Lipid panel,$52
CLM3069,99214,Detailed office visit,$151
CLM3069,93015,Cardiac stress test,$846
CLM3070,99213,Office/outpatient visit,$113
CLM3070,73030,Shoulder X-ray,$137
CLM3070,29881,Knee arthroscopy,$4833
CLM3071,77385,IMRT radiation treatment,$2293
CLM3071,85025,Complete blood count,$44
CLM3072,93306,Echocardiogram complete,$1165
CLM3073,96910,Phototherapy treatment,$160
CLM3074,99214,Detailed office visit,$129
CLM3075,93000,EKG/ECG with interpretation,$160
CLM3076,36415,Blood draw,$30
CLM3077,99213,Office/outpatient visit,$122
CLM3078,90834,Psychotherapy 45 minutes,$153
CLM3079,93000,EKG/ECG with interpretation,$162
CLM3080,99215,Comprehensive office visit,$206
CLM3080,85025,Complete blood count,$53
CLM3080,96413,Chemotherapy infusion first hour,$1182
CLM3081,99213,Office/outpatient visit,$126
CLM3082,83036,Hemoglobin A1c,$38
CLM3083,93000,EKG/ECG with interpretation,$150
CLM3083,93015,Cardiac stress test,$780
CLM3083,93458,Cardiac catheterization,$4302
CLM3084,99214,Detailed office visit,$134
CLM3084,36415,Blood draw,$27
CLM3084,87070,Bacteria culture,$86
CLM3085,80061,Lipid panel,$62
CLM3086,85025,Complete blood count,$52
CLM3087,99213,Office/outpatient visit,$111
CLM3088,93000,EKG/ECG with interpretation,$157
CLM3089,20610,Major joint injection,$233
CLM3089,99213,Office/outpatient visit,$112
CLM3090,94640,Nebulizer treatment,$47
CLM3090,94010,Spirometry,$96
CLM3090,99214,Detailed office visit,$136
CLM3091,85025,Complete blood count,$44
CLM3092,80050,General health panel,$299
CLM3093,96910,Phototherapy treatment,$183
CLM3094,20610,Major joint injection,$256
CLM3094,73030,Shoulder X-ray,$136
CLM3094,99213,Office/outpatient visit,$141
CLM3095,99214,Detailed office visit,$136
CLM3095,93306,Echocardiogram complete,$1103
CLM3096,36415,Blood draw,$32
CLM3096,80053,Comprehensive metabolic panel,$56
CLM3097,70450,CT head without contrast,$900
CLM3098,93000,EKG/ECG with interpretation,$168
CLM3099,99392,Preventive visit age 1-4,$194
CLM3100,80061,Lipid panel,$62
CLM3101,36415,Blood draw,$29
CLM3101,87070,Bacteria culture,$79
CLM3101,85025,Complete blood count,$46
CLM3102,93015,Cardiac stress test,$892
CLM3102,93000,EKG/ECG with interpretation,$150
CLM3102,93306,Echocardiogram complete,$1325
CLM3103,87880,Rapid strep test,$36
CLM3103,99213,Office/outpatient visit,$118
CLM3104,99213,Office/outpatient visit,$129
CLM3105,96910,Phototherapy treatment,$178
CLM3106,99214,Detailed office visit,$135
CLM3106,99213,Office/outpatient visit,$126
CLM3107,99213,Office/outpatient visit,$124
CLM3107,71020,Chest X-ray,$116
CLM3108,93000,EKG/ECG with interpretation,$139
CLM3109,36415,Blood draw,$32
CLM3109,85025,Complete blood count,$46
CLM3110,90791,Psychiatric diagnostic evaluation,$263
CLM3110,90834,Psychotherapy 45 minutes,$148
CLM3111,90834,Psychotherapy 45 minutes,$147
CLM3111,99214,Detailed office visit,$118
CLM3112,36415,Blood draw,$34
CLM3112,99214,Detailed office visit,$133
CLM3113,87070,Bacteria culture,$87
CLM3113,36415,Blood draw,$32
CLM3114,99214,Detailed office visit,$126
CLM3115,99214,Detailed office visit,$141
CLM3116,87070,Bacteria culture,$91
CLM3116,99214,Detailed office visit,$135
CLM3117,36415,Blood draw,$33
CLM3118,99213,Office/outpatient visit,$124
CLM3119,71020,Chest X-ray,$101
CLM3119,85025,Complete blood count,$43
CLM3120,99215,Comprehensive office visit,$243
CLM3120,36415,Blood draw,$34
CLM3121,90834,Psychotherapy 45 minutes,$157
CLM3122,80050,General health panel,$296
CLM3122,87070,Bacteria culture,$75
CLM3123,99214,Detailed office visit,$143
CLM3123,94010,Spirometry,$103
CLM3124,87880,Rapid strep test,$36
CLM3124,90707,MMR vaccine,$100
CLM3125,87070,Bacteria culture,$79
CLM3126,99214,Detailed office visit,$145
CLM3127,20610,Major joint injection,$253
CLM3127,73030,Shoulder X-ray,$139
CLM3127,73721,MRI knee,$1434
CLM3128,90707,MMR vaccine,$95
CLM3129,71020,Chest X-ray,$126
CLM3130,93015,Cardiac stress test,$892
CLM3131,36415,Blood draw,$28
CLM3132,99214,Detailed office visit,$130
CLM3133,36415,Blood draw,$33
CLM3133,80053,Comprehensive metabolic panel,$59
CLM3134,17000,Destruction of skin lesion,$134
CLM3135,99392,Preventive visit age 1-4,$202
CLM3135,87880,Rapid strep test,$39
CLM3136,80053,Comprehensive metabolic panel,$58
CLM3136,36415,Blood draw,$33
CLM3136,83036,Hemoglobin A1c,$44
CLM3137,99213,Office/outpatient visit,$116
CLM3138,99213,Office/outpatient visit,$128
CLM3139,93000,EKG/ECG with interpretation,$146
CLM3140,85025,Complete blood count,$53
CLM3141,94640,Nebulizer treatment,$54
CLM3142,99214,Detailed office visit,$152
CLM3143,83036,Hemoglobin A1c,$37
CLM3144,83036,Hemoglobin A1c,$40
CLM3145,80050,General health panel,$324
CLM3145,99214,Detailed office visit,$134
CLM3145,99213,Office/outpatient visit,$138
CLM3146,94640,Nebulizer treatment,$54
CLM3146,71020,Chest X-ray,$102
CLM3147,36415,Blood draw,$30
CLM3148,87070,Bacteria culture,$90
CLM3149,90707,MMR vaccine,$88
CLM3150,90707,MMR vaccine,$85
CLM3151,20610,Major joint injection,$239
CLM3152,83036,Hemoglobin A1c,$44
CLM3152,80053,Comprehensive metabolic panel,$70
CLM3153,84443,TSH test,$53
CLM3153,36415,Blood draw,$34
CLM3154,85025,Complete blood count,$49
CLM3154,99214,Detailed office visit,$153
CLM3154,80050,General health panel,$287
CLM3155,99213,Office/outpatient visit,$134
CLM3155,11102,Skin biopsy,$178
CLM3156,73030,Shoulder X-ray,$133
CLM3157,85025,Complete blood count,$48
CLM3158,90791,Psychiatric diagnostic evaluation,$242
CLM3158,90834,Psychotherapy 45 minutes,$127
CLM3159,99214,Detailed office visit,$143
CLM3159,80053,Comprehensive metabolic panel,$67
CLM3159,36415,Blood draw,$28
CLM3160,99214,Detailed office visit,$135
CLM3161,90791,Psychiatric diagnostic evaluation,$295
CLM3162,99214,Detailed office visit,$141
CLM3162,71020,Chest X-ray,$116
CLM3163,90834,Psychotherapy 45 minutes,$136
CLM3163,90791,Psychiatric diagnostic evaluation,$280
CLM3163,99214,Detailed office visit,$123
CLM3164,87880,Rapid strep test,$34
CLM3165,85025,Complete blood count,$50
CLM3166,99213,Office/outpatient visit,$138
CLM3166,73030,Shoulder X-ray,$127
CLM3167,36415,Blood draw,$32
CLM3168,85025,Complete blood count,$45
CLM3168,99213,Office/outpatient visit,$127
CLM3169,17000,Destruction of skin lesion,$132
CLM3170,36415,Blood draw,$29
CLM3170,83036,Hemoglobin A1c,$39
CLM3171,17000,Destruction of skin lesion,$114
CLM3172,96910,Phototherapy treatment,$146
CLM3173,85025,Complete blood count,$42
CLM3173,36415,Blood draw,$28
CLM3174,71020,Chest X-ray,$121
CLM3174,99213,Office/outpatient visit,$132
CLM3175,85025,Complete blood count,$43
CLM3176,80061,Lipid panel,$63
CLM3176,36415,Blood draw,$30
CLM3177,85025,Complete blood count,$49
CLM3178,80053,Comprehensive metabolic panel,$67
CLM3178,36415,Blood draw,$32
CLM3178,83036,Hemoglobin A1c,$40
CLM3179,99215,Comprehensive office visit,$240
CLM3179,96413,Chemotherapy infusion first hour,$1166
CLM3179,85025,Complete blood count,$41
CLM3180,20610,Major joint injection,$242
CLM3180,73030,Shoulder X-ray,$111
CLM3181,83036,Hemoglobin A1c,$47
CLM3181,99215,Comprehensive office visit,$189
CLM3182,99214,Detailed office visit,$149
CLM3183,99215,Comprehensive office visit,$205
CLM3184,99214,Detailed office visit,$139
CLM3185,99392,Preventive visit age 1-4,$192
CLM3186,93000,EKG/ECG with interpretation,$140
CLM3187,90834,Psychotherapy 45 minutes,$127
CLM3187,99214,Detailed office visit,$134
CLM3187,90837,Psychotherapy 60 minutes,$170
CLM3188,99214,Detailed office visit,$141
CLM3188,93000,EKG/ECG with interpretation,$143
CLM3188,93306,Echocardiogram complete,$1327
CLM3189,80061,Lipid panel,$60
CLM3189,36415,Blood draw,$34
CLM3190,99214,Detailed office visit,$124
CLM3191,36415,Blood draw,$28
CLM3192,99213,Office/outpatient visit,$124
CLM3192,85025,Complete blood count,$45
CLM3193,93306,Echocardiogram complete,$1243
CLM3194,36415,Blood draw,$33
CLM3195,36415,Blood draw,$29
CLM3195,71020,Chest X-ray,$100
CLM3196,88175,Pap smear cytology,$74
CLM3197,80053,Comprehensive metabolic panel,$56
CLM3197,83036,Hemoglobin A1c,$39
CLM3198,71020,Chest X-ray,$100
CLM3199,99213,Office/outpatient visit,$133
CLM3199,96910,Phototherapy treatment,$173
CLM3200,93015,Cardiac stress test,$899
CLM3201,99214,Detailed office visit,$150
CLM3201,80061,Lipid panel,$54
CLM3202,99215,Comprehensive office visit,$222
CLM3202,96415,Chemotherapy infusion additional hour,$338
CLM3203,99214,Detailed office visit,$128
CLM3204,90460,Immunization administration,$47
CLM3204,99213,Office/outpatient visit,$116
CLM3205,99392,Preventive visit age 1-4,$210
CLM3206,88175,Pap smear cytology,$79
CLM3207,80050,General health panel,$334
CLM3208,90834,Psychotherapy 45 minutes,$155
CLM3209,99215,Comprehensive office visit,$220
CLM3210,99214,Detailed office visit,$134
CLM3210,88175,Pap smear cytology,$81
CLM3211,90791,Psychiatric diagnostic evaluation,$232
CLM3211,90834,Psychotherapy 45 minutes,$130
CLM3212,73030,Shoulder X-ray,$138
CLM3212,20610,Major joint injection,$243
CLM3213,93015,Cardiac stress test,$986
CLM3213,99214,Detailed office visit,$140
CLM3214,99214,Detailed office visit,$151
CLM3214,94640,Nebulizer treatment,$58
CLM3215,90834,Psychotherapy 45 minutes,$142
CLM3216,71020,Chest X-ray,$113
CLM3217,87070,Bacteria culture,$88
CLM3218,99214,Detailed office visit,$136
CLM3219,94640,Nebulizer treatment,$48
CLM3220,99214,Detailed office visit,$137
CLM3221,94010,Spirometry,$104
CLM3222,96413,Chemotherapy infusion first hour,$1264
CLM3223,88175,Pap smear cytology,$70
CLM3223,59400,Routine obstetric care,$4072
CLM3224,99214,Detailed office visit,$127
CLM3225,36415,Blood draw,$31
CLM3226,73030,Shoulder X-ray,$119
CLM3226,20610,Major joint injection,$276
CLM3227,59400,Routine obstetric care,$3807
CLM3228,93000,EKG/ECG with interpretation,$176
CLM3229,82947,Glucose test,$26
CLM3230,87880,Rapid strep test,$36
CLM3230,90460,Immunization administration,$45
CLM3231,94640,Nebulizer treatment,$55
CLM3231,71020,Chest X-ray,$124
CLM3231,99214,Detailed office visit,$146
CLM3232,71020,Chest X-ray,$104
CLM3232,36415,Blood draw,$28
CLM3232,99213,Office/outpatient visit,$116
CLM3233,90707,MMR vaccine,$98
CLM3233,99392,Preventive visit age 1-4,$203
CLM3233,87880,Rapid strep test,$40
CLM3234,93000,EKG/ECG with interpretation,$136
CLM3235,99213,Office/outpatient visit,$115
CLM3235,17000,Destruction of skin lesion,$121
CLM3236,90834,Psychotherapy 45 minutes,$139
CLM3236,99214,Detailed office visit,$151
CLM3237,71020,Chest X-ray,$106
CLM3238,80050,General health panel,$344
CLM3238,36415,Blood draw,$27
CLM3239,85025,Complete blood count,$41
CLM3239,77385,IMRT radiation treatment,$2465
CLM3240,99215,Comprehensive office visit,$200
CLM3241,73030,Shoulder X-ray,$139
CLM3241,29881,Knee arthroscopy,$4731
CLM3242,93000,EKG/ECG with interpretation,$164
CLM3243,80050,General health panel,$330
CLM3243,36415,Blood draw,$28
CLM3244,99213,Office/outpatient visit,$121
CLM3244,11102,Skin biopsy,$193
CLM3245,99213,Office/outpatient visit,$118
CLM3245,90707,MMR vaccine,$100
CLM3246,93015,Cardiac stress test,$768
CLM3246,99214,Detailed office visit,$131
CLM3247,99214,Detailed office visit,$139
CLM3248,80061,Lipid panel,$50
CLM3249,99213,Office/outpatient visit,$111
CLM3249,90460,Immunization administration,$39
CLM3250,93306,Echocardiogram complete,$1207
CLM3251,87880,Rapid strep test,$41
CLM3251,99213,Office/outpatient visit,$126
CLM3251,90460,Immunization administration,$38
CLM3252,73030,Shoulder X-ray,$109
CLM3252,99213,Office/outpatient visit,$111
CLM3252,20610,Major joint injection,$280
CLM3253,90834,Psychotherapy 45 minutes,$146
CLM3253,99214,Detailed office visit,$130
CLM3254,59400,Routine obstetric care,$3616
CLM3254,99214,Detailed office visit,$139
CLM3255,36415,Blood draw,$31
CLM3256,99215,Comprehensive office visit,$218
CLM3257,73030,Shoulder X-ray,$118
CLM3258,80053,Comprehensive metabolic panel,$61
CLM3258,83036,Hemoglobin A1c,$41
CLM3258,36415,Blood draw,$31
CLM3259,20610,Major joint injection,$253
CLM3260,87880,Rapid strep test,$34
CLM3261,71020,Chest X-ray,$121
CLM3261,99283,ED visit moderate severity,$501
CLM3261,70450,CT head without contrast,$1006
CLM3262,94640,Nebulizer treatment,$46
CLM3263,90834,Psychotherapy 45 minutes,$164
CLM3263,90791,Psychiatric diagnostic evaluation,$232
CLM3263,90837,Psychotherapy 60 minutes,$205
CLM3264,95810,Sleep study,$1443
CLM3265,88175,Pap smear cytology,$78
CLM3266,99214,Detailed office visit,$122
CLM3267,94640,Nebulizer treatment,$50
CLM3267,99214,Detailed office visit,$122
CLM3268,82947,Glucose test,$25
CLM3269,71020,Chest X-ray,$105
CLM3270,80050,General health panel,$340
CLM3271,99214,Detailed office visit,$137
CLM3272,93000,EKG/ECG with interpretation,$149
CLM3273,36415,Blood draw,$35
CLM3274,85025,Complete blood count,$45
CLM3275,85025,Complete blood count,$45
CLM3276,99214,Detailed office visit,$139
CLM3277,99213,Office/outpatient visit,$140
CLM3278,93000,EKG/ECG with interpretation,$175
CLM3279,93000,EKG/ECG with interpretation,$152
CLM3280,94640,Nebulizer treatment,$57
CLM3280,94010,Spirometry,$94
CLM3281,99214,Detailed office visit,$143
CLM3281,90834,Psychotherapy 45 minutes,$154
CLM3282,80053,Comprehensive metabolic panel,$70
CLM3282,99214,Detailed office visit,$144
CLM3283,94640,Nebulizer treatment,$46
CLM3284,85025,Complete blood count,$44
CLM3285,83036,Hemoglobin A1c,$36
CLM3285,36415,Blood draw,$32
CLM3286,80061,Lipid panel,$63
CLM3287,36415,Blood draw,$31
CLM3288,87880,Rapid strep test,$38
CLM3289,99213,Office/outpatient visit,$118
CLM3290,90834,Psychotherapy 45 minutes,$132
CLM3291,85025,Complete blood count,$50
CLM3291,87070,Bacteria culture,$91
CLM3292,99214,Detailed office visit,$120
CLM3292,93306,Echocardiogram complete,$1291
CLM3293,90707,MMR vaccine,$101
CLM3294,71020,Chest X-ray,$124
CLM3295,99214,Detailed office visit,$119
CLM3295,94640,Nebulizer treatment,$46
CLM3296,80053,Comprehensive metabolic panel,$64
CLM3296,99214,Detailed office visit,$118
CLM3297,88175,Pap smear cytology,$77
CLM3298,36415,Blood draw,$34
CLM3298,83036,Hemoglobin A1c,$45
CLM3299,80050,General health panel,$315
CLM3299,83036,Hemoglobin A1c,$42
CLM3299,80053,Comprehensive metabolic panel,$56
CLM3300,99214,Detailed office visit,$133
CLM3301,99283,ED visit moderate severity,$501
CLM3302,99214,Detailed office visit,$147
CLM3303,93015,Cardiac stress test,$887
CLM3303,93000,EKG/ECG with interpretation,$176
CLM3303,99214,Detailed office visit,$153
CLM3304,87880,Rapid strep test,$33
CLM3305,99214,Detailed office visit,$144
CLM3305,82947,Glucose test,$29
CLM3306,85025,Complete blood count,$47
CLM3307,88175,Pap smear cytology,$71
CLM3307,99214,Detailed office visit,$136
CLM3307,76805,Obstetric ultrasound,$461
CLM3308,99392,Preventive visit age 1-4,$180
CLM3309,87070,Bacteria culture,$72
CLM3309,80061,Lipid panel,$59
CLM3310,36415,Blood draw,$32
CLM3311,36415,Blood draw,$31
CLM3311,82947,Glucose test,$28
CLM3312,36415,Blood draw,$30
CLM3312,99214,Detailed office visit,$121
CLM3313,87880,Rapid strep test,$34
CLM3313,90460,Immunization administration,$37
CLM3313,90707,MMR vaccine,$88
CLM3314,99214,Detailed office visit,$149
CLM3315,90460,Immunization administration,$47
CLM3315,99213,Office/outpatient visit,$130
CLM3316,99214,Detailed office visit,$130
CLM3317,99214,Detailed office visit,$149
CLM3318,80053,Comprehensive metabolic panel,$67
CLM3318,36415,Blood draw,$29
CLM3319,99214,Detailed office visit,$146
CLM3320,96910,Phototherapy treatment,$145
CLM3320,17000,Destruction of skin lesion,$134
CLM3321,36415,Blood draw,$33
CLM3322,71020,Chest X-ray,$121
CLM3323,36415,Blood draw,$34
CLM3324,99214,Detailed office visit,$125
CLM3325,71020,Chest X-ray,$128
CLM3325,99214,Detailed office visit,$129
CLM3326,90837,Psychotherapy 60 minutes,$198
CLM3326,99214,Detailed office visit,$122
CLM3327,99392,Preventive visit age 1-4,$198
CLM3328,80050,General health panel,$347
CLM3329,36415,Blood draw,$28
CLM3329,87070,Bacteria culture,$72
CLM3330,99214,Detailed office visit,$149
CLM3331,99214,Detailed office visit,$140
CLM3332,85025,Complete blood count,$45
CLM3332,99213,Office/outpatient visit,$124
CLM3333,36415,Blood draw,$28
CLM3334,80053,Comprehensive metabolic panel,$60
CLM3334,83036,Hemoglobin A1c,$42
CLM3334,36415,Blood draw,$34
CLM3335,36415,Blood draw,$33
CLM3335,87070,Bacteria culture,$83
CLM3336,84443,TSH test,$51
CLM3337,87880,Rapid strep test,$41
CLM3337,90707,MMR vaccine,$93
CLM3338,36415,Blood draw,$35
CLM3339,71020,Chest X-ray,$111
CLM3339,99213,Office/outpatient visit,$135
CLM3340,99215,Comprehensive office visit,$202
CLM3341,36415,Blood draw,$30
CLM3341,99215,Comprehensive office visit,$194
CLM3342,36415,Blood draw,$30
CLM3342,83036,Hemoglobin A1c,$47
CLM3343,36415,Blood draw,$30
CLM3344,88175,Pap smear cytology,$67
CLM3344,76805,Obstetric ultrasound,$412
CLM3344,99214,Detailed office visit,$118
CLM3345,77385,IMRT radiation treatment,$2506
CLM3345,99215,Comprehensive office visit,$217
CLM3345,85025,Complete blood count,$49
CLM3346,11102,Skin biopsy,$169
CLM3347,83036,Hemoglobin A1c,$43
CLM3347,36415,Blood draw,$33
CLM3348,90791,Psychiatric diagnostic evaluation,$235
CLM3348,90834,Psychotherapy 45 minutes,$145
CLM3349,93000,EKG/ECG with interpretation,$168
CLM3349,99214,Detailed office visit,$123
CLM3350,17000,Destruction of skin lesion,$133
CLM3350,11102,Skin biopsy,$166
CLM3350,99213,Office/outpatient visit,$124
CLM3351,36415,Blood draw,$29
CLM3352,83036,Hemoglobin A1c,$45
CLM3352,80053,Comprehensive metabolic panel,$67
CLM3353,36415,Blood draw,$31
CLM3354,11102,Skin biopsy,$167
CLM3355,36415,Blood draw,$27
CLM3356,85025,Complete blood count,$48
CLM3357,99214,Detailed office visit,$151
CLM3357,93015,Cardiac stress test,$891
CLM3358,99213,Office/outpatient visit,$113
CLM3359,99215,Comprehensive office visit,$243
CLM3360,93000,EKG/ECG with interpretation,$148
CLM3361,36415,Blood draw,$33
CLM3361,99214,Detailed office visit,$120
CLM3362,83036,Hemoglobin A1c,$41
CLM3362,82947,Glucose test,$25
CLM3363,99214,Detailed office visit,$121
CLM3364,80061,Lipid panel,$62
CLM3365,36415,Blood draw,$35
CLM3365,71020,Chest X-ray,$124
CLM3366,93000,EKG/ECG with interpretation,$166
CLM3367,99215,Comprehensive office visit,$201
CLM3368,80050,General health panel,$311
CLM3369,36415,Blood draw,$27
CLM3370,83036,Hemoglobin A1c,$36
CLM3370,82947,Glucose test,$29
CLM3371,80061,Lipid panel,$61
CLM3371,71020,Chest X-ray,$126
CLM3371,99214,Detailed office visit,$141
CLM3372,36415,Blood draw,$29
CLM3372,99213,Office/outpatient visit,$120
CLM3373,99214,Detailed office visit,$128
CLM3374,96413,Chemotherapy infusion first hour,$1221
CLM3375,93000,EKG/ECG with interpretation,$152
CLM3376,87070,Bacteria culture,$86
CLM3377,80050,General health panel,$326
CLM3377,36415,Blood draw,$33
CLM3378,99214,Detailed office visit,$150
CLM3378,76805,Obstetric ultrasound,$434
CLM3379,90791,Psychiatric diagnostic evaluation,$237
CLM3379,99214,Detailed office visit,$129
CLM3379,90834,Psychotherapy 45 minutes,$131
CLM3380,36415,Blood draw,$28
CLM3380,80050,General health panel,$270
CLM3380,85025,Complete blood count,$50
CLM3381,99214,Detailed office visit,$147
CLM3381,90834,Psychotherapy 45 minutes,$154
CLM3381,90791,Psychiatric diagnostic evaluation,$290
CLM3382,99392,Preventive visit age 1-4,$183
CLM3382,87880,Rapid strep test,$36
CLM3382,90707,MMR vaccine,$96
CLM3383,87880,Rapid strep test,$34
CLM3383,99392,Preventive visit age 1-4,$187
CLM3384,99213,Office/outpatient visit,$135
CLM3384,80050,General health panel,$303
CLM3384,36415,Blood draw,$27
CLM3385,80061,Lipid panel,$54
CLM3385,80050,General health panel,$316
CLM3386,99285,ED visit high severity,$1184
CLM3387,99214,Detailed office visit,$144
CLM3388,73030,Shoulder X-ray,$125
CLM3389,36415,Blood draw,$29
CLM3390,99214,Detailed office visit,$139
CLM3390,90791,Psychiatric diagnostic evaluation,$240
CLM3391,73721,MRI knee,$1483
CLM3392,85025,Complete blood count,$52
CLM3393,93000,EKG/ECG with interpretation,$144
CLM3394,99213,Office/outpatient visit,$113
CLM3394,11102,Skin biopsy,$192
CLM3395,80050,General health panel,$272
CLM3396,29881,Knee arthroscopy,$5168
CLM3396,99213,Office/outpatient visit,$113
CLM3396,20610,Major joint injection,$287
CLM3397,80050,General health panel,$312
CLM3397,99215,Comprehensive office visit,$206
CLM3398,90707,MMR vaccine,$105
CLM3398,87880,Rapid strep test,$36
CLM3398,90460,Immunization administration,$39
CLM3399,17000,Destruction of skin lesion,$120
CLM3399,99213,Office/outpatient visit,$120
CLM3400,93306,Echocardiogram complete,$1357
CLM3401,99213,Office/outpatient visit,$114
CLM3402,99215,Comprehensive office visit,$198
CLM3403,73721,MRI knee,$1684
CLM3403,73030,Shoulder X-ray,$109
CLM3404,99214,Detailed office visit,$148
CLM3404,93000,EKG/ECG with interpretation,$157
CLM3405,85025,Complete blood count,$46
CLM3406,99214,Detailed office visit,$139
CLM3407,93000,EKG/ECG with interpretation,$171
CLM3408,80050,General health panel,$320
CLM3408,99213,Office/outpatient visit,$130
CLM3408,36415,Blood draw,$29
CLM3409,93015,Cardiac stress test,$915
CLM3410,99214,Detailed office visit,$123
CLM3411,99214,Detailed office visit,$143
CLM3412,17000,Destruction of skin lesion,$123
CLM3413,93015,Cardiac stress test,$786
CLM3414,84443,TSH test,$60
CLM3414,82947,Glucose test,$23
CLM3415,93015,Cardiac stress test,$892
CLM3415,99214,Detailed office visit,$145
CLM3416,82947,Glucose test,$29
CLM3416,36415,Blood draw,$31
CLM3417,93000,EKG/ECG with interpretation,$140
CLM3418,36415,Blood draw,$30
CLM3419,90791,Psychiatric diagnostic evaluation,$259
CLM3420,93000,EKG/ECG with interpretation,$177
CLM3420,71020,Chest X-ray,$114
CLM3421,99213,Office/outpatient visit,$116
CLM3422,85025,Complete blood count,$49
CLM3423,99213,Office/outpatient visit,$138
CLM3424,73030,Shoulder X-ray,$133
CLM3425,17000,Destruction of skin lesion,$124
CLM3426,80053,Comprehensive metabolic panel,$55
CLM3427,93000,EKG/ECG with interpretation,$160
CLM3427,99285,ED visit high severity,$1376
CLM3428,80050,General health panel,$286
CLM3428,36415,Blood draw,$32
CLM3429,90837,Psychotherapy 60 minutes,$184
CLM3430,36415,Blood draw,$30
CLM3430,85025,Complete blood count,$47
CLM3431,99213,Office/outpatient visit,$112
CLM3432,99285,ED visit high severity,$1402
CLM3433,99213,Office/outpatient visit,$110
CLM3434,71020,Chest X-ray,$122
CLM3435,99214,Detailed office visit,$146
CLM3435,93000,EKG/ECG with interpretation,$154
CLM3436,96413,Chemotherapy infusion first hour,$1021
CLM3436,96415,Chemotherapy infusion additional hour,$375
CLM3437,90837,Psychotherapy 60 minutes,$207
CLM3438,99214,Detailed office visit,$128
CLM3439,76805,Obstetric ultrasound,$429
CLM3440,93000,EKG/ECG with interpretation,$172
CLM3441,80053,Comprehensive metabolic panel,$54
CLM3441,99215,Comprehensive office visit,$199
CLM3442,93000,EKG/ECG with interpretation,$155
CLM3442,70450,CT head without contrast,$937
CLM3442,71020,Chest X-ray,$123
CLM3443,99213,Office/outpatient visit,$110
CLM3443,87880,Rapid strep test,$34
CLM3444,80061,Lipid panel,$55
CLM3445,99213,Office/outpatient visit,$133
CLM3446,99213,Office/outpatient visit,$116
CLM3446,71020,Chest X-ray,$124
CLM3447,17000,Destruction of skin lesion,$133
CLM3448,71020,Chest X-ray,$128
CLM3448,36415,Blood draw,$27
CLM3449,83036,Hemoglobin A1c,$41
CLM3449,80053,Comprehensive metabolic panel,$62
CLM3449,99214,Detailed office visit,$146
CLM3450,85025,Complete blood count,$47
CLM3451,11102,Skin biopsy,$197
CLM3452,36415,Blood draw,$29
CLM3453,17000,Destruction of skin lesion,$122
CLM3454,20610,Major joint injection,$266
CLM3454,73030,Shoulder X-ray,$141
CLM3455,36415,Blood draw,$30
CLM3455,71020,Chest X-ray,$129
CLM3456,83036,Hemoglobin A1c,$39
CLM3456,36415,Blood draw,$28
CLM3456,93000,EKG/ECG with interpretation,$159
CLM3457,96415,Chemotherapy infusion additional hour,$327
CLM3457,85025,Complete blood count,$49
CLM3457,99215,Comprehensive office visit,$200
CLM3458,36415,Blood draw,$30
CLM3458,99214,Detailed office visit,$145
CLM3459,71020,Chest X-ray,$110
CLM3460,99214,Detailed office visit,$148
CLM3461,99213,Office/outpatient visit,$140
CLM3462,93306,Echocardiogram complete,$1096
CLM3463,80061,Lipid panel,$57
CLM3463,99214,Detailed office visit,$124
CLM3463,99213,Office/outpatient visit,$135
CLM3464,90707,MMR vaccine,$102
CLM3464,90460,Immunization administration,$37
CLM3465,93000,EKG/ECG with interpretation,$157
CLM3465,99214,Detailed office visit,$119
CLM3466,85025,Complete blood count,$48
CLM3467,99213,Office/outpatient visit,$132
CLM3467,36415,Blood draw,$30
CLM3467,80061,Lipid panel,$54
CLM3468,36415,Blood draw,$35
CLM3469,99214,Detailed office visit,$127
CLM3470,99214,Detailed office visit,$136
CLM3470,85025,Complete blood count,$43
CLM3471,99213,Office/outpatient visit,$124
CLM3471,17000,Destruction of skin lesion,$133
CLM3472,90791,Psychiatric diagnostic evaluation,$274
CLM3472,90837,Psychotherapy 60 minutes,$162
CLM3473,99214,Detailed office visit,$122
CLM3474,36415,Blood draw,$31
CLM3475,90460,Immunization administration,$45
CLM3476,85025,Complete blood count,$49
CLM3476,99214,Detailed office visit,$133
CLM3477,99214,Detailed office visit,$153
CLM3477,80061,Lipid panel,$52
CLM3477,85025,Complete blood count,$44
CLM3478,87070,Bacteria culture,$91
CLM3478,36415,Blood draw,$32
CLM3479,96910,Phototherapy treatment,$162
CLM3479,17000,Destruction of skin lesion,$115
CLM3480,76805,Obstetric ultrasound,$400
CLM3480,99214,Detailed office visit,$142
CLM3481,85025,Complete blood count,$45
CLM3481,80061,Lipid panel,$50
CLM3482,71020,Chest X-ray,$124
CLM3483,80061,Lipid panel,$57
CLM3483,87070,Bacteria culture,$91
CLM3484,99215,Comprehensive office visit,$211
CLM3485,93000,EKG/ECG with interpretation,$162
CLM3486,96413,Chemotherapy infusion first hour,$1137
CLM3486,85025,Complete blood count,$41
CLM3487,80050,General health panel,$330
CLM3487,36415,Blood draw,$30
CLM3487,80061,Lipid panel,$64
CLM3488,80061,Lipid panel,$57
CLM3489,85025,Complete blood count,$41
CLM3490,85025,Complete blood count,$47
CLM3491,99214,Detailed office visit,$122
CLM3492,90707,MMR vaccine,$84
CLM3492,87880,Rapid strep test,$32
CLM3493,99214,Detailed office visit,$131
CLM3494,85025,Complete blood count,$42
CLM3494,99215,Comprehensive office visit,$226
CLM3494,96415,Chemotherapy infusion additional hour,$409
CLM3495,80050,General health panel,$330
CLM3496,85025,Complete blood count,$46
CLM3496,99215,Comprehensive office visit,$222
CLM3497,80050,General health panel,$307
CLM3498,71020,Chest X-ray,$99
CLM3498,36415,Blood draw,$33
CLM3499,93000,EKG/ECG with interpretation,$173
CLM3500,87070,Bacteria culture,$92
CLM3500,36415,Blood draw,$33
CLM3500,80061,Lipid panel,$51
CLM3501,99214,Detailed office visit,$121
CLM3501,90834,Psychotherapy 45 minutes,$143
CLM3502,80050,General health panel,$342
CLM3503,99213,Office/outpatient visit,$137
CLM3504,93458,Cardiac catheterization,$4692
CLM3505,99214,Detailed office visit,$122
CLM3506,80050,General health panel,$280
CLM3507,17000,Destruction of skin lesion,$112
CLM3507,96910,Phototherapy treatment,$156
CLM3507,11102,Skin biopsy,$188
CLM3508,99214,Detailed office visit,$145
CLM3509,93015,Cardiac stress test,$779
CLM3510,83036,Hemoglobin A1c,$43
CLM3511,80050,General health panel,$292
CLM3512,71020,Chest X-ray,$106
CLM3512,99283,ED visit moderate severity,$516
CLM3513,11102,Skin biopsy,$166
CLM3514,96415,Chemotherapy infusion additional hour,$396
CLM3514,85025,Complete blood count,$42
CLM3514,99215,Comprehensive office visit,$194
CLM3515,93000,EKG/ECG with interpretation,$172
CLM3515,83036,Hemoglobin A1c,$47
CLM3516,80061,Lipid panel,$51
CLM3516,36415,Blood draw,$31
CLM3517,73030,Shoulder X-ray,$113
CLM3518,83036,Hemoglobin A1c,$41
CLM3519,99213,Office/outpatient visit,$137
CLM3519,36415,Blood draw,$35
CLM3520,73030,Shoulder X-ray,$111
CLM3520,20610,Major joint injection,$232
CLM3520,99213,Office/outpatient visit,$113
CLM3521,85025,Complete blood count,$46
CLM3521,99213,Office/outpatient visit,$121
CLM3522,85025,Complete blood count,$50
CLM3523,93458,Cardiac catheterization,$5231
CLM3524,80053,Comprehensive metabolic panel,$61
CLM3525,99283,ED visit moderate severity,$448
CLM3525,71020,Chest X-ray,$103
CLM3525,93000,EKG/ECG with interpretation,$144
CLM3526,17000,Destruction of skin lesion,$116
CLM3527,96413,Chemotherapy infusion first hour,$1240
CLM3528,90834,Psychotherapy 45 minutes,$128
CLM3529,99214,Detailed office visit,$131
CLM3530,99214,Detailed office visit,$143
CLM3531,87070,Bacteria culture,$85
CLM3532,85025,Complete blood count,$51
CLM3532,99214,Detailed office visit,$138
CLM3533,85025,Complete blood count,$44
CLM3534,85025,Complete blood count,$42
CLM3535,80053,Comprehensive metabolic panel,$68
CLM3535,93000,EKG/ECG with interpretation,$158
CLM3535,99215,Comprehensive office visit,$210
CLM3536,99214,Detailed office visit,$135
CLM3536,93000,EKG/ECG with interpretation,$136
CLM3536,93458,Cardiac catheterization,$5051
CLM3537,36415,Blood draw,$28
CLM3538,17000,Destruction of skin lesion,$109
CLM3539,83036,Hemoglobin A1c,$37
CLM3540,93000,EKG/ECG with interpretation,$169
CLM3540,99214,Detailed office visit,$148
CLM3541,85025,Complete blood count,$43
CLM3542,99213,Office/outpatient visit,$112
CLM3543,99214,Detailed office visit,$138
CLM3544,99285,ED visit high severity,$1367
CLM3544,93000,EKG/ECG with interpretation,$177
CLM3544,71020,Chest X-ray,$118
CLM3545,96910,Phototherapy treatment,$159
CLM3546,99283,ED visit moderate severity,$475
CLM3546,99285,ED visit high severity,$1155
CLM3547,93000,EKG/ECG with interpretation,$165
CLM3547,80050,General health panel,$286
CLM3548,93000,EKG/ECG with interpretation,$175
CLM3548,99214,Detailed office visit,$123
CLM3549,36415,Blood draw,$33
CLM3550,85025,Complete blood count,$44
CLM3550,36415,Blood draw,$29
CLM3551,93000,EKG/ECG with interpretation,$173
CLM3552,85025,Complete blood count,$49
CLM3553,71020,Chest X-ray,$129
CLM3553,36415,Blood draw,$31
CLM3553,99214,Detailed office visit,$143
CLM3554,99214,Detailed office visit,$149
CLM3555,73030,Shoulder X-ray,$110
CLM3556,93000,EKG/ECG with interpretation,$164
CLM3556,70450,CT head without contrast,$995
CLM3556,99285,ED visit high severity,$1324
CLM3557,93000,EKG/ECG with interpretation,$143
CLM3557,71020,Chest X-ray,$122
CLM3558,99213,Office/outpatient visit,$111
CLM3559,99214,Detailed office visit,$129
CLM3560,99213,Office/outpatient visit,$123
CLM3561,99214,Detailed office visit,$149
CLM3561,90834,Psychotherapy 45 minutes,$138
CLM3562,93000,EKG/ECG with interpretation,$157
CLM3563,99215,Comprehensive office visit,$217
CLM3564,80061,Lipid panel,$53
CLM3565,73030,Shoulder X-ray,$112
CLM3565,99213,Office/outpatient visit,$115
CLM3566,99214,Detailed office visit,$143
CLM3566,80053,Comprehensive metabolic panel,$59
CLM3567,71020,Chest X-ray,$107
CLM3567,94010,Spirometry,$99
CLM3567,94640,Nebulizer treatment,$57
CLM3568,87880,Rapid strep test,$34
CLM3569,80053,Comprehensive metabolic panel,$63
CLM3570,90834,Psychotherapy 45 minutes,$138
CLM3570,90837,Psychotherapy 60 minutes,$199
CLM3571,83036,Hemoglobin A1c,$40
CLM3571,82947,Glucose test,$27
CLM3571,36415,Blood draw,$31
CLM3572,93000,EKG/ECG with interpretation,$171
CLM3572,99214,Detailed office visit,$128
CLM3573,99213,Office/outpatient visit,$136
CLM3573,73030,Shoulder X-ray,$126
CLM3574,36415,Blood draw,$33
CLM3574,85025,Complete blood count,$50
CLM3575,99213,Office/outpatient visit,$119
CLM3575,11102,Skin biopsy,$176
CLM3576,71020,Chest X-ray,$127
CLM3577,93000,EKG/ECG with interpretation,$175
CLM3578,99214,Detailed office visit,$131
CLM3578,90834,Psychotherapy 45 minutes,$163
CLM3579,80061,Lipid panel,$65
CLM3579,36415,Blood draw,$35
CLM3580,85025,Complete blood count,$53
CLM3581,36415,Blood draw,$27
CLM3581,80053,Comprehensive metabolic panel,$60
CLM3582,85025,Complete blood count,$53
CLM3583,93015,Cardiac stress test,$976
CLM3584,83036,Hemoglobin A1c,$38
CLM3585,36415,Blood draw,$29
CLM3585,99214,Detailed office visit,$141
CLM3585,71020,Chest X-ray,$111
CLM3586,99214,Detailed office visit,$117
CLM3587,96415,Chemotherapy infusion additional hour,$356
CLM3588,99215,Comprehensive office visit,$227
CLM3589,85025,Complete blood count,$43
CLM3590,83036,Hemoglobin A1c,$36
CLM3590,80050,General health panel,$292
CLM3591,36415,Blood draw,$32
CLM3591,80053,Comprehensive metabolic panel,$70
CLM3592,73030,Shoulder X-ray,$123
CLM3592,99213,Office/outpatient visit,$116
CLM3593,99283,ED visit moderate severity,$510
CLM3593,99285,ED visit high severity,$1174
CLM3593,70450,CT head without contrast,$852
CLM3594,96413,Chemotherapy infusion first hour,$1296
CLM3595,93000,EKG/ECG with interpretation,$164
CLM3595,71020,Chest X-ray,$119
CLM3595,99283,ED visit moderate severity,$518
CLM3596,90837,Psychotherapy 60 minutes,$179
CLM3597,93000,EKG/ECG with interpretation,$144
CLM3597,99283,ED visit moderate severity,$466
CLM3598,85025,Complete blood count,$44
CLM3598,36415,Blood draw,$29
CLM3599,90460,Immunization administration,$42
CLM3599,99392,Preventive visit age 1-4,$184
CLM3600,87070,Bacteria culture,$72
CLM3601,73030,Shoulder X-ray,$139
CLM3602,90460,Immunization administration,$43
CLM3603,36415,Blood draw,$34
CLM3603,80053,Comprehensive metabolic panel,$70
CLM3603,80050,General health panel,$338
CLM3604,99213,Office/outpatient visit,$132
CLM3605,73030,Shoulder X-ray,$108
CLM3605,20610,Major joint injection,$269
CLM3606,90460,Immunization administration,$40
CLM3607,80050,General health panel,$280
CLM3608,36415,Blood draw,$34
CLM3608,80061,Lipid panel,$62
CLM3608,71020,Chest X-ray,$119
CLM3609,36415,Blood draw,$32
CLM3610,99214,Detailed office visit,$136
CLM3611,80053,Comprehensive metabolic panel,$61
CLM3611,99215,Comprehensive office visit,$227
CLM3612,85025,Complete blood count,$42
CLM3613,85025,Complete blood count,$42
CLM3613,99215,Comprehensive office visit,$227
CLM3614,99214,Detailed office visit,$139
CLM3614,90834,Psychotherapy 45 minutes,$142
CLM3615,99215,Comprehensive office visit,$214
CLM3615,99214,Detailed office visit,$122
CLM3616,83036,Hemoglobin A1c,$41
CLM3617,90791,Psychiatric diagnostic evaluation,$274
CLM3618,71020,Chest X-ray,$103
CLM3619,85025,Complete blood count,$50
CLM3619,96415,Chemotherapy infusion additional hour,$375
CLM3620,83036,Hemoglobin A1c,$40
CLM3620,99215,Comprehensive office visit,$232
CLM3621,36415,Blood draw,$33
CLM3621,99215,Comprehensive office visit,$232
CLM3622,36415,Blood draw,$34
CLM3622,71020,Chest X-ray,$100
CLM3622,87070,Bacteria culture,$90
CLM3623,85025,Complete blood count,$43
CLM3624,80061,Lipid panel,$59
CLM3625,17000,Destruction of skin lesion,$135
CLM3626,83036,Hemoglobin A1c,$45
CLM3626,36415,Blood draw,$28
CLM3626,80050,General health panel,$317
CLM3627,29881,Knee arthroscopy,$4845
CLM3627,20610,Major joint injection,$291
CLM3628,85025,Complete blood count,$53
CLM3628,99213,Office/outpatient visit,$128
CLM3629,99392,Preventive visit age 1-4,$204
CLM3630,93015,Cardiac stress test,$824
CLM3631,80061,Lipid panel,$58
CLM3632,99213,Office/outpatient visit,$125
CLM3633,36415,Blood draw,$33
CLM3634,80050,General health panel,$312
CLM3635,90791,Psychiatric diagnostic evaluation,$245
CLM3635,90834,Psychotherapy 45 minutes,$143
CLM3636,99215,Comprehensive office visit,$244
CLM3636,83036,Hemoglobin A1c,$42
CLM3637,99214,Detailed office visit,$146
CLM3637,93000,EKG/ECG with interpretation,$170
CLM3638,99214,Detailed office visit,$121
CLM3639,36415,Blood draw,$29
CLM3639,87070,Bacteria culture,$76
CLM3639,99214,Detailed office visit,$147
CLM3640,17000,Destruction of skin lesion,$134
CLM3640,96910,Phototherapy treatment,$168
CLM3641,80050,General health panel,$331
CLM3642,80050,General health panel,$312
CLM3643,71020,Chest X-ray,$123
CLM3643,85025,Complete blood count,$43
CLM3643,36415,Blood draw,$31
CLM3644,80050,General health panel,$270
CLM3644,99214,Detailed office visit,$128
CLM3644,36415,Blood draw,$29
CLM3645,99214,Detailed office visit,$118
CLM3646,90460,Immunization administration,$40
CLM3647,90834,Psychotherapy 45 minutes,$153
CLM3648,93306,Echocardiogram complete,$1174
CLM3648,93015,Cardiac stress test,$814
CLM3648,93000,EKG/ECG with interpretation,$147
CLM3649,82947,Glucose test,$24
CLM3650,36415,Blood draw,$34
CLM3651,87880,Rapid strep test,$34
CLM3652,93000,EKG/ECG with interpretation,$138
CLM3653,85025,Complete blood count,$44
CLM3654,99214,Detailed office visit,$132
CLM3655,85025,Complete blood count,$45
CLM3655,80061,Lipid panel,$57
CLM3656,80053,Comprehensive metabolic panel,$62
CLM3656,80050,General health panel,$289
CLM3657,93000,EKG/ECG with interpretation,$167
CLM3657,99214,Detailed office visit,$131
CLM3658,96910,Phototherapy treatment,$147
CLM3658,17000,Destruction of skin lesion,$113
CLM3659,87880,Rapid strep test,$39
CLM3659,99213,Office/outpatient visit,$125
CLM3659,90707,MMR vaccine,$93
CLM3660,90791,Psychiatric diagnostic evaluation,$242
CLM3661,99215,Comprehensive office visit,$217
CLM3661,80050,General health panel,$291
CLM3661,83036,Hemoglobin A1c,$44
CLM3662,93000,EKG/ECG with interpretation,$138
CLM3663,87880,Rapid strep test,$40
CLM3664,36415,Blood draw,$28
CLM3664,83036,Hemoglobin A1c,$42
CLM3664,82947,Glucose test,$29
CLM3665,85025,Complete blood count,$51
CLM3666,93000,EKG/ECG with interpretation,$146
CLM3667,71020,Chest X-ray,$104
CLM3667,80061,Lipid panel,$55
CLM3667,36415,Blood draw,$33
CLM3668,80050,General health panel,$288
CLM3669,36415,Blood draw,$27
CLM3670,36415,Blood draw,$35
CLM3671,83036,Hemoglobin A1c,$41
CLM3671,99214,Detailed office visit,$138
CLM3672,83036,Hemoglobin A1c,$41
CLM3673,80053,Comprehensive metabolic panel,$62
CLM3674,99214,Detailed office visit,$137
CLM3674,93000,EKG/ECG with interpretation,$167
CLM3675,87070,Bacteria culture,$85
CLM3675,36415,Blood draw,$34
CLM3675,99213,Office/outpatient visit,$120
CLM3676,11102,Skin biopsy,$163
CLM3676,96910,Phototherapy treatment,$164
CLM3677,80061,Lipid panel,$50
CLM3678,99213,Office/outpatient visit,$128
CLM3679,99214,Detailed office visit,$149
CLM3680,36415,Blood draw,$27
CLM3681,80061,Lipid panel,$50
CLM3681,36415,Blood draw,$29
CLM3682,99213,Office/outpatient visit,$135
CLM3682,11102,Skin biopsy,$185
CLM3683,85025,Complete blood count,$48
CLM3683,36415,Blood draw,$34
CLM3684,93000,EKG/ECG with interpretation,$173
CLM3684,99214,Detailed office visit,$149
CLM3685,20610,Major joint injection,$288
CLM3686,99213,Office/outpatient visit,$112
CLM3687,93000,EKG/ECG with interpretation,$150
CLM3687,80053,Comprehensive metabolic panel,$62
CLM3687,83036,Hemoglobin A1c,$42
CLM3688,99213,Office/outpatient visit,$114
CLM3688,17000,Destruction of skin lesion,$116
CLM3688,11102,Skin biopsy,$183
CLM3689,83036,Hemoglobin A1c,$47
CLM3689,36415,Blood draw,$31
CLM3689,93000,EKG/ECG with interpretation,$155
CLM3690,87880,Rapid strep test,$33
CLM3691,99214,Detailed office visit,$132
CLM3691,88175,Pap smear cytology,$73
CLM3692,87070,Bacteria culture,$72
CLM3693,85025,Complete blood count,$50
CLM3694,80061,Lipid panel,$59
CLM3695,85025,Complete blood count,$46
CLM3695,99215,Comprehensive office visit,$234
CLM3696,88175,Pap smear cytology,$71
CLM3696,99214,Detailed office visit,$124
CLM3697,99215,Comprehensive office visit,$220
CLM3698,94010,Spirometry,$106
CLM3699,85025,Complete blood count,$45
CLM3700,71020,Chest X-ray,$102
CLM3700,99213,Office/outpatient visit,$135
CLM3701,80050,General health panel,$312
CLM3702,99214,Detailed office visit,$133
CLM3702,93000,EKG/ECG with interpretation,$154
CLM3703,90460,Immunization administration,$40
CLM3704,20610,Major joint injection,$284
CLM3704,99213,Office/outpatient visit,$136
CLM3705,80050,General health panel,$306
CLM3705,99215,Comprehensive office visit,$223
CLM3705,36415,Blood draw,$31
CLM3706,80053,Comprehensive metabolic panel,$65
CLM3707,11102,Skin biopsy,$175
CLM3708,83036,Hemoglobin A1c,$38
CLM3708,36415,Blood draw,$32
CLM3709,17000,Destruction of skin lesion,$121
CLM3709,11102,Skin biopsy,$179
CLM3710,80053,Comprehensive metabolic panel,$59
CLM3711,96910,Phototherapy treatment,$168
CLM3711,17000,Destruction of skin lesion,$135
CLM3712,73030,Shoulder X-ray,$127
CLM3712,73721,MRI knee,$1714
CLM3713,85025,Complete blood count,$46
CLM3713,71020,Chest X-ray,$101
CLM3714,36415,Blood draw,$31
CLM3715,20610,Major joint injection,$239
CLM3715,99213,Office/outpatient visit,$110
CLM3716,71020,Chest X-ray,$118
CLM3716,80061,Lipid panel,$58
CLM3716,85025,Complete blood count,$52
CLM3717,73030,Shoulder X-ray,$142
CLM3718,83036,Hemoglobin A1c,$40
CLM3718,36415,Blood draw,$32
CLM3719,36415,Blood draw,$30
CLM3720,80050,General health panel,$346
CLM3721,93000,EKG/ECG with interpretation,$173
CLM3722,93000,EKG/ECG with interpretation,$140
CLM3722,71020,Chest X-ray,$128
CLM3722,99283,ED visit moderate severity,$438
CLM3723,99214,Detailed office visit,$148
CLM3723,36415,Blood draw,$34
CLM3723,83036,Hemoglobin A1c,$41
CLM3724,93000,EKG/ECG with interpretation,$141
CLM3725,71020,Chest X-ray,$127
CLM3725,93000,EKG/ECG with interpretation,$139
CLM3725,99285,ED visit high severity,$1235
CLM3726,99214,Detailed office visit,$144
CLM3727,93306,Echocardiogram complete,$1400
CLM3728,99214,Detailed office visit,$149
CLM3729,93000,EKG/ECG with interpretation,$159
CLM3729,99214,Detailed office visit,$142
CLM3730,83036,Hemoglobin A1c,$38
CLM3730,99214,Detailed office visit,$130
CLM3730,80053,Comprehensive metabolic panel,$56
CLM3731,99214,Detailed office visit,$145
CLM3731,93458,Cardiac catheterization,$4104
CLM3732,85025,Complete blood count,$45
CLM3732,96415,Chemotherapy infusion additional hour,$378
CLM3732,99215,Comprehensive office visit,$247
CLM3733,83036,Hemoglobin A1c,$39
CLM3734,99213,Office/outpatient visit,$126
CLM3734,20610,Major joint injection,$294
CLM3734,73030,Shoulder X-ray,$108
CLM3735,80053,Comprehensive metabolic panel,$64
CLM3735,83036,Hemoglobin A1c,$37
CLM3736,36415,Blood draw,$30
CLM3737,85025,Complete blood count,$49
CLM3738,94010,Spirometry,$91
CLM3739,11102,Skin biopsy,$175
CLM3740,99214,Detailed office visit,$141
CLM3741,71020,Chest X-ray,$128
CLM3741,93000,EKG/ECG with interpretation,$148
CLM3742,99214,Detailed office visit,$149
CLM3742,71020,Chest X-ray,$125
CLM3743,87070,Bacteria culture,$75
CLM3743,85025,Complete blood count,$48
CLM3744,87880,Rapid strep test,$32
CLM3745,83036,Hemoglobin A1c,$43
CLM3746,90834,Psychotherapy 45 minutes,$138
CLM3746,99214,Detailed office visit,$152
CLM3746,90837,Psychotherapy 60 minutes,$184
CLM3747,93000,EKG/ECG with interpretation,$159
CLM3748,36415,Blood draw,$29
CLM3749,85025,Complete blood count,$49
CLM3750,87880,Rapid strep test,$39
CLM3751,87880,Rapid strep test,$41
CLM3751,90707,MMR vaccine,$83
CLM3752,99213,Office/outpatient visit,$126
CLM3752,73030,Shoulder X-ray,$120
CLM3753,87070,Bacteria culture,$87
CLM3753,36415,Blood draw,$33
CLM3754,85025,Complete blood count,$41
CLM3754,77385,IMRT radiation treatment,$2635
CLM3755,80050,General health panel,$315
CLM3756,99214,Detailed office visit,$129
CLM3757,36415,Blood draw,$33
CLM3757,99214,Detailed office visit,$130
CLM3757,71020,Chest X-ray,$99
CLM3758,99214,Detailed office visit,$137
CLM3759,36415,Blood draw,$29
CLM3759,85025,Complete blood count,$43
CLM3760,99214,Detailed office visit,$124
CLM3761,36415,Blood draw,$27
CLM3761,80053,Comprehensive metabolic panel,$68
CLM3762,90707,MMR vaccine,$96
CLM3763,99213,Office/outpatient visit,$110
CLM3764,85025,Complete blood count,$49
CLM3764,96415,Chemotherapy infusion additional hour,$345
CLM3765,71020,Chest X-ray,$126
CLM3766,36415,Blood draw,$30
CLM3767,85025,Complete blood count,$47
CLM3768,99214,Detailed office visit,$150
CLM3768,71020,Chest X-ray,$130
CLM3769,93000,EKG/ECG with interpretation,$175
CLM3769,99214,Detailed office visit,$125
CLM3770,36415,Blood draw,$31
CLM3770,71020,Chest X-ray,$126
CLM3771,87070,Bacteria culture,$90
CLM3772,36415,Blood draw,$34
CLM3772,85025,Complete blood count,$44
CLM3773,90707,MMR vaccine,$105
CLM3774,99214,Detailed office visit,$131
CLM3775,11102,Skin biopsy,$175
CLM3775,99213,Office/outpatient visit,$113
CLM3776,99215,Comprehensive office visit,$195
CLM3777,73030,Shoulder X-ray,$134
CLM3777,99213,Office/outpatient visit,$108
CLM3777,20610,Major joint injection,$227
CLM3778,36415,Blood draw,$35
CLM3778,99214,Detailed office visit,$141
CLM3778,83036,Hemoglobin A1c,$42
CLM3779,80053,Comprehensive metabolic panel,$56
CLM3779,83036,Hemoglobin A1c,$40
CLM3780,85025,Complete blood count,$46
CLM3781,80053,Comprehensive metabolic panel,$67
CLM3782,93000,EKG/ECG with interpretation,$173
CLM3783,99214,Detailed office visit,$117
CLM3783,99213,Office/outpatient visit,$124
CLM3784,99213,Office/outpatient visit,$109
CLM3785,80053,Comprehensive metabolic panel,$64
CLM3785,36415,Blood draw,$28
CLM3786,93000,EKG/ECG with interpretation,$169
CLM3787,85025,Complete blood count,$47
CLM3787,96415,Chemotherapy infusion additional hour,$374
CLM3788,90834,Psychotherapy 45 minutes,$157
CLM3788,90837,Psychotherapy 60 minutes,$187
CLM3789,99213,Office/outpatient visit,$138
CLM3789,96910,Phototherapy treatment,$175
CLM3790,99214,Detailed office visit,$128
CLM3791,94010,Spirometry,$91
CLM3792,90837,Psychotherapy 60 minutes,$200
CLM3792,90791,Psychiatric diagnostic evaluation,$273
CLM3793,83036,Hemoglobin A1c,$43
CLM3794,90834,Psychotherapy 45 minutes,$133
CLM3794,99214,Detailed office visit,$129
CLM3795,77385,IMRT radiation treatment,$2329
CLM3795,85025,Complete blood count,$46
CLM3796,80061,Lipid panel,$54
CLM3797,90791,Psychiatric diagnostic evaluation,$278
CLM3798,87880,Rapid strep test,$40
CLM3798,90460,Immunization administration,$40
CLM3799,93000,EKG/ECG with interpretation,$152
CLM3800,83036,Hemoglobin A1c,$44
CLM3801,36415,Blood draw,$31
CLM3801,99214,Detailed office visit,$146
CLM3802,99283,ED visit moderate severity,$407
CLM3803,99215,Comprehensive office visit,$244
CLM3804,80050,General health panel,$336
CLM3805,99214,Detailed office visit,$139
CLM3806,83036,Hemoglobin A1c,$44
CLM3806,99215,Comprehensive office visit,$189
CLM3807,85025,Complete blood count,$45
CLM3807,99215,Comprehensive office visit,$194
CLM3808,36415,Blood draw,$31
CLM3809,20610,Major joint injection,$250
CLM3810,80061,Lipid panel,$55
CLM3811,99285,ED visit high severity,$1340
CLM3811,93000,EKG/ECG with interpretation,$147
CLM3812,93000,EKG/ECG with interpretation,$161
CLM3813,80053,Comprehensive metabolic panel,$63
CLM3813,36415,Blood draw,$30
CLM3814,80050,General health panel,$329
CLM3815,36415,Blood draw,$33
CLM3815,80050,General health panel,$320
CLM3816,17000,Destruction of skin lesion,$111
CLM3816,99213,Office/outpatient visit,$126
CLM3817,80050,General health panel,$313
CLM3817,99215,Comprehensive office visit,$189
CLM3818,90837,Psychotherapy 60 minutes,$203
CLM3819,85025,Complete blood count,$47
CLM3819,96415,Chemotherapy infusion additional hour,$370
CLM3820,99215,Comprehensive office visit,$235
CLM3820,83036,Hemoglobin A1c,$46
CLM3820,80053,Comprehensive metabolic panel,$57
CLM3821,99214,Detailed office visit,$147
CLM3822,83036,Hemoglobin A1c,$47
CLM3823,99392,Preventive visit age 1-4,$163
CLM3824,99214,Detailed office visit,$128
CLM3825,77385,IMRT radiation treatment,$2363
CLM3826,36415,Blood draw,$33
CLM3827,82947,Glucose test,$26
CLM3827,84443,TSH test,$54
CLM3828,93000,EKG/ECG with interpretation,$171
CLM3828,71020,Chest X-ray,$118
CLM3828,70450,CT head without contrast,$1041
CLM3829,99214,Detailed office visit,$129
CLM3829,93000,EKG/ECG with interpretation,$169
CLM3829,93458,Cardiac catheterization,$4895
CLM3830,83036,Hemoglobin A1c,$44
CLM3831,83036,Hemoglobin A1c,$46
CLM3831,36415,Blood draw,$27
CLM3832,99214,Detailed office visit,$119
CLM3832,94640,Nebulizer treatment,$52
CLM3832,94010,Spirometry,$101
CLM3833,99214,Detailed office visit,$143
CLM3833,94010,Spirometry,$86
CLM3834,93000,EKG/ECG with interpretation,$150
CLM3835,71020,Chest X-ray,$125
CLM3835,85025,Complete blood count,$48
CLM3835,99213,Office/outpatient visit,$110
CLM3836,94640,Nebulizer treatment,$51
CLM3837,90834,Psychotherapy 45 minutes,$132
CLM3837,90837,Psychotherapy 60 minutes,$189
CLM3838,99214,Detailed office visit,$130
CLM3839,99214,Detailed office visit,$140
CLM3840,20610,Major joint injection,$261
CLM3841,85025,Complete blood count,$47
CLM3842,93000,EKG/ECG with interpretation,$140
CLM3843,85025,Complete blood count,$42
CLM3844,99214,Detailed office visit,$118
CLM3845,70450,CT head without contrast,$892
CLM3845,99285,ED visit high severity,$1099
CLM3846,80061,Lipid panel,$54
CLM3847,36415,Blood draw,$31
CLM3847,85025,Complete blood count,$47
CLM3848,85025,Complete blood count,$44
CLM3849,71020,Chest X-ray,$104
CLM3849,80050,General health panel,$346
CLM3850,99214,Detailed office visit,$152
CLM3850,94010,Spirometry,$95
CLM3851,71020,Chest X-ray,$125
CLM3852,71020,Chest X-ray,$116
CLM3853,73030,Shoulder X-ray,$138
CLM3854,99214,Detailed office visit,$147
CLM3854,93000,EKG/ECG with interpretation,$167
CLM3855,36415,Blood draw,$32
CLM3855,71020,Chest X-ray,$124
CLM3856,93000,EKG/ECG with interpretation,$142
CLM3856,71020,Chest X-ray,$118
CLM3856,99285,ED visit high severity,$1133
CLM3857,87880,Rapid strep test,$33
CLM3858,83036,Hemoglobin A1c,$46
CLM3858,36415,Blood draw,$33
CLM3858,80053,Comprehensive metabolic panel,$67
CLM3859,71020,Chest X-ray,$114
CLM3860,90460,Immunization administration,$46
CLM3860,87880,Rapid strep test,$33
CLM3860,99392,Preventive visit age 1-4,$173
CLM3861,70450,CT head without contrast,$986
CLM3862,71020,Chest X-ray,$111
CLM3863,99214,Detailed office visit,$150
CLM3863,90834,Psychotherapy 45 minutes,$140
CLM3863,90791,Psychiatric diagnostic evaluation,$249
CLM3864,93000,EKG/ECG with interpretation,$172
CLM3865,96910,Phototherapy treatment,$178
CLM3866,85025,Complete blood count,$50
CLM3866,96413,Chemotherapy infusion first hour,$1041
CLM3867,36415,Blood draw,$35
CLM3868,99214,Detailed office visit,$152
CLM3869,96910,Phototherapy treatment,$174
CLM3870,99213,Office/outpatient visit,$135
CLM3870,90707,MMR vaccine,$104
CLM3871,99213,Office/outpatient visit,$115
CLM3872,36415,Blood draw,$35
CLM3873,83036,Hemoglobin A1c,$43
CLM3873,36415,Blood draw,$28
CLM3874,71020,Chest X-ray,$120
CLM3874,93000,EKG/ECG with interpretation,$151
CLM3875,99285,ED visit high severity,$1254
CLM3875,93000,EKG/ECG with interpretation,$145
CLM3876,70450,CT head without contrast,$1027
CLM3877,36415,Blood draw,$28
CLM3877,80053,Comprehensive metabolic panel,$56
CLM3878,90460,Immunization administration,$41
CLM3878,87880,Rapid strep test,$40
CLM3878,99213,Office/outpatient visit,$109
CLM3879,87070,Bacteria culture,$78
CLM3879,99213,Office/outpatient visit,$117
CLM3880,36415,Blood draw,$32
CLM3880,83036,Hemoglobin A1c,$37
CLM3881,71020,Chest X-ray,$128
CLM3881,99214,Detailed office visit,$122
CLM3881,36415,Blood draw,$34
CLM3882,96910,Phototherapy treatment,$158
CLM3882,17000,Destruction of skin lesion,$120
CLM3883,93458,Cardiac catheterization,$4090
CLM3884,99213,Office/outpatient visit,$139
CLM3885,11102,Skin biopsy,$170
CLM3885,99213,Office/outpatient visit,$108
CLM3886,36415,Blood draw,$34
CLM3886,80053,Comprehensive metabolic panel,$54
CLM3886,83036,Hemoglobin A1c,$41
CLM3887,96910,Phototherapy treatment,$169
CLM3888,36415,Blood draw,$32
CLM3889,87880,Rapid strep test,$36
CLM3890,71020,Chest X-ray,$106
CLM3891,85025,Complete blood count,$46
CLM3891,87070,Bacteria culture,$73
CLM3892,93000,EKG/ECG with interpretation,$146
CLM3892,83036,Hemoglobin A1c,$46
CLM3893,99214,Detailed office visit,$141
CLM3894,87880,Rapid strep test,$34
CLM3894,99213,Office/outpatient visit,$127
CLM3894,90460,Immunization administration,$36
CLM3895,99214,Detailed office visit,$134
CLM3895,94640,Nebulizer treatment,$50
CLM3896,11102,Skin biopsy,$195
CLM3896,99213,Office/outpatient visit,$115
CLM3897,99213,Office/outpatient visit,$138
CLM3898,80061,Lipid panel,$64
CLM3899,93306,Echocardiogram complete,$1404
CLM3900,80061,Lipid panel,$63
CLM3901,36415,Blood draw,$33
CLM3901,83036,Hemoglobin A1c,$43
CLM3902,99213,Office/outpatient visit,$112
CLM3902,73030,Shoulder X-ray,$131
CLM3903,36415,Blood draw,$29
CLM3904,80061,Lipid panel,$60
CLM3905,36415,Blood draw,$27
CLM3906,36415,Blood draw,$32
CLM3907,11102,Skin biopsy,$211
CLM3908,83036,Hemoglobin A1c,$40
CLM3909,20610,Major joint injection,$290
CLM3909,99213,Office/outpatient visit,$122
CLM3910,99213,Office/outpatient visit,$137
CLM3910,90460,Immunization administration,$37
CLM3911,11102,Skin biopsy,$185
CLM3912,93000,EKG/ECG with interpretation,$147
CLM3913,99214,Detailed office visit,$117
CLM3913,90791,Psychiatric diagnostic evaluation,$258
CLM3914,94010,Spirometry,$106
CLM3915,85025,Complete blood count,$45
CLM3916,93000,EKG/ECG with interpretation,$173
CLM3916,99214,Detailed office visit,$132
CLM3917,36415,Blood draw,$27
CLM3917,71020,Chest X-ray,$109
CLM3918,93458,Cardiac catheterization,$4671
CLM3918,93000,EKG/ECG with interpretation,$144
CLM3918,99214,Detailed office visit,$136
CLM3919,80061,Lipid panel,$56
CLM3920,36415,Blood draw,$30
CLM3921,99215,Comprehensive office visit,$228
CLM3921,93000,EKG/ECG with interpretation,$159
CLM3922,99215,Comprehensive office visit,$211
CLM3922,85025,Complete blood count,$45
CLM3922,96415,Chemotherapy infusion additional hour,$401
CLM3923,85025,Complete blood count,$46
CLM3923,99215,Comprehensive office visit,$238
CLM3924,87070,Bacteria culture,$90
CLM3925,90460,Immunization administration,$45
CLM3926,99214,Detailed office visit,$120
CLM3926,80061,Lipid panel,$64
CLM3927,99392,Preventive visit age 1-4,$203
CLM3927,87880,Rapid strep test,$40
CLM3928,71020,Chest X-ray,$123
CLM3928,99213,Office/outpatient visit,$110
CLM3929,80061,Lipid panel,$50
CLM3929,99213,Office/outpatient visit,$124
CLM3930,99215,Comprehensive office visit,$207
CLM3930,96415,Chemotherapy infusion additional hour,$344
CLM3930,85025,Complete blood count,$51
CLM3931,93015,Cardiac stress test,$891
CLM3931,93000,EKG/ECG with interpretation,$175
CLM3932,80053,Comprehensive metabolic panel,$64
CLM3932,36415,Blood draw,$28
CLM3933,85025,Complete blood count,$52
CLM3934,99214,Detailed office visit,$148
CLM3934,80061,Lipid panel,$59
CLM3935,36415,Blood draw,$29
CLM3936,99214,Detailed office visit,$140
CLM3936,82947,Glucose test,$25
CLM3937,71020,Chest X-ray,$111
CLM3938,99215,Comprehensive office visit,$206
CLM3939,36415,Blood draw,$29
CLM3940,70450,CT head without contrast,$811
CLM3940,71020,Chest X-ray,$123
CLM3941,93306,Echocardiogram complete,$1159
CLM3941,99214,Detailed office visit,$138
CLM3941,93000,EKG/ECG with interpretation,$139
CLM3942,93000,EKG/ECG with interpretation,$164
CLM3943,96415,Chemotherapy infusion additional hour,$402
CLM3943,99215,Comprehensive office visit,$233
CLM3944,87880,Rapid strep test,$33
CLM3944,99392,Preventive visit age 1-4,$189
CLM3945,36415,Blood draw,$31
CLM3946,36415,Blood draw,$34
CLM3947,99283,ED visit moderate severity,$425
CLM3947,71020,Chest X-ray,$114
CLM3948,85025,Complete blood count,$42
CLM3949,36415,Blood draw,$34
CLM3950,71020,Chest X-ray,$119
CLM3951,80050,General health panel,$309
CLM3952,85025,Complete blood count,$41
CLM3953,71020,Chest X-ray,$124
CLM3953,94010,Spirometry,$91
CLM3953,94640,Nebulizer treatment,$46
CLM3954,36415,Blood draw,$28
CLM3955,90834,Psychotherapy 45 minutes,$161
CLM3956,83036,Hemoglobin A1c,$42
CLM3956,99215,Comprehensive office visit,$211
CLM3957,90791,Psychiatric diagnostic evaluation,$228
CLM3958,36415,Blood draw,$32
CLM3958,82947,Glucose test,$25
CLM3959,80061,Lipid panel,$65
CLM3960,99214,Detailed office visit,$148
CLM3960,83036,Hemoglobin A1c,$42
CLM3961,90707,MMR vaccine,$89
CLM3962,99283,ED visit moderate severity,$427
CLM3963,99392,Preventive visit age 1-4,$212
CLM3963,90460,Immunization administration,$46
CLM3964,93458,Cardiac catheterization,$5243
CLM3965,99214,Detailed office visit,$147
CLM3965,94640,Nebulizer treatment,$58
CLM3966,93000,EKG/ECG with interpretation,$153
CLM3967,99213,Office/outpatient visit,$122
CLM3968,87070,Bacteria culture,$80
CLM3969,93000,EKG/ECG with interpretation,$139
CLM3969,99214,Detailed office visit,$118
CLM3969,93015,Cardiac stress test,$896
CLM3970,96413,Chemotherapy infusion first hour,$1043
CLM3970,99215,Comprehensive office visit,$237
CLM3970,85025,Complete blood count,$42
CLM3971,90834,Psychotherapy 45 minutes,$145
CLM3971,99214,Detailed office visit,$143
CLM3972,90837,Psychotherapy 60 minutes,$187
CLM3972,90791,Psychiatric diagnostic evaluation,$293
CLM3973,80061,Lipid panel,$64
CLM3974,85025,Complete blood count,$44
CLM3974,96415,Chemotherapy infusion additional hour,$358
CLM3975,93306,Echocardiogram complete,$1117
CLM3976,93458,Cardiac catheterization,$4339
CLM3977,96413,Chemotherapy infusion first hour,$1055
CLM3977,77385,IMRT radiation treatment,$2644
CLM3978,99213,Office/outpatient visit,$111
CLM3979,83036,Hemoglobin A1c,$46
CLM3980,93000,EKG/ECG with interpretation,$157
CLM3980,99214,Detailed office visit,$130
CLM3980,93458,Cardiac catheterization,$5198
CLM3981,36415,Blood draw,$35
CLM3981,99214,Detailed office visit,$125
CLM3982,99283,ED visit moderate severity,$431
CLM3983,59400,Routine obstetric care,$4041
CLM3983,88175,Pap smear cytology,$67
CLM3983,99214,Detailed office visit,$139
CLM3984,99214,Detailed office visit,$142
CLM3985,99213,Office/outpatient visit,$120
CLM3985,73030,Shoulder X-ray,$126
CLM3986,87070,Bacteria culture,$82
CLM3986,36415,Blood draw,$29
CLM3987,71020,Chest X-ray,$116
CLM3988,83036,Hemoglobin A1c,$41
CLM3988,99215,Comprehensive office visit,$242
CLM3989,90460,Immunization administration,$41
CLM3990,90460,Immunization administration,$42
CLM3991,73030,Shoulder X-ray,$141
CLM3991,99213,Office/outpatient visit,$141
CLM3992,73030,Shoulder X-ray,$110
CLM3993,99213,Office/outpatient visit,$138
CLM3994,93306,Echocardiogram complete,$1175
CLM3994,93000,EKG/ECG with interpretation,$159
CLM3995,73721,MRI knee,$1729
CLM3996,17000,Destruction of skin lesion,$125
CLM3996,96910,Phototherapy treatment,$145
CLM3996,99213,Office/outpatient visit,$130
CLM3997,93000,EKG/ECG with interpretation,$166
CLM3997,99214,Detailed office visit,$143
CLM3997,93306,Echocardiogram complete,$1253
CLM3998,85025,Complete blood count,$46
CLM3998,87070,Bacteria culture,$89
CLM3999,93015,Cardiac stress test,$923
CLM3999,99214,Detailed office visit,$125
CLM3999,93306,Echocardiogram complete,$1176
CLM4000,73030,Shoulder X-ray,$132
CLM4000,73721,MRI knee,$1540
CLM4000,20610,Major joint injection,$269
CLM4001,36415,Blood draw,$31
CLM4002,85025,Complete blood count,$46
CLM4003,73030,Shoulder X-ray,$124
CLM4004,99213,Office/outpatient visit,$130
CLM4005,83036,Hemoglobin A1c,$46
CLM4005,36415,Blood draw,$27
CLM4005,80053,Comprehensive metabolic panel,$61
CLM4006,83036,Hemoglobin A1c,$38
CLM4007,99214,Detailed office visit,$140
CLM4007,87070,Bacteria culture,$88
CLM4008,36415,Blood draw,$34
CLM4008,80061,Lipid panel,$54
CLM4009,90834,Psychotherapy 45 minutes,$163
CLM4009,99214,Detailed office visit,$124
CLM4009,90837,Psychotherapy 60 minutes,$191
CLM4010,36415,Blood draw,$29
CLM4011,87880,Rapid strep test,$33
CLM4012,96413,Chemotherapy infusion first hour,$1160
CLM4012,99215,Comprehensive office visit,$207
CLM4013,36415,Blood draw,$34
CLM4013,83036,Hemoglobin A1c,$45
CLM4014,99214,Detailed office visit,$135
CLM4015,80050,General health panel,$287
CLM4015,87070,Bacteria culture,$90
CLM4015,80061,Lipid panel,$55
CLM4016,99213,Office/outpatient visit,$127
CLM4017,36415,Blood draw,$35
CLM4018,36415,Blood draw,$30
CLM4018,80053,Comprehensive metabolic panel,$54
CLM4019,99214,Detailed office visit,$134
CLM4020,87880,Rapid strep test,$41
CLM4020,90707,MMR vaccine,$89
CLM4021,99213,Office/outpatient visit,$122
CLM4021,87070,Bacteria culture,$79
CLM4022,90837,Psychotherapy 60 minutes,$198
CLM4023,83036,Hemoglobin A1c,$47
CLM4024,99392,Preventive visit age 1-4,$185
CLM4025,87070,Bacteria culture,$92
CLM4026,36415,Blood draw,$34
CLM4027,94640,Nebulizer treatment,$56
CLM4027,95810,Sleep study,$1471
CLM4028,99215,Comprehensive office visit,$235
CLM4029,36415,Blood draw,$29
CLM4029,84443,TSH test,$60
CLM4030,99214,Detailed office visit,$133
CLM4030,90791,Psychiatric diagnostic evaluation,$266
CLM4031,94640,Nebulizer treatment,$54
CLM4032,96415,Chemotherapy infusion additional hour,$390
CLM4032,99215,Comprehensive office visit,$233
CLM4033,36415,Blood draw,$28
CLM4034,99214,Detailed office visit,$120
CLM4034,36415,Blood draw,$34
CLM4035,90791,Psychiatric diagnostic evaluation,$266
CLM4035,90837,Psychotherapy 60 minutes,$195
CLM4036,99214,Detailed office visit,$147
CLM4037,90460,Immunization administration,$39
CLM4037,99392,Preventive visit age 1-4,$207
CLM4037,87880,Rapid strep test,$35
CLM4038,80050,General health panel,$332
CLM4039,99214,Detailed office visit,$142
CLM4040,85025,Complete blood count,$41
CLM4040,99213,Office/outpatient visit,$132
CLM4041,93000,EKG/ECG with interpretation,$173
CLM4041,93306,Echocardiogram complete,$1147
CLM4042,99214,Detailed office visit,$132
CLM4042,93000,EKG/ECG with interpretation,$148
CLM4042,93015,Cardiac stress test,$889
CLM4043,93306,Echocardiogram complete,$1151
CLM4043,99214,Detailed office visit,$129
CLM4044,36415,Blood draw,$28
CLM4044,80053,Comprehensive metabolic panel,$62
CLM4045,99213,Office/outpatient visit,$117
CLM4045,87070,Bacteria culture,$89
CLM4046,99214,Detailed office visit,$144
CLM4047,83036,Hemoglobin A1c,$41
CLM4048,99214,Detailed office visit,$128
CLM4048,93000,EKG/ECG with interpretation,$157
CLM4049,36415,Blood draw,$35
CLM4049,83036,Hemoglobin A1c,$36
CLM4050,85025,Complete blood count,$44
CLM4051,80053,Comprehensive metabolic panel,$67
CLM4052,73030,Shoulder X-ray,$138
CLM4052,20610,Major joint injection,$267
CLM4053,99214,Detailed office visit,$124
CLM4053,90791,Psychiatric diagnostic evaluation,$287
CLM4054,80050,General health panel,$327
CLM4055,17000,Destruction of skin lesion,$125
CLM4056,99214,Detailed office visit,$149
CLM4057,93000,EKG/ECG with interpretation,$154
CLM4058,71020,Chest X-ray,$111
CLM4059,87880,Rapid strep test,$35
CLM4060,99214,Detailed office visit,$130
CLM4060,76805,Obstetric ultrasound,$387
CLM4061,36415,Blood draw,$35
CLM4062,85025,Complete blood count,$41
CLM4062,96413,Chemotherapy infusion first hour,$1097
CLM4063,99214,Detailed office visit,$141
CLM4063,93000,EKG/ECG with interpretation,$155
CLM4064,99213,Office/outpatient visit,$137
CLM4064,73030,Shoulder X-ray,$121
CLM4065,71020,Chest X-ray,$103
CLM4065,70450,CT head without contrast,$938
CLM4066,85025,Complete blood count,$43
CLM4066,96413,Chemotherapy infusion first hour,$1218
CLM4067,80061,Lipid panel,$53
CLM4068,99213,Office/outpatient visit,$122
CLM4069,93000,EKG/ECG with interpretation,$164
CLM4069,93015,Cardiac stress test,$974
CLM4069,99214,Detailed office visit,$125
CLM4070,83036,Hemoglobin A1c,$40
CLM4070,82947,Glucose test,$26
CLM4070,36415,Blood draw,$30
CLM4071,93015,Cardiac stress test,$849
CLM4072,93000,EKG/ECG with interpretation,$163
CLM4073,90707,MMR vaccine,$103
CLM4073,90460,Immunization administration,$40
CLM4073,87880,Rapid strep test,$37
CLM4074,36415,Blood draw,$29
CLM4075,93000,EKG/ECG with interpretation,$171
CLM4076,84443,TSH test,$52
CLM4077,80061,Lipid panel,$63
CLM4078,94640,Nebulizer treatment,$58
CLM4079,85025,Complete blood count,$41
CLM4080,99214,Detailed office visit,$126
CLM4081,93000,EKG/ECG with interpretation,$142
CLM4082,99285,ED visit high severity,$1229
CLM4082,93000,EKG/ECG with interpretation,$136
CLM4083,71020,Chest X-ray,$109
CLM4084,84443,TSH test,$52
CLM4085,99213,Office/outpatient visit,$136
CLM4085,80061,Lipid panel,$62
CLM4086,80053,Comprehensive metabolic panel,$69
CLM4087,71020,Chest X-ray,$113
CLM4087,94640,Nebulizer treatment,$53
CLM4087,94010,Spirometry,$99
CLM4088,93000,EKG/ECG with interpretation,$162
CLM4089,96415,Chemotherapy infusion additional hour,$379
CLM4089,85025,Complete blood count,$51
CLM4090,85025,Complete blood count,$53
CLM4091,77385,IMRT radiation treatment,$2425
CLM4092,99214,Detailed office visit,$124
CLM4093,99213,Office/outpatient visit,$135
CLM4093,36415,Blood draw,$34
CLM4094,83036,Hemoglobin A1c,$40
CLM4094,36415,Blood draw,$28
CLM4095,71020,Chest X-ray,$122
CLM4096,71020,Chest X-ray,$103
CLM4096,99285,ED visit high severity,$1310
CLM4097,99214,Detailed office visit,$129
CLM4097,87070,Bacteria culture,$77
CLM4098,94010,Spirometry,$84
CLM4099,36415,Blood draw,$33
CLM4099,80061,Lipid panel,$58
CLM4099,80050,General health panel,$301
CLM4100,93000,EKG/ECG with interpretation,$151
CLM4100,93306,Echocardiogram complete,$1121
CLM4100,99214,Detailed office visit,$117
CLM4101,99214,Detailed office visit,$142
CLM4102,99214,Detailed office visit,$130
CLM4103,99213,Office/outpatient visit,$126
CLM4103,11102,Skin biopsy,$181
CLM4104,99214,Detailed office visit,$152
CLM4104,93458,Cardiac catheterization,$5182
CLM4105,80053,Comprehensive metabolic panel,$55
CLM4106,71020,Chest X-ray,$105
CLM4106,93000,EKG/ECG with interpretation,$146
CLM4106,99285,ED visit high severity,$1385
CLM4107,84443,TSH test,$59
CLM4107,83036,Hemoglobin A1c,$41
CLM4107,36415,Blood draw,$31
CLM4108,87070,Bacteria culture,$81
CLM4108,85025,Complete blood count,$42
CLM4109,73030,Shoulder X-ray,$110
CLM4109,20610,Major joint injection,$256
CLM4109,29881,Knee arthroscopy,$5136
CLM4110,73721,MRI knee,$1372
CLM4111,99214,Detailed office visit,$127
CLM4112,99214,Detailed office visit,$152
CLM4112,93000,EKG/ECG with interpretation,$148
CLM4113,93000,EKG/ECG with interpretation,$160
CLM4114,85025,Complete blood count,$41
CLM4114,77385,IMRT radiation treatment,$2362
CLM4114,96413,Chemotherapy infusion first hour,$1298
CLM4115,99215,Comprehensive office visit,$245
CLM4116,99214,Detailed office visit,$127
CLM4117,71020,Chest X-ray,$103
CLM4118,99213,Office/outpatient visit,$134
CLM4119,80050,General health panel,$341
CLM4119,80061,Lipid panel,$64
CLM4120,99214,Detailed office visit,$136
CLM4121,99213,Office/outpatient visit,$119
CLM4121,11102,Skin biopsy,$202
CLM4121,96910,Phototherapy treatment,$174
CLM4122,70450,CT head without contrast,$969
CLM4123,71020,Chest X-ray,$101
CLM4124,73030,Shoulder X-ray,$129
CLM4124,99213,Office/outpatient visit,$125
CLM4125,80053,Comprehensive metabolic panel,$68
CLM4125,83036,Hemoglobin A1c,$43
CLM4126,80061,Lipid panel,$63
CLM4127,80061,Lipid panel,$50
CLM4127,80050,General health panel,$306
CLM4128,93000,EKG/ECG with interpretation,$144
CLM4129,99213,Office/outpatient visit,$125
CLM4129,36415,Blood draw,$35
CLM4130,99214,Detailed office visit,$119
CLM4130,93015,Cardiac stress test,$850
CLM4131,99213,Office/outpatient visit,$138
CLM4132,36415,Blood draw,$34
CLM4133,99213,Office/outpatient visit,$112
CLM4133,73030,Shoulder X-ray,$135
CLM4134,84443,TSH test,$54
CLM4134,36415,Blood draw,$34
CLM4135,71020,Chest X-ray,$121
CLM4136,76805,Obstetric ultrasound,$391
CLM4137,20610,Major joint injection,$290
CLM4137,73030,Shoulder X-ray,$136
CLM4137,99213,Office/outpatient visit,$111
CLM4138,99214,Detailed office visit,$132
CLM4139,17000,Destruction of skin lesion,$121
CLM4140,95810,Sleep study,$1270
CLM4141,99392,Preventive visit age 1-4,$197
CLM4142,83036,Hemoglobin A1c,$39
CLM4143,93000,EKG/ECG with interpretation,$168
CLM4144,36415,Blood draw,$31
CLM4144,82947,Glucose test,$23
CLM4144,84443,TSH test,$58
CLM4145,36415,Blood draw,$34
CLM4146,80061,Lipid panel,$56
CLM4147,99285,ED visit high severity,$1415
CLM4147,99283,ED visit moderate severity,$497
CLM4147,71020,Chest X-ray,$104
CLM4148,93000,EKG/ECG with interpretation,$144
CLM4149,77385,IMRT radiation treatment,$2474
CLM4149,99215,Comprehensive office visit,$193
CLM4150,17000,Destruction of skin lesion,$119
CLM4151,88175,Pap smear cytology,$66
CLM4151,99214,Detailed office visit,$141
CLM4152,77385,IMRT radiation treatment,$2736
CLM4153,71020,Chest X-ray,$113
CLM4154,36415,Blood draw,$32
CLM4154,80053,Comprehensive metabolic panel,$63
CLM4155,99214,Detailed office visit,$122
CLM4156,94640,Nebulizer treatment,$57
CLM4156,99214,Detailed office visit,$123
CLM4157,93000,EKG/ECG with interpretation,$170
CLM4157,93306,Echocardiogram complete,$1087
CLM4157,93015,Cardiac stress test,$931
CLM4158,99214,Detailed office visit,$119
CLM4159,36415,Blood draw,$32
CLM4160,99215,Comprehensive office visit,$236
CLM4161,87880,Rapid strep test,$35
CLM4162,93000,EKG/ECG with interpretation,$141
CLM4162,93306,Echocardiogram complete,$1352
CLM4163,99215,Comprehensive office visit,$222
CLM4164,80053,Comprehensive metabolic panel,$69
CLM4164,93000,EKG/ECG with interpretation,$171
CLM4165,99392,Preventive visit age 1-4,$203
CLM4165,99213,Office/outpatient visit,$117
CLM4165,87880,Rapid strep test,$40
CLM4166,90707,MMR vaccine,$98
CLM4166,90460,Immunization administration,$44
CLM4167,73030,Shoulder X-ray,$125
CLM4168,36415,Blood draw,$28
CLM4169,90837,Psychotherapy 60 minutes,$169
CLM4170,99392,Preventive visit age 1-4,$206
CLM4170,90707,MMR vaccine,$94
CLM4171,99214,Detailed office visit,$143
CLM4172,99213,Office/outpatient visit,$139
CLM4173,90460,Immunization administration,$42
CLM4174,99214,Detailed office visit,$127
CLM4174,36415,Blood draw,$34
CLM4175,83036,Hemoglobin A1c,$43
CLM4176,99213,Office/outpatient visit,$128
CLM4177,90834,Psychotherapy 45 minutes,$147
CLM4178,85025,Complete blood count,$43
CLM4178,96413,Chemotherapy infusion first hour,$1056
CLM4179,36415,Blood draw,$33
CLM4179,82947,Glucose test,$24
CLM4180,36415,Blood draw,$29
CLM4181,99213,Office/outpatient visit,$138
CLM4181,73030,Shoulder X-ray,$116
CLM4182,93306,Echocardiogram complete,$1200
CLM4182,99214,Detailed office visit,$134
CLM4182,93000,EKG/ECG with interpretation,$138
CLM4183,93000,EKG/ECG with interpretation,$154
CLM4184,93015,Cardiac stress test,$902
CLM4184,93000,EKG/ECG with interpretation,$151
CLM4184,99214,Detailed office visit,$140
CLM4185,90460,Immunization administration,$39
CLM4186,99283,ED visit moderate severity,$469
CLM4186,71020,Chest X-ray,$126
CLM4187,93015,Cardiac stress test,$904
CLM4188,93000,EKG/ECG with interpretation,$139
CLM4189,85025,Complete blood count,$49
CLM4190,80061,Lipid panel,$64
CLM4191,85025,Complete blood count,$46
CLM4191,99215,Comprehensive office visit,$226
CLM4192,85025,Complete blood count,$52
CLM4192,96413,Chemotherapy infusion first hour,$1167
CLM4193,99214,Detailed office visit,$121
CLM4193,93000,EKG/ECG with interpretation,$165
CLM4194,93000,EKG/ECG with interpretation,$167
CLM4195,87070,Bacteria culture,$89
CLM4196,73721,MRI knee,$1533
CLM4196,73030,Shoulder X-ray,$111
CLM4197,93000,EKG/ECG with interpretation,$176
CLM4198,85025,Complete blood count,$51
CLM4199,80053,Comprehensive metabolic panel,$57
CLM4199,99215,Comprehensive office visit,$235
CLM4199,83036,Hemoglobin A1c,$46
CLM4200,90460,Immunization administration,$44
CLM4201,99214,Detailed office visit,$144
CLM4202,80050,General health panel,$350
CLM4202,80053,Comprehensive metabolic panel,$70
CLM4203,99214,Detailed office visit,$143
CLM4204,99214,Detailed office visit,$127
CLM4205,71020,Chest X-ray,$102
CLM4206,93000,EKG/ECG with interpretation,$148
CLM4207,85025,Complete blood count,$43
CLM4208,90460,Immunization administration,$46
CLM4209,93000,EKG/ECG with interpretation,$150
CLM4210,93458,Cardiac catheterization,$5150
CLM4210,93015,Cardiac stress test,$812
CLM4210,99214,Detailed office visit,$121
CLM4211,99214,Detailed office visit,$138
CLM4212,71020,Chest X-ray,$128
CLM4212,80061,Lipid panel,$60
CLM4212,99213,Office/outpatient visit,$123
CLM4213,36415,Blood draw,$27
CLM4214,90834,Psychotherapy 45 minutes,$130
CLM4214,99214,Detailed office visit,$123
CLM4215,71020,Chest X-ray,$110
CLM4216,83036,Hemoglobin A1c,$42
CLM4217,84443,TSH test,$55
CLM4217,36415,Blood draw,$29
CLM4218,80061,Lipid panel,$62
CLM4219,80053,Comprehensive metabolic panel,$60
CLM4220,87880,Rapid strep test,$39
CLM4221,85025,Complete blood count,$50
CLM4222,83036,Hemoglobin A1c,$39
CLM4223,93015,Cardiac stress test,$776
CLM4224,36415,Blood draw,$32
CLM4225,99213,Office/outpatient visit,$138
CLM4226,99214,Detailed office visit,$144
CLM4226,36415,Blood draw,$33
CLM4226,99215,Comprehensive office visit,$246
CLM4227,36415,Blood draw,$30
CLM4228,11102,Skin biopsy,$209
CLM4229,80050,General health panel,$335
CLM4229,80053,Comprehensive metabolic panel,$61
CLM4230,93000,EKG/ECG with interpretation,$156
CLM4231,90460,Immunization administration,$44
CLM4232,93306,Echocardiogram complete,$1131
CLM4233,87880,Rapid strep test,$39
CLM4234,99213,Office/outpatient visit,$132
CLM4234,90707,MMR vaccine,$98
CLM4235,99213,Office/outpatient visit,$137
CLM4236,93000,EKG/ECG with interpretation,$175
CLM4237,73030,Shoulder X-ray,$138
CLM4237,99213,Office/outpatient visit,$114
CLM4238,87880,Rapid strep test,$38
CLM4239,99213,Office/outpatient visit,$113
CLM4239,17000,Destruction of skin lesion,$130
CLM4239,11102,Skin biopsy,$200
CLM4240,87070,Bacteria culture,$77
CLM4241,85025,Complete blood count,$52
CLM4242,83036,Hemoglobin A1c,$45
CLM4243,99214,Detailed office visit,$134
CLM4244,36415,Blood draw,$29
CLM4245,99214,Detailed office visit,$122
CLM4245,90837,Psychotherapy 60 minutes,$210
CLM4246,80061,Lipid panel,$57
CLM4247,99214,Detailed office visit,$133
CLM4248,99214,Detailed office visit,$144
CLM4249,36415,Blood draw,$30
CLM4250,99214,Detailed office visit,$137
CLM4250,93000,EKG/ECG with interpretation,$137
CLM4251,82947,Glucose test,$27
CLM4251,99214,Detailed office visit,$128
CLM4252,93000,EKG/ECG with interpretation,$174
CLM4253,85025,Complete blood count,$49
CLM4254,36415,Blood draw,$34
CLM4254,80061,Lipid panel,$63
CLM4255,93000,EKG/ECG with interpretation,$138
CLM4255,99285,ED visit high severity,$1095
CLM4256,36415,Blood draw,$28
CLM4257,36415,Blood draw,$33
CLM4257,83036,Hemoglobin A1c,$40
CLM4257,84443,TSH test,$59
CLM4258,96910,Phototherapy treatment,$172
CLM4259,36415,Blood draw,$35
CLM4260,36415,Blood draw,$30
CLM4260,80061,Lipid panel,$64
CLM4261,80053,Comprehensive metabolic panel,$61
CLM4262,36415,Blood draw,$35
CLM4263,94640,Nebulizer treatment,$56
CLM4264,85025,Complete blood count,$49
CLM4264,99213,Office/outpatient visit,$137
CLM4265,99213,Office/outpatient visit,$133
CLM4266,36415,Blood draw,$35
CLM4267,90834,Psychotherapy 45 minutes,$134
CLM4268,85025,Complete blood count,$42
CLM4269,71020,Chest X-ray,$104
CLM4270,99214,Detailed office visit,$138
CLM4271,73030,Shoulder X-ray,$115
CLM4272,90834,Psychotherapy 45 minutes,$133
CLM4272,90837,Psychotherapy 60 minutes,$168
CLM4272,90791,Psychiatric diagnostic evaluation,$246
CLM4273,90837,Psychotherapy 60 minutes,$170
CLM4274,17000,Destruction of skin lesion,$120
CLM4275,88175,Pap smear cytology,$69
CLM4276,93306,Echocardiogram complete,$1119
CLM4277,73030,Shoulder X-ray,$126
CLM4277,20610,Major joint injection,$284
CLM4278,99214,Detailed office visit,$130
CLM4278,85025,Complete blood count,$50
CLM4278,71020,Chest X-ray,$110
CLM4279,36415,Blood draw,$28
CLM4280,36415,Blood draw,$34
CLM4281,17000,Destruction of skin lesion,$126
CLM4281,96910,Phototherapy treatment,$151
CLM4281,11102,Skin biopsy,$188
CLM4282,90707,MMR vaccine,$85
CLM4283,88175,Pap smear cytology,$76
CLM4283,76805,Obstetric ultrasound,$428
CLM4284,80061,Lipid panel,$62
CLM4285,83036,Hemoglobin A1c,$44
CLM4286,36415,Blood draw,$35
CLM4286,93000,EKG/ECG with interpretation,$166
CLM4287,80061,Lipid panel,$62
CLM4288,85025,Complete blood count,$52
CLM4288,71020,Chest X-ray,$105
CLM4289,99213,Office/outpatient visit,$132
CLM4289,99392,Preventive visit age 1-4,$176
CLM4289,90707,MMR vaccine,$99
CLM4290,17000,Destruction of skin lesion,$115
CLM4291,80053,Comprehensive metabolic panel,$67
CLM4292,99214,Detailed office visit,$146
CLM4292,90837,Psychotherapy 60 minutes,$188
CLM4293,99213,Office/outpatient visit,$141
CLM4293,20610,Major joint injection,$279
CLM4293,73030,Shoulder X-ray,$121
CLM4294,36415,Blood draw,$34
CLM4294,80053,Comprehensive metabolic panel,$64
CLM4294,83036,Hemoglobin A1c,$39
CLM4295,80050,General health panel,$289
CLM4295,80053,Comprehensive metabolic panel,$63
CLM4296,99214,Detailed office visit,$150
CLM4296,93015,Cardiac stress test,$917
CLM4297,71020,Chest X-ray,$102
CLM4297,85025,Complete blood count,$48
CLM4297,99213,Office/outpatient visit,$128
CLM4298,99214,Detailed office visit,$136
CLM4299,99213,Office/outpatient visit,$122
CLM4300,83036,Hemoglobin A1c,$45
CLM4301,99213,Office/outpatient visit,$122
CLM4302,83036,Hemoglobin A1c,$45
CLM4302,80050,General health panel,$328
CLM4303,71020,Chest X-ray,$113
CLM4304,93000,EKG/ECG with interpretation,$154
CLM4305,80053,Comprehensive metabolic panel,$67
CLM4305,80050,General health panel,$352
CLM4306,99214,Detailed office visit,$143
CLM4306,90791,Psychiatric diagnostic evaluation,$226
CLM4307,99285,ED visit high severity,$1309
CLM4307,93000,EKG/ECG with interpretation,$154
CLM4308,93000,EKG/ECG with interpretation,$160
CLM4308,36415,Blood draw,$35
CLM4309,93000,EKG/ECG with interpretation,$171
CLM4309,83036,Hemoglobin A1c,$43
CLM4310,80050,General health panel,$322
CLM4311,93000,EKG/ECG with interpretation,$158
CLM4311,71020,Chest X-ray,$117
CLM4312,71020,Chest X-ray,$113
CLM4313,36415,Blood draw,$29
CLM4314,82947,Glucose test,$25
CLM4315,80061,Lipid panel,$65
CLM4316,93000,EKG/ECG with interpretation,$160
CLM4317,99213,Office/outpatient visit,$109
CLM4317,36415,Blood draw,$28
CLM4317,87070,Bacteria culture,$81
CLM4318,99214,Detailed office visit,$119
CLM4319,17000,Destruction of skin lesion,$109
CLM4320,80061,Lipid panel,$57
CLM4321,80061,Lipid panel,$50
CLM4322,99214,Detailed office visit,$121
CLM4323,82947,Glucose test,$27
CLM4323,36415,Blood draw,$30
CLM4323,84443,TSH test,$63
CLM4324,71020,Chest X-ray,$125
CLM4324,99213,Office/outpatient visit,$126
CLM4325,99214,Detailed office visit,$151
CLM4326,77385,IMRT radiation treatment,$2804
CLM4326,85025,Complete blood count,$44
CLM4327,80050,General health panel,$343
CLM4328,93000,EKG/ECG with interpretation,$177
CLM4329,85025,Complete blood count,$51
CLM4329,99215,Comprehensive office visit,$241
CLM4330,90791,Psychiatric diagnostic evaluation,$233
CLM4330,99214,Detailed office visit,$152
CLM4331,36415,Blood draw,$28
CLM4331,71020,Chest X-ray,$126
CLM4332,90837,Psychotherapy 60 minutes,$170
CLM4333,99214,Detailed office visit,$150
CLM4333,93306,Echocardiogram complete,$1303
CLM4334,87880,Rapid strep test,$40
CLM4335,99213,Office/outpatient visit,$141
CLM4335,71020,Chest X-ray,$109
CLM4336,71020,Chest X-ray,$102
CLM4337,36415,Blood draw,$32
CLM4337,99214,Detailed office visit,$125
CLM4337,83036,Hemoglobin A1c,$41
CLM4338,80061,Lipid panel,$64
CLM4338,36415,Blood draw,$30
CLM4339,99213,Office/outpatient visit,$127
CLM4339,36415,Blood draw,$33
CLM4339,85025,Complete blood count,$53
CLM4340,80061,Lipid panel,$59
CLM4340,87070,Bacteria culture,$80
CLM4341,93306,Echocardiogram complete,$1412
CLM4342,90460,Immunization administration,$38
CLM4343,99213,Office/outpatient visit,$127
CLM4343,85025,Complete blood count,$43
CLM4344,36415,Blood draw,$29
CLM4345,80061,Lipid panel,$59
CLM4346,17000,Destruction of skin lesion,$122
CLM4347,93000,EKG/ECG with interpretation,$164
CLM4347,93306,Echocardiogram complete,$1212
CLM4348,99214,Detailed office visit,$125
CLM4348,36415,Blood draw,$31
CLM4348,87070,Bacteria culture,$72
CLM4349,99214,Detailed office visit,$125
CLM4349,90834,Psychotherapy 45 minutes,$160
CLM4350,80050,General health panel,$289
CLM4351,85025,Complete blood count,$44
CLM4351,99215,Comprehensive office visit,$239
CLM4352,80053,Comprehensive metabolic panel,$59
CLM4352,99215,Comprehensive office visit,$246
CLM4353,87070,Bacteria culture,$79
CLM4353,85025,Complete blood count,$51
CLM4354,96910,Phototherapy treatment,$161
CLM4355,85025,Complete blood count,$43
CLM4355,99214,Detailed office visit,$133
CLM4356,99213,Office/outpatient visit,$126
CLM4356,99392,Preventive visit age 1-4,$166
CLM4356,87880,Rapid strep test,$36
CLM4357,36415,Blood draw,$34
CLM4358,99213,Office/outpatient visit,$134
CLM4359,87070,Bacteria culture,$81
CLM4359,80061,Lipid panel,$61
CLM4360,87070,Bacteria culture,$91
CLM4361,99283,ED visit moderate severity,$458
CLM4361,93000,EKG/ECG with interpretation,$143
CLM4362,90460,Immunization administration,$37
CLM4363,85025,Complete blood count,$51
CLM4363,80061,Lipid panel,$65
CLM4364,71020,Chest X-ray,$122
CLM4365,94640,Nebulizer treatment,$57
CLM4365,94010,Spirometry,$98
CLM4366,93000,EKG/ECG with interpretation,$171
CLM4366,80053,Comprehensive metabolic panel,$61
CLM4366,36415,Blood draw,$34
CLM4367,99214,Detailed office visit,$130
CLM4367,93000,EKG/ECG with interpretation,$137
CLM4368,99214,Detailed office visit,$138
CLM4369,73030,Shoulder X-ray,$119
CLM4369,73721,MRI knee,$1462
CLM4369,99213,Office/outpatient visit,$128
CLM4370,36415,Blood draw,$31
CLM4370,93000,EKG/ECG with interpretation,$164
CLM4370,80053,Comprehensive metabolic panel,$58
CLM4371,99214,Detailed office visit,$149
CLM4371,80050,General health panel,$317
CLM4372,99213,Office/outpatient visit,$122
CLM4373,93015,Cardiac stress test,$871
CLM4374,99213,Office/outpatient visit,$116
CLM4374,73721,MRI knee,$1657
CLM4375,90460,Immunization administration,$45
CLM4376,90460,Immunization administration,$46
CLM4377,93015,Cardiac stress test,$866
CLM4377,99214,Detailed office visit,$145
CLM4378,87070,Bacteria culture,$72
CLM4379,96413,Chemotherapy infusion first hour,$1081
CLM4380,36415,Blood draw,$32
CLM4381,99283,ED visit moderate severity,$456
CLM4381,71020,Chest X-ray,$128
CLM4382,80053,Comprehensive metabolic panel,$57
CLM4383,73030,Shoulder X-ray,$109
CLM4384,71020,Chest X-ray,$116
CLM4385,82947,Glucose test,$24
CLM4386,99214,Detailed office visit,$132
CLM4387,71020,Chest X-ray,$104
CLM4387,36415,Blood draw,$34
CLM4388,93000,EKG/ECG with interpretation,$139
CLM4388,71020,Chest X-ray,$103
CLM4389,93015,Cardiac stress test,$800
CLM4389,99214,Detailed office visit,$127
CLM4389,93306,Echocardiogram complete,$1093
CLM4390,99213,Office/outpatient visit,$134
CLM4390,17000,Destruction of skin lesion,$134
CLM4391,85025,Complete blood count,$49
CLM4392,99214,Detailed office visit,$119
CLM4393,36415,Blood draw,$34
CLM4393,83036,Hemoglobin A1c,$39
CLM4393,93000,EKG/ECG with interpretation,$171
CLM4394,80061,Lipid panel,$54
CLM4395,96910,Phototherapy treatment,$188
CLM4395,17000,Destruction of skin lesion,$131
CLM4395,99213,Office/outpatient visit,$131
CLM4396,85025,Complete blood count,$49
CLM4397,36415,Blood draw,$28
CLM4398,99213,Office/outpatient visit,$109
CLM4399,85025,Complete blood count,$47
CLM4400,90834,Psychotherapy 45 minutes,$151
CLM4401,83036,Hemoglobin A1c,$46
CLM4401,99214,Detailed office visit,$137
CLM4402,36415,Blood draw,$35
CLM4402,83036,Hemoglobin A1c,$45
CLM4402,80053,Comprehensive metabolic panel,$64
CLM4403,99213,Office/outpatient visit,$123
CLM4403,20610,Major joint injection,$234
CLM4404,87070,Bacteria culture,$73
CLM4405,70450,CT head without contrast,$873
CLM4405,71020,Chest X-ray,$118
CLM4405,93000,EKG/ECG with interpretation,$172
CLM4406,99283,ED visit moderate severity,$483
CLM4406,93000,EKG/ECG with interpretation,$172
CLM4407,99213,Office/outpatient visit,$127
CLM4408,99214,Detailed office visit,$123
CLM4409,88175,Pap smear cytology,$82
CLM4409,59400,Routine obstetric care,$3655
CLM4410,93015,Cardiac stress test,$856
CLM4411,93458,Cardiac catheterization,$5075
CLM4411,93000,EKG/ECG with interpretation,$169
CLM4412,83036,Hemoglobin A1c,$45
CLM4412,84443,TSH test,$59
CLM4412,99214,Detailed office visit,$130
CLM4413,88175,Pap smear cytology,$81
CLM4413,99214,Detailed office visit,$153
CLM4414,94010,Spirometry,$104
CLM4414,71020,Chest X-ray,$116
CLM4415,85025,Complete blood count,$46
CLM4416,85025,Complete blood count,$41
CLM4416,36415,Blood draw,$32
CLM4417,29881,Knee arthroscopy,$4696
CLM4418,20610,Major joint injection,$225
CLM4419,85025,Complete blood count,$42
CLM4419,99213,Office/outpatient visit,$127
CLM4420,90837,Psychotherapy 60 minutes,$178
CLM4420,90834,Psychotherapy 45 minutes,$148
CLM4421,94010,Spirometry,$95
CLM4421,94640,Nebulizer treatment,$48
CLM4422,73030,Shoulder X-ray,$115
CLM4423,80053,Comprehensive metabolic panel,$55
CLM4423,99214,Detailed office visit,$126
CLM4423,83036,Hemoglobin A1c,$37
CLM4424,93000,EKG/ECG with interpretation,$152
CLM4424,99214,Detailed office visit,$119
CLM4424,93458,Cardiac catheterization,$4086
CLM4425,94640,Nebulizer treatment,$51
CLM4426,99215,Comprehensive office visit,$193
CLM4427,36415,Blood draw,$33
CLM4428,99213,Office/outpatient visit,$110
CLM4429,70450,CT head without contrast,$841
CLM4430,90460,Immunization administration,$45
CLM4431,99213,Office/outpatient visit,$134
CLM4432,83036,Hemoglobin A1c,$44
CLM4432,80053,Comprehensive metabolic panel,$69
CLM4432,36415,Blood draw,$35
CLM4433,83036,Hemoglobin A1c,$41
CLM4433,36415,Blood draw,$31
CLM4434,94640,Nebulizer treatment,$45
CLM4435,36415,Blood draw,$29
CLM4436,90834,Psychotherapy 45 minutes,$145
CLM4437,99214,Detailed office visit,$134
CLM4438,94640,Nebulizer treatment,$58
CLM4439,99214,Detailed office visit,$127
CLM4439,88175,Pap smear cytology,$67
CLM4440,99213,Office/outpatient visit,$108
CLM4440,29881,Knee arthroscopy,$5504
CLM4441,99214,Detailed office visit,$130
CLM4441,71020,Chest X-ray,$110
CLM4442,93306,Echocardiogram complete,$1105
CLM4443,11102,Skin biopsy,$205
CLM4443,96910,Phototherapy treatment,$146
CLM4443,17000,Destruction of skin lesion,$108
CLM4444,99215,Comprehensive office visit,$198
CLM4444,80053,Comprehensive metabolic panel,$59
CLM4444,36415,Blood draw,$30
CLM4445,94640,Nebulizer treatment,$58
CLM4446,93015,Cardiac stress test,$929
CLM4447,93015,Cardiac stress test,$945
CLM4447,99214,Detailed office visit,$122
CLM4448,87070,Bacteria culture,$86
CLM4449,99214,Detailed office visit,$133
CLM4449,59400,Routine obstetric care,$3803
CLM4450,85025,Complete blood count,$47
CLM4451,85025,Complete blood count,$49
CLM4452,93000,EKG/ECG with interpretation,$137
CLM4452,71020,Chest X-ray,$125
CLM4452,70450,CT head without contrast,$1044
CLM4453,17000,Destruction of skin lesion,$138
CLM4454,87880,Rapid strep test,$40
CLM4454,99213,Office/outpatient visit,$121
CLM4455,80061,Lipid panel,$61
CLM4456,99213,Office/outpatient visit,$118
CLM4457,96413,Chemotherapy infusion first hour,$1245
CLM4457,99215,Comprehensive office visit,$245
CLM4458,83036,Hemoglobin A1c,$47
CLM4459,83036,Hemoglobin A1c,$40
CLM4459,99214,Detailed office visit,$136
CLM4460,71020,Chest X-ray,$116
CLM4461,99214,Detailed office visit,$142
CLM4461,36415,Blood draw,$32
CLM4462,71020,Chest X-ray,$107
CLM4462,87070,Bacteria culture,$82
CLM4463,90834,Psychotherapy 45 minutes,$143
CLM4464,99213,Office/outpatient visit,$137
CLM4464,20610,Major joint injection,$229
CLM4465,80061,Lipid panel,$51
CLM4466,80061,Lipid panel,$54
CLM4467,80050,General health panel,$334
CLM4467,87070,Bacteria culture,$73
CLM4467,99214,Detailed office visit,$141
CLM4468,87070,Bacteria culture,$73
CLM4468,71020,Chest X-ray,$117
CLM4468,36415,Blood draw,$30
CLM4469,94640,Nebulizer treatment,$48
CLM4469,71020,Chest X-ray,$108
CLM4470,93306,Echocardiogram complete,$1356
CLM4470,93000,EKG/ECG with interpretation,$172
CLM4470,99214,Detailed office visit,$121
CLM4471,71020,Chest X-ray,$115
CLM4471,87070,Bacteria culture,$82
CLM4472,99214,Detailed office visit,$127
CLM4473,93000,EKG/ECG with interpretation,$170
CLM4474,93000,EKG/ECG with interpretation,$141
CLM4475,17000,Destruction of skin lesion,$126
CLM4475,99213,Office/outpatient visit,$122
CLM4476,99213,Office/outpatient visit,$139
CLM4476,85025,Complete blood count,$46
CLM4477,36415,Blood draw,$30
CLM4478,96415,Chemotherapy infusion additional hour,$317
CLM4478,85025,Complete blood count,$41
CLM4479,87070,Bacteria culture,$90
CLM4480,94640,Nebulizer treatment,$50
CLM4480,99214,Detailed office visit,$133
CLM4481,85025,Complete blood count,$51
CLM4481,80061,Lipid panel,$56
CLM4481,71020,Chest X-ray,$117
CLM4482,17000,Destruction of skin lesion,$132
CLM4483,36415,Blood draw,$32
CLM4484,93015,Cardiac stress test,$1003
CLM4484,93000,EKG/ECG with interpretation,$168
CLM4484,93306,Echocardiogram complete,$1163
CLM4485,36415,Blood draw,$30
CLM4486,71020,Chest X-ray,$108
CLM4486,99214,Detailed office visit,$118
CLM4487,83036,Hemoglobin A1c,$43
CLM4487,36415,Blood draw,$32
CLM4488,82947,Glucose test,$23
CLM4488,36415,Blood draw,$31
CLM4489,83036,Hemoglobin A1c,$47
CLM4489,99215,Comprehensive office visit,$204
CLM4489,80050,General health panel,$283
CLM4490,99214,Detailed office visit,$138
CLM4490,93015,Cardiac stress test,$836
CLM4490,93000,EKG/ECG with interpretation,$161
CLM4491,99214,Detailed office visit,$120
CLM4491,93000,EKG/ECG with interpretation,$143
CLM4491,93306,Echocardiogram complete,$1395
CLM4492,73030,Shoulder X-ray,$124
CLM4492,99213,Office/outpatient visit,$113
CLM4493,99213,Office/outpatient visit,$126
CLM4493,99392,Preventive visit age 1-4,$184
CLM4494,99214,Detailed office visit,$120
CLM4495,99213,Office/outpatient visit,$110
CLM4495,29881,Knee arthroscopy,$5802
CLM4496,99213,Office/outpatient visit,$114
CLM4497,36415,Blood draw,$32
CLM4498,80053,Comprehensive metabolic panel,$64
CLM4499,94010,Spirometry,$88
CLM4500,99214,Detailed office visit,$130
CLM4500,93306,Echocardiogram complete,$1265
CLM4501,99214,Detailed office visit,$119
CLM4501,36415,Blood draw,$33
CLM4502,85025,Complete blood count,$44
CLM4503,93000,EKG/ECG with interpretation,$172
CLM4503,99283,ED visit moderate severity,$504
CLM4504,84443,TSH test,$58
CLM4505,71020,Chest X-ray,$112
CLM4506,88175,Pap smear cytology,$77
CLM4507,99213,Office/outpatient visit,$118
CLM4508,83036,Hemoglobin A1c,$46
CLM4509,99392,Preventive visit age 1-4,$174
CLM4509,99213,Office/outpatient visit,$116
CLM4510,80053,Comprehensive metabolic panel,$58
CLM4511,36415,Blood draw,$27
CLM4512,99215,Comprehensive office visit,$214
CLM4513,99214,Detailed office visit,$118
CLM4514,36415,Blood draw,$28
CLM4514,83036,Hemoglobin A1c,$45
CLM4515,80061,Lipid panel,$51
CLM4515,87070,Bacteria culture,$73
CLM4516,29881,Knee arthroscopy,$4881
CLM4517,20610,Major joint injection,$227
CLM4517,99213,Office/outpatient visit,$116
CLM4518,99214,Detailed office visit,$122
CLM4519,17000,Destruction of skin lesion,$125
CLM4519,11102,Skin biopsy,$188
CLM4519,96910,Phototherapy treatment,$177
CLM4520,99215,Comprehensive office visit,$218
CLM4521,80050,General health panel,$302
CLM4522,85025,Complete blood count,$48
CLM4523,36415,Blood draw,$31
CLM4524,93000,EKG/ECG with interpretation,$149
CLM4525,90837,Psychotherapy 60 minutes,$180
CLM4526,90837,Psychotherapy 60 minutes,$168
CLM4526,90791,Psychiatric diagnostic evaluation,$292
CLM4526,90834,Psychotherapy 45 minutes,$146
CLM4527,93000,EKG/ECG with interpretation,$147
CLM4528,83036,Hemoglobin A1c,$37
CLM4529,76805,Obstetric ultrasound,$415
CLM4530,36415,Blood draw,$28
CLM4531,93015,Cardiac stress test,$858
CLM4531,93458,Cardiac catheterization,$4755
CLM4531,99214,Detailed office visit,$141
CLM4532,99392,Preventive visit age 1-4,$167
CLM4532,90707,MMR vaccine,$101
CLM4533,99214,Detailed office visit,$153
CLM4533,90834,Psychotherapy 45 minutes,$162
CLM4534,80061,Lipid panel,$56
CLM4535,29881,Knee arthroscopy,$6130
CLM4536,71020,Chest X-ray,$122
CLM4537,71020,Chest X-ray,$121
CLM4538,90834,Psychotherapy 45 minutes,$147
CLM4539,93000,EKG/ECG with interpretation,$158
CLM4540,36415,Blood draw,$29
CLM4540,87070,Bacteria culture,$78
CLM4541,85025,Complete blood count,$41
CLM4541,36415,Blood draw,$28
CLM4542,99214,Detailed office visit,$143
CLM4543,36415,Blood draw,$33
CLM4543,99213,Office/outpatient visit,$111
CLM4544,93000,EKG/ECG with interpretation,$162
CLM4544,93015,Cardiac stress test,$780
CLM4544,93306,Echocardiogram complete,$1165
CLM4545,93000,EKG/ECG with interpretation,$171
CLM4545,99214,Detailed office visit,$143
CLM4545,93015,Cardiac stress test,$1001
CLM4546,99213,Office/outpatient visit,$134
CLM4546,73030,Shoulder X-ray,$137
CLM4547,99213,Office/outpatient visit,$133
CLM4548,83036,Hemoglobin A1c,$40
CLM4548,36415,Blood draw,$28
CLM4549,87880,Rapid strep test,$33
CLM4549,90460,Immunization administration,$43
CLM4549,90707,MMR vaccine,$102
CLM4550,93000,EKG/ECG with interpretation,$159
CLM4551,93015,Cardiac stress test,$982
CLM4552,90837,Psychotherapy 60 minutes,$206
CLM4553,85025,Complete blood count,$49
CLM4553,99215,Comprehensive office visit,$230
CLM4554,99392,Preventive visit age 1-4,$164
CLM4554,90460,Immunization administration,$37
CLM4555,71020,Chest X-ray,$116
CLM4556,93000,EKG/ECG with interpretation,$151
CLM4557,87070,Bacteria culture,$94
CLM4557,36415,Blood draw,$30
CLM4558,85025,Complete blood count,$49
CLM4559,80050,General health panel,$311
CLM4559,80053,Comprehensive metabolic panel,$69
CLM4559,83036,Hemoglobin A1c,$43
CLM4560,20610,Major joint injection,$284
CLM4560,73721,MRI knee,$1748
CLM4561,99213,Office/outpatient visit,$126
CLM4562,99213,Office/outpatient visit,$122
CLM4563,99214,Detailed office visit,$123
CLM4563,99213,Office/outpatient visit,$128
CLM4564,80050,General health panel,$272
CLM4565,87880,Rapid strep test,$34
CLM4566,93000,EKG/ECG with interpretation,$140
CLM4567,99214,Detailed office visit,$135
CLM4567,36415,Blood draw,$33
CLM4568,93000,EKG/ECG with interpretation,$138
CLM4568,99215,Comprehensive office visit,$223
CLM4568,83036,Hemoglobin A1c,$42
CLM4569,90791,Psychiatric diagnostic evaluation,$282
CLM4569,90834,Psychotherapy 45 minutes,$165
CLM4570,93000,EKG/ECG with interpretation,$144
CLM4570,99285,ED visit high severity,$1197
CLM4571,93000,EKG/ECG with interpretation,$148
CLM4572,93015,Cardiac stress test,$786
CLM4573,99214,Detailed office visit,$129
CLM4574,93000,EKG/ECG with interpretation,$161
CLM4574,93458,Cardiac catheterization,$4827
CLM4574,99214,Detailed office visit,$150
CLM4575,99214,Detailed office visit,$148
CLM4575,83036,Hemoglobin A1c,$46
CLM4576,90460,Immunization administration,$40
CLM4576,99213,Office/outpatient visit,$135
CLM4577,71020,Chest X-ray,$122
CLM4577,80050,General health panel,$343
CLM4578,11102,Skin biopsy,$191
CLM4579,93000,EKG/ECG with interpretation,$140
CLM4580,85025,Complete blood count,$49
CLM4581,99213,Office/outpatient visit,$135
CLM4582,93000,EKG/ECG with interpretation,$170
CLM4582,99214,Detailed office visit,$119
CLM4583,90834,Psychotherapy 45 minutes,$159
CLM4584,36415,Blood draw,$30
CLM4584,71020,Chest X-ray,$100
CLM4585,71020,Chest X-ray,$104
CLM4586,71020,Chest X-ray,$120
CLM4587,71020,Chest X-ray,$105
CLM4588,99213,Office/outpatient visit,$137
CLM4588,11102,Skin biopsy,$192
CLM4589,99213,Office/outpatient visit,$120
CLM4590,36415,Blood draw,$30
CLM4590,99214,Detailed office visit,$140
CLM4591,71020,Chest X-ray,$119
CLM4592,90791,Psychiatric diagnostic evaluation,$293
CLM4593,36415,Blood draw,$28
CLM4594,85025,Complete blood count,$47
CLM4595,99215,Comprehensive office visit,$208
CLM4596,80053,Comprehensive metabolic panel,$56
CLM4597,71020,Chest X-ray,$117
CLM4598,99213,Office/outpatient visit,$120
CLM4599,36415,Blood draw,$30
CLM4600,36415,Blood draw,$31
CLM4601,71020,Chest X-ray,$127
CLM4602,93458,Cardiac catheterization,$4345
CLM4603,93000,EKG/ECG with interpretation,$145
CLM4603,93015,Cardiac stress test,$911
CLM4604,99214,Detailed office visit,$134
CLM4605,87070,Bacteria culture,$93
CLM4606,99214,Detailed office visit,$147
CLM4607,93000,EKG/ECG with interpretation,$177
CLM4608,80050,General health panel,$313
CLM4609,90834,Psychotherapy 45 minutes,$147
CLM4609,90791,Psychiatric diagnostic evaluation,$241
CLM4610,93015,Cardiac stress test,$828
CLM4611,99213,Office/outpatient visit,$109
CLM4612,17000,Destruction of skin lesion,$122
CLM4613,83036,Hemoglobin A1c,$45
CLM4613,36415,Blood draw,$27
CLM4614,99213,Office/outpatient visit,$121
CLM4615,96415,Chemotherapy infusion additional hour,$342
CLM4615,85025,Complete blood count,$50
CLM4615,99215,Comprehensive office visit,$222
CLM4616,99213,Office/outpatient visit,$117
CLM4617,82947,Glucose test,$23
CLM4617,84443,TSH test,$62
CLM4618,90837,Psychotherapy 60 minutes,$201
CLM4619,36415,Blood draw,$31
CLM4619,80050,General health panel,$346
CLM4619,99214,Detailed office visit,$134
CLM4620,85025,Complete blood count,$42
CLM4621,71020,Chest X-ray,$103
CLM4621,93000,EKG/ECG with interpretation,$161
CLM4622,99214,Detailed office visit,$135
CLM4623,36415,Blood draw,$32
CLM4623,80050,General health panel,$341
CLM4623,93000,EKG/ECG with interpretation,$171
CLM4624,87070,Bacteria culture,$89
CLM4624,80061,Lipid panel,$57
CLM4624,36415,Blood draw,$35
CLM4625,87880,Rapid strep test,$32
CLM4625,99392,Preventive visit age 1-4,$177
CLM4626,99215,Comprehensive office visit,$221
CLM4626,83036,Hemoglobin A1c,$39
CLM4627,94640,Nebulizer treatment,$59
CLM4628,99214,Detailed office visit,$131
CLM4628,93000,EKG/ECG with interpretation,$176
CLM4628,93015,Cardiac stress test,$966
CLM4629,93015,Cardiac stress test,$814
CLM4630,71020,Chest X-ray,$107
CLM4630,99213,Office/outpatient visit,$133
CLM4631,80061,Lipid panel,$63
CLM4632,99213,Office/outpatient visit,$114
CLM4632,73721,MRI knee,$1366
CLM4633,73721,MRI knee,$1377
CLM4634,93000,EKG/ECG with interpretation,$148
CLM4634,93015,Cardiac stress test,$770
CLM4634,99214,Detailed office visit,$122
CLM4635,77385,IMRT radiation treatment,$2405
CLM4635,85025,Complete blood count,$48
CLM4636,36415,Blood draw,$34
CLM4637,71020,Chest X-ray,$100
CLM4638,99214,Detailed office visit,$139
CLM4639,11102,Skin biopsy,$182
CLM4640,80050,General health panel,$302
CLM4641,93000,EKG/ECG with interpretation,$158
CLM4642,99215,Comprehensive office visit,$211
CLM4642,85025,Complete blood count,$51
CLM4643,82947,Glucose test,$27
CLM4643,36415,Blood draw,$35
CLM4644,93000,EKG/ECG with interpretation,$143
CLM4644,99214,Detailed office visit,$145
CLM4645,93000,EKG/ECG with interpretation,$165
CLM4646,99215,Comprehensive office visit,$235
CLM4647,93000,EKG/ECG with interpretation,$142
CLM4648,95810,Sleep study,$1624
CLM4648,94640,Nebulizer treatment,$53
CLM4649,85025,Complete blood count,$51
CLM4649,36415,Blood draw,$33
CLM4649,80061,Lipid panel,$50
CLM4650,36415,Blood draw,$27
CLM4651,71020,Chest X-ray,$100
CLM4651,99213,Office/outpatient visit,$141
CLM4652,99214,Detailed office visit,$127
CLM4653,80053,Comprehensive metabolic panel,$67
CLM4653,99214,Detailed office visit,$135
CLM4654,90837,Psychotherapy 60 minutes,$189
CLM4654,99214,Detailed office visit,$121
CLM4654,90834,Psychotherapy 45 minutes,$141
CLM4655,93000,EKG/ECG with interpretation,$164
CLM4656,71020,Chest X-ray,$113
CLM4656,99285,ED visit high severity,$1166
CLM4657,94010,Spirometry,$84
CLM4657,94640,Nebulizer treatment,$50
CLM4658,93015,Cardiac stress test,$847
CLM4659,11102,Skin biopsy,$169
CLM4659,99213,Office/outpatient visit,$119
CLM4660,88175,Pap smear cytology,$64
CLM4660,76805,Obstetric ultrasound,$396
CLM4660,99214,Detailed office visit,$147
CLM4661,36415,Blood draw,$34
CLM4662,99214,Detailed office visit,$124
CLM4663,94010,Spirometry,$99
CLM4664,36415,Blood draw,$31
CLM4665,93000,EKG/ECG with interpretation,$164
CLM4665,99214,Detailed office visit,$140
CLM4666,80050,General health panel,$292
CLM4667,80061,Lipid panel,$52
CLM4668,94010,Spirometry,$100
CLM4668,94640,Nebulizer treatment,$48
CLM4669,99214,Detailed office visit,$146
CLM4669,93000,EKG/ECG with interpretation,$168
CLM4670,99213,Office/outpatient visit,$137
CLM4671,90460,Immunization administration,$47
CLM4672,99214,Detailed office visit,$143
CLM4673,90791,Psychiatric diagnostic evaluation,$279
CLM4673,99214,Detailed office visit,$122
CLM4674,36415,Blood draw,$29
CLM4675,99214,Detailed office visit,$122
CLM4676,99213,Office/outpatient visit,$132
CLM4677,90834,Psychotherapy 45 minutes,$150
CLM4678,87880,Rapid strep test,$37
CLM4679,70450,CT head without contrast,$973
CLM4679,71020,Chest X-ray,$113
CLM4680,71020,Chest X-ray,$117
CLM4681,99213,Office/outpatient visit,$121
CLM4682,99283,ED visit moderate severity,$482
CLM4683,80050,General health panel,$272
CLM4684,99213,Office/outpatient visit,$120
CLM4685,36415,Blood draw,$31
CLM4685,80061,Lipid panel,$56
CLM4686,36415,Blood draw,$30
CLM4686,80061,Lipid panel,$59
CLM4686,71020,Chest X-ray,$125
CLM4687,93015,Cardiac stress test,$852
CLM4688,88175,Pap smear cytology,$67
CLM4689,36415,Blood draw,$27
CLM4690,36415,Blood draw,$32
CLM4691,96415,Chemotherapy infusion additional hour,$371
CLM4692,93000,EKG/ECG with interpretation,$145
CLM4693,99213,Office/outpatient visit,$116
CLM4694,99214,Detailed office visit,$143
CLM4695,80050,General health panel,$319
CLM4695,93000,EKG/ECG with interpretation,$167
CLM4696,99213,Office/outpatient visit,$118
CLM4697,85025,Complete blood count,$51
CLM4697,71020,Chest X-ray,$116
CLM4698,36415,Blood draw,$31
CLM4699,71020,Chest X-ray,$108
CLM4700,99214,Detailed office visit,$120
CLM4701,80061,Lipid panel,$62
CLM4702,93000,EKG/ECG with interpretation,$168
CLM4702,99285,ED visit high severity,$1164
CLM4703,85025,Complete blood count,$48
CLM4704,36415,Blood draw,$31
CLM4704,99213,Office/outpatient visit,$133
CLM4705,99214,Detailed office visit,$133
CLM4705,93000,EKG/ECG with interpretation,$159
CLM4706,99214,Detailed office visit,$125
CLM4707,90837,Psychotherapy 60 minutes,$212
CLM4707,99214,Detailed office visit,$133
CLM4707,90834,Psychotherapy 45 minutes,$135
CLM4708,71020,Chest X-ray,$122
CLM4709,93000,EKG/ECG with interpretation,$149
CLM4709,71020,Chest X-ray,$106
CLM4710,90707,MMR vaccine,$92
CLM4710,90460,Immunization administration,$39
CLM4711,99215,Comprehensive office visit,$236
CLM4712,93000,EKG/ECG with interpretation,$152
CLM4712,80053,Comprehensive metabolic panel,$55
CLM4713,90460,Immunization administration,$38
CLM4713,90707,MMR vaccine,$101
CLM4713,99213,Office/outpatient visit,$127
CLM4714,93015,Cardiac stress test,$926
CLM4715,80050,General health panel,$299
CLM4715,99214,Detailed office visit,$119
CLM4715,36415,Blood draw,$35
CLM4716,73030,Shoulder X-ray,$120
CLM4716,99213,Office/outpatient visit,$129
CLM4717,70450,CT head without contrast,$937
CLM4718,83036,Hemoglobin A1c,$42
CLM4719,90834,Psychotherapy 45 minutes,$163
CLM4720,99214,Detailed office visit,$148
CLM4720,93000,EKG/ECG with interpretation,$157
CLM4720,93015,Cardiac stress test,$934
CLM4721,80050,General health panel,$319
CLM4721,85025,Complete blood count,$44
CLM4721,99213,Office/outpatient visit,$124
CLM4722,99214,Detailed office visit,$147
CLM4723,90834,Psychotherapy 45 minutes,$129
CLM4724,96910,Phototherapy treatment,$152
CLM4724,99213,Office/outpatient visit,$128
CLM4724,17000,Destruction of skin lesion,$136
CLM4725,99213,Office/outpatient visit,$130
CLM4726,71020,Chest X-ray,$104
CLM4727,73721,MRI knee,$1511
CLM4727,73030,Shoulder X-ray,$122
CLM4728,96413,Chemotherapy infusion first hour,$1150
CLM4729,99214,Detailed office visit,$152
CLM4730,83036,Hemoglobin A1c,$46
CLM4731,80061,Lipid panel,$65
CLM4731,99214,Detailed office visit,$150
CLM4732,83036,Hemoglobin A1c,$40
CLM4733,99285,ED visit high severity,$1272
CLM4734,83036,Hemoglobin A1c,$40
CLM4735,99213,Office/outpatient visit,$133
CLM4735,85025,Complete blood count,$53
CLM4735,99214,Detailed office visit,$144
CLM4736,93000,EKG/ECG with interpretation,$142
CLM4736,99214,Detailed office visit,$140
CLM4737,99214,Detailed office visit,$146
CLM4738,99214,Detailed office visit,$119
CLM4739,85025,Complete blood count,$45
CLM4740,93000,EKG/ECG with interpretation,$156
CLM4741,90460,Immunization administration,$42
CLM4742,80050,General health panel,$346
CLM4742,93000,EKG/ECG with interpretation,$156
CLM4742,99214,Detailed office visit,$122
CLM4743,80050,General health panel,$294
CLM4744,80061,Lipid panel,$57
CLM4744,36415,Blood draw,$32
CLM4745,93000,EKG/ECG with interpretation,$145
CLM4746,85025,Complete blood count,$53
CLM4746,80061,Lipid panel,$55
CLM4747,71020,Chest X-ray,$103
CLM4747,94640,Nebulizer treatment,$54
CLM4748,83036,Hemoglobin A1c,$41
CLM4749,73721,MRI knee,$1756
CLM4750,71020,Chest X-ray,$103
CLM4751,80053,Comprehensive metabolic panel,$60
CLM4752,85025,Complete blood count,$45
CLM4752,99215,Comprehensive office visit,$214
CLM4753,93015,Cardiac stress test,$909
CLM4754,93015,Cardiac stress test,$923
CLM4755,83036,Hemoglobin A1c,$38
CLM4756,36415,Blood draw,$32
CLM4756,71020,Chest X-ray,$104
CLM4757,99214,Detailed office visit,$141
CLM4757,93458,Cardiac catheterization,$5013
CLM4757,93000,EKG/ECG with interpretation,$146
CLM4758,93458,Cardiac catheterization,$4930
CLM4759,99215,Comprehensive office visit,$235
CLM4760,36415,Blood draw,$30
CLM4761,90460,Immunization administration,$39
CLM4762,36415,Blood draw,$34
CLM4762,82947,Glucose test,$23
CLM4763,99392,Preventive visit age 1-4,$172
CLM4764,99215,Comprehensive office visit,$218
CLM4765,90460,Immunization administration,$41
CLM4765,99213,Office/outpatient visit,$119
CLM4766,71020,Chest X-ray,$114
CLM4767,71020,Chest X-ray,$117
CLM4767,93000,EKG/ECG with interpretation,$166
CLM4767,99285,ED visit high severity,$1302
CLM4768,93000,EKG/ECG with interpretation,$175
CLM4768,99215,Comprehensive office visit,$211
CLM4769,17000,Destruction of skin lesion,$119
CLM4769,96910,Phototherapy treatment,$166
CLM4769,99213,Office/outpatient visit,$120
CLM4770,99214,Detailed office visit,$120
CLM4770,90834,Psychotherapy 45 minutes,$159
CLM4771,11102,Skin biopsy,$174
CLM4772,80061,Lipid panel,$51
CLM4772,99213,Office/outpatient visit,$117
CLM4773,36415,Blood draw,$32
CLM4773,80050,General health panel,$347
CLM4773,99214,Detailed office visit,$134
CLM4774,94010,Spirometry,$87
CLM4775,99285,ED visit high severity,$1350
CLM4775,93000,EKG/ECG with interpretation,$160
CLM4775,71020,Chest X-ray,$108
CLM4776,88175,Pap smear cytology,$69
CLM4777,80050,General health panel,$301
CLM4778,36415,Blood draw,$32
CLM4779,99283,ED visit moderate severity,$464
CLM4779,93000,EKG/ECG with interpretation,$159
CLM4780,90460,Immunization administration,$40
CLM4780,99392,Preventive visit age 1-4,$199
CLM4781,93306,Echocardiogram complete,$1176
CLM4781,93000,EKG/ECG with interpretation,$164
CLM4782,84443,TSH test,$64
CLM4783,71020,Chest X-ray,$127
CLM4783,99213,Office/outpatient visit,$142
CLM4784,99214,Detailed office visit,$130
CLM4785,93000,EKG/ECG with interpretation,$152
CLM4786,90834,Psychotherapy 45 minutes,$164
CLM4786,99214,Detailed office visit,$120
CLM4787,36415,Blood draw,$29
CLM4788,99214,Detailed office visit,$129
CLM4789,71020,Chest X-ray,$126
CLM4789,70450,CT head without contrast,$896
CLM4790,96910,Phototherapy treatment,$149
CLM4791,96910,Phototherapy treatment,$172
CLM4792,80050,General health panel,$293
CLM4793,99283,ED visit moderate severity,$494
CLM4793,71020,Chest X-ray,$128
CLM4793,93000,EKG/ECG with interpretation,$143
CLM4794,70450,CT head without contrast,$1054
CLM4795,85025,Complete blood count,$44
CLM4796,99213,Office/outpatient visit,$131
CLM4797,85025,Complete blood count,$48
CLM4798,99214,Detailed office visit,$142
CLM4798,93306,Echocardiogram complete,$1259
CLM4799,93000,EKG/ECG with interpretation,$167
CLM4799,99214,Detailed office visit,$136
CLM4800,99214,Detailed office visit,$153
CLM4800,90791,Psychiatric diagnostic evaluation,$279
CLM4800,90834,Psychotherapy 45 minutes,$142
CLM4801,94010,Spirometry,$83
CLM4802,36415,Blood draw,$30
CLM4802,83036,Hemoglobin A1c,$41
CLM4802,80050,General health panel,$307
CLM4803,90460,Immunization administration,$47
CLM4804,93000,EKG/ECG with interpretation,$146
CLM4805,85025,Complete blood count,$52
CLM4805,80061,Lipid panel,$54
CLM4806,99213,Office/outpatient visit,$112
CLM4806,96910,Phototherapy treatment,$173
CLM4806,17000,Destruction of skin lesion,$109
CLM4807,83036,Hemoglobin A1c,$40
CLM4807,36415,Blood draw,$28
CLM4808,96910,Phototherapy treatment,$159
CLM4809,84443,TSH test,$59
CLM4809,82947,Glucose test,$26
CLM4810,99214,Detailed office visit,$134
CLM4811,36415,Blood draw,$35
CLM4811,83036,Hemoglobin A1c,$38
CLM4812,85025,Complete blood count,$43
CLM4812,99215,Comprehensive office visit,$227
CLM4813,36415,Blood draw,$33
CLM4814,88175,Pap smear cytology,$65
CLM4815,99213,Office/outpatient visit,$139
CLM4815,90460,Immunization administration,$45
CLM4816,90791,Psychiatric diagnostic evaluation,$232
CLM4817,90837,Psychotherapy 60 minutes,$181
CLM4817,99214,Detailed office visit,$129
CLM4818,99214,Detailed office visit,$136
CLM4819,90837,Psychotherapy 60 minutes,$168
CLM4819,99214,Detailed office visit,$141
CLM4820,80053,Comprehensive metabolic panel,$68
CLM4821,90460,Immunization administration,$42
CLM4822,71020,Chest X-ray,$112
CLM4823,93000,EKG/ECG with interpretation,$140
CLM4823,99214,Detailed office visit,$122
CLM4824,85025,Complete blood count,$50
CLM4825,96910,Phototherapy treatment,$163
CLM4825,11102,Skin biopsy,$185
CLM4825,99213,Office/outpatient visit,$112
CLM4826,71020,Chest X-ray,$112
CLM4827,83036,Hemoglobin A1c,$36
CLM4827,80053,Comprehensive metabolic panel,$61
CLM4827,36415,Blood draw,$28
CLM4828,94640,Nebulizer treatment,$47
CLM4829,99214,Detailed office visit,$119
CLM4830,96910,Phototherapy treatment,$186
CLM4831,93000,EKG/ECG with interpretation,$158
CLM4831,99214,Detailed office visit,$120
CLM4831,93458,Cardiac catheterization,$4477
CLM4832,36415,Blood draw,$30
CLM4833,36415,Blood draw,$32
CLM4834,85025,Complete blood count,$52
CLM4834,36415,Blood draw,$28
CLM4835,87880,Rapid strep test,$35
CLM4836,90460,Immunization administration,$38
CLM4837,36415,Blood draw,$27
CLM4838,93306,Echocardiogram complete,$1144
CLM4839,36415,Blood draw,$31
CLM4839,83036,Hemoglobin A1c,$37
CLM4840,83036,Hemoglobin A1c,$39
CLM4840,99215,Comprehensive office visit,$212
CLM4840,80053,Comprehensive metabolic panel,$67
CLM4841,71020,Chest X-ray,$104
CLM4842,36415,Blood draw,$31
CLM4842,71020,Chest X-ray,$128
CLM4843,11102,Skin biopsy,$163
CLM4843,99213,Office/outpatient visit,$120
CLM4844,99283,ED visit moderate severity,$410
CLM4844,93000,EKG/ECG with interpretation,$170
CLM4845,93000,EKG/ECG with interpretation,$161
CLM4845,70450,CT head without contrast,$821
CLM4846,80053,Comprehensive metabolic panel,$56
CLM4846,93000,EKG/ECG with interpretation,$147
CLM4846,83036,Hemoglobin A1c,$38
CLM4847,93000,EKG/ECG with interpretation,$160
CLM4847,93458,Cardiac catheterization,$4652
CLM4848,99215,Comprehensive office visit,$232
CLM4849,99213,Office/outpatient visit,$135
CLM4850,85025,Complete blood count,$50
CLM4850,36415,Blood draw,$29
CLM4851,80050,General health panel,$321
CLM4851,93000,EKG/ECG with interpretation,$147
CLM4852,85025,Complete blood count,$42
CLM4852,99213,Office/outpatient visit,$133
CLM4853,85025,Complete blood count,$49
CLM4853,96415,Chemotherapy infusion additional hour,$383
CLM4853,99215,Comprehensive office visit,$229
CLM4854,83036,Hemoglobin A1c,$38
CLM4854,80053,Comprehensive metabolic panel,$60
CLM4854,99214,Detailed office visit,$129
CLM4855,36415,Blood draw,$34
CLM4855,99214,Detailed office visit,$127
CLM4856,99214,Detailed office visit,$150
CLM4857,73030,Shoulder X-ray,$136
CLM4858,93000,EKG/ECG with interpretation,$160
CLM4859,80053,Comprehensive metabolic panel,$64
CLM4860,80061,Lipid panel,$56
CLM4861,36415,Blood draw,$28
CLM4861,83036,Hemoglobin A1c,$45
CLM4862,85025,Complete blood count,$41
CLM4863,93306,Echocardiogram complete,$1186
CLM4864,94010,Spirometry,$89
CLM4865,80061,Lipid panel,$52
CLM4866,99215,Comprehensive office visit,$191
CLM4866,80053,Comprehensive metabolic panel,$66
CLM4867,99214,Detailed office visit,$120
CLM4867,93000,EKG/ECG with interpretation,$159
CLM4868,80050,General health panel,$326
CLM4869,36415,Blood draw,$30
CLM4870,93000,EKG/ECG with interpretation,$137
CLM4871,94010,Spirometry,$85
CLM4871,94640,Nebulizer treatment,$48
CLM4872,90460,Immunization administration,$46
CLM4872,99213,Office/outpatient visit,$115
CLM4872,90707,MMR vaccine,$99
CLM4873,90791,Psychiatric diagnostic evaluation,$244
CLM4873,90834,Psychotherapy 45 minutes,$143
CLM4874,85025,Complete blood count,$51
CLM4875,80050,General health panel,$288
CLM4876,99213,Office/outpatient visit,$119
CLM4877,71020,Chest X-ray,$110
CLM4877,94640,Nebulizer treatment,$55
CLM4877,94010,Spirometry,$96
CLM4878,17000,Destruction of skin lesion,$110
CLM4878,99213,Office/outpatient visit,$127
CLM4879,85025,Complete blood count,$45
CLM4880,90791,Psychiatric diagnostic evaluation,$279
CLM4880,90837,Psychotherapy 60 minutes,$183
CLM4880,90834,Psychotherapy 45 minutes,$163
CLM4881,93000,EKG/ECG with interpretation,$158
CLM4881,99214,Detailed office visit,$129
CLM4882,71020,Chest X-ray,$124
CLM4883,96910,Phototherapy treatment,$156
CLM4883,17000,Destruction of skin lesion,$125
CLM4884,93000,EKG/ECG with interpretation,$153
CLM4885,85025,Complete blood count,$50
CLM4885,96413,Chemotherapy infusion first hour,$1149
CLM4886,99213,Office/outpatient visit,$110
CLM4886,36415,Blood draw,$29
CLM4886,87070,Bacteria culture,$77
CLM4887,36415,Blood draw,$31
CLM4887,82947,Glucose test,$23
CLM4888,99285,ED visit high severity,$1253
CLM4889,99214,Detailed office visit,$141
CLM4889,36415,Blood draw,$33
CLM4890,87880,Rapid strep test,$33
CLM4890,99392,Preventive visit age 1-4,$166
CLM4891,93000,EKG/ECG with interpretation,$153
CLM4891,71020,Chest X-ray,$101
CLM4892,94010,Spirometry,$85
CLM4892,71020,Chest X-ray,$100
CLM4893,73030,Shoulder X-ray,$132
CLM4894,99283,ED visit moderate severity,$502
CLM4894,71020,Chest X-ray,$103
CLM4895,73030,Shoulder X-ray,$121
CLM4895,99213,Office/outpatient visit,$117
CLM4896,99215,Comprehensive office visit,$213
CLM4896,93000,EKG/ECG with interpretation,$142
CLM4896,83036,Hemoglobin A1c,$38
CLM4897,99214,Detailed office visit,$142
CLM4898,11102,Skin biopsy,$207
CLM4898,17000,Destruction of skin lesion,$112
CLM4899,71020,Chest X-ray,$115
CLM4900,99285,ED visit high severity,$1367
CLM4900,71020,Chest X-ray,$116
CLM4900,99283,ED visit moderate severity,$430
CLM4901,87880,Rapid strep test,$33
CLM4901,90460,Immunization administration,$41
CLM4902,90791,Psychiatric diagnostic evaluation,$251
CLM4902,90837,Psychotherapy 60 minutes,$211
CLM4903,93000,EKG/ECG with interpretation,$176
CLM4904,93306,Echocardiogram complete,$1189
CLM4905,99213,Office/outpatient visit,$141
CLM4905,17000,Destruction of skin lesion,$140
CLM4906,80050,General health panel,$317
CLM4906,83036,Hemoglobin A1c,$42
CLM4907,94640,Nebulizer treatment,$55
CLM4908,36415,Blood draw,$31
CLM4908,99213,Office/outpatient visit,$111
CLM4908,85025,Complete blood count,$42
CLM4909,17000,Destruction of skin lesion,$141
CLM4909,99213,Office/outpatient visit,$113
CLM4910,93000,EKG/ECG with interpretation,$152
CLM4911,36415,Blood draw,$33
CLM4911,83036,Hemoglobin A1c,$38
CLM4911,93000,EKG/ECG with interpretation,$176
CLM4912,87880,Rapid strep test,$37
CLM4912,90460,Immunization administration,$45
CLM4913,99214,Detailed office visit,$145
CLM4914,90791,Psychiatric diagnostic evaluation,$282
CLM4914,90837,Psychotherapy 60 minutes,$169
CLM4915,36415,Blood draw,$28
CLM4916,90791,Psychiatric diagnostic evaluation,$273
CLM4916,99214,Detailed office visit,$132
CLM4917,87070,Bacteria culture,$89
CLM4917,36415,Blood draw,$34
CLM4918,90791,Psychiatric diagnostic evaluation,$255
CLM4919,36415,Blood draw,$28
CLM4920,71020,Chest X-ray,$100
CLM4921,93000,EKG/ECG with interpretation,$156
CLM4922,87880,Rapid strep test,$38
CLM4922,99213,Office/outpatient visit,$112
CLM4923,93000,EKG/ECG with interpretation,$147
CLM4924,85025,Complete blood count,$41
CLM4925,36415,Blood draw,$31
CLM4926,83036,Hemoglobin A1c,$41
CLM4927,99213,Office/outpatient visit,$129
CLM4927,73030,Shoulder X-ray,$132
CLM4927,20610,Major joint injection,$266
CLM4928,80053,Comprehensive metabolic panel,$59
CLM4929,99214,Detailed office visit,$121
CLM4930,17000,Destruction of skin lesion,$114
CLM4930,11102,Skin biopsy,$174
CLM4930,99213,Office/outpatient visit,$118
CLM4931,71020,Chest X-ray,$128
CLM4932,93000,EKG/ECG with interpretation,$148
CLM4932,71020,Chest X-ray,$102
CLM4932,99285,ED visit high severity,$1180
CLM4933,88175,Pap smear cytology,$73
CLM4934,70450,CT head without contrast,$1054
CLM4934,99283,ED visit moderate severity,$512
CLM4935,99213,Office/outpatient visit,$130
CLM4936,36415,Blood draw,$32
CLM4936,99215,Comprehensive office visit,$203
CLM4936,80053,Comprehensive metabolic panel,$69
CLM4937,93000,EKG/ECG with interpretation,$151
CLM4937,36415,Blood draw,$33
CLM4938,99214,Detailed office visit,$126
CLM4938,93000,EKG/ECG with interpretation,$150
CLM4939,90707,MMR vaccine,$106
CLM4940,85025,Complete blood count,$44
CLM4941,83036,Hemoglobin A1c,$43
CLM4941,93000,EKG/ECG with interpretation,$169
CLM4942,80061,Lipid panel,$62
CLM4943,99214,Detailed office visit,$153
CLM4943,93015,Cardiac stress test,$777
CLM4944,99214,Detailed office visit,$125
CLM4944,93306,Echocardiogram complete,$1408
CLM4944,93000,EKG/ECG with interpretation,$169
CLM4945,83036,Hemoglobin A1c,$43
CLM4946,94010,Spirometry,$103
CLM4947,99213,Office/outpatient visit,$129
CLM4948,99215,Comprehensive office visit,$238
CLM4949,99214,Detailed office visit,$145
CLM4950,20610,Major joint injection,$239
CLM4951,80053,Comprehensive metabolic panel,$59
CLM4952,99214,Detailed office visit,$145
CLM4952,93000,EKG/ECG with interpretation,$174
CLM4953,93000,EKG/ECG with interpretation,$173
CLM4954,99215,Comprehensive office visit,$197
CLM4954,36415,Blood draw,$34
CLM4955,93000,EKG/ECG with interpretation,$136
CLM4955,70450,CT head without contrast,$955
CLM4956,71020,Chest X-ray,$121
CLM4956,93000,EKG/ECG with interpretation,$150
CLM4957,85025,Complete blood count,$42
CLM4958,93000,EKG/ECG with interpretation,$147
CLM4958,36415,Blood draw,$29
CLM4959,71020,Chest X-ray,$125
CLM4960,93458,Cardiac catheterization,$5038
CLM4961,90837,Psychotherapy 60 minutes,$202
CLM4962,93000,EKG/ECG with interpretation,$144
CLM4963,80050,General health panel,$335
CLM4964,99214,Detailed office visit,$148
CLM4965,71020,Chest X-ray,$110
CLM4966,94010,Spirometry,$97
CLM4966,94640,Nebulizer treatment,$56
CLM4967,99214,Detailed office visit,$149
CLM4968,83036,Hemoglobin A1c,$40
CLM4969,80053,Comprehensive metabolic panel,$71
CLM4969,36415,Blood draw,$33
CLM4970,71020,Chest X-ray,$112
CLM4970,80050,General health panel,$318
CLM4970,87070,Bacteria culture,$80
CLM4971,36415,Blood draw,$30
CLM4971,99213,Office/outpatient visit,$141
CLM4972,36415,Blood draw,$33
CLM4973,80050,General health panel,$329
CLM4974,96415,Chemotherapy infusion additional hour,$380
CLM4974,99215,Comprehensive office visit,$191
CLM4975,99213,Office/outpatient visit,$111
CLM4976,90834,Psychotherapy 45 minutes,$133
CLM4977,96415,Chemotherapy infusion additional hour,$348
CLM4978,20610,Major joint injection,$230
CLM4978,29881,Knee arthroscopy,$5506
CLM4979,87880,Rapid strep test,$33
CLM4979,90707,MMR vaccine,$88
CLM4980,90460,Immunization administration,$39
CLM4980,99213,Office/outpatient visit,$129
CLM4980,87880,Rapid strep test,$36
CLM4981,83036,Hemoglobin A1c,$41
CLM4982,85025,Complete blood count,$48
CLM4982,99213,Office/outpatient visit,$111
CLM4983,80050,General health panel,$310
CLM4983,99215,Comprehensive office visit,$231
CLM4983,83036,Hemoglobin A1c,$36
CLM4984,99214,Detailed office visit,$121
CLM4985,17000,Destruction of skin lesion,$109
CLM4985,99213,Office/outpatient visit,$116
CLM4986,36415,Blood draw,$33
CLM4987,85025,Complete blood count,$44
CLM4987,87070,Bacteria culture,$92
CLM4988,73030,Shoulder X-ray,$117
CLM4989,90707,MMR vaccine,$83
CLM4990,36415,Blood draw,$32
CLM4991,99215,Comprehensive office visit,$218
CLM4992,80061,Lipid panel,$51
CLM4992,99213,Office/outpatient visit,$111
CLM4992,71020,Chest X-ray,$120
CLM4993,82947,Glucose test,$29
CLM4994,11102,Skin biopsy,$185
CLM4995,36415,Blood draw,$29
CLM4996,71020,Chest X-ray,$122
CLM4996,93000,EKG/ECG with interpretation,$140
CLM4996,99283,ED visit moderate severity,$422
CLM4997,71020,Chest X-ray,$109
CLM4998,99214,Detailed office visit,$136
CLM4999,93000,EKG/ECG with interpretation,$172
CLM4999,99285,ED visit high severity,$1147
CLM5000,36415,Blood draw,$30
CLM5001,85025,Complete blood count,$46
CLM5001,80050,General health panel,$301
CLM5002,99214,Detailed office visit,$132
CLM5002,36415,Blood draw,$28
CLM5003,99213,Office/outpatient visit,$127
CLM5003,11102,Skin biopsy,$189
CLM5004,99215,Comprehensive office visit,$222
CLM5005,99213,Office/outpatient visit,$120
CLM5006,36415,Blood draw,$28
CLM5007,85025,Complete blood count,$53
CLM5008,36415,Blood draw,$28
CLM5009,99214,Detailed office visit,$129
CLM5010,11102,Skin biopsy,$204
CLM5011,83036,Hemoglobin A1c,$46
CLM5011,36415,Blood draw,$30
CLM5011,80050,General health panel,$344
CLM5012,93015,Cardiac stress test,$799
CLM5012,93000,EKG/ECG with interpretation,$172
CLM5013,93000,EKG/ECG with interpretation,$161
CLM5013,93015,Cardiac stress test,$974
CLM5014,99214,Detailed office visit,$138
CLM5015,85025,Complete blood count,$53
CLM5015,96415,Chemotherapy infusion additional hour,$360
CLM5016,71020,Chest X-ray,$126
CLM5017,36415,Blood draw,$32
CLM5017,85025,Complete blood count,$44
CLM5017,99213,Office/outpatient visit,$119
CLM5018,90791,Psychiatric diagnostic evaluation,$263
CLM5019,11102,Skin biopsy,$197
CLM5019,99213,Office/outpatient visit,$131
CLM5019,96910,Phototherapy treatment,$187
CLM5020,82947,Glucose test,$26
CLM5021,90791,Psychiatric diagnostic evaluation,$287
CLM5022,80050,General health panel,$296
CLM5023,93000,EKG/ECG with interpretation,$160
CLM5023,99214,Detailed office visit,$129
CLM5024,20610,Major joint injection,$241
CLM5025,99215,Comprehensive office visit,$224
CLM5025,83036,Hemoglobin A1c,$43
CLM5025,99214,Detailed office visit,$124
CLM5026,99213,Office/outpatient visit,$135
CLM5027,88175,Pap smear cytology,$67
CLM5028,99213,Office/outpatient visit,$111
CLM5029,90460,Immunization administration,$45
CLM5029,99213,Office/outpatient visit,$141
CLM5029,87880,Rapid strep test,$33
CLM5030,36415,Blood draw,$31
CLM5031,87070,Bacteria culture,$73
CLM5032,99214,Detailed office visit,$120
CLM5032,93015,Cardiac stress test,$981
CLM5033,93458,Cardiac catheterization,$4927
CLM5034,84443,TSH test,$57
CLM5034,82947,Glucose test,$26
CLM5034,99214,Detailed office visit,$148
CLM5035,87070,Bacteria culture,$88
CLM5036,87880,Rapid strep test,$32
CLM5036,90460,Immunization administration,$47
CLM5036,99213,Office/outpatient visit,$126
CLM5037,87880,Rapid strep test,$39
CLM5038,85025,Complete blood count,$45
CLM5038,36415,Blood draw,$34
CLM5039,94640,Nebulizer treatment,$47
CLM5039,99214,Detailed office visit,$139
CLM5039,94010,Spirometry,$103
CLM5040,80061,Lipid panel,$58
CLM5040,80050,General health panel,$324
CLM5041,93015,Cardiac stress test,$970
CLM5041,93000,EKG/ECG with interpretation,$169
CLM5041,99214,Detailed office visit,$153
CLM5042,90460,Immunization administration,$47
CLM5043,80053,Comprehensive metabolic panel,$68
CLM5043,99214,Detailed office visit,$132
CLM5044,11102,Skin biopsy,$168
CLM5045,99214,Detailed office visit,$143
CLM5045,82947,Glucose test,$29
CLM5046,85025,Complete blood count,$45
CLM5046,80061,Lipid panel,$52
CLM5046,99213,Office/outpatient visit,$110
CLM5047,99392,Preventive visit age 1-4,$212
CLM5048,80053,Comprehensive metabolic panel,$67
CLM5049,73030,Shoulder X-ray,$111
CLM5050,85025,Complete blood count,$41
CLM5050,80061,Lipid panel,$53
CLM5051,83036,Hemoglobin A1c,$47
CLM5052,36415,Blood draw,$29
CLM5053,99213,Office/outpatient visit,$108
CLM5053,87070,Bacteria culture,$73
CLM5054,90837,Psychotherapy 60 minutes,$185
CLM5055,82947,Glucose test,$24
CLM5055,83036,Hemoglobin A1c,$38
CLM5055,84443,TSH test,$53
CLM5056,17000,Destruction of skin lesion,$132
CLM5056,96910,Phototherapy treatment,$161
CLM5057,99213,Office/outpatient visit,$121
CLM5058,36415,Blood draw,$33
CLM5058,83036,Hemoglobin A1c,$45
CLM5059,70450,CT head without contrast,$925
CLM5059,93000,EKG/ECG with interpretation,$137
CLM5059,71020,Chest X-ray,$116
CLM5060,71020,Chest X-ray,$108
CLM5060,87070,Bacteria culture,$94
CLM5061,80050,General health panel,$334
CLM5061,80061,Lipid panel,$59
CLM5061,36415,Blood draw,$31
CLM5062,90707,MMR vaccine,$102
CLM5063,90834,Psychotherapy 45 minutes,$148
CLM5064,99214,Detailed office visit,$132
CLM5064,87070,Bacteria culture,$83
CLM5064,36415,Blood draw,$35
CLM5065,80061,Lipid panel,$60
CLM5066,90834,Psychotherapy 45 minutes,$156
CLM5066,90837,Psychotherapy 60 minutes,$166
CLM5067,36415,Blood draw,$33
CLM5068,87880,Rapid strep test,$37
CLM5069,99213,Office/outpatient visit,$135
CLM5070,70450,CT head without contrast,$927
CLM5070,99283,ED visit moderate severity,$426
CLM5071,99214,Detailed office visit,$132
CLM5072,93000,EKG/ECG with interpretation,$137
CLM5072,71020,Chest X-ray,$126
CLM5073,87070,Bacteria culture,$76
CLM5073,85025,Complete blood count,$46
CLM5073,80061,Lipid panel,$61
CLM5074,93458,Cardiac catheterization,$4060
CLM5075,95810,Sleep study,$1552
CLM5075,71020,Chest X-ray,$128
CLM5076,85025,Complete blood count,$45
CLM5076,80061,Lipid panel,$50
CLM5077,20610,Major joint injection,$228
CLM5077,73030,Shoulder X-ray,$134
CLM5078,87070,Bacteria culture,$84
CLM5078,99214,Detailed office visit,$123
CLM5079,36415,Blood draw,$28
CLM5080,82947,Glucose test,$24
CLM5080,84443,TSH test,$55
CLM5081,71020,Chest X-ray,$101
CLM5082,71020,Chest X-ray,$125
CLM5083,93000,EKG/ECG with interpretation,$176
CLM5083,99283,ED visit moderate severity,$472
CLM5084,71020,Chest X-ray,$110
CLM5085,29881,Knee arthroscopy,$5487
CLM5085,99213,Office/outpatient visit,$135
CLM5086,90460,Immunization administration,$38
CLM5087,93000,EKG/ECG with interpretation,$166
CLM5087,83036,Hemoglobin A1c,$47
CLM5088,94010,Spirometry,$88
CLM5089,99214,Detailed office visit,$148
CLM5089,93306,Echocardiogram complete,$1335
CLM5090,36415,Blood draw,$30
CLM5091,20610,Major joint injection,$233
CLM5091,73721,MRI knee,$1603
CLM5091,99213,Office/outpatient visit,$114
CLM5092,59400,Routine obstetric care,$3915
CLM5093,80061,Lipid panel,$59
CLM5094,93000,EKG/ECG with interpretation,$166
CLM5095,90791,Psychiatric diagnostic evaluation,$289
CLM5096,82947,Glucose test,$28
CLM5096,83036,Hemoglobin A1c,$42
CLM5097,93000,EKG/ECG with interpretation,$155
CLM5098,85025,Complete blood count,$48
CLM5098,99215,Comprehensive office visit,$199
CLM5098,96415,Chemotherapy infusion additional hour,$339
CLM5099,94010,Spirometry,$105
CLM5099,94640,Nebulizer treatment,$59
CLM5099,71020,Chest X-ray,$115
CLM5100,83036,Hemoglobin A1c,$36
CLM5101,99214,Detailed office visit,$141
CLM5102,71020,Chest X-ray,$128
CLM5103,36415,Blood draw,$33
CLM5104,99285,ED visit high severity,$1086
CLM5105,71020,Chest X-ray,$102
CLM5105,93000,EKG/ECG with interpretation,$149
CLM5106,87880,Rapid strep test,$34
CLM5106,99392,Preventive visit age 1-4,$201
CLM5107,36415,Blood draw,$28
CLM5107,82947,Glucose test,$23
CLM5108,36415,Blood draw,$28
CLM5108,99214,Detailed office visit,$143
CLM5109,71020,Chest X-ray,$114
CLM5109,70450,CT head without contrast,$887
CLM5110,99215,Comprehensive office visit,$194
CLM5110,93000,EKG/ECG with interpretation,$144
CLM5111,85025,Complete blood count,$49
CLM5112,80061,Lipid panel,$53
CLM5112,87070,Bacteria culture,$87
CLM5112,85025,Complete blood count,$52
CLM5113,36415,Blood draw,$34
CLM5114,99213,Office/outpatient visit,$117
CLM5114,11102,Skin biopsy,$183
CLM5115,99213,Office/outpatient visit,$131
CLM5116,71020,Chest X-ray,$129
CLM5116,87070,Bacteria culture,$77
CLM5116,36415,Blood draw,$29
CLM5117,90791,Psychiatric diagnostic evaluation,$273
CLM5117,90834,Psychotherapy 45 minutes,$159
CLM5118,99214,Detailed office visit,$127
CLM5118,95810,Sleep study,$1555
CLM5119,73030,Shoulder X-ray,$134
CLM5120,99214,Detailed office visit,$137
CLM5120,94010,Spirometry,$103
CLM5121,80061,Lipid panel,$63
CLM5122,93306,Echocardiogram complete,$1236
CLM5123,87880,Rapid strep test,$38
CLM5123,90460,Immunization administration,$37
CLM5124,99214,Detailed office visit,$125
CLM5124,85025,Complete blood count,$48
CLM5125,71020,Chest X-ray,$114
CLM5125,94640,Nebulizer treatment,$56
CLM5125,94010,Spirometry,$88
CLM5126,99214,Detailed office visit,$138
CLM5126,94640,Nebulizer treatment,$50
CLM5127,83036,Hemoglobin A1c,$36
CLM5128,99214,Detailed office visit,$134
CLM5129,90460,Immunization administration,$45
CLM5129,90707,MMR vaccine,$90
CLM5130,99214,Detailed office visit,$124
CLM5131,95810,Sleep study,$1434
CLM5131,94010,Spirometry,$89
CLM5131,94640,Nebulizer treatment,$53
CLM5132,85025,Complete blood count,$43
CLM5133,99214,Detailed office visit,$134
CLM5134,80061,Lipid panel,$52
CLM5135,80061,Lipid panel,$62
CLM5136,36415,Blood draw,$32
CLM5137,93000,EKG/ECG with interpretation,$143
CLM5137,80053,Comprehensive metabolic panel,$70
CLM5138,83036,Hemoglobin A1c,$41
CLM5139,93306,Echocardiogram complete,$1233
CLM5140,90834,Psychotherapy 45 minutes,$131
CLM5141,85025,Complete blood count,$46
CLM5142,36415,Blood draw,$34
CLM5143,99213,Office/outpatient visit,$134
CLM5143,20610,Major joint injection,$288
CLM5144,83036,Hemoglobin A1c,$42
CLM5144,80050,General health panel,$337
CLM5144,36415,Blood draw,$28
CLM5145,99214,Detailed office visit,$128
CLM5146,80053,Comprehensive metabolic panel,$71
CLM5147,36415,Blood draw,$35
CLM5147,83036,Hemoglobin A1c,$42
CLM5148,70450,CT head without contrast,$885
CLM5148,99283,ED visit moderate severity,$486
CLM5149,83036,Hemoglobin A1c,$39
CLM5150,73721,MRI knee,$1661
CLM5150,73030,Shoulder X-ray,$129
CLM5151,94010,Spirometry,$98
CLM5151,94640,Nebulizer treatment,$50
CLM5152,99214,Detailed office visit,$147
CLM5153,36415,Blood draw,$27
CLM5153,99215,Comprehensive office visit,$215
CLM5154,71020,Chest X-ray,$102
CLM5155,73030,Shoulder X-ray,$114
CLM5155,99213,Office/outpatient visit,$127
CLM5156,87880,Rapid strep test,$41
CLM5157,90460,Immunization administration,$39
CLM5157,90707,MMR vaccine,$88
CLM5158,85025,Complete blood count,$42
CLM5158,99213,Office/outpatient visit,$119
CLM5159,93000,EKG/ECG with interpretation,$146
CLM5159,93306,Echocardiogram complete,$1142
CLM5160,85025,Complete blood count,$48
CLM5160,99215,Comprehensive office visit,$231
CLM5161,85025,Complete blood count,$42
CLM5162,87070,Bacteria culture,$89
CLM5163,99214,Detailed office visit,$143
CLM5164,80050,General health panel,$340
CLM5164,80053,Comprehensive metabolic panel,$57
CLM5165,36415,Blood draw,$31
CLM5165,83036,Hemoglobin A1c,$45
CLM5166,71020,Chest X-ray,$128
CLM5167,85025,Complete blood count,$47
CLM5168,83036,Hemoglobin A1c,$43
CLM5169,71020,Chest X-ray,$118
CLM5169,80050,General health panel,$343
CLM5170,90460,Immunization administration,$41
CLM5171,85025,Complete blood count,$50
CLM5172,93015,Cardiac stress test,$902
CLM5173,36415,Blood draw,$27
CLM5173,83036,Hemoglobin A1c,$39
CLM5174,90834,Psychotherapy 45 minutes,$130
CLM5175,99392,Preventive visit age 1-4,$207
CLM5176,80053,Comprehensive metabolic panel,$62
CLM5177,80050,General health panel,$306
CLM5178,80050,General health panel,$316
CLM5178,80053,Comprehensive metabolic panel,$67
CLM5179,99214,Detailed office visit,$131
CLM5179,36415,Blood draw,$33
CLM5179,80061,Lipid panel,$52
CLM5180,99214,Detailed office visit,$148
CLM5181,76805,Obstetric ultrasound,$453
CLM5182,96415,Chemotherapy infusion additional hour,$352
CLM5183,36415,Blood draw,$28
CLM5184,99214,Detailed office visit,$117
CLM5185,71020,Chest X-ray,$126
CLM5185,99283,ED visit moderate severity,$420
CLM5186,36415,Blood draw,$33
CLM5187,93306,Echocardiogram complete,$1117
CLM5187,99214,Detailed office visit,$141
CLM5188,87070,Bacteria culture,$79
CLM5189,90460,Immunization administration,$38
CLM5190,85025,Complete blood count,$52
CLM5191,87070,Bacteria culture,$88
CLM5192,90791,Psychiatric diagnostic evaluation,$279
CLM5192,99214,Detailed office visit,$131
CLM5193,99215,Comprehensive office visit,$218
CLM5194,80053,Comprehensive metabolic panel,$58
CLM5195,36415,Blood draw,$29
CLM5195,71020,Chest X-ray,$101
CLM5195,99214,Detailed office visit,$123
CLM5196,82947,Glucose test,$28
CLM5197,36415,Blood draw,$34
CLM5198,80050,General health panel,$349
CLM5198,71020,Chest X-ray,$109
CLM5198,36415,Blood draw,$28
CLM5199,36415,Blood draw,$32
CLM5200,36415,Blood draw,$29
CLM5200,85025,Complete blood count,$50
CLM5201,99213,Office/outpatient visit,$110
CLM5202,83036,Hemoglobin A1c,$45
CLM5203,90791,Psychiatric diagnostic evaluation,$228
CLM5203,90837,Psychotherapy 60 minutes,$207
CLM5203,90834,Psychotherapy 45 minutes,$145
CLM5204,87070,Bacteria culture,$86
CLM5204,80061,Lipid panel,$61
CLM5205,90834,Psychotherapy 45 minutes,$158
CLM5205,99214,Detailed office visit,$119
CLM5206,93000,EKG/ECG with interpretation,$138
CLM5207,90460,Immunization administration,$40
CLM5207,99213,Office/outpatient visit,$132
CLM5208,88175,Pap smear cytology,$72
CLM5209,99215,Comprehensive office visit,$246
CLM5209,85025,Complete blood count,$44
CLM5210,99214,Detailed office visit,$134
CLM5211,36415,Blood draw,$32
CLM5212,94640,Nebulizer treatment,$52
CLM5213,76805,Obstetric ultrasound,$409
CLM5213,88175,Pap smear cytology,$81
CLM5213,99214,Detailed office visit,$131
CLM5214,99214,Detailed office visit,$125
CLM5214,93000,EKG/ECG with interpretation,$151
CLM5215,90460,Immunization administration,$41
CLM5215,99392,Preventive visit age 1-4,$206
CLM5216,36415,Blood draw,$34
CLM5216,87070,Bacteria culture,$76
CLM5217,17000,Destruction of skin lesion,$116
CLM5218,93000,EKG/ECG with interpretation,$137
CLM5218,93458,Cardiac catheterization,$4985
CLM5218,93306,Echocardiogram complete,$1168
CLM5219,99214,Detailed office visit,$153
CLM5220,94640,Nebulizer treatment,$49
CLM5220,99214,Detailed office visit,$147
CLM5221,93000,EKG/ECG with interpretation,$145
CLM5221,71020,Chest X-ray,$100
CLM5222,90837,Psychotherapy 60 minutes,$198
CLM5223,99214,Detailed office visit,$131
CLM5224,80061,Lipid panel,$56
CLM5225,94010,Spirometry,$90
CLM5225,94640,Nebulizer treatment,$54
CLM5226,80061,Lipid panel,$63
CLM5227,99214,Detailed office visit,$152
CLM5228,99213,Office/outpatient visit,$141
CLM5229,36415,Blood draw,$30
CLM5230,87880,Rapid strep test,$39
CLM5230,99392,Preventive visit age 1-4,$183
CLM5231,36415,Blood draw,$31
CLM5232,99214,Detailed office visit,$136
CLM5233,36415,Blood draw,$32
CLM5233,99215,Comprehensive office visit,$246
CLM5234,87880,Rapid strep test,$35
CLM5235,80061,Lipid panel,$65
CLM5235,85025,Complete blood count,$50
CLM5236,80053,Comprehensive metabolic panel,$66
CLM5236,83036,Hemoglobin A1c,$41
CLM5237,96413,Chemotherapy infusion first hour,$1118
CLM5238,87070,Bacteria culture,$72
CLM5238,36415,Blood draw,$28
CLM5238,85025,Complete blood count,$43
CLM5239,36415,Blood draw,$27
CLM5240,71020,Chest X-ray,$105
CLM5241,36415,Blood draw,$32
CLM5242,90707,MMR vaccine,$88
CLM5242,99213,Office/outpatient visit,$115
CLM5242,87880,Rapid strep test,$40
CLM5243,85025,Complete blood count,$53
CLM5244,71020,Chest X-ray,$130
CLM5245,99283,ED visit moderate severity,$504
CLM5246,93000,EKG/ECG with interpretation,$136
CLM5246,99214,Detailed office visit,$125
CLM5247,99214,Detailed office visit,$140
CLM5247,99213,Office/outpatient visit,$109
CLM5248,85025,Complete blood count,$41
CLM5249,93000,EKG/ECG with interpretation,$139
CLM5249,93015,Cardiac stress test,$897
CLM5250,36415,Blood draw,$31
CLM5250,83036,Hemoglobin A1c,$47
CLM5251,71020,Chest X-ray,$114
CLM5251,99283,ED visit moderate severity,$459
CLM5252,99213,Office/outpatient visit,$128
CLM5253,17000,Destruction of skin lesion,$115
CLM5254,99214,Detailed office visit,$131
CLM5255,85025,Complete blood count,$43
CLM5256,87880,Rapid strep test,$38
CLM5256,90460,Immunization administration,$42
CLM5257,85025,Complete blood count,$45
CLM5258,87880,Rapid strep test,$33
CLM5258,90707,MMR vaccine,$89
CLM5259,99214,Detailed office visit,$130
CLM5259,80053,Comprehensive metabolic panel,$55
CLM5260,94640,Nebulizer treatment,$46
CLM5260,99214,Detailed office visit,$137
CLM5261,71020,Chest X-ray,$118
CLM5262,80050,General health panel,$306
CLM5262,80061,Lipid panel,$56
CLM5262,87070,Bacteria culture,$80
CLM5263,99283,ED visit moderate severity,$480
CLM5263,70450,CT head without contrast,$941
CLM5264,17000,Destruction of skin lesion,$111
CLM5265,99392,Preventive visit age 1-4,$177
CLM5266,36415,Blood draw,$35
CLM5267,36415,Blood draw,$28
CLM5267,99214,Detailed office visit,$151
CLM5267,80050,General health panel,$288
CLM5268,71020,Chest X-ray,$108
CLM5269,93000,EKG/ECG with interpretation,$154
CLM5270,36415,Blood draw,$34
CLM5271,36415,Blood draw,$30
CLM5271,99215,Comprehensive office visit,$229
CLM5272,20610,Major joint injection,$241
CLM5272,73030,Shoulder X-ray,$138
CLM5273,80053,Comprehensive metabolic panel,$62
CLM5274,36415,Blood draw,$31
CLM5275,99213,Office/outpatient visit,$108
CLM5276,87070,Bacteria culture,$92
CLM5277,90460,Immunization administration,$38
CLM5277,87880,Rapid strep test,$32
CLM5278,36415,Blood draw,$32
CLM5279,85025,Complete blood count,$53
CLM5280,87070,Bacteria culture,$94
CLM5280,85025,Complete blood count,$52
CLM5280,36415,Blood draw,$35
CLM5281,93000,EKG/ECG with interpretation,$143
CLM5282,20610,Major joint injection,$247
CLM5282,73030,Shoulder X-ray,$112
CLM5283,77385,IMRT radiation treatment,$2398
CLM5283,85025,Complete blood count,$51
CLM5284,99214,Detailed office visit,$127
CLM5284,93306,Echocardiogram complete,$1327
CLM5285,99214,Detailed office visit,$145
CLM5285,80053,Comprehensive metabolic panel,$54
CLM5286,93000,EKG/ECG with interpretation,$173
CLM5287,29881,Knee arthroscopy,$4862
CLM5288,99213,Office/outpatient visit,$136
CLM5288,85025,Complete blood count,$49
CLM5289,90837,Psychotherapy 60 minutes,$173
CLM5289,90791,Psychiatric diagnostic evaluation,$257
CLM5289,99214,Detailed office visit,$140
CLM5290,36415,Blood draw,$32
CLM5290,93000,EKG/ECG with interpretation,$164
CLM5291,36415,Blood draw,$29
CLM5291,99214,Detailed office visit,$145
CLM5292,99214,Detailed office visit,$127
CLM5292,94010,Spirometry,$87
CLM5293,99213,Office/outpatient visit,$121
CLM5294,36415,Blood draw,$33
CLM5294,83036,Hemoglobin A1c,$36
CLM5295,80053,Comprehensive metabolic panel,$68
CLM5295,83036,Hemoglobin A1c,$45
CLM5296,83036,Hemoglobin A1c,$38
CLM5297,93015,Cardiac stress test,$809
CLM5298,80061,Lipid panel,$61
CLM5299,99213,Office/outpatient visit,$140
CLM5299,20610,Major joint injection,$284
CLM5300,94010,Spirometry,$96
CLM5301,93000,EKG/ECG with interpretation,$175
CLM5301,99214,Detailed office visit,$134
CLM5302,93015,Cardiac stress test,$909
CLM5303,99214,Detailed office visit,$129
CLM5303,83036,Hemoglobin A1c,$45
CLM5304,71020,Chest X-ray,$107
CLM5304,87070,Bacteria culture,$94
CLM5304,99213,Office/outpatient visit,$129
CLM5305,87880,Rapid strep test,$32
CLM5306,93000,EKG/ECG with interpretation,$137
CLM5306,71020,Chest X-ray,$116
CLM5306,70450,CT head without contrast,$834
CLM5307,85025,Complete blood count,$41
CLM5308,93000,EKG/ECG with interpretation,$142
CLM5308,99285,ED visit high severity,$1156
CLM5309,99214,Detailed office visit,$147
CLM5309,99213,Office/outpatient visit,$112
CLM5310,93000,EKG/ECG with interpretation,$159
CLM5310,99214,Detailed office visit,$118
CLM5311,99213,Office/outpatient visit,$130
CLM5312,99214,Detailed office visit,$136
CLM5312,93015,Cardiac stress test,$967
CLM5312,93000,EKG/ECG with interpretation,$155
CLM5313,76805,Obstetric ultrasound,$454
CLM5314,90707,MMR vaccine,$91
CLM5314,99392,Preventive visit age 1-4,$194
CLM5315,99213,Office/outpatient visit,$116
CLM5315,85025,Complete blood count,$52
CLM5316,36415,Blood draw,$27
CLM5316,80061,Lipid panel,$52
CLM5316,99213,Office/outpatient visit,$140
CLM5317,99215,Comprehensive office visit,$213
CLM5318,93458,Cardiac catheterization,$4699
CLM5318,93000,EKG/ECG with interpretation,$156
CLM5319,99214,Detailed office visit,$132
CLM5320,99214,Detailed office visit,$146
CLM5320,93306,Echocardiogram complete,$1342
CLM5321,83036,Hemoglobin A1c,$46
CLM5322,80050,General health panel,$275
CLM5322,99215,Comprehensive office visit,$195
CLM5323,88175,Pap smear cytology,$78
CLM5324,99213,Office/outpatient visit,$109
CLM5325,80050,General health panel,$352
CLM5326,36415,Blood draw,$31
CLM5326,99214,Detailed office visit,$153
CLM5327,99214,Detailed office visit,$119
CLM5328,94640,Nebulizer treatment,$46
CLM5329,90834,Psychotherapy 45 minutes,$150
CLM5329,99214,Detailed office visit,$125
CLM5330,82947,Glucose test,$23
CLM5330,84443,TSH test,$50
CLM5331,93015,Cardiac stress test,$836
CLM5332,99214,Detailed office visit,$120
CLM5332,93000,EKG/ECG with interpretation,$155
CLM5332,93458,Cardiac catheterization,$4135
CLM5333,93000,EKG/ECG with interpretation,$165
CLM5333,93306,Echocardiogram complete,$1315
CLM5333,99214,Detailed office visit,$152
CLM5334,36415,Blood draw,$34
CLM5334,80050,General health panel,$346
CLM5335,85025,Complete blood count,$51
CLM5336,36415,Blood draw,$30
CLM5336,71020,Chest X-ray,$116
CLM5337,93000,EKG/ECG with interpretation,$160
CLM5337,93458,Cardiac catheterization,$4900
CLM5338,85025,Complete blood count,$50
CLM5338,96413,Chemotherapy infusion first hour,$1106
CLM5339,85025,Complete blood count,$51
CLM5340,88175,Pap smear cytology,$68
CLM5341,85025,Complete blood count,$48
CLM5341,80061,Lipid panel,$59
CLM5342,99213,Office/outpatient visit,$120
CLM5343,99214,Detailed office visit,$118
CLM5343,83036,Hemoglobin A1c,$43
CLM5344,94010,Spirometry,$104
CLM5345,80061,Lipid panel,$50
CLM5345,85025,Complete blood count,$51
CLM5346,90707,MMR vaccine,$103
CLM5346,87880,Rapid strep test,$39
CLM5347,90837,Psychotherapy 60 minutes,$186
CLM5348,99214,Detailed office visit,$118
CLM5348,71020,Chest X-ray,$117
CLM5349,87070,Bacteria culture,$81
CLM5350,87070,Bacteria culture,$93
CLM5351,76805,Obstetric ultrasound,$444
CLM5352,99214,Detailed office visit,$142
CLM5353,85025,Complete blood count,$51
CLM5353,99215,Comprehensive office visit,$229
CLM5354,36415,Blood draw,$32
CLM5354,87070,Bacteria culture,$84
CLM5355,99214,Detailed office visit,$138
CLM5356,99214,Detailed office visit,$125
CLM5357,73030,Shoulder X-ray,$130
CLM5358,99214,Detailed office visit,$141
CLM5359,73030,Shoulder X-ray,$139
CLM5359,99213,Office/outpatient visit,$140
CLM5360,17000,Destruction of skin lesion,$120
CLM5360,99213,Office/outpatient visit,$141
CLM5360,11102,Skin biopsy,$174
CLM5361,82947,Glucose test,$28
CLM5362,36415,Blood draw,$28
CLM5362,87070,Bacteria culture,$80
CLM5363,11102,Skin biopsy,$192
CLM5363,96910,Phototherapy treatment,$167
CLM5364,85025,Complete blood count,$50
CLM5365,70450,CT head without contrast,$1034
CLM5365,71020,Chest X-ray,$129
CLM5365,93000,EKG/ECG with interpretation,$158
CLM5366,90834,Psychotherapy 45 minutes,$157
CLM5367,96910,Phototherapy treatment,$182
CLM5367,17000,Destruction of skin lesion,$132
CLM5368,99285,ED visit high severity,$1169
CLM5369,93000,EKG/ECG with interpretation,$142
CLM5370,82947,Glucose test,$26
CLM5371,99213,Office/outpatient visit,$136
CLM5372,99214,Detailed office visit,$138
CLM5373,71020,Chest X-ray,$125
CLM5373,99283,ED visit moderate severity,$489
CLM5374,71020,Chest X-ray,$125
CLM5375,93000,EKG/ECG with interpretation,$167
CLM5375,99214,Detailed office visit,$132
CLM5376,85025,Complete blood count,$41
CLM5376,87070,Bacteria culture,$74
CLM5377,99214,Detailed office visit,$140
CLM5377,90791,Psychiatric diagnostic evaluation,$290
CLM5378,99392,Preventive visit age 1-4,$201
CLM5378,90707,MMR vaccine,$106
CLM5379,87070,Bacteria culture,$82
CLM5379,36415,Blood draw,$31
CLM5380,99214,Detailed office visit,$142
CLM5380,90837,Psychotherapy 60 minutes,$192
CLM5380,90791,Psychiatric diagnostic evaluation,$226
CLM5381,88175,Pap smear cytology,$75
CLM5381,99214,Detailed office visit,$137
CLM5381,76805,Obstetric ultrasound,$449
CLM5382,93306,Echocardiogram complete,$1230
CLM5383,96910,Phototherapy treatment,$181
CLM5384,93000,EKG/ECG with interpretation,$173
CLM5384,80053,Comprehensive metabolic panel,$69
CLM5384,36415,Blood draw,$31
CLM5385,36415,Blood draw,$29
CLM5386,85025,Complete blood count,$46
CLM5386,87070,Bacteria culture,$90
CLM5386,71020,Chest X-ray,$121
CLM5387,80053,Comprehensive metabolic panel,$57
CLM5388,93000,EKG/ECG with interpretation,$157
CLM5389,85025,Complete blood count,$51
CLM5390,99214,Detailed office visit,$141
CLM5390,94010,Spirometry,$96
CLM5390,94640,Nebulizer treatment,$50
CLM5391,80061,Lipid panel,$56
CLM5392,93000,EKG/ECG with interpretation,$146
CLM5393,85025,Complete blood count,$49
CLM5393,36415,Blood draw,$32
CLM5394,36415,Blood draw,$27
CLM5394,85025,Complete blood count,$41
CLM5394,99213,Office/outpatient visit,$133
CLM5395,83036,Hemoglobin A1c,$38
CLM5396,99214,Detailed office visit,$121
CLM5396,90834,Psychotherapy 45 minutes,$147
CLM5397,99283,ED visit moderate severity,$411
CLM5398,85025,Complete blood count,$52
CLM5398,80050,General health panel,$276
CLM5399,36415,Blood draw,$35
CLM5399,80061,Lipid panel,$54
CLM5400,87070,Bacteria culture,$74
CLM5400,36415,Blood draw,$33
CLM5401,99213,Office/outpatient visit,$138
CLM5401,99214,Detailed office visit,$135
CLM5401,85025,Complete blood count,$45
CLM5402,83036,Hemoglobin A1c,$41
CLM5403,71020,Chest X-ray,$116
CLM5404,85025,Complete blood count,$52
CLM5405,36415,Blood draw,$31
CLM5405,93000,EKG/ECG with interpretation,$174
CLM5406,71020,Chest X-ray,$124
CLM5407,80053,Comprehensive metabolic panel,$70
CLM5408,85025,Complete blood count,$45
CLM5408,96413,Chemotherapy infusion first hour,$1043
CLM5409,93015,Cardiac stress test,$998
CLM5409,93306,Echocardiogram complete,$1316
CLM5410,85025,Complete blood count,$53
CLM5411,36415,Blood draw,$31
CLM5412,17000,Destruction of skin lesion,$120
CLM5413,88175,Pap smear cytology,$74
CLM5413,99214,Detailed office visit,$135
CLM5414,36415,Blood draw,$29
CLM5414,85025,Complete blood count,$53
CLM5415,99214,Detailed office visit,$133
CLM5415,93000,EKG/ECG with interpretation,$137
CLM5416,99214,Detailed office visit,$140
CLM5416,93000,EKG/ECG with interpretation,$146
CLM5417,36415,Blood draw,$35
CLM5417,99215,Comprehensive office visit,$196
CLM5418,99213,Office/outpatient visit,$133
CLM5418,90460,Immunization administration,$43
CLM5419,93306,Echocardiogram complete,$1141
CLM5420,83036,Hemoglobin A1c,$39
CLM5420,80050,General health panel,$321
CLM5420,80053,Comprehensive metabolic panel,$59
CLM5421,87070,Bacteria culture,$91
CLM5422,93015,Cardiac stress test,$889
CLM5422,93000,EKG/ECG with interpretation,$173
CLM5422,99214,Detailed office visit,$118
CLM5423,83036,Hemoglobin A1c,$44
CLM5423,82947,Glucose test,$24
CLM5424,93000,EKG/ECG with interpretation,$167
CLM5424,36415,Blood draw,$32
CLM5425,93000,EKG/ECG with interpretation,$136
CLM5425,93458,Cardiac catheterization,$4545
CLM5426,85025,Complete blood count,$49
CLM5427,90791,Psychiatric diagnostic evaluation,$262
CLM5427,90834,Psychotherapy 45 minutes,$126
CLM5428,99214,Detailed office visit,$138
CLM5429,93015,Cardiac stress test,$919
CLM5430,93015,Cardiac stress test,$851
CLM5431,99214,Detailed office visit,$139
CLM5431,85025,Complete blood count,$51
CLM5432,96413,Chemotherapy infusion first hour,$1226
CLM5432,85025,Complete blood count,$50
CLM5432,77385,IMRT radiation treatment,$2325
CLM5433,80053,Comprehensive metabolic panel,$54
CLM5433,36415,Blood draw,$32
CLM5434,99214,Detailed office visit,$152
CLM5434,93000,EKG/ECG with interpretation,$165
CLM5434,93306,Echocardiogram complete,$1125
CLM5435,90837,Psychotherapy 60 minutes,$195
CLM5435,90834,Psychotherapy 45 minutes,$148
CLM5435,99214,Detailed office visit,$133
CLM5436,99392,Preventive visit age 1-4,$166
CLM5436,87880,Rapid strep test,$41
CLM5437,17000,Destruction of skin lesion,$113
CLM5438,88175,Pap smear cytology,$64
CLM5439,99285,ED visit high severity,$1286
CLM5440,99392,Preventive visit age 1-4,$174
CLM5441,36415,Blood draw,$32
CLM5441,80053,Comprehensive metabolic panel,$62
CLM5442,80053,Comprehensive metabolic panel,$62
CLM5443,90834,Psychotherapy 45 minutes,$146
CLM5444,20610,Major joint injection,$283
CLM5444,99213,Office/outpatient visit,$123
CLM5445,80053,Comprehensive metabolic panel,$54
CLM5445,93000,EKG/ECG with interpretation,$155
CLM5446,99214,Detailed office visit,$125
CLM5447,73030,Shoulder X-ray,$110
CLM5447,29881,Knee arthroscopy,$5124
CLM5447,99213,Office/outpatient visit,$135
CLM5448,93000,EKG/ECG with interpretation,$149
CLM5449,99215,Comprehensive office visit,$234
CLM5449,77385,IMRT radiation treatment,$2183
CLM5450,99214,Detailed office visit,$144
CLM5450,36415,Blood draw,$28
CLM5451,36415,Blood draw,$35
CLM5452,87070,Bacteria culture,$89
CLM5453,71020,Chest X-ray,$124
CLM5454,99213,Office/outpatient visit,$140
CLM5455,85025,Complete blood count,$47
CLM5456,90791,Psychiatric diagnostic evaluation,$280
CLM5457,99214,Detailed office visit,$146
CLM5458,99392,Preventive visit age 1-4,$210
CLM5459,73030,Shoulder X-ray,$115
CLM5460,17000,Destruction of skin lesion,$120
CLM5460,99213,Office/outpatient visit,$141
CLM5461,36415,Blood draw,$28
CLM5462,36415,Blood draw,$28
CLM5462,99214,Detailed office visit,$150
CLM5463,71020,Chest X-ray,$124
CLM5464,85025,Complete blood count,$41
CLM5464,36415,Blood draw,$27
CLM5464,87070,Bacteria culture,$91
CLM5465,93000,EKG/ECG with interpretation,$154
CLM5466,36415,Blood draw,$29
CLM5466,99215,Comprehensive office visit,$227
CLM5467,99213,Office/outpatient visit,$136
CLM5468,85025,Complete blood count,$45
CLM5468,96415,Chemotherapy infusion additional hour,$387
CLM5469,73721,MRI knee,$1589
CLM5469,73030,Shoulder X-ray,$123
CLM5469,29881,Knee arthroscopy,$5454
CLM5470,83036,Hemoglobin A1c,$44
CLM5471,93000,EKG/ECG with interpretation,$152
CLM5472,85025,Complete blood count,$52
CLM5473,99214,Detailed office visit,$145
CLM5473,80061,Lipid panel,$64
CLM5474,80061,Lipid panel,$51
CLM5475,93000,EKG/ECG with interpretation,$157
CLM5475,99283,ED visit moderate severity,$509
CLM5476,80053,Comprehensive metabolic panel,$57
CLM5477,87070,Bacteria culture,$72
CLM5477,80061,Lipid panel,$52
CLM5478,70450,CT head without contrast,$1040
CLM5479,80050,General health panel,$322
CLM5480,99213,Office/outpatient visit,$127
CLM5480,87070,Bacteria culture,$93
CLM5480,36415,Blood draw,$28
CLM5481,71020,Chest X-ray,$123
CLM5481,70450,CT head without contrast,$870
CLM5481,93000,EKG/ECG with interpretation,$161
CLM5482,93000,EKG/ECG with interpretation,$169
CLM5482,99283,ED visit moderate severity,$495
CLM5483,87070,Bacteria culture,$90
CLM5483,80050,General health panel,$351
CLM5483,71020,Chest X-ray,$115
CLM5484,36415,Blood draw,$32
CLM5485,94640,Nebulizer treatment,$58
CLM5486,99214,Detailed office visit,$122
CLM5487,96415,Chemotherapy infusion additional hour,$357
CLM5487,85025,Complete blood count,$42
CLM5488,90460,Immunization administration,$39
CLM5488,87880,Rapid strep test,$36
CLM5489,83036,Hemoglobin A1c,$38
CLM5490,17000,Destruction of skin lesion,$118
CLM5490,96910,Phototherapy treatment,$183
CLM5491,36415,Blood draw,$30
CLM5491,80053,Comprehensive metabolic panel,$65
CLM5492,96413,Chemotherapy infusion first hour,$1204
CLM5493,36415,Blood draw,$29
CLM5494,83036,Hemoglobin A1c,$40
CLM5494,84443,TSH test,$57
CLM5494,82947,Glucose test,$25
CLM5495,94640,Nebulizer treatment,$48
CLM5496,17000,Destruction of skin lesion,$116
CLM5496,96910,Phototherapy treatment,$170
CLM5497,80050,General health panel,$303
CLM5498,80053,Comprehensive metabolic panel,$59
CLM5499,88175,Pap smear cytology,$66
CLM5499,59400,Routine obstetric care,$3524
CLM5500,90460,Immunization administration,$44
CLM5501,99283,ED visit moderate severity,$434
CLM5502,90791,Psychiatric diagnostic evaluation,$277
CLM5502,90837,Psychotherapy 60 minutes,$207
CLM5502,99214,Detailed office visit,$122
CLM5503,90834,Psychotherapy 45 minutes,$155
CLM5504,80053,Comprehensive metabolic panel,$64
CLM5504,83036,Hemoglobin A1c,$45
CLM5505,36415,Blood draw,$33
CLM5506,90837,Psychotherapy 60 minutes,$171
CLM5507,90837,Psychotherapy 60 minutes,$207
CLM5508,83036,Hemoglobin A1c,$46
CLM5508,80053,Comprehensive metabolic panel,$63
CLM5509,36415,Blood draw,$34
CLM5510,71020,Chest X-ray,$110
CLM5511,36415,Blood draw,$33
CLM5512,36415,Blood draw,$28
CLM5512,80061,Lipid panel,$62
CLM5513,70450,CT head without contrast,$916
CLM5513,93000,EKG/ECG with interpretation,$150
CLM5514,87070,Bacteria culture,$78
CLM5514,71020,Chest X-ray,$101
CLM5515,94640,Nebulizer treatment,$55
CLM5516,87880,Rapid strep test,$41
CLM5516,99392,Preventive visit age 1-4,$203
CLM5516,90460,Immunization administration,$36
CLM5517,73030,Shoulder X-ray,$139
CLM5517,99213,Office/outpatient visit,$141
CLM5518,85025,Complete blood count,$47
CLM5519,85025,Complete blood count,$52
CLM5520,83036,Hemoglobin A1c,$38
CLM5521,93458,Cardiac catheterization,$4474
CLM5522,99213,Office/outpatient visit,$116
CLM5522,85025,Complete blood count,$46
CLM5522,80061,Lipid panel,$63
CLM5523,71020,Chest X-ray,$123
CLM5523,93000,EKG/ECG with interpretation,$167
CLM5523,99283,ED visit moderate severity,$473
CLM5524,70450,CT head without contrast,$821
CLM5525,99214,Detailed office visit,$119
CLM5526,80061,Lipid panel,$52
CLM5526,36415,Blood draw,$31
CLM5527,99214,Detailed office visit,$129
CLM5528,36415,Blood draw,$34
CLM5529,71020,Chest X-ray,$112
CLM5530,80061,Lipid panel,$58
CLM5531,20610,Major joint injection,$266
CLM5531,99213,Office/outpatient visit,$115
CLM5532,94640,Nebulizer treatment,$56
CLM5532,71020,Chest X-ray,$109
CLM5533,96910,Phototherapy treatment,$185
CLM5533,99213,Office/outpatient visit,$116
CLM5534,87880,Rapid strep test,$33
CLM5534,90707,MMR vaccine,$102
CLM5535,83036,Hemoglobin A1c,$44
CLM5536,11102,Skin biopsy,$202
CLM5536,99213,Office/outpatient visit,$119
CLM5537,94010,Spirometry,$85
CLM5537,99214,Detailed office visit,$131
CLM5538,93000,EKG/ECG with interpretation,$150
CLM5538,71020,Chest X-ray,$118
CLM5539,36415,Blood draw,$30
CLM5539,82947,Glucose test,$29
CLM5539,83036,Hemoglobin A1c,$45
CLM5540,93000,EKG/ECG with interpretation,$151
CLM5541,71020,Chest X-ray,$126
CLM5542,93015,Cardiac stress test,$895
CLM5542,93306,Echocardiogram complete,$1199
CLM5542,99214,Detailed office visit,$143
CLM5543,99213,Office/outpatient visit,$116
CLM5543,36415,Blood draw,$32
CLM5544,71020,Chest X-ray,$129
CLM5544,99214,Detailed office visit,$149
CLM5545,99213,Office/outpatient visit,$131
CLM5545,73721,MRI knee,$1437
CLM5545,73030,Shoulder X-ray,$131
CLM5546,85025,Complete blood count,$45
CLM5546,87070,Bacteria culture,$91
CLM5547,99214,Detailed office visit,$145
CLM5548,85025,Complete blood count,$42
CLM5548,96415,Chemotherapy infusion additional hour,$315
CLM5548,96413,Chemotherapy infusion first hour,$1222
CLM5549,71020,Chest X-ray,$122
CLM5549,93000,EKG/ECG with interpretation,$152
CLM5550,99215,Comprehensive office visit,$201
CLM5550,83036,Hemoglobin A1c,$45
CLM5551,80053,Comprehensive metabolic panel,$63
CLM5552,90460,Immunization administration,$45
CLM5552,90707,MMR vaccine,$94
CLM5553,83036,Hemoglobin A1c,$46
CLM5554,99214,Detailed office visit,$147
CLM5555,94640,Nebulizer treatment,$56
CLM5555,95810,Sleep study,$1540
CLM5556,83036,Hemoglobin A1c,$40
CLM5556,99214,Detailed office visit,$118
CLM5556,80050,General health panel,$294
CLM5557,93000,EKG/ECG with interpretation,$163
CLM5557,99285,ED visit high severity,$1243
CLM5558,99283,ED visit moderate severity,$406
CLM5558,93000,EKG/ECG with interpretation,$166
CLM5559,73030,Shoulder X-ray,$121
CLM5560,73030,Shoulder X-ray,$113
CLM5560,99213,Office/outpatient visit,$120
CLM5561,96910,Phototherapy treatment,$186
CLM5561,17000,Destruction of skin lesion,$132
CLM5562,80053,Comprehensive metabolic panel,$69
CLM5563,36415,Blood draw,$35
CLM5563,80053,Comprehensive metabolic panel,$56
CLM5563,99215,Comprehensive office visit,$200
CLM5564,99213,Office/outpatient visit,$138
CLM5565,99214,Detailed office visit,$145
CLM5565,83036,Hemoglobin A1c,$44
CLM5566,99214,Detailed office visit,$137
CLM5567,85025,Complete blood count,$42
CLM5568,94640,Nebulizer treatment,$46
CLM5568,95810,Sleep study,$1379
CLM5569,99214,Detailed office visit,$140
CLM5569,94010,Spirometry,$104
CLM5570,90460,Immunization administration,$44
CLM5570,99213,Office/outpatient visit,$130
CLM5571,99214,Detailed office visit,$139
CLM5572,85025,Complete blood count,$42
CLM5573,99283,ED visit moderate severity,$520
CLM5574,80050,General health panel,$308
CLM5575,85025,Complete blood count,$48
CLM5576,90460,Immunization administration,$37
CLM5577,99214,Detailed office visit,$136
CLM5578,87070,Bacteria culture,$84
CLM5578,36415,Blood draw,$35
CLM5578,85025,Complete blood count,$50
CLM5579,99214,Detailed office visit,$127
CLM5579,36415,Blood draw,$29
CLM5579,85025,Complete blood count,$48
CLM5580,99214,Detailed office visit,$153
CLM5581,93015,Cardiac stress test,$939
CLM5581,99214,Detailed office visit,$125
CLM5581,93000,EKG/ECG with interpretation,$147
CLM5582,93000,EKG/ECG with interpretation,$152
CLM5582,36415,Blood draw,$29
CLM5582,99214,Detailed office visit,$148
CLM5583,71020,Chest X-ray,$101
CLM5584,94010,Spirometry,$96
CLM5585,90837,Psychotherapy 60 minutes,$175
CLM5586,17000,Destruction of skin lesion,$113
CLM5587,36415,Blood draw,$31
CLM5587,80053,Comprehensive metabolic panel,$57
CLM5587,80050,General health panel,$346
CLM5588,93000,EKG/ECG with interpretation,$155
CLM5588,83036,Hemoglobin A1c,$37
CLM5589,36415,Blood draw,$34
CLM5590,85025,Complete blood count,$45
CLM5590,36415,Blood draw,$29
CLM5590,71020,Chest X-ray,$126
CLM5591,80053,Comprehensive metabolic panel,$64
CLM5591,83036,Hemoglobin A1c,$44
CLM5592,99214,Detailed office visit,$123
CLM5593,80050,General health panel,$278
CLM5594,36415,Blood draw,$28
CLM5595,80053,Comprehensive metabolic panel,$62
CLM5596,99213,Office/outpatient visit,$125
CLM5597,71020,Chest X-ray,$126
CLM5598,93000,EKG/ECG with interpretation,$137
CLM5598,70450,CT head without contrast,$971
CLM5599,71020,Chest X-ray,$106
CLM5600,99283,ED visit moderate severity,$428
CLM5601,71020,Chest X-ray,$125
CLM5602,87880,Rapid strep test,$41
CLM5602,99392,Preventive visit age 1-4,$187
CLM5603,99213,Office/outpatient visit,$134
CLM5603,17000,Destruction of skin lesion,$131
CLM5603,11102,Skin biopsy,$196
CLM5604,36415,Blood draw,$31
CLM5605,99213,Office/outpatient visit,$132
CLM5606,99214,Detailed office visit,$121
CLM5607,80053,Comprehensive metabolic panel,$60
CLM5607,80050,General health panel,$338
CLM5608,99214,Detailed office visit,$118
CLM5608,71020,Chest X-ray,$107
CLM5609,83036,Hemoglobin A1c,$38
CLM5610,80061,Lipid panel,$60
CLM5610,85025,Complete blood count,$52
CLM5611,80061,Lipid panel,$60
CLM5612,96910,Phototherapy treatment,$188
CLM5612,17000,Destruction of skin lesion,$129
CLM5612,99213,Office/outpatient visit,$140
CLM5613,73721,MRI knee,$1545
CLM5613,99213,Office/outpatient visit,$112
CLM5614,96910,Phototherapy treatment,$165
CLM5615,36415,Blood draw,$30
CLM5616,99214,Detailed office visit,$119
CLM5617,99213,Office/outpatient visit,$129
CLM5618,82947,Glucose test,$25
CLM5619,93306,Echocardiogram complete,$1253
CLM5619,93000,EKG/ECG with interpretation,$139
CLM5619,93458,Cardiac catheterization,$4662
CLM5620,11102,Skin biopsy,$208
CLM5621,99213,Office/outpatient visit,$121
CLM5622,99214,Detailed office visit,$117
CLM5623,71020,Chest X-ray,$110
CLM5624,83036,Hemoglobin A1c,$37
CLM5624,93000,EKG/ECG with interpretation,$137
CLM5625,99215,Comprehensive office visit,$244
CLM5626,99283,ED visit moderate severity,$508
CLM5626,93000,EKG/ECG with interpretation,$175
CLM5627,85025,Complete blood count,$52
CLM5628,36415,Blood draw,$29
CLM5629,71020,Chest X-ray,$101
CLM5629,36415,Blood draw,$31
CLM5630,71020,Chest X-ray,$128
CLM5631,70450,CT head without contrast,$871
CLM5632,99214,Detailed office visit,$137
CLM5633,83036,Hemoglobin A1c,$44
CLM5634,80061,Lipid panel,$52
CLM5634,36415,Blood draw,$34
CLM5634,71020,Chest X-ray,$101
CLM5635,90834,Psychotherapy 45 minutes,$156
CLM5635,90791,Psychiatric diagnostic evaluation,$289
CLM5635,99214,Detailed office visit,$147
CLM5636,83036,Hemoglobin A1c,$42
CLM5637,36415,Blood draw,$31
CLM5638,90837,Psychotherapy 60 minutes,$210
CLM5639,85025,Complete blood count,$47
CLM5640,80053,Comprehensive metabolic panel,$70
CLM5641,99214,Detailed office visit,$121
CLM5642,99214,Detailed office visit,$137
CLM5642,93000,EKG/ECG with interpretation,$143
CLM5643,85025,Complete blood count,$44
CLM5643,96415,Chemotherapy infusion additional hour,$331
CLM5643,77385,IMRT radiation treatment,$2447
CLM5644,36415,Blood draw,$28
CLM5645,36415,Blood draw,$33
CLM5645,80050,General health panel,$319
CLM5646,99215,Comprehensive office visit,$210
CLM5646,36415,Blood draw,$33
CLM5646,83036,Hemoglobin A1c,$41
CLM5647,87070,Bacteria culture,$94
CLM5647,36415,Blood draw,$35
CLM5648,85025,Complete blood count,$44
CLM5648,80061,Lipid panel,$64
CLM5649,99213,Office/outpatient visit,$113
CLM5649,73030,Shoulder X-ray,$110
CLM5650,99214,Detailed office visit,$152
CLM5650,87070,Bacteria culture,$79
CLM5651,99214,Detailed office visit,$145
CLM5652,87070,Bacteria culture,$88
CLM5652,71020,Chest X-ray,$102
CLM5653,83036,Hemoglobin A1c,$38
CLM5653,82947,Glucose test,$23
CLM5654,17000,Destruction of skin lesion,$133
CLM5654,99213,Office/outpatient visit,$111
CLM5654,11102,Skin biopsy,$205
CLM5655,36415,Blood draw,$28
CLM5655,71020,Chest X-ray,$128
CLM5656,94640,Nebulizer treatment,$47
CLM5656,99214,Detailed office visit,$143
CLM5657,99214,Detailed office visit,$148
CLM5658,99214,Detailed office visit,$149
CLM5659,93000,EKG/ECG with interpretation,$138
CLM5660,84443,TSH test,$63
CLM5661,83036,Hemoglobin A1c,$42
CLM5661,80053,Comprehensive metabolic panel,$62
CLM5662,99215,Comprehensive office visit,$202
CLM5663,36415,Blood draw,$28
CLM5663,80050,General health panel,$327
CLM5664,80053,Comprehensive metabolic panel,$56
CLM5665,36415,Blood draw,$31
CLM5666,73030,Shoulder X-ray,$129
CLM5666,20610,Major joint injection,$284
CLM5667,36415,Blood draw,$29
CLM5667,87070,Bacteria culture,$85
CLM5668,87070,Bacteria culture,$80
CLM5668,99214,Detailed office visit,$119
CLM5669,99214,Detailed office visit,$138
CLM5669,36415,Blood draw,$30
CLM5670,90791,Psychiatric diagnostic evaluation,$249
CLM5670,99214,Detailed office visit,$151
CLM5670,90834,Psychotherapy 45 minutes,$135
CLM5671,20610,Major joint injection,$239
CLM5672,99214,Detailed office visit,$145
CLM5673,96910,Phototherapy treatment,$153
CLM5674,36415,Blood draw,$33
CLM5675,36415,Blood draw,$31
CLM5675,93000,EKG/ECG with interpretation,$142
CLM5676,73030,Shoulder X-ray,$113
CLM5676,99213,Office/outpatient visit,$117
CLM5677,87880,Rapid strep test,$34
CLM5678,99213,Office/outpatient visit,$112
CLM5678,90460,Immunization administration,$39
CLM5679,90460,Immunization administration,$44
CLM5680,80053,Comprehensive metabolic panel,$57
CLM5681,93458,Cardiac catheterization,$4611
CLM5681,93015,Cardiac stress test,$778
CLM5682,17000,Destruction of skin lesion,$121
CLM5683,11102,Skin biopsy,$202
CLM5683,17000,Destruction of skin lesion,$122
CLM5684,36415,Blood draw,$32
CLM5684,80050,General health panel,$290
CLM5685,73030,Shoulder X-ray,$116
CLM5686,99392,Preventive visit age 1-4,$195
CLM5687,71020,Chest X-ray,$111
CLM5688,36415,Blood draw,$29
CLM5689,36415,Blood draw,$34
CLM5690,99214,Detailed office visit,$134
CLM5691,85025,Complete blood count,$49
CLM5692,93000,EKG/ECG with interpretation,$144
CLM5693,17000,Destruction of skin lesion,$122
CLM5694,87070,Bacteria culture,$73
CLM5694,99213,Office/outpatient visit,$117
CLM5694,36415,Blood draw,$27
CLM5695,99215,Comprehensive office visit,$226
CLM5696,99214,Detailed office visit,$144
CLM5696,95810,Sleep study,$1545
CLM5697,99213,Office/outpatient visit,$122
CLM5698,99392,Preventive visit age 1-4,$190
CLM5699,20610,Major joint injection,$233
CLM5700,36415,Blood draw,$31
CLM5701,99214,Detailed office visit,$152
CLM5702,90791,Psychiatric diagnostic evaluation,$257
CLM5703,90837,Psychotherapy 60 minutes,$178
CLM5703,99214,Detailed office visit,$137
CLM5704,87070,Bacteria culture,$81
CLM5704,99213,Office/outpatient visit,$125
CLM5704,36415,Blood draw,$35
CLM5705,90834,Psychotherapy 45 minutes,$164
CLM5706,80061,Lipid panel,$61
CLM5706,85025,Complete blood count,$52
CLM5706,99213,Office/outpatient visit,$121
CLM5707,71020,Chest X-ray,$106
CLM5708,93000,EKG/ECG with interpretation,$148
CLM5709,99213,Office/outpatient visit,$133
CLM5710,80061,Lipid panel,$53
CLM5711,36415,Blood draw,$30
CLM5711,93000,EKG/ECG with interpretation,$155
CLM5711,83036,Hemoglobin A1c,$42
CLM5712,99213,Office/outpatient visit,$112
CLM5713,85025,Complete blood count,$48
CLM5713,96415,Chemotherapy infusion additional hour,$362
CLM5714,82947,Glucose test,$28
CLM5715,11102,Skin biopsy,$179
CLM5716,36415,Blood draw,$28
CLM5717,96910,Phototherapy treatment,$149
CLM5718,36415,Blood draw,$32
CLM5719,99215,Comprehensive office visit,$211
CLM5719,85025,Complete blood count,$43
CLM5720,36415,Blood draw,$29
CLM5720,83036,Hemoglobin A1c,$38
CLM5720,80053,Comprehensive metabolic panel,$57
CLM5721,88175,Pap smear cytology,$65
CLM5721,76805,Obstetric ultrasound,$440
CLM5721,99214,Detailed office visit,$119
CLM5722,36415,Blood draw,$29
CLM5723,99214,Detailed office visit,$133
CLM5723,90834,Psychotherapy 45 minutes,$145
CLM5724,87070,Bacteria culture,$90
CLM5724,85025,Complete blood count,$47
CLM5724,36415,Blood draw,$32
CLM5725,71020,Chest X-ray,$109
CLM5726,99213,Office/outpatient visit,$135
CLM5727,99213,Office/outpatient visit,$109
CLM5728,99213,Office/outpatient visit,$118
CLM5728,73030,Shoulder X-ray,$136
CLM5729,80053,Comprehensive metabolic panel,$58
CLM5729,36415,Blood draw,$34
CLM5729,99214,Detailed office visit,$150
CLM5730,85025,Complete blood count,$50
CLM5731,80050,General health panel,$334
CLM5731,36415,Blood draw,$31
CLM5732,87070,Bacteria culture,$78
CLM5732,36415,Blood draw,$35
CLM5733,85025,Complete blood count,$49
CLM5733,99215,Comprehensive office visit,$197
CLM5734,88175,Pap smear cytology,$77
CLM5734,59400,Routine obstetric care,$4125
CLM5735,36415,Blood draw,$29
CLM5735,71020,Chest X-ray,$100
CLM5736,71020,Chest X-ray,$103
CLM5737,87880,Rapid strep test,$34
CLM5738,99213,Office/outpatient visit,$122
CLM5738,73721,MRI knee,$1452
CLM5738,73030,Shoulder X-ray,$139
CLM5739,80050,General health panel,$337
CLM5740,99214,Detailed office visit,$121
CLM5740,76805,Obstetric ultrasound,$454
CLM5741,99215,Comprehensive office visit,$209
CLM5741,93000,EKG/ECG with interpretation,$138
CLM5742,80053,Comprehensive metabolic panel,$69
CLM5743,93458,Cardiac catheterization,$5024
CLM5744,99213,Office/outpatient visit,$129
CLM5745,83036,Hemoglobin A1c,$36
CLM5745,36415,Blood draw,$29
CLM5745,99214,Detailed office visit,$121
CLM5746,36415,Blood draw,$32
CLM5746,99214,Detailed office visit,$143
CLM5747,99214,Detailed office visit,$141
CLM5747,90837,Psychotherapy 60 minutes,$167
CLM5748,17000,Destruction of skin lesion,$129
CLM5748,96910,Phototherapy treatment,$159
CLM5749,80053,Comprehensive metabolic panel,$66
CLM5749,36415,Blood draw,$32
CLM5750,99214,Detailed office visit,$147
CLM5751,73030,Shoulder X-ray,$116
CLM5752,73030,Shoulder X-ray,$133
CLM5753,85025,Complete blood count,$43
CLM5754,99213,Office/outpatient visit,$108
CLM5754,80061,Lipid panel,$63
CLM5755,85025,Complete blood count,$46
CLM5756,36415,Blood draw,$33
CLM5756,80050,General health panel,$333
CLM5757,93015,Cardiac stress test,$787
CLM5757,99214,Detailed office visit,$143
CLM5758,99215,Comprehensive office visit,$228
CLM5759,99283,ED visit moderate severity,$462
CLM5760,99215,Comprehensive office visit,$226
CLM5760,96415,Chemotherapy infusion additional hour,$340
CLM5761,93306,Echocardiogram complete,$1117
CLM5762,99214,Detailed office visit,$153
CLM5763,80050,General health panel,$280
CLM5764,99213,Office/outpatient visit,$130
CLM5765,94640,Nebulizer treatment,$55
CLM5766,83036,Hemoglobin A1c,$38
CLM5766,80053,Comprehensive metabolic panel,$67
CLM5766,93000,EKG/ECG with interpretation,$158
CLM5767,80050,General health panel,$315
CLM5768,99214,Detailed office visit,$148
CLM5768,94010,Spirometry,$87
CLM5769,99214,Detailed office visit,$124
CLM5769,36415,Blood draw,$32
CLM5770,90707,MMR vaccine,$104
CLM5770,99392,Preventive visit age 1-4,$178
CLM5770,87880,Rapid strep test,$33
CLM5771,80050,General health panel,$292
CLM5771,85025,Complete blood count,$50
CLM5772,99214,Detailed office visit,$148
CLM5772,94010,Spirometry,$92
CLM5773,80050,General health panel,$347
CLM5774,85025,Complete blood count,$47
CLM5774,80061,Lipid panel,$55
CLM5775,99285,ED visit high severity,$1218
CLM5775,71020,Chest X-ray,$116
CLM5776,99215,Comprehensive office visit,$234
CLM5777,93000,EKG/ECG with interpretation,$149
CLM5777,83036,Hemoglobin A1c,$47
CLM5778,36415,Blood draw,$35
CLM5779,36415,Blood draw,$35
CLM5779,87070,Bacteria culture,$72
CLM5780,99213,Office/outpatient visit,$139
CLM5780,99214,Detailed office visit,$151
CLM5780,36415,Blood draw,$34
CLM5781,17000,Destruction of skin lesion,$119
CLM5781,99213,Office/outpatient visit,$114
CLM5781,96910,Phototherapy treatment,$177
CLM5782,71020,Chest X-ray,$126
CLM5782,99214,Detailed office visit,$118
CLM5783,99283,ED visit moderate severity,$513
CLM5784,93000,EKG/ECG with interpretation,$158
CLM5784,93015,Cardiac stress test,$936
CLM5785,83036,Hemoglobin A1c,$42
CLM5786,93015,Cardiac stress test,$920
CLM5786,99214,Detailed office visit,$148
CLM5787,36415,Blood draw,$34
CLM5788,99285,ED visit high severity,$1190
CLM5789,94640,Nebulizer treatment,$57
CLM5789,71020,Chest X-ray,$121
CLM5790,90707,MMR vaccine,$91
CLM5791,71020,Chest X-ray,$111
CLM5792,73030,Shoulder X-ray,$123
CLM5793,99214,Detailed office visit,$129
CLM5793,85025,Complete blood count,$48
CLM5793,80061,Lipid panel,$57
CLM5794,93000,EKG/ECG with interpretation,$172
CLM5795,93000,EKG/ECG with interpretation,$157
CLM5795,93306,Echocardiogram complete,$1299
CLM5795,99214,Detailed office visit,$147
CLM5796,90834,Psychotherapy 45 minutes,$133
CLM5797,83036,Hemoglobin A1c,$45
CLM5798,99213,Office/outpatient visit,$120
CLM5798,20610,Major joint injection,$262
CLM5798,73030,Shoulder X-ray,$117
CLM5799,76805,Obstetric ultrasound,$443
CLM5799,88175,Pap smear cytology,$67
CLM5799,99214,Detailed office visit,$131
CLM5800,71020,Chest X-ray,$122
CLM5801,99285,ED visit high severity,$1132
CLM5802,99213,Office/outpatient visit,$120
CLM5803,99214,Detailed office visit,$119
CLM5803,71020,Chest X-ray,$103
CLM5804,90791,Psychiatric diagnostic evaluation,$276
CLM5805,99214,Detailed office visit,$133
CLM5805,88175,Pap smear cytology,$66
CLM5805,76805,Obstetric ultrasound,$441
CLM5806,80050,General health panel,$338
CLM5807,85025,Complete blood count,$44
CLM5807,99213,Office/outpatient visit,$136
CLM5808,94010,Spirometry,$85
CLM5809,71020,Chest X-ray,$130
CLM5810,99214,Detailed office visit,$132
CLM5811,99214,Detailed office visit,$133
CLM5812,80053,Comprehensive metabolic panel,$60
CLM5813,99214,Detailed office visit,$142
CLM5813,80053,Comprehensive metabolic panel,$65
CLM5814,93000,EKG/ECG with interpretation,$163
CLM5814,99214,Detailed office visit,$122
CLM5815,99213,Office/outpatient visit,$117
CLM5815,73030,Shoulder X-ray,$120
CLM5815,20610,Major joint injection,$238
CLM5816,96910,Phototherapy treatment,$151
CLM5816,11102,Skin biopsy,$188
CLM5817,20610,Major joint injection,$261
CLM5818,96910,Phototherapy treatment,$188
CLM5819,70450,CT head without contrast,$815
CLM5820,29881,Knee arthroscopy,$5184
CLM5821,93306,Echocardiogram complete,$1226
CLM5821,93458,Cardiac catheterization,$4890
CLM5822,36415,Blood draw,$30
CLM5822,99214,Detailed office visit,$129
CLM5823,87880,Rapid strep test,$40
CLM5823,99213,Office/outpatient visit,$130
CLM5823,90707,MMR vaccine,$99
CLM5824,36415,Blood draw,$35
CLM5825,85025,Complete blood count,$49
CLM5825,96415,Chemotherapy infusion additional hour,$387
CLM5826,99213,Office/outpatient visit,$123
CLM5826,71020,Chest X-ray,$100
CLM5827,11102,Skin biopsy,$165
CLM5828,93306,Echocardiogram complete,$1226
CLM5829,96413,Chemotherapy infusion first hour,$1093
CLM5830,36415,Blood draw,$32
CLM5830,99215,Comprehensive office visit,$201
CLM5831,85025,Complete blood count,$42
CLM5831,77385,IMRT radiation treatment,$2620
CLM5832,93000,EKG/ECG with interpretation,$155
CLM5833,99214,Detailed office visit,$134
CLM5834,93306,Echocardiogram complete,$1163
CLM5835,93000,EKG/ECG with interpretation,$154
CLM5836,36415,Blood draw,$33
CLM5836,85025,Complete blood count,$51
CLM5836,87070,Bacteria culture,$89
CLM5837,90460,Immunization administration,$42
CLM5838,20610,Major joint injection,$227
CLM5839,99214,Detailed office visit,$118
CLM5839,88175,Pap smear cytology,$78
CLM5839,76805,Obstetric ultrasound,$463
CLM5840,29881,Knee arthroscopy,$5558
CLM5840,73030,Shoulder X-ray,$125
CLM5840,99213,Office/outpatient visit,$140
CLM5841,99214,Detailed office visit,$153
CLM5842,99213,Office/outpatient visit,$131
CLM5843,90707,MMR vaccine,$103
CLM5844,99214,Detailed office visit,$150
CLM5844,93000,EKG/ECG with interpretation,$156
CLM5845,99283,ED visit moderate severity,$517
CLM5846,80061,Lipid panel,$63
CLM5846,36415,Blood draw,$29
CLM5846,99214,Detailed office visit,$150
CLM5847,71020,Chest X-ray,$128
CLM5847,93000,EKG/ECG with interpretation,$146
CLM5847,70450,CT head without contrast,$925
CLM5848,95810,Sleep study,$1358
CLM5848,99214,Detailed office visit,$130
CLM5849,94010,Spirometry,$100
CLM5849,71020,Chest X-ray,$104
CLM5850,99283,ED visit moderate severity,$426
CLM5850,70450,CT head without contrast,$915
CLM5851,83036,Hemoglobin A1c,$42
CLM5852,71020,Chest X-ray,$111
CLM5852,99214,Detailed office visit,$140
CLM5852,85025,Complete blood count,$51
CLM5853,90837,Psychotherapy 60 minutes,$191
CLM5853,90791,Psychiatric diagnostic evaluation,$266
CLM5853,99214,Detailed office visit,$137
CLM5854,93306,Echocardiogram complete,$1378
CLM5855,99214,Detailed office visit,$136
CLM5855,36415,Blood draw,$34
CLM5855,80061,Lipid panel,$57
CLM5856,90791,Psychiatric diagnostic evaluation,$277
CLM5857,83036,Hemoglobin A1c,$45
CLM5857,80053,Comprehensive metabolic panel,$67
CLM5858,87070,Bacteria culture,$75
CLM5859,83036,Hemoglobin A1c,$44
CLM5859,82947,Glucose test,$25
CLM5860,85025,Complete blood count,$42
CLM5861,80050,General health panel,$275
CLM5862,36415,Blood draw,$34
CLM5863,36415,Blood draw,$29
CLM5864,99283,ED visit moderate severity,$492
CLM5865,93000,EKG/ECG with interpretation,$142
CLM5865,93306,Echocardiogram complete,$1189
CLM5865,99214,Detailed office visit,$140
CLM5866,88175,Pap smear cytology,$68
CLM5866,76805,Obstetric ultrasound,$428
CLM5867,71020,Chest X-ray,$106
CLM5867,94640,Nebulizer treatment,$56
CLM5868,90460,Immunization administration,$38
CLM5869,94640,Nebulizer treatment,$54
CLM5869,94010,Spirometry,$96
CLM5869,99214,Detailed office visit,$119
CLM5870,36415,Blood draw,$29
CLM5870,99214,Detailed office visit,$150
CLM5871,99214,Detailed office visit,$146
CLM5871,90837,Psychotherapy 60 minutes,$187
CLM5871,90834,Psychotherapy 45 minutes,$154
CLM5872,99213,Office/outpatient visit,$136
CLM5872,90707,MMR vaccine,$96
CLM5873,71020,Chest X-ray,$122
CLM5873,70450,CT head without contrast,$885
CLM5874,36415,Blood draw,$29
CLM5875,84443,TSH test,$62
CLM5876,36415,Blood draw,$28
CLM5877,93000,EKG/ECG with interpretation,$176
CLM5877,93306,Echocardiogram complete,$1377
CLM5877,99214,Detailed office visit,$118
CLM5878,87070,Bacteria culture,$79
CLM5878,99213,Office/outpatient visit,$128
CLM5879,71020,Chest X-ray,$123
CLM5880,71020,Chest X-ray,$117
CLM5881,99213,Office/outpatient visit,$136
CLM5881,80061,Lipid panel,$59
CLM5882,71020,Chest X-ray,$129
CLM5883,90460,Immunization administration,$41
CLM5884,83036,Hemoglobin A1c,$40
CLM5884,80053,Comprehensive metabolic panel,$54
CLM5884,36415,Blood draw,$33
CLM5885,90834,Psychotherapy 45 minutes,$152
CLM5886,82947,Glucose test,$23
CLM5886,99214,Detailed office visit,$138
CLM5887,11102,Skin biopsy,$164
CLM5888,36415,Blood draw,$35
CLM5889,99214,Detailed office visit,$126
CLM5890,99285,ED visit high severity,$1370
CLM5890,70450,CT head without contrast,$820
CLM5890,71020,Chest X-ray,$106
CLM5891,93000,EKG/ECG with interpretation,$147
CLM5892,99213,Office/outpatient visit,$115
CLM5893,20610,Major joint injection,$229
CLM5894,99214,Detailed office visit,$149
CLM5894,80061,Lipid panel,$50
CLM5895,70450,CT head without contrast,$874
CLM5895,71020,Chest X-ray,$117
CLM5895,99283,ED visit moderate severity,$428
CLM5896,36415,Blood draw,$32
CLM5897,36415,Blood draw,$31
CLM5897,99215,Comprehensive office visit,$196
CLM5898,93000,EKG/ECG with interpretation,$151
CLM5898,99285,ED visit high severity,$1278
CLM5899,36415,Blood draw,$35
CLM5899,82947,Glucose test,$29
CLM5900,80050,General health panel,$320
CLM5901,99214,Detailed office visit,$134
CLM5901,83036,Hemoglobin A1c,$38
CLM5901,80053,Comprehensive metabolic panel,$59
CLM5902,85025,Complete blood count,$44
CLM5903,93000,EKG/ECG with interpretation,$150
CLM5903,80053,Comprehensive metabolic panel,$58
CLM5904,93000,EKG/ECG with interpretation,$165
CLM5905,71020,Chest X-ray,$117
CLM5906,99215,Comprehensive office visit,$195
CLM5906,83036,Hemoglobin A1c,$42
CLM5907,93000,EKG/ECG with interpretation,$136
CLM5908,20610,Major joint injection,$294
CLM5909,94010,Spirometry,$84
CLM5910,80053,Comprehensive metabolic panel,$58
CLM5911,36415,Blood draw,$33
CLM5912,80050,General health panel,$344
CLM5913,80053,Comprehensive metabolic panel,$69
CLM5914,99214,Detailed office visit,$147
CLM5915,99213,Office/outpatient visit,$115
CLM5916,71020,Chest X-ray,$118
CLM5917,96413,Chemotherapy infusion first hour,$1280
CLM5918,73030,Shoulder X-ray,$137
CLM5918,20610,Major joint injection,$287
CLM5919,87070,Bacteria culture,$80
CLM5919,85025,Complete blood count,$46
CLM5919,71020,Chest X-ray,$120
CLM5920,99214,Detailed office visit,$135
CLM5921,83036,Hemoglobin A1c,$40
CLM5921,36415,Blood draw,$34
CLM5922,85025,Complete blood count,$41
CLM5922,87070,Bacteria culture,$84
CLM5923,99213,Office/outpatient visit,$121
CLM5923,11102,Skin biopsy,$200
CLM5924,99213,Office/outpatient visit,$123
CLM5925,99283,ED visit moderate severity,$451
CLM5925,93000,EKG/ECG with interpretation,$142
CLM5926,85025,Complete blood count,$53
CLM5926,96415,Chemotherapy infusion additional hour,$319
CLM5927,95810,Sleep study,$1286
CLM5927,94640,Nebulizer treatment,$49
CLM5928,87070,Bacteria culture,$87
CLM5928,80061,Lipid panel,$58
CLM5928,36415,Blood draw,$27
CLM5929,85025,Complete blood count,$51
CLM5930,29881,Knee arthroscopy,$4939
CLM5931,36415,Blood draw,$33
CLM5931,99213,Office/outpatient visit,$112
CLM5932,99213,Office/outpatient visit,$121
CLM5933,99214,Detailed office visit,$127
CLM5934,36415,Blood draw,$32
CLM5934,82947,Glucose test,$28
CLM5934,99214,Detailed office visit,$121
CLM5935,99214,Detailed office visit,$137
CLM5935,94010,Spirometry,$92
CLM5936,71020,Chest X-ray,$122
CLM5937,83036,Hemoglobin A1c,$47
CLM5937,80053,Comprehensive metabolic panel,$62
CLM5937,36415,Blood draw,$35
CLM5938,20610,Major joint injection,$272
CLM5938,73030,Shoulder X-ray,$112
CLM5938,99213,Office/outpatient visit,$140
CLM5939,99214,Detailed office visit,$133
CLM5940,36415,Blood draw,$31
CLM5940,85025,Complete blood count,$50
CLM5941,85025,Complete blood count,$41
CLM5942,80050,General health panel,$319
CLM5942,85025,Complete blood count,$48
CLM5943,96910,Phototherapy treatment,$181
CLM5943,99213,Office/outpatient visit,$125
CLM5944,70450,CT head without contrast,$942
CLM5945,36415,Blood draw,$32
CLM5946,96415,Chemotherapy infusion additional hour,$406
CLM5947,80050,General health panel,$271
CLM5947,80061,Lipid panel,$63
CLM5948,96413,Chemotherapy infusion first hour,$1207
CLM5949,99214,Detailed office visit,$124
CLM5949,93000,EKG/ECG with interpretation,$172
CLM5950,99215,Comprehensive office visit,$194
CLM5950,36415,Blood draw,$32
CLM5951,83036,Hemoglobin A1c,$43
CLM5951,99215,Comprehensive office visit,$216
CLM5952,80050,General health panel,$324
CLM5952,83036,Hemoglobin A1c,$37
CLM5952,99214,Detailed office visit,$129
CLM5953,93000,EKG/ECG with interpretation,$172
CLM5954,87070,Bacteria culture,$85
CLM5955,99214,Detailed office visit,$137
CLM5955,93015,Cardiac stress test,$896
CLM5956,99213,Office/outpatient visit,$133
CLM5957,59400,Routine obstetric care,$3469
CLM5957,88175,Pap smear cytology,$78
CLM5958,90791,Psychiatric diagnostic evaluation,$244
CLM5958,99214,Detailed office visit,$139
CLM5958,90837,Psychotherapy 60 minutes,$210
CLM5959,73030,Shoulder X-ray,$132
CLM5959,73721,MRI knee,$1395
CLM5960,93306,Echocardiogram complete,$1306
CLM5961,80061,Lipid panel,$57
CLM5961,87070,Bacteria culture,$86
CLM5962,17000,Destruction of skin lesion,$130
CLM5963,85025,Complete blood count,$42
CLM5963,96413,Chemotherapy infusion first hour,$1235
CLM5964,99213,Office/outpatient visit,$120
CLM5964,73721,MRI knee,$1693
CLM5965,90837,Psychotherapy 60 minutes,$189
CLM5966,80053,Comprehensive metabolic panel,$61
CLM5967,85025,Complete blood count,$49
CLM5968,87880,Rapid strep test,$38
CLM5969,90791,Psychiatric diagnostic evaluation,$281
CLM5970,36415,Blood draw,$33
CLM5970,93000,EKG/ECG with interpretation,$144
CLM5970,83036,Hemoglobin A1c,$46
CLM5971,99215,Comprehensive office visit,$204
CLM5972,36415,Blood draw,$30
CLM5973,85025,Complete blood count,$53
CLM5974,80050,General health panel,$271
CLM5975,99214,Detailed office visit,$149
CLM5976,85025,Complete blood count,$48
CLM5977,71020,Chest X-ray,$103
CLM5978,99214,Detailed office visit,$137
CLM5978,76805,Obstetric ultrasound,$416
CLM5978,88175,Pap smear cytology,$64
CLM5979,99213,Office/outpatient visit,$119
CLM5980,94640,Nebulizer treatment,$47
CLM5981,83036,Hemoglobin A1c,$41
CLM5982,90834,Psychotherapy 45 minutes,$151
CLM5982,90791,Psychiatric diagnostic evaluation,$237
CLM5983,96910,Phototherapy treatment,$149
CLM5984,99213,Office/outpatient visit,$130
CLM5985,93000,EKG/ECG with interpretation,$142
CLM5986,11102,Skin biopsy,$184
CLM5987,83036,Hemoglobin A1c,$37
CLM5987,99215,Comprehensive office visit,$215
CLM5988,99213,Office/outpatient visit,$130
CLM5989,80050,General health panel,$345
CLM5989,87070,Bacteria culture,$81
CLM5990,93306,Echocardiogram complete,$1141
CLM5991,80050,General health panel,$314
CLM5991,99214,Detailed office visit,$144
CLM5992,36415,Blood draw,$29
CLM5992,82947,Glucose test,$28
CLM5992,99214,Detailed office visit,$131
CLM5993,85025,Complete blood count,$49
CLM5994,80053,Comprehensive metabolic panel,$56
CLM5995,71020,Chest X-ray,$127
CLM5996,36415,Blood draw,$28
CLM5997,73721,MRI knee,$1594
CLM5998,99214,Detailed office visit,$128
CLM5999,96415,Chemotherapy infusion additional hour,$340
CLM6000,87070,Bacteria culture,$92
CLM6001,94640,Nebulizer treatment,$54
CLM6002,70450,CT head without contrast,$916
CLM6002,71020,Chest X-ray,$104
CLM6003,70450,CT head without contrast,$930
CLM6003,71020,Chest X-ray,$129
CLM6004,36415,Blood draw,$29
CLM6005,83036,Hemoglobin A1c,$38
CLM6006,36415,Blood draw,$33
CLM6007,99214,Detailed office visit,$150
CLM6007,90791,Psychiatric diagnostic evaluation,$276
CLM6008,88175,Pap smear cytology,$63
CLM6008,99214,Detailed office visit,$147
CLM6009,85025,Complete blood count,$47
CLM6009,96415,Chemotherapy infusion additional hour,$407
CLM6009,77385,IMRT radiation treatment,$2752
CLM6010,36415,Blood draw,$28
CLM6010,99215,Comprehensive office visit,$238
CLM6011,36415,Blood draw,$27
CLM6012,83036,Hemoglobin A1c,$39
CLM6013,99214,Detailed office visit,$122
CLM6013,93458,Cardiac catheterization,$4945
CLM6014,85025,Complete blood count,$41
CLM6015,99213,Office/outpatient visit,$118
CLM6015,96910,Phototherapy treatment,$157
CLM6016,99213,Office/outpatient visit,$141
CLM6016,36415,Blood draw,$32
CLM6017,87880,Rapid strep test,$41
CLM6017,90460,Immunization administration,$38
CLM6018,93000,EKG/ECG with interpretation,$168
CLM6019,36415,Blood draw,$30
CLM6020,85025,Complete blood count,$52
CLM6020,77385,IMRT radiation treatment,$2454
CLM6020,96413,Chemotherapy infusion first hour,$1247
CLM6021,99214,Detailed office visit,$132
CLM6021,93000,EKG/ECG with interpretation,$151
CLM6022,11102,Skin biopsy,$210
CLM6022,17000,Destruction of skin lesion,$131
CLM6023,93000,EKG/ECG with interpretation,$165
CLM6023,99214,Detailed office visit,$123
CLM6024,99285,ED visit high severity,$1410
CLM6025,99214,Detailed office visit,$124
CLM6025,88175,Pap smear cytology,$64
CLM6026,36415,Blood draw,$32
CLM6027,73030,Shoulder X-ray,$139
CLM6027,29881,Knee arthroscopy,$5292
CLM6028,93000,EKG/ECG with interpretation,$141
CLM6028,99214,Detailed office visit,$146
CLM6029,93015,Cardiac stress test,$801
CLM6029,93306,Echocardiogram complete,$1181
CLM6030,11102,Skin biopsy,$174
CLM6031,20610,Major joint injection,$273
CLM6031,99213,Office/outpatient visit,$126
CLM6032,99214,Detailed office visit,$122
CLM6033,99213,Office/outpatient visit,$130
CLM6034,17000,Destruction of skin lesion,$119
CLM6035,93015,Cardiac stress test,$912
CLM6035,99214,Detailed office visit,$132
CLM6036,99214,Detailed office visit,$126
CLM6036,84443,TSH test,$51
CLM6037,85025,Complete blood count,$51
CLM6038,73721,MRI knee,$1389
CLM6039,80053,Comprehensive metabolic panel,$67
CLM6039,83036,Hemoglobin A1c,$46
CLM6040,90791,Psychiatric diagnostic evaluation,$269
CLM6040,90837,Psychotherapy 60 minutes,$164
CLM6041,90837,Psychotherapy 60 minutes,$162
CLM6042,36415,Blood draw,$33
CLM6043,99214,Detailed office visit,$132
CLM6044,93000,EKG/ECG with interpretation,$145
CLM6045,99214,Detailed office visit,$150
CLM6045,90834,Psychotherapy 45 minutes,$154
CLM6046,80053,Comprehensive metabolic panel,$55
CLM6046,93000,EKG/ECG with interpretation,$145
CLM6047,11102,Skin biopsy,$176
CLM6047,96910,Phototherapy treatment,$151
CLM6048,70450,CT head without contrast,$1051
CLM6049,99213,Office/outpatient visit,$130
CLM6050,36415,Blood draw,$32
CLM6051,73030,Shoulder X-ray,$130
CLM6052,99214,Detailed office visit,$150
CLM6053,85025,Complete blood count,$46
CLM6053,96413,Chemotherapy infusion first hour,$1264
CLM6054,99213,Office/outpatient visit,$140
CLM6055,36415,Blood draw,$29
CLM6055,80050,General health panel,$291
CLM6056,80061,Lipid panel,$58
CLM6057,99214,Detailed office visit,$126
CLM6057,93015,Cardiac stress test,$893
CLM6058,99214,Detailed office visit,$132
CLM6059,87880,Rapid strep test,$36
CLM6060,93000,EKG/ECG with interpretation,$141
CLM6061,99214,Detailed office visit,$124
CLM6062,99214,Detailed office visit,$141
CLM6063,96413,Chemotherapy infusion first hour,$1202
CLM6064,90837,Psychotherapy 60 minutes,$182
CLM6064,90791,Psychiatric diagnostic evaluation,$294
CLM6065,87070,Bacteria culture,$86
CLM6066,36415,Blood draw,$31
CLM6067,85025,Complete blood count,$52
CLM6068,99214,Detailed office visit,$124
CLM6069,99214,Detailed office visit,$151
CLM6070,99215,Comprehensive office visit,$236
CLM6070,85025,Complete blood count,$50
CLM6071,73030,Shoulder X-ray,$130
CLM6072,99215,Comprehensive office visit,$203
CLM6073,85025,Complete blood count,$52
CLM6073,36415,Blood draw,$33
CLM6074,20610,Major joint injection,$274
CLM6074,99213,Office/outpatient visit,$112
CLM6074,73721,MRI knee,$1624
CLM6075,11102,Skin biopsy,$180
CLM6075,17000,Destruction of skin lesion,$115
CLM6076,80053,Comprehensive metabolic panel,$70
CLM6077,36415,Blood draw,$35
CLM6077,80053,Comprehensive metabolic panel,$58
CLM6077,93000,EKG/ECG with interpretation,$142
CLM6078,93000,EKG/ECG with interpretation,$151
CLM6078,99214,Detailed office visit,$124
CLM6078,93015,Cardiac stress test,$843
CLM6079,80053,Comprehensive metabolic panel,$61
CLM6079,36415,Blood draw,$29
CLM6080,93000,EKG/ECG with interpretation,$150
CLM6080,99214,Detailed office visit,$136
CLM6081,99213,Office/outpatient visit,$132
CLM6082,99214,Detailed office visit,$122
CLM6083,71020,Chest X-ray,$111
CLM6083,99214,Detailed office visit,$153
CLM6084,36415,Blood draw,$28
CLM6085,99213,Office/outpatient visit,$122
CLM6085,20610,Major joint injection,$249
CLM6085,73030,Shoulder X-ray,$111
CLM6086,59400,Routine obstetric care,$4102
CLM6087,80061,Lipid panel,$64
CLM6088,99215,Comprehensive office visit,$239
CLM6088,36415,Blood draw,$30
CLM6089,83036,Hemoglobin A1c,$47
CLM6090,93306,Echocardiogram complete,$1195
CLM6090,93015,Cardiac stress test,$894
CLM6091,93000,EKG/ECG with interpretation,$159
CLM6091,71020,Chest X-ray,$112
CLM6091,99283,ED visit moderate severity,$474
CLM6092,99283,ED visit moderate severity,$525
CLM6093,83036,Hemoglobin A1c,$38
CLM6094,94640,Nebulizer treatment,$48
CLM6094,71020,Chest X-ray,$112
CLM6095,85025,Complete blood count,$49
CLM6096,83036,Hemoglobin A1c,$42
CLM6096,99214,Detailed office visit,$152
CLM6097,99214,Detailed office visit,$138
CLM6098,87880,Rapid strep test,$34
CLM6099,90460,Immunization administration,$38
CLM6100,85025,Complete blood count,$46
CLM6101,90460,Immunization administration,$40
CLM6102,88175,Pap smear cytology,$72
CLM6102,76805,Obstetric ultrasound,$380
CLM6102,99214,Detailed office visit,$147
CLM6103,71020,Chest X-ray,$114
CLM6104,80050,General health panel,$282
CLM6105,87880,Rapid strep test,$32
CLM6105,90460,Immunization administration,$42
CLM6106,99213,Office/outpatient visit,$133
CLM6107,93000,EKG/ECG with interpretation,$164
CLM6107,93015,Cardiac stress test,$862
CLM6107,99214,Detailed office visit,$147
CLM6108,99214,Detailed office visit,$146
CLM6108,90837,Psychotherapy 60 minutes,$164
CLM6109,80061,Lipid panel,$55
CLM6110,99214,Detailed office visit,$148
CLM6111,99214,Detailed office visit,$150
CLM6111,93000,EKG/ECG with interpretation,$146
CLM6112,99214,Detailed office visit,$143
CLM6113,90707,MMR vaccine,$84
CLM6114,80053,Comprehensive metabolic panel,$67
CLM6115,36415,Blood draw,$33
CLM6116,94640,Nebulizer treatment,$53
CLM6117,90834,Psychotherapy 45 minutes,$133
CLM6117,90791,Psychiatric diagnostic evaluation,$251
CLM6117,99214,Detailed office visit,$151
CLM6118,17000,Destruction of skin lesion,$118
CLM6118,96910,Phototherapy treatment,$168
CLM6119,96910,Phototherapy treatment,$186
CLM6120,80061,Lipid panel,$53
CLM6120,99214,Detailed office visit,$140
CLM6121,80053,Comprehensive metabolic panel,$59
CLM6121,93000,EKG/ECG with interpretation,$149
CLM6122,36415,Blood draw,$28
CLM6123,99214,Detailed office visit,$150
CLM6123,80050,General health panel,$325
CLM6124,99214,Detailed office visit,$128
CLM6125,90834,Psychotherapy 45 minutes,$145
CLM6125,90791,Psychiatric diagnostic evaluation,$270
CLM6125,99214,Detailed office visit,$131
CLM6126,99214,Detailed office visit,$122
CLM6127,90707,MMR vaccine,$81
CLM6128,71020,Chest X-ray,$130
CLM6129,99283,ED visit moderate severity,$519
CLM6130,93015,Cardiac stress test,$786
CLM6131,83036,Hemoglobin A1c,$40
CLM6131,82947,Glucose test,$23
CLM6132,99214,Detailed office visit,$140
CLM6132,94010,Spirometry,$81
CLM6133,99213,Office/outpatient visit,$133
CLM6133,36415,Blood draw,$34
CLM6133,85025,Complete blood count,$41
CLM6134,99214,Detailed office visit,$119
CLM6135,80061,Lipid panel,$63
CLM6135,71020,Chest X-ray,$101
CLM6136,99214,Detailed office visit,$146
CLM6137,99215,Comprehensive office visit,$207
CLM6138,80061,Lipid panel,$58
CLM6139,73030,Shoulder X-ray,$127
CLM6140,36415,Blood draw,$28
CLM6141,36415,Blood draw,$34
CLM6142,99213,Office/outpatient visit,$123
CLM6143,90460,Immunization administration,$42
CLM6144,80061,Lipid panel,$63
CLM6144,36415,Blood draw,$35
CLM6145,99213,Office/outpatient visit,$128
CLM6146,93000,EKG/ECG with interpretation,$162
CLM6146,99214,Detailed office visit,$134
CLM6147,87070,Bacteria culture,$90
CLM6147,80061,Lipid panel,$52
CLM6147,99213,Office/outpatient visit,$135
CLM6148,99213,Office/outpatient visit,$128
CLM6148,29881,Knee arthroscopy,$6087
CLM6149,85025,Complete blood count,$51
CLM6150,17000,Destruction of skin lesion,$111
CLM6151,88175,Pap smear cytology,$75
CLM6152,93458,Cardiac catheterization,$4162
CLM6152,93015,Cardiac stress test,$983
CLM6153,99213,Office/outpatient visit,$123
CLM6153,71020,Chest X-ray,$104
CLM6154,99214,Detailed office visit,$137
CLM6154,36415,Blood draw,$27
CLM6155,93458,Cardiac catheterization,$5272
CLM6155,99214,Detailed office visit,$140
CLM6156,80053,Comprehensive metabolic panel,$62
CLM6157,99215,Comprehensive office visit,$207
CLM6157,85025,Complete blood count,$48
CLM6157,96413,Chemotherapy infusion first hour,$1200
CLM6158,99214,Detailed office visit,$146
CLM6158,84443,TSH test,$62
CLM6159,80053,Comprehensive metabolic panel,$56
CLM6160,99214,Detailed office visit,$148
CLM6161,96910,Phototherapy treatment,$148
CLM6162,93000,EKG/ECG with interpretation,$168
CLM6162,70450,CT head without contrast,$972
CLM6163,85025,Complete blood count,$44
CLM6163,80061,Lipid panel,$55
CLM6164,82947,Glucose test,$25
CLM6164,36415,Blood draw,$33
CLM6165,93000,EKG/ECG with interpretation,$142
CLM6166,36415,Blood draw,$33
CLM6166,99213,Office/outpatient visit,$138
CLM6167,99213,Office/outpatient visit,$119
CLM6168,87070,Bacteria culture,$92
CLM6168,36415,Blood draw,$33
CLM6168,99213,Office/outpatient visit,$132
CLM6169,80061,Lipid panel,$55
CLM6169,36415,Blood draw,$34
CLM6170,85025,Complete blood count,$43
CLM6171,80061,Lipid panel,$53
CLM6171,71020,Chest X-ray,$119
CLM6171,80050,General health panel,$296
CLM6172,93000,EKG/ECG with interpretation,$146
CLM6173,99283,ED visit moderate severity,$474
CLM6174,77385,IMRT radiation treatment,$2728
CLM6174,96413,Chemotherapy infusion first hour,$1283
CLM6175,71020,Chest X-ray,$128
CLM6176,36415,Blood draw,$30
CLM6177,20610,Major joint injection,$279
CLM6177,73030,Shoulder X-ray,$110
CLM6178,93306,Echocardiogram complete,$1331
CLM6179,87070,Bacteria culture,$89
CLM6179,80061,Lipid panel,$50
CLM6179,85025,Complete blood count,$46
CLM6180,99214,Detailed office visit,$152
CLM6181,80061,Lipid panel,$63
CLM6182,87070,Bacteria culture,$75
CLM6182,80050,General health panel,$326
CLM6183,80061,Lipid panel,$53
CLM6184,36415,Blood draw,$34
CLM6184,85025,Complete blood count,$42
CLM6184,80050,General health panel,$316
CLM6185,99214,Detailed office visit,$139
CLM6186,99283,ED visit moderate severity,$450
CLM6187,99214,Detailed office visit,$118
CLM6187,85025,Complete blood count,$41
CLM6188,80053,Comprehensive metabolic panel,$62
CLM6189,20610,Major joint injection,$258
CLM6189,73030,Shoulder X-ray,$109
CLM6189,99213,Office/outpatient visit,$139
CLM6190,82947,Glucose test,$24
CLM6191,99283,ED visit moderate severity,$446
CLM6191,71020,Chest X-ray,$109
CLM6192,71020,Chest X-ray,$123
CLM6193,87880,Rapid strep test,$36
CLM6194,17000,Destruction of skin lesion,$125
CLM6194,11102,Skin biopsy,$166
CLM6194,99213,Office/outpatient visit,$121
CLM6195,93000,EKG/ECG with interpretation,$135
CLM6195,99214,Detailed office visit,$152
CLM6196,93015,Cardiac stress test,$905
CLM6196,93458,Cardiac catheterization,$5091
CLM6197,93000,EKG/ECG with interpretation,$173
CLM6197,71020,Chest X-ray,$105
CLM6197,70450,CT head without contrast,$934
CLM6198,85025,Complete blood count,$42
CLM6199,85025,Complete blood count,$43
CLM6199,80061,Lipid panel,$64
CLM6199,36415,Blood draw,$30
CLM6200,99213,Office/outpatient visit,$129
CLM6200,73030,Shoulder X-ray,$113
CLM6200,20610,Major joint injection,$276
CLM6201,87070,Bacteria culture,$91
CLM6202,80061,Lipid panel,$55
CLM6202,36415,Blood draw,$29
CLM6203,93306,Echocardiogram complete,$1098
CLM6204,73030,Shoulder X-ray,$136
CLM6205,71020,Chest X-ray,$108
CLM6206,99214,Detailed office visit,$121
CLM6207,20610,Major joint injection,$254
CLM6207,73721,MRI knee,$1655
CLM6208,99213,Office/outpatient visit,$129
CLM6209,36415,Blood draw,$28
CLM6210,99214,Detailed office visit,$136
CLM6211,87070,Bacteria culture,$93
CLM6212,99213,Office/outpatient visit,$123
CLM6212,36415,Blood draw,$29
CLM6213,73030,Shoulder X-ray,$119
CLM6214,85025,Complete blood count,$48
CLM6214,99215,Comprehensive office visit,$205
CLM6215,99214,Detailed office visit,$133
CLM6216,71020,Chest X-ray,$100
CLM6217,99215,Comprehensive office visit,$189
CLM6218,99213,Office/outpatient visit,$138
CLM6218,87070,Bacteria culture,$89
CLM6219,94010,Spirometry,$92
CLM6219,94640,Nebulizer treatment,$50
CLM6219,99214,Detailed office visit,$145
CLM6220,87880,Rapid strep test,$41
CLM6220,90707,MMR vaccine,$87
CLM6221,83036,Hemoglobin A1c,$39
CLM6222,11102,Skin biopsy,$187
CLM6223,85025,Complete blood count,$46
CLM6223,99213,Office/outpatient visit,$121
CLM6224,84443,TSH test,$54
CLM6225,71020,Chest X-ray,$127
CLM6225,80050,General health panel,$331
CLM6225,99214,Detailed office visit,$143
CLM6226,99215,Comprehensive office visit,$199
CLM6226,36415,Blood draw,$34
CLM6227,99214,Detailed office visit,$118
CLM6227,93000,EKG/ECG with interpretation,$172
CLM6228,36415,Blood draw,$29
CLM6228,80050,General health panel,$315
CLM6229,93000,EKG/ECG with interpretation,$168
CLM6230,17000,Destruction of skin lesion,$138
CLM6230,99213,Office/outpatient visit,$123
CLM6231,85025,Complete blood count,$52
CLM6232,87880,Rapid strep test,$38
CLM6232,99392,Preventive visit age 1-4,$186
CLM6233,99213,Office/outpatient visit,$115
CLM6234,90460,Immunization administration,$40
CLM6235,99213,Office/outpatient visit,$111
CLM6235,17000,Destruction of skin lesion,$136
CLM6236,71020,Chest X-ray,$117
CLM6236,99285,ED visit high severity,$1354
CLM6237,99213,Office/outpatient visit,$113
CLM6238,80050,General health panel,$321
CLM6239,99213,Office/outpatient visit,$116
CLM6240,90460,Immunization administration,$43
CLM6241,85025,Complete blood count,$47
CLM6242,83036,Hemoglobin A1c,$47
CLM6243,83036,Hemoglobin A1c,$36
CLM6244,93000,EKG/ECG with interpretation,$166
CLM6245,87070,Bacteria culture,$76
CLM6246,90837,Psychotherapy 60 minutes,$189
CLM6247,83036,Hemoglobin A1c,$40
CLM6248,99213,Office/outpatient visit,$127
CLM6249,99214,Detailed office visit,$148
CLM6250,83036,Hemoglobin A1c,$37
CLM6251,87880,Rapid strep test,$41
CLM6252,36415,Blood draw,$33
CLM6253,82947,Glucose test,$23
CLM6254,36415,Blood draw,$27
CLM6255,87880,Rapid strep test,$39
CLM6256,99214,Detailed office visit,$126
CLM6257,99213,Office/outpatient visit,$120
CLM6258,93306,Echocardiogram complete,$1375
CLM6259,83036,Hemoglobin A1c,$44
CLM6259,36415,Blood draw,$29
CLM6260,80050,General health panel,$302
CLM6261,36415,Blood draw,$29
CLM6262,90460,Immunization administration,$37
CLM6263,36415,Blood draw,$31
CLM6264,83036,Hemoglobin A1c,$39
CLM6265,11102,Skin biopsy,$192
CLM6266,99214,Detailed office visit,$148
CLM6266,93000,EKG/ECG with interpretation,$166
CLM6267,99214,Detailed office visit,$137
CLM6268,36415,Blood draw,$28
CLM6268,80061,Lipid panel,$52
CLM6269,99214,Detailed office visit,$124
CLM6270,73030,Shoulder X-ray,$120
CLM6270,99213,Office/outpatient visit,$114
CLM6271,36415,Blood draw,$34
CLM6272,93306,Echocardiogram complete,$1146
CLM6273,96910,Phototherapy treatment,$176
CLM6274,87070,Bacteria culture,$86
CLM6274,36415,Blood draw,$29
CLM6275,36415,Blood draw,$35
CLM6276,99215,Comprehensive office visit,$223
CLM6277,99215,Comprehensive office visit,$246
CLM6278,93000,EKG/ECG with interpretation,$171
CLM6279,93000,EKG/ECG with interpretation,$143
CLM6279,93306,Echocardiogram complete,$1353
CLM6280,73030,Shoulder X-ray,$117
CLM6281,93000,EKG/ECG with interpretation,$141
CLM6282,96910,Phototherapy treatment,$175
CLM6282,17000,Destruction of skin lesion,$133
CLM6283,71020,Chest X-ray,$108
CLM6284,99214,Detailed office visit,$130
CLM6285,90834,Psychotherapy 45 minutes,$128
CLM6285,90791,Psychiatric diagnostic evaluation,$268
CLM6286,71020,Chest X-ray,$125
CLM6286,94640,Nebulizer treatment,$56
CLM6287,90834,Psychotherapy 45 minutes,$155
CLM6288,96415,Chemotherapy infusion additional hour,$382
CLM6289,93015,Cardiac stress test,$783
CLM6289,93000,EKG/ECG with interpretation,$165
CLM6290,77385,IMRT radiation treatment,$2166
CLM6290,85025,Complete blood count,$42
CLM6291,59400,Routine obstetric care,$3662
CLM6291,88175,Pap smear cytology,$73
CLM6292,99214,Detailed office visit,$134
CLM6292,93015,Cardiac stress test,$986
CLM6293,99214,Detailed office visit,$136
CLM6293,90837,Psychotherapy 60 minutes,$208
CLM6293,90791,Psychiatric diagnostic evaluation,$281
CLM6294,88175,Pap smear cytology,$72
CLM6294,76805,Obstetric ultrasound,$415
CLM6295,90460,Immunization administration,$44
CLM6295,99392,Preventive visit age 1-4,$183
CLM6295,90707,MMR vaccine,$88
CLM6296,94640,Nebulizer treatment,$51
CLM6297,96413,Chemotherapy infusion first hour,$1078
CLM6298,76805,Obstetric ultrasound,$439
CLM6299,90837,Psychotherapy 60 minutes,$203
CLM6299,99214,Detailed office visit,$120
CLM6300,36415,Blood draw,$33
CLM6301,36415,Blood draw,$32
CLM6301,99214,Detailed office visit,$124
CLM6302,93306,Echocardiogram complete,$1209
CLM6302,99214,Detailed office visit,$127
CLM6303,85025,Complete blood count,$52
CLM6304,36415,Blood draw,$28
CLM6304,83036,Hemoglobin A1c,$42
CLM6305,83036,Hemoglobin A1c,$44
CLM6305,36415,Blood draw,$29
CLM6306,99214,Detailed office visit,$152
CLM6307,90837,Psychotherapy 60 minutes,$191
CLM6307,99214,Detailed office visit,$136
CLM6307,90791,Psychiatric diagnostic evaluation,$237
CLM6308,94640,Nebulizer treatment,$50
CLM6309,99213,Office/outpatient visit,$127
CLM6309,80050,General health panel,$326
CLM6310,70450,CT head without contrast,$825
CLM6311,93000,EKG/ECG with interpretation,$163
CLM6312,83036,Hemoglobin A1c,$47
CLM6312,36415,Blood draw,$30
CLM6313,87880,Rapid strep test,$38
CLM6314,73030,Shoulder X-ray,$123
CLM6315,93015,Cardiac stress test,$932
CLM6316,71020,Chest X-ray,$127
CLM6316,80050,General health panel,$340
CLM6317,84443,TSH test,$55
CLM6318,77385,IMRT radiation treatment,$2336
CLM6319,83036,Hemoglobin A1c,$44
CLM6319,80053,Comprehensive metabolic panel,$64
CLM6320,99214,Detailed office visit,$143
CLM6320,99213,Office/outpatient visit,$137
CLM6321,93000,EKG/ECG with interpretation,$139
CLM6322,71020,Chest X-ray,$109
CLM6323,87880,Rapid strep test,$33
CLM6324,93306,Echocardiogram complete,$1310
CLM6325,99213,Office/outpatient visit,$113
CLM6326,36415,Blood draw,$34
CLM6327,36415,Blood draw,$34
CLM6328,93000,EKG/ECG with interpretation,$162
CLM6329,83036,Hemoglobin A1c,$42
CLM6329,93000,EKG/ECG with interpretation,$164
CLM6329,99215,Comprehensive office visit,$244
CLM6330,87070,Bacteria culture,$73
CLM6331,83036,Hemoglobin A1c,$40
CLM6332,90837,Psychotherapy 60 minutes,$190
CLM6332,99214,Detailed office visit,$121
CLM6333,71020,Chest X-ray,$121
CLM6334,36415,Blood draw,$31
CLM6334,99214,Detailed office visit,$125
CLM6335,87880,Rapid strep test,$40
CLM6336,90837,Psychotherapy 60 minutes,$163
CLM6337,99285,ED visit high severity,$1281
CLM6337,71020,Chest X-ray,$100
CLM6338,36415,Blood draw,$30
CLM6338,84443,TSH test,$53
CLM6339,99213,Office/outpatient visit,$124
CLM6339,80061,Lipid panel,$50
CLM6340,99283,ED visit moderate severity,$485
CLM6341,93458,Cardiac catheterization,$4736
CLM6341,99214,Detailed office visit,$118
CLM6342,36415,Blood draw,$28
CLM6342,83036,Hemoglobin A1c,$38
CLM6343,99214,Detailed office visit,$135
CLM6344,83036,Hemoglobin A1c,$41
CLM6344,93000,EKG/ECG with interpretation,$144
CLM6344,80050,General health panel,$346
CLM6345,80050,General health panel,$339
CLM6345,83036,Hemoglobin A1c,$42
CLM6345,99214,Detailed office visit,$120
CLM6346,36415,Blood draw,$30
CLM6347,99214,Detailed office visit,$151
CLM6348,90791,Psychiatric diagnostic evaluation,$241
CLM6349,71020,Chest X-ray,$104
CLM6350,99213,Office/outpatient visit,$128
CLM6351,93306,Echocardiogram complete,$1237
CLM6352,80061,Lipid panel,$64
CLM6353,99214,Detailed office visit,$144
CLM6353,80050,General health panel,$293
CLM6354,36415,Blood draw,$29
CLM6355,80061,Lipid panel,$56
CLM6356,71020,Chest X-ray,$129
CLM6357,71020,Chest X-ray,$105
CLM6358,83036,Hemoglobin A1c,$41
CLM6358,99214,Detailed office visit,$150
CLM6359,99213,Office/outpatient visit,$111
CLM6359,80061,Lipid panel,$57
CLM6359,36415,Blood draw,$30
CLM6360,80061,Lipid panel,$57
CLM6361,90791,Psychiatric diagnostic evaluation,$240
CLM6361,90837,Psychotherapy 60 minutes,$175
CLM6362,99213,Office/outpatient visit,$117
CLM6363,93000,EKG/ECG with interpretation,$137
CLM6363,93015,Cardiac stress test,$943
CLM6364,20610,Major joint injection,$231
CLM6365,99214,Detailed office visit,$129
CLM6365,88175,Pap smear cytology,$76
CLM6366,99214,Detailed office visit,$122
CLM6366,99213,Office/outpatient visit,$116
CLM6367,87070,Bacteria culture,$75
CLM6367,85025,Complete blood count,$52
CLM6367,80061,Lipid panel,$64
CLM6368,87880,Rapid strep test,$39
CLM6369,17000,Destruction of skin lesion,$135
CLM6370,80061,Lipid panel,$61
CLM6371,36415,Blood draw,$30
CLM6372,99213,Office/outpatient visit,$130
CLM6372,85025,Complete blood count,$53
CLM6373,73030,Shoulder X-ray,$132
CLM6373,99213,Office/outpatient visit,$120
CLM6373,73721,MRI knee,$1489
CLM6374,90837,Psychotherapy 60 minutes,$190
CLM6375,99215,Comprehensive office visit,$240
CLM6376,99214,Detailed office visit,$149
CLM6377,99213,Office/outpatient visit,$115
CLM6378,71020,Chest X-ray,$108
CLM6378,93000,EKG/ECG with interpretation,$168
CLM6379,80061,Lipid panel,$53
CLM6380,99215,Comprehensive office visit,$194
CLM6381,80050,General health panel,$338
CLM6381,80061,Lipid panel,$54
CLM6382,36415,Blood draw,$33
CLM6382,80050,General health panel,$329
CLM6382,71020,Chest X-ray,$126
CLM6383,36415,Blood draw,$35
CLM6383,71020,Chest X-ray,$122
CLM6384,99213,Office/outpatient visit,$140
CLM6384,90460,Immunization administration,$38
CLM6385,99214,Detailed office visit,$153
CLM6386,83036,Hemoglobin A1c,$45
CLM6387,93000,EKG/ECG with interpretation,$146
CLM6387,99214,Detailed office visit,$136
CLM6388,94640,Nebulizer treatment,$52
CLM6389,93306,Echocardiogram complete,$1246
CLM6390,71020,Chest X-ray,$123
CLM6391,99214,Detailed office visit,$142
CLM6391,99215,Comprehensive office visit,$206
CLM6392,99214,Detailed office visit,$148
CLM6393,85025,Complete blood count,$46
CLM6393,80050,General health panel,$297
CLM6394,96910,Phototherapy treatment,$156
CLM6395,80061,Lipid panel,$61
CLM6395,99214,Detailed office visit,$120
CLM6395,99213,Office/outpatient visit,$120
CLM6396,90837,Psychotherapy 60 minutes,$175
CLM6397,85025,Complete blood count,$44
CLM6398,99213,Office/outpatient visit,$128
CLM6399,80061,Lipid panel,$64
CLM6400,90834,Psychotherapy 45 minutes,$130
CLM6400,99214,Detailed office visit,$123
CLM6401,94640,Nebulizer treatment,$49
CLM6401,99214,Detailed office visit,$121
CLM6401,95810,Sleep study,$1644
CLM6402,83036,Hemoglobin A1c,$40
CLM6403,36415,Blood draw,$28
CLM6404,87880,Rapid strep test,$37
CLM6405,70450,CT head without contrast,$878
CLM6405,71020,Chest X-ray,$122
CLM6406,94640,Nebulizer treatment,$52
CLM6406,94010,Spirometry,$104
CLM6407,36415,Blood draw,$29
CLM6407,99215,Comprehensive office visit,$244
CLM6408,99214,Detailed office visit,$144
CLM6408,90834,Psychotherapy 45 minutes,$161
CLM6409,71020,Chest X-ray,$110
CLM6410,99214,Detailed office visit,$125
CLM6411,84443,TSH test,$63
CLM6411,36415,Blood draw,$32
CLM6411,82947,Glucose test,$28
CLM6412,93015,Cardiac stress test,$968
CLM6412,99214,Detailed office visit,$124
CLM6413,36415,Blood draw,$33
CLM6414,90834,Psychotherapy 45 minutes,$135
CLM6415,87880,Rapid strep test,$35
CLM6416,99285,ED visit high severity,$1183
CLM6417,80061,Lipid panel,$65
CLM6418,94640,Nebulizer treatment,$49
CLM6419,83036,Hemoglobin A1c,$41
CLM6420,36415,Blood draw,$34
CLM6420,83036,Hemoglobin A1c,$38
CLM6421,99214,Detailed office visit,$139
CLM6422,87880,Rapid strep test,$34
CLM6422,90460,Immunization administration,$44
CLM6422,99213,Office/outpatient visit,$126
CLM6423,99214,Detailed office visit,$137
CLM6423,93306,Echocardiogram complete,$1235
CLM6423,93000,EKG/ECG with interpretation,$151
CLM6424,94640,Nebulizer treatment,$47
CLM6424,94010,Spirometry,$102
CLM6425,87880,Rapid strep test,$36
CLM6425,90460,Immunization administration,$45
CLM6426,80053,Comprehensive metabolic panel,$56
CLM6427,71020,Chest X-ray,$115
CLM6427,94010,Spirometry,$105
CLM6428,99214,Detailed office visit,$144
CLM6429,93015,Cardiac stress test,$869
CLM6430,83036,Hemoglobin A1c,$39
CLM6430,36415,Blood draw,$28
CLM6431,99214,Detailed office visit,$145
CLM6432,11102,Skin biopsy,$168
CLM6432,99213,Office/outpatient visit,$115
CLM6433,73721,MRI knee,$1392
CLM6433,99213,Office/outpatient visit,$116
CLM6434,36415,Blood draw,$30
CLM6434,83036,Hemoglobin A1c,$45
CLM6434,80050,General health panel,$349
CLM6435,36415,Blood draw,$31
CLM6435,83036,Hemoglobin A1c,$45
CLM6436,80050,General health panel,$313
CLM6437,80061,Lipid panel,$58
CLM6438,93000,EKG/ECG with interpretation,$175
CLM6439,90834,Psychotherapy 45 minutes,$143
CLM6439,99214,Detailed office visit,$131
CLM6440,36415,Blood draw,$27
CLM6441,99215,Comprehensive office visit,$237
CLM6442,90837,Psychotherapy 60 minutes,$165
CLM6443,11102,Skin biopsy,$205
CLM6444,36415,Blood draw,$31
CLM6444,80053,Comprehensive metabolic panel,$55
CLM6445,99214,Detailed office visit,$135
CLM6446,36415,Blood draw,$32
CLM6446,83036,Hemoglobin A1c,$44
CLM6446,99215,Comprehensive office visit,$194
CLM6447,93000,EKG/ECG with interpretation,$156
CLM6447,80050,General health panel,$272
CLM6448,93000,EKG/ECG with interpretation,$138
CLM6449,93000,EKG/ECG with interpretation,$153
CLM6449,71020,Chest X-ray,$115
CLM6449,99285,ED visit high severity,$1182
CLM6450,99214,Detailed office visit,$121
CLM6451,99283,ED visit moderate severity,$447
CLM6451,71020,Chest X-ray,$111
CLM6452,93306,Echocardiogram complete,$1220
CLM6453,71020,Chest X-ray,$125
CLM6454,93000,EKG/ECG with interpretation,$168
CLM6455,36415,Blood draw,$35
CLM6456,36415,Blood draw,$33
CLM6457,80053,Comprehensive metabolic panel,$65
CLM6458,73030,Shoulder X-ray,$116
CLM6458,20610,Major joint injection,$266
CLM6458,73721,MRI knee,$1374
CLM6459,99215,Comprehensive office visit,$231
CLM6460,36415,Blood draw,$29
CLM6460,83036,Hemoglobin A1c,$45
CLM6460,80053,Comprehensive metabolic panel,$70
CLM6461,93000,EKG/ECG with interpretation,$154
CLM6462,85025,Complete blood count,$41
CLM6463,36415,Blood draw,$31
CLM6463,99215,Comprehensive office visit,$211
CLM6464,90460,Immunization administration,$37
CLM6465,70450,CT head without contrast,$941
CLM6465,99285,ED visit high severity,$1215
CLM6466,99214,Detailed office visit,$132
CLM6467,99214,Detailed office visit,$140
CLM6467,93015,Cardiac stress test,$836
CLM6468,99214,Detailed office visit,$117
CLM6469,70450,CT head without contrast,$819
CLM6469,99283,ED visit moderate severity,$516
CLM6469,71020,Chest X-ray,$103
CLM6470,99214,Detailed office visit,$146
CLM6471,36415,Blood draw,$35
CLM6471,99214,Detailed office visit,$125
CLM6472,90460,Immunization administration,$41
CLM6473,36415,Blood draw,$29
CLM6473,80053,Comprehensive metabolic panel,$57
CLM6474,93000,EKG/ECG with interpretation,$145
CLM6475,95810,Sleep study,$1499
CLM6475,94010,Spirometry,$85
CLM6476,93000,EKG/ECG with interpretation,$152
CLM6476,80053,Comprehensive metabolic panel,$56
CLM6476,83036,Hemoglobin A1c,$38
CLM6477,11102,Skin biopsy,$181
CLM6478,99214,Detailed office visit,$121
CLM6479,93015,Cardiac stress test,$891
CLM6479,93000,EKG/ECG with interpretation,$139
CLM6480,36415,Blood draw,$28
CLM6481,99214,Detailed office visit,$129
CLM6482,36415,Blood draw,$35
CLM6482,80061,Lipid panel,$57
CLM6483,93306,Echocardiogram complete,$1129
CLM6483,93015,Cardiac stress test,$983
CLM6484,36415,Blood draw,$30
CLM6485,90834,Psychotherapy 45 minutes,$164
CLM6486,84443,TSH test,$50
CLM6486,83036,Hemoglobin A1c,$43
CLM6487,80050,General health panel,$327
CLM6487,93000,EKG/ECG with interpretation,$171
CLM6488,93306,Echocardiogram complete,$1143
CLM6489,90460,Immunization administration,$38
CLM6490,36415,Blood draw,$29
CLM6491,93000,EKG/ECG with interpretation,$156
CLM6492,93000,EKG/ECG with interpretation,$149
CLM6492,99214,Detailed office visit,$131
CLM6492,93306,Echocardiogram complete,$1104
CLM6493,93000,EKG/ECG with interpretation,$167
CLM6494,80061,Lipid panel,$62
CLM6494,99213,Office/outpatient visit,$127
CLM6495,93000,EKG/ECG with interpretation,$174
CLM6495,99285,ED visit high severity,$1276
CLM6496,73030,Shoulder X-ray,$122
CLM6496,20610,Major joint injection,$229
CLM6497,90460,Immunization administration,$38
CLM6497,87880,Rapid strep test,$36
CLM6497,99213,Office/outpatient visit,$131
CLM6498,70450,CT head without contrast,$890
CLM6498,71020,Chest X-ray,$114
CLM6498,99283,ED visit moderate severity,$478
CLM6499,94640,Nebulizer treatment,$47
CLM6500,93000,EKG/ECG with interpretation,$164
CLM6501,82947,Glucose test,$27
CLM6501,84443,TSH test,$61
CLM6502,90460,Immunization administration,$44
CLM6503,76805,Obstetric ultrasound,$462
CLM6503,88175,Pap smear cytology,$75
CLM6504,99213,Office/outpatient visit,$122
CLM6505,83036,Hemoglobin A1c,$44
CLM6505,36415,Blood draw,$32
CLM6506,90707,MMR vaccine,$100
CLM6507,99214,Detailed office visit,$127
CLM6508,99214,Detailed office visit,$137
CLM6509,90837,Psychotherapy 60 minutes,$173
CLM6509,99214,Detailed office visit,$128
CLM6510,99213,Office/outpatient visit,$128
CLM6510,80050,General health panel,$310
CLM6511,94640,Nebulizer treatment,$48
CLM6512,85025,Complete blood count,$48
CLM6513,36415,Blood draw,$34
CLM6514,99214,Detailed office visit,$145
CLM6514,99213,Office/outpatient visit,$127
CLM6515,36415,Blood draw,$33
CLM6515,83036,Hemoglobin A1c,$39
CLM6515,93000,EKG/ECG with interpretation,$150
CLM6516,83036,Hemoglobin A1c,$37
CLM6517,99283,ED visit moderate severity,$521
CLM6517,99285,ED visit high severity,$1169
CLM6517,70450,CT head without contrast,$1010
CLM6518,87880,Rapid strep test,$35
CLM6519,88175,Pap smear cytology,$63
CLM6520,83036,Hemoglobin A1c,$39
CLM6521,36415,Blood draw,$32
CLM6522,85025,Complete blood count,$45
CLM6522,96413,Chemotherapy infusion first hour,$1269
CLM6523,99283,ED visit moderate severity,$475
CLM6524,71020,Chest X-ray,$129
CLM6524,99214,Detailed office visit,$137
CLM6525,71020,Chest X-ray,$127
CLM6526,36415,Blood draw,$30
CLM6526,87070,Bacteria culture,$89
CLM6527,93306,Echocardiogram complete,$1391
CLM6527,93000,EKG/ECG with interpretation,$141
CLM6528,93306,Echocardiogram complete,$1409
CLM6529,99283,ED visit moderate severity,$472
CLM6530,99213,Office/outpatient visit,$131
CLM6530,73030,Shoulder X-ray,$136
CLM6531,94010,Spirometry,$82
CLM6531,71020,Chest X-ray,$119
CLM6532,71020,Chest X-ray,$119
CLM6533,83036,Hemoglobin A1c,$38
CLM6534,71020,Chest X-ray,$107
CLM6535,90837,Psychotherapy 60 minutes,$179
CLM6536,80061,Lipid panel,$62
CLM6537,96910,Phototherapy treatment,$180
CLM6537,99213,Office/outpatient visit,$128
CLM6538,85025,Complete blood count,$41
CLM6538,71020,Chest X-ray,$119
CLM6539,71020,Chest X-ray,$107
CLM6540,99213,Office/outpatient visit,$140
CLM6541,59400,Routine obstetric care,$3901
CLM6542,80053,Comprehensive metabolic panel,$69
CLM6543,71020,Chest X-ray,$122
CLM6543,94010,Spirometry,$96
CLM6544,99215,Comprehensive office visit,$239
CLM6544,80050,General health panel,$345
CLM6545,88175,Pap smear cytology,$81
CLM6546,93000,EKG/ECG with interpretation,$140
CLM6546,71020,Chest X-ray,$122
CLM6547,80050,General health panel,$339
CLM6547,87070,Bacteria culture,$88
CLM6548,71020,Chest X-ray,$117
CLM6548,94640,Nebulizer treatment,$58
CLM6549,71020,Chest X-ray,$101
CLM6549,99213,Office/outpatient visit,$121
CLM6549,99214,Detailed office visit,$137
CLM6550,73030,Shoulder X-ray,$128
CLM6550,73721,MRI knee,$1762
CLM6551,87880,Rapid strep test,$32
CLM6552,71020,Chest X-ray,$116
CLM6552,93000,EKG/ECG with interpretation,$168
CLM6553,20610,Major joint injection,$282
CLM6554,76805,Obstetric ultrasound,$377
CLM6554,88175,Pap smear cytology,$82
CLM6554,99214,Detailed office visit,$124
CLM6555,80053,Comprehensive metabolic panel,$64
CLM6556,99214,Detailed office visit,$148
CLM6557,83036,Hemoglobin A1c,$43
CLM6557,82947,Glucose test,$26
CLM6557,36415,Blood draw,$28
CLM6558,17000,Destruction of skin lesion,$127
CLM6558,11102,Skin biopsy,$199
CLM6558,99213,Office/outpatient visit,$128
CLM6559,93000,EKG/ECG with interpretation,$138
CLM6560,93000,EKG/ECG with interpretation,$153
CLM6560,93306,Echocardiogram complete,$1250
CLM6561,83036,Hemoglobin A1c,$40
CLM6562,99214,Detailed office visit,$140
CLM6563,99213,Office/outpatient visit,$125
CLM6563,80061,Lipid panel,$55
CLM6564,90834,Psychotherapy 45 minutes,$154
CLM6564,90791,Psychiatric diagnostic evaluation,$250
CLM6564,99214,Detailed office visit,$138
CLM6565,99214,Detailed office visit,$146
CLM6565,90791,Psychiatric diagnostic evaluation,$246
CLM6565,90837,Psychotherapy 60 minutes,$179
CLM6566,93015,Cardiac stress test,$839
CLM6566,93306,Echocardiogram complete,$1341
CLM6567,94640,Nebulizer treatment,$51
CLM6567,94010,Spirometry,$92
CLM6567,71020,Chest X-ray,$121
CLM6568,93000,EKG/ECG with interpretation,$143
CLM6568,93306,Echocardiogram complete,$1315
CLM6569,80050,General health panel,$312
CLM6570,36415,Blood draw,$29
CLM6570,87070,Bacteria culture,$81
CLM6571,93000,EKG/ECG with interpretation,$154
CLM6571,99214,Detailed office visit,$121
CLM6571,93306,Echocardiogram complete,$1319
CLM6572,93000,EKG/ECG with interpretation,$172
CLM6573,99213,Office/outpatient visit,$140
CLM6573,36415,Blood draw,$27
CLM6573,87070,Bacteria culture,$78
CLM6574,99392,Preventive visit age 1-4,$185
CLM6575,17000,Destruction of skin lesion,$140
CLM6575,99213,Office/outpatient visit,$114
CLM6575,96910,Phototherapy treatment,$151
CLM6576,80053,Comprehensive metabolic panel,$63
CLM6577,80053,Comprehensive metabolic panel,$62
CLM6578,90460,Immunization administration,$37
CLM6579,83036,Hemoglobin A1c,$41
CLM6580,85025,Complete blood count,$52
CLM6580,36415,Blood draw,$32
CLM6580,87070,Bacteria culture,$79
CLM6581,82947,Glucose test,$23
CLM6581,99214,Detailed office visit,$151
CLM6582,87070,Bacteria culture,$83
CLM6582,36415,Blood draw,$33
CLM6583,99285,ED visit high severity,$1119
CLM6583,71020,Chest X-ray,$114
CLM6584,99213,Office/outpatient visit,$140
CLM6585,36415,Blood draw,$32
CLM6586,73030,Shoulder X-ray,$109
CLM6587,82947,Glucose test,$28
CLM6588,73030,Shoulder X-ray,$115
CLM6588,99213,Office/outpatient visit,$118
CLM6589,36415,Blood draw,$28
CLM6589,83036,Hemoglobin A1c,$36
CLM6590,94010,Spirometry,$91
CLM6590,94640,Nebulizer treatment,$52
CLM6591,71020,Chest X-ray,$125
CLM6591,93000,EKG/ECG with interpretation,$164
CLM6592,87880,Rapid strep test,$38
CLM6593,93015,Cardiac stress test,$837
CLM6593,93306,Echocardiogram complete,$1180
CLM6594,99214,Detailed office visit,$118
CLM6595,71020,Chest X-ray,$130
CLM6595,99283,ED visit moderate severity,$530
CLM6596,80053,Comprehensive metabolic panel,$58
CLM6596,83036,Hemoglobin A1c,$38
CLM6597,99214,Detailed office visit,$128
CLM6598,99214,Detailed office visit,$153
CLM6598,93015,Cardiac stress test,$773
CLM6599,99214,Detailed office visit,$130
CLM6599,83036,Hemoglobin A1c,$39
CLM6600,85025,Complete blood count,$49
CLM6600,80061,Lipid panel,$64
CLM6600,99214,Detailed office visit,$125
CLM6601,93000,EKG/ECG with interpretation,$137
CLM6602,80053,Comprehensive metabolic panel,$59
CLM6603,90791,Psychiatric diagnostic evaluation,$248
CLM6603,90834,Psychotherapy 45 minutes,$132
CLM6604,90460,Immunization administration,$39
CLM6605,99213,Office/outpatient visit,$127
CLM6606,80053,Comprehensive metabolic panel,$62
CLM6606,36415,Blood draw,$32
CLM6607,99214,Detailed office visit,$142
CLM6607,90837,Psychotherapy 60 minutes,$207
CLM6608,83036,Hemoglobin A1c,$45
CLM6609,88175,Pap smear cytology,$71
CLM6610,71020,Chest X-ray,$108
CLM6610,87070,Bacteria culture,$90
CLM6611,93000,EKG/ECG with interpretation,$166
CLM6612,93458,Cardiac catheterization,$4982
CLM6613,93306,Echocardiogram complete,$1153
CLM6613,99214,Detailed office visit,$124
CLM6614,99214,Detailed office visit,$138
CLM6615,99214,Detailed office visit,$149
CLM6616,73030,Shoulder X-ray,$126
CLM6616,20610,Major joint injection,$277
CLM6616,73721,MRI knee,$1533
CLM6617,99213,Office/outpatient visit,$114
CLM6617,36415,Blood draw,$35
CLM6618,87070,Bacteria culture,$88
CLM6619,93000,EKG/ECG with interpretation,$173
CLM6620,96413,Chemotherapy infusion first hour,$1084
CLM6621,36415,Blood draw,$29
CLM6622,99213,Office/outpatient visit,$114
CLM6622,73721,MRI knee,$1633
CLM6623,88175,Pap smear cytology,$71
CLM6624,99283,ED visit moderate severity,$528
CLM6624,93000,EKG/ECG with interpretation,$173
CLM6625,71020,Chest X-ray,$121
CLM6625,99283,ED visit moderate severity,$432
CLM6626,99214,Detailed office visit,$130
CLM6626,93000,EKG/ECG with interpretation,$159
CLM6627,99213,Office/outpatient visit,$111
CLM6628,87880,Rapid strep test,$40
CLM6628,90460,Immunization administration,$47
CLM6629,82947,Glucose test,$28
CLM6630,99214,Detailed office visit,$141
CLM6630,99215,Comprehensive office visit,$231
CLM6630,93000,EKG/ECG with interpretation,$147
CLM6631,83036,Hemoglobin A1c,$42
CLM6632,87070,Bacteria culture,$81
CLM6632,99213,Office/outpatient visit,$133
CLM6633,99214,Detailed office visit,$152
CLM6634,85025,Complete blood count,$46
CLM6635,71020,Chest X-ray,$121
CLM6635,80050,General health panel,$341
CLM6636,83036,Hemoglobin A1c,$40
CLM6636,36415,Blood draw,$34
CLM6637,94640,Nebulizer treatment,$49
CLM6638,88175,Pap smear cytology,$82
CLM6638,99214,Detailed office visit,$124
CLM6638,76805,Obstetric ultrasound,$446
CLM6639,93000,EKG/ECG with interpretation,$170
CLM6640,36415,Blood draw,$29
CLM6640,83036,Hemoglobin A1c,$38
CLM6641,88175,Pap smear cytology,$71
CLM6641,76805,Obstetric ultrasound,$467
CLM6641,99214,Detailed office visit,$139
CLM6642,71020,Chest X-ray,$102
CLM6642,87070,Bacteria culture,$87
CLM6643,36415,Blood draw,$30
CLM6644,36415,Blood draw,$30
CLM6644,83036,Hemoglobin A1c,$46
CLM6645,93000,EKG/ECG with interpretation,$155
CLM6645,99283,ED visit moderate severity,$458
CLM6646,99214,Detailed office visit,$122
CLM6646,87070,Bacteria culture,$90
CLM6647,99213,Office/outpatient visit,$127
CLM6647,87880,Rapid strep test,$34
CLM6648,99214,Detailed office visit,$143
CLM6649,87880,Rapid strep test,$35
CLM6649,90460,Immunization administration,$43
CLM6649,99213,Office/outpatient visit,$111
CLM6650,71020,Chest X-ray,$120
CLM6650,93000,EKG/ECG with interpretation,$164
CLM6651,99214,Detailed office visit,$142
CLM6652,85025,Complete blood count,$51
CLM6653,80061,Lipid panel,$57
CLM6653,85025,Complete blood count,$45
CLM6654,99214,Detailed office visit,$141
CLM6655,99215,Comprehensive office visit,$233
CLM6656,99213,Office/outpatient visit,$135
CLM6656,96910,Phototherapy treatment,$156
CLM6657,99214,Detailed office visit,$123
CLM6658,99283,ED visit moderate severity,$427
CLM6659,71020,Chest X-ray,$102
CLM6659,99283,ED visit moderate severity,$514
CLM6660,94010,Spirometry,$88
CLM6661,99214,Detailed office visit,$120
CLM6661,99213,Office/outpatient visit,$129
CLM6662,20610,Major joint injection,$271
CLM6662,73030,Shoulder X-ray,$116
CLM6663,80061,Lipid panel,$63
CLM6664,36415,Blood draw,$32
CLM6664,85025,Complete blood count,$47
CLM6664,80061,Lipid panel,$59
CLM6665,73030,Shoulder X-ray,$136
CLM6666,80053,Comprehensive metabolic panel,$57
CLM6666,99214,Detailed office visit,$123
CLM6667,99215,Comprehensive office visit,$243
CLM6668,99214,Detailed office visit,$134
CLM6668,36415,Blood draw,$33
CLM6669,80053,Comprehensive metabolic panel,$63
CLM6670,84443,TSH test,$63
CLM6671,93000,EKG/ECG with interpretation,$143
CLM6672,99213,Office/outpatient visit,$130
CLM6672,80061,Lipid panel,$61
CLM6673,99283,ED visit moderate severity,$476
CLM6673,71020,Chest X-ray,$123
CLM6674,99213,Office/outpatient visit,$136
CLM6675,17000,Destruction of skin lesion,$129
CLM6676,87070,Bacteria culture,$86
CLM6677,99214,Detailed office visit,$153
CLM6678,85025,Complete blood count,$48
CLM6678,36415,Blood draw,$35
CLM6679,36415,Blood draw,$30
CLM6680,71020,Chest X-ray,$129
CLM6681,93000,EKG/ECG with interpretation,$162
CLM6682,93000,EKG/ECG with interpretation,$160
CLM6683,99283,ED visit moderate severity,$431
CLM6683,71020,Chest X-ray,$100
CLM6683,99285,ED visit high severity,$1412
CLM6684,85025,Complete blood count,$48
CLM6685,90460,Immunization administration,$39
CLM6686,80050,General health panel,$285
CLM6687,36415,Blood draw,$32
CLM6688,93306,Echocardiogram complete,$1335
CLM6689,36415,Blood draw,$32
CLM6689,93000,EKG/ECG with interpretation,$160
CLM6690,94640,Nebulizer treatment,$47
CLM6691,90460,Immunization administration,$37
CLM6691,90707,MMR vaccine,$83
CLM6691,87880,Rapid strep test,$36
CLM6692,80061,Lipid panel,$56
CLM6692,36415,Blood draw,$31
CLM6693,80050,General health panel,$271
CLM6693,36415,Blood draw,$34
CLM6693,71020,Chest X-ray,$123
CLM6694,99214,Detailed office visit,$152
CLM6695,71020,Chest X-ray,$117
CLM6696,36415,Blood draw,$34
CLM6697,99215,Comprehensive office visit,$202
CLM6697,36415,Blood draw,$34
CLM6698,11102,Skin biopsy,$180
CLM6698,17000,Destruction of skin lesion,$139
CLM6699,99214,Detailed office visit,$148
CLM6700,36415,Blood draw,$32
CLM6700,85025,Complete blood count,$41
CLM6701,85025,Complete blood count,$49
CLM6701,36415,Blood draw,$33
CLM6701,71020,Chest X-ray,$112
CLM6702,87880,Rapid strep test,$40
CLM6702,90460,Immunization administration,$45
CLM6703,99214,Detailed office visit,$138
CLM6703,80053,Comprehensive metabolic panel,$67
CLM6703,80050,General health panel,$308
CLM6704,99215,Comprehensive office visit,$230
CLM6705,71020,Chest X-ray,$122
CLM6706,80050,General health panel,$270
CLM6706,36415,Blood draw,$30
CLM6707,93000,EKG/ECG with interpretation,$167
CLM6708,90834,Psychotherapy 45 minutes,$127
CLM6709,83036,Hemoglobin A1c,$47
CLM6710,99392,Preventive visit age 1-4,$176
CLM6711,71020,Chest X-ray,$116
CLM6712,93000,EKG/ECG with interpretation,$154
CLM6712,99214,Detailed office visit,$140
CLM6713,71020,Chest X-ray,$125
CLM6714,93015,Cardiac stress test,$986
CLM6714,99214,Detailed office visit,$123
CLM6715,71020,Chest X-ray,$113
CLM6716,99214,Detailed office visit,$130
CLM6716,93015,Cardiac stress test,$816
CLM6716,93000,EKG/ECG with interpretation,$138
CLM6717,85025,Complete blood count,$45
CLM6717,87070,Bacteria culture,$93
CLM6717,99213,Office/outpatient visit,$112
CLM6718,99214,Detailed office visit,$148
CLM6718,80061,Lipid panel,$61
CLM6719,90834,Psychotherapy 45 minutes,$148
CLM6720,85025,Complete blood count,$52
CLM6720,96415,Chemotherapy infusion additional hour,$341
CLM6720,99215,Comprehensive office visit,$235
CLM6721,93000,EKG/ECG with interpretation,$173
CLM6722,99214,Detailed office visit,$128
CLM6722,71020,Chest X-ray,$112
CLM6723,71020,Chest X-ray,$110
CLM6724,80061,Lipid panel,$61
CLM6724,36415,Blood draw,$28
CLM6725,87070,Bacteria culture,$84
CLM6726,94640,Nebulizer treatment,$50
CLM6726,99214,Detailed office visit,$140
CLM6727,11102,Skin biopsy,$168
CLM6727,99213,Office/outpatient visit,$115
CLM6727,17000,Destruction of skin lesion,$118
CLM6728,99215,Comprehensive office visit,$240
CLM6729,36415,Blood draw,$35
CLM6730,96415,Chemotherapy infusion additional hour,$341
CLM6730,85025,Complete blood count,$44
CLM6731,99213,Office/outpatient visit,$125
CLM6732,90460,Immunization administration,$40
CLM6732,87880,Rapid strep test,$36
CLM6733,99214,Detailed office visit,$121
CLM6734,93000,EKG/ECG with interpretation,$176
CLM6734,99214,Detailed office visit,$129
CLM6735,11102,Skin biopsy,$179
CLM6736,80050,General health panel,$304
CLM6737,59400,Routine obstetric care,$4097
CLM6738,71020,Chest X-ray,$120
CLM6738,93000,EKG/ECG with interpretation,$164
CLM6739,96910,Phototherapy treatment,$167
CLM6740,82947,Glucose test,$28
CLM6740,84443,TSH test,$54
CLM6741,93000,EKG/ECG with interpretation,$152
CLM6742,80050,General health panel,$318
CLM6743,93000,EKG/ECG with interpretation,$137
CLM6744,73030,Shoulder X-ray,$131
CLM6745,36415,Blood draw,$32
CLM6745,80050,General health panel,$303
CLM6746,99213,Office/outpatient visit,$117
CLM6747,80050,General health panel,$317
CLM6748,90791,Psychiatric diagnostic evaluation,$246
CLM6749,96415,Chemotherapy infusion additional hour,$354
CLM6750,83036,Hemoglobin A1c,$42
CLM6751,71020,Chest X-ray,$125
CLM6752,90834,Psychotherapy 45 minutes,$148
CLM6752,90837,Psychotherapy 60 minutes,$176
CLM6753,83036,Hemoglobin A1c,$42
CLM6753,80053,Comprehensive metabolic panel,$58
CLM6753,93000,EKG/ECG with interpretation,$154
CLM6754,85025,Complete blood count,$48
CLM6755,87880,Rapid strep test,$33
CLM6755,90460,Immunization administration,$40
CLM6755,99392,Preventive visit age 1-4,$165
CLM6756,83036,Hemoglobin A1c,$38
CLM6757,73030,Shoulder X-ray,$113
CLM6757,99213,Office/outpatient visit,$140
CLM6758,85025,Complete blood count,$50
CLM6758,87070,Bacteria culture,$73
CLM6759,80053,Comprehensive metabolic panel,$57
CLM6760,90460,Immunization administration,$45
CLM6761,99214,Detailed office visit,$153
CLM6761,80061,Lipid panel,$64
CLM6762,85025,Complete blood count,$48
CLM6763,93000,EKG/ECG with interpretation,$144
CLM6764,99214,Detailed office visit,$120
CLM6764,90834,Psychotherapy 45 minutes,$165
CLM6765,99214,Detailed office visit,$129
CLM6765,90834,Psychotherapy 45 minutes,$163
CLM6766,99392,Preventive visit age 1-4,$186
CLM6767,85025,Complete blood count,$49
CLM6768,93000,EKG/ECG with interpretation,$146
CLM6768,93015,Cardiac stress test,$774
CLM6769,80050,General health panel,$308
CLM6770,99214,Detailed office visit,$147
CLM6771,83036,Hemoglobin A1c,$41
CLM6772,71020,Chest X-ray,$105
CLM6772,70450,CT head without contrast,$933
CLM6772,99285,ED visit high severity,$1167
CLM6773,36415,Blood draw,$29
CLM6773,82947,Glucose test,$28
CLM6774,99213,Office/outpatient visit,$128
CLM6774,73721,MRI knee,$1545
CLM6775,85025,Complete blood count,$44
CLM6776,71020,Chest X-ray,$112
CLM6776,99283,ED visit moderate severity,$512
CLM6776,93000,EKG/ECG with interpretation,$171
CLM6777,88175,Pap smear cytology,$68
CLM6777,99214,Detailed office visit,$118
CLM6777,76805,Obstetric ultrasound,$419
CLM6778,90834,Psychotherapy 45 minutes,$128
CLM6778,99214,Detailed office visit,$141
CLM6779,80053,Comprehensive metabolic panel,$59
CLM6779,83036,Hemoglobin A1c,$45
CLM6780,80050,General health panel,$316
CLM6781,36415,Blood draw,$27
CLM6782,94640,Nebulizer treatment,$54
CLM6783,99214,Detailed office visit,$145
CLM6784,99213,Office/outpatient visit,$138
CLM6785,95810,Sleep study,$1432
CLM6786,93000,EKG/ECG with interpretation,$142
CLM6786,99285,ED visit high severity,$1414
CLM6787,36415,Blood draw,$33
CLM6788,20610,Major joint injection,$273
CLM6789,82947,Glucose test,$28
CLM6790,17000,Destruction of skin lesion,$122
CLM6790,11102,Skin biopsy,$171
CLM6790,96910,Phototherapy treatment,$179
CLM6791,83036,Hemoglobin A1c,$42
CLM6791,80053,Comprehensive metabolic panel,$69
CLM6792,99214,Detailed office visit,$125
CLM6793,90460,Immunization administration,$37
CLM6793,87880,Rapid strep test,$36
CLM6794,71020,Chest X-ray,$120
CLM6795,73030,Shoulder X-ray,$137
CLM6796,99214,Detailed office visit,$150
CLM6797,93306,Echocardiogram complete,$1300
CLM6798,99214,Detailed office visit,$130
CLM6799,99214,Detailed office visit,$139
CLM6800,99213,Office/outpatient visit,$139
CLM6801,99213,Office/outpatient visit,$136
CLM6801,36415,Blood draw,$33
CLM6802,36415,Blood draw,$29
CLM6803,94010,Spirometry,$96
CLM6803,94640,Nebulizer treatment,$46
CLM6804,99214,Detailed office visit,$141
CLM6805,99283,ED visit moderate severity,$509
CLM6806,36415,Blood draw,$32
CLM6806,80053,Comprehensive metabolic panel,$67
CLM6807,99214,Detailed office visit,$142
CLM6808,90834,Psychotherapy 45 minutes,$146
CLM6809,90791,Psychiatric diagnostic evaluation,$232
CLM6810,83036,Hemoglobin A1c,$40
CLM6811,99214,Detailed office visit,$141
CLM6811,76805,Obstetric ultrasound,$395
CLM6812,36415,Blood draw,$29
CLM6812,85025,Complete blood count,$46
CLM6812,71020,Chest X-ray,$99
CLM6813,83036,Hemoglobin A1c,$37
CLM6813,80050,General health panel,$279
CLM6813,36415,Blood draw,$30
CLM6814,93000,EKG/ECG with interpretation,$168
CLM6815,99214,Detailed office visit,$120
CLM6815,93000,EKG/ECG with interpretation,$168
CLM6816,73721,MRI knee,$1730
CLM6817,71020,Chest X-ray,$121
CLM6818,71020,Chest X-ray,$108
CLM6818,94010,Spirometry,$85
CLM6819,71020,Chest X-ray,$126
CLM6819,70450,CT head without contrast,$997
CLM6820,99213,Office/outpatient visit,$125
CLM6821,80061,Lipid panel,$60
CLM6822,99214,Detailed office visit,$120
CLM6822,93015,Cardiac stress test,$786
CLM6823,36415,Blood draw,$31
CLM6824,71020,Chest X-ray,$114
CLM6824,99283,ED visit moderate severity,$520
CLM6825,80061,Lipid panel,$58
CLM6826,87880,Rapid strep test,$35
CLM6827,73030,Shoulder X-ray,$126
CLM6828,93000,EKG/ECG with interpretation,$162
CLM6829,17000,Destruction of skin lesion,$131
CLM6830,99213,Office/outpatient visit,$115
CLM6831,94640,Nebulizer treatment,$54
CLM6832,99213,Office/outpatient visit,$115
CLM6833,99214,Detailed office visit,$122
CLM6834,80053,Comprehensive metabolic panel,$67
CLM6835,99214,Detailed office visit,$129
CLM6836,11102,Skin biopsy,$171
CLM6837,36415,Blood draw,$34
CLM6837,80053,Comprehensive metabolic panel,$55
CLM6838,99283,ED visit moderate severity,$479
CLM6839,99214,Detailed office visit,$148
CLM6839,85025,Complete blood count,$50
CLM6840,93015,Cardiac stress test,$942
CLM6841,87070,Bacteria culture,$77
CLM6841,99213,Office/outpatient visit,$140
CLM6842,93000,EKG/ECG with interpretation,$173
CLM6842,70450,CT head without contrast,$985
CLM6843,36415,Blood draw,$35
CLM6843,83036,Hemoglobin A1c,$37
CLM6844,87070,Bacteria culture,$80
CLM6845,36415,Blood draw,$27
CLM6845,80061,Lipid panel,$52
CLM6846,80061,Lipid panel,$52
CLM6846,87070,Bacteria culture,$81
CLM6846,80050,General health panel,$323
CLM6847,36415,Blood draw,$35
CLM6847,80061,Lipid panel,$61
CLM6848,93000,EKG/ECG with interpretation,$140
CLM6849,80061,Lipid panel,$60
CLM6850,83036,Hemoglobin A1c,$37
CLM6850,36415,Blood draw,$31
CLM6850,99215,Comprehensive office visit,$221
CLM6851,36415,Blood draw,$32
CLM6852,93000,EKG/ECG with interpretation,$172
CLM6852,71020,Chest X-ray,$113
CLM6852,70450,CT head without contrast,$959
CLM6853,83036,Hemoglobin A1c,$45
CLM6854,99213,Office/outpatient visit,$111
CLM6854,99214,Detailed office visit,$149
CLM6854,71020,Chest X-ray,$110
CLM6855,93306,Echocardiogram complete,$1411
CLM6855,93458,Cardiac catheterization,$4161
CLM6856,73030,Shoulder X-ray,$115
CLM6856,99213,Office/outpatient visit,$133
CLM6857,93000,EKG/ECG with interpretation,$155
CLM6858,80053,Comprehensive metabolic panel,$57
CLM6859,85025,Complete blood count,$46
CLM6859,36415,Blood draw,$32
CLM6860,99214,Detailed office visit,$124
CLM6861,99213,Office/outpatient visit,$116
CLM6862,71020,Chest X-ray,$114
CLM6862,94010,Spirometry,$89
CLM6863,99215,Comprehensive office visit,$211
CLM6863,80053,Comprehensive metabolic panel,$57
CLM6864,80050,General health panel,$339
CLM6865,11102,Skin biopsy,$168
CLM6866,36415,Blood draw,$31
CLM6866,93000,EKG/ECG with interpretation,$162
CLM6867,85025,Complete blood count,$50
CLM6867,96415,Chemotherapy infusion additional hour,$392
CLM6868,70450,CT head without contrast,$879
CLM6868,71020,Chest X-ray,$128
CLM6869,83036,Hemoglobin A1c,$43
CLM6870,99283,ED visit moderate severity,$441
CLM6871,83036,Hemoglobin A1c,$40
CLM6871,36415,Blood draw,$30
CLM6872,99213,Office/outpatient visit,$119
CLM6873,71020,Chest X-ray,$130
CLM6873,87070,Bacteria culture,$88
CLM6873,36415,Blood draw,$35
CLM6874,83036,Hemoglobin A1c,$38
CLM6875,83036,Hemoglobin A1c,$41
CLM6875,36415,Blood draw,$29
CLM6876,87070,Bacteria culture,$77
CLM6877,99215,Comprehensive office visit,$192
CLM6877,85025,Complete blood count,$43
CLM6878,99215,Comprehensive office visit,$224
CLM6878,85025,Complete blood count,$50
CLM6879,96910,Phototherapy treatment,$168
CLM6879,99213,Office/outpatient visit,$111
CLM6879,17000,Destruction of skin lesion,$133
CLM6880,87880,Rapid strep test,$36
CLM6881,73030,Shoulder X-ray,$118
CLM6882,17000,Destruction of skin lesion,$125
CLM6883,17000,Destruction of skin lesion,$126
CLM6884,87070,Bacteria culture,$85
CLM6884,36415,Blood draw,$32
CLM6884,80061,Lipid panel,$60
CLM6885,80053,Comprehensive metabolic panel,$59
CLM6885,80050,General health panel,$288
CLM6886,93306,Echocardiogram complete,$1193
CLM6887,93000,EKG/ECG with interpretation,$137
CLM6887,99283,ED visit moderate severity,$479
CLM6888,96910,Phototherapy treatment,$156
CLM6888,17000,Destruction of skin lesion,$137
CLM6889,99213,Office/outpatient visit,$109
CLM6890,99214,Detailed office visit,$122
CLM6891,99392,Preventive visit age 1-4,$192
CLM6892,87070,Bacteria culture,$77
CLM6892,80061,Lipid panel,$59
CLM6893,90707,MMR vaccine,$85
CLM6893,90460,Immunization administration,$44
CLM6893,99213,Office/outpatient visit,$127
CLM6894,88175,Pap smear cytology,$77
CLM6894,99214,Detailed office visit,$144
CLM6894,76805,Obstetric ultrasound,$464
CLM6895,99213,Office/outpatient visit,$130
CLM6896,99214,Detailed office visit,$121
CLM6896,93000,EKG/ECG with interpretation,$169
CLM6897,71020,Chest X-ray,$125
CLM6897,99283,ED visit moderate severity,$483
CLM6898,36415,Blood draw,$31
CLM6898,85025,Complete blood count,$49
CLM6899,83036,Hemoglobin A1c,$44
CLM6900,36415,Blood draw,$34
CLM6901,93000,EKG/ECG with interpretation,$167
CLM6901,36415,Blood draw,$30
CLM6902,83036,Hemoglobin A1c,$43
CLM6902,93000,EKG/ECG with interpretation,$153
CLM6903,90837,Psychotherapy 60 minutes,$190
CLM6903,99214,Detailed office visit,$136
CLM6904,99215,Comprehensive office visit,$216
CLM6904,85025,Complete blood count,$45
CLM6905,83036,Hemoglobin A1c,$45
CLM6906,99214,Detailed office visit,$153
CLM6906,83036,Hemoglobin A1c,$45
CLM6907,90834,Psychotherapy 45 minutes,$140
CLM6908,99213,Office/outpatient visit,$132
CLM6908,90460,Immunization administration,$46
CLM6909,94640,Nebulizer treatment,$49
CLM6909,99214,Detailed office visit,$128
CLM6910,71020,Chest X-ray,$108
CLM6911,99213,Office/outpatient visit,$116
CLM6911,73030,Shoulder X-ray,$132
CLM6911,20610,Major joint injection,$238
CLM6912,90837,Psychotherapy 60 minutes,$208
CLM6912,90791,Psychiatric diagnostic evaluation,$292
CLM6913,99215,Comprehensive office visit,$218
CLM6914,80061,Lipid panel,$62
CLM6914,85025,Complete blood count,$50
CLM6915,99213,Office/outpatient visit,$132
CLM6916,87070,Bacteria culture,$84
CLM6916,36415,Blood draw,$32
CLM6917,90460,Immunization administration,$43
CLM6917,99213,Office/outpatient visit,$139
CLM6918,99214,Detailed office visit,$153
CLM6919,71020,Chest X-ray,$121
CLM6919,70450,CT head without contrast,$1047
CLM6920,87880,Rapid strep test,$41
CLM6921,99214,Detailed office visit,$137
CLM6921,80061,Lipid panel,$59
CLM6922,99215,Comprehensive office visit,$197
CLM6923,83036,Hemoglobin A1c,$44
CLM6924,36415,Blood draw,$31
CLM6925,20610,Major joint injection,$238
CLM6926,99213,Office/outpatient visit,$116
CLM6926,71020,Chest X-ray,$129
CLM6927,73721,MRI knee,$1682
CLM6927,99213,Office/outpatient visit,$113
CLM6928,93000,EKG/ECG with interpretation,$160
CLM6929,93458,Cardiac catheterization,$4404
CLM6930,93000,EKG/ECG with interpretation,$141
CLM6930,80053,Comprehensive metabolic panel,$66
CLM6931,90834,Psychotherapy 45 minutes,$155
CLM6932,80053,Comprehensive metabolic panel,$60
CLM6932,36415,Blood draw,$31
CLM6933,11102,Skin biopsy,$167
CLM6934,99213,Office/outpatient visit,$125
CLM6934,36415,Blood draw,$28
CLM6935,93015,Cardiac stress test,$918
CLM6935,99214,Detailed office visit,$153
CLM6936,73721,MRI knee,$1730
CLM6937,94640,Nebulizer treatment,$47
CLM6938,87070,Bacteria culture,$94
CLM6939,93015,Cardiac stress test,$867
CLM6940,99214,Detailed office visit,$140
CLM6941,83036,Hemoglobin A1c,$41
CLM6942,85025,Complete blood count,$46
CLM6943,90707,MMR vaccine,$97
CLM6943,99392,Preventive visit age 1-4,$184
CLM6943,87880,Rapid strep test,$37
CLM6944,71020,Chest X-ray,$120
CLM6944,93000,EKG/ECG with interpretation,$157
CLM6945,99214,Detailed office visit,$131
CLM6946,90460,Immunization administration,$45
CLM6946,87880,Rapid strep test,$34
CLM6947,99213,Office/outpatient visit,$109
CLM6947,36415,Blood draw,$29
CLM6948,36415,Blood draw,$33
CLM6949,71020,Chest X-ray,$112
CLM6949,36415,Blood draw,$28
CLM6950,99213,Office/outpatient visit,$127
CLM6951,93306,Echocardiogram complete,$1411
CLM6952,36415,Blood draw,$34
CLM6953,73030,Shoulder X-ray,$136
CLM6954,73721,MRI knee,$1417
CLM6954,73030,Shoulder X-ray,$119
CLM6954,99213,Office/outpatient visit,$140
CLM6955,99214,Detailed office visit,$146
CLM6955,88175,Pap smear cytology,$82
CLM6956,93000,EKG/ECG with interpretation,$175
CLM6956,99283,ED visit moderate severity,$418
CLM6957,96910,Phototherapy treatment,$159
CLM6957,99213,Office/outpatient visit,$109
CLM6958,80053,Comprehensive metabolic panel,$55
CLM6958,36415,Blood draw,$32
CLM6959,94640,Nebulizer treatment,$48
CLM6960,36415,Blood draw,$30
CLM6961,90460,Immunization administration,$46
CLM6962,99214,Detailed office visit,$137
CLM6963,83036,Hemoglobin A1c,$44
CLM6963,36415,Blood draw,$28
CLM6963,82947,Glucose test,$23
CLM6964,85025,Complete blood count,$46
CLM6964,99213,Office/outpatient visit,$117
CLM6964,80061,Lipid panel,$60
CLM6965,93000,EKG/ECG with interpretation,$153
CLM6965,99214,Detailed office visit,$136
CLM6966,99215,Comprehensive office visit,$208
CLM6967,80061,Lipid panel,$58
CLM6967,36415,Blood draw,$31
CLM6967,99214,Detailed office visit,$119
CLM6968,93015,Cardiac stress test,$985
CLM6968,99214,Detailed office visit,$144
CLM6969,20610,Major joint injection,$230
CLM6970,96415,Chemotherapy infusion additional hour,$384
CLM6971,80061,Lipid panel,$57
CLM6972,73030,Shoulder X-ray,$114
CLM6972,99213,Office/outpatient visit,$139
CLM6972,20610,Major joint injection,$230
CLM6973,93000,EKG/ECG with interpretation,$139
CLM6973,99214,Detailed office visit,$133
CLM6974,99214,Detailed office visit,$138
CLM6974,59400,Routine obstetric care,$3154
CLM6975,36415,Blood draw,$35
CLM6976,99214,Detailed office visit,$121
CLM6977,85025,Complete blood count,$46
CLM6978,90837,Psychotherapy 60 minutes,$212
CLM6979,85025,Complete blood count,$46
CLM6980,93000,EKG/ECG with interpretation,$144
CLM6980,99214,Detailed office visit,$143
CLM6980,93015,Cardiac stress test,$891
CLM6981,85025,Complete blood count,$44
CLM6982,87880,Rapid strep test,$37
CLM6982,90460,Immunization administration,$44
CLM6983,99213,Office/outpatient visit,$110
CLM6984,93000,EKG/ECG with interpretation,$158
CLM6984,99214,Detailed office visit,$121
CLM6984,93015,Cardiac stress test,$890
CLM6985,93000,EKG/ECG with interpretation,$165
CLM6986,87070,Bacteria culture,$91
CLM6987,99213,Office/outpatient visit,$132
CLM6988,85025,Complete blood count,$53
CLM6989,99215,Comprehensive office visit,$200
CLM6989,85025,Complete blood count,$48
CLM6990,93015,Cardiac stress test,$944
CLM6990,99214,Detailed office visit,$151
CLM6990,93000,EKG/ECG with interpretation,$168
CLM6991,99214,Detailed office visit,$147
CLM6992,99213,Office/outpatient visit,$118
CLM6992,20610,Major joint injection,$290
CLM6993,36415,Blood draw,$32
CLM6994,80050,General health panel,$348
CLM6994,36415,Blood draw,$29
CLM6995,99214,Detailed office visit,$142
CLM6996,36415,Blood draw,$34
CLM6996,71020,Chest X-ray,$130
CLM6996,85025,Complete blood count,$47
CLM6997,83036,Hemoglobin A1c,$45
CLM6998,90460,Immunization administration,$45
CLM6998,90707,MMR vaccine,$91
CLM6999,99214,Detailed office visit,$118
CLM6999,36415,Blood draw,$34
CLM7000,87070,Bacteria culture,$92
CLM7001,99214,Detailed office visit,$134
CLM7002,80061,Lipid panel,$62
CLM7003,99213,Office/outpatient visit,$134
CLM7004,83036,Hemoglobin A1c,$45
CLM7005,90791,Psychiatric diagnostic evaluation,$260
CLM7005,99214,Detailed office visit,$137
CLM7006,99214,Detailed office visit,$148
CLM7007,90837,Psychotherapy 60 minutes,$164
CLM7008,99213,Office/outpatient visit,$116
CLM7008,90707,MMR vaccine,$84
CLM7008,90460,Immunization administration,$42
CLM7009,93000,EKG/ECG with interpretation,$168
CLM7010,99215,Comprehensive office visit,$223
CLM7011,85025,Complete blood count,$42
CLM7012,36415,Blood draw,$28
CLM7012,99213,Office/outpatient visit,$128
CLM7013,36415,Blood draw,$28
CLM7013,80053,Comprehensive metabolic panel,$62
CLM7014,93000,EKG/ECG with interpretation,$172
CLM7015,99214,Detailed office visit,$143
CLM7015,88175,Pap smear cytology,$72
CLM7016,99214,Detailed office visit,$121
CLM7016,93458,Cardiac catheterization,$4755
CLM7016,93000,EKG/ECG with interpretation,$176
CLM7017,80050,General health panel,$284
CLM7018,70450,CT head without contrast,$977
CLM7019,99214,Detailed office visit,$123
CLM7019,36415,Blood draw,$34
CLM7020,93306,Echocardiogram complete,$1314
CLM7021,17000,Destruction of skin lesion,$119
CLM7021,99213,Office/outpatient visit,$114
CLM7021,96910,Phototherapy treatment,$155
CLM7022,80053,Comprehensive metabolic panel,$68
CLM7022,93000,EKG/ECG with interpretation,$161
CLM7023,85025,Complete blood count,$49
CLM7024,71020,Chest X-ray,$115
CLM7024,93000,EKG/ECG with interpretation,$176
CLM7025,93000,EKG/ECG with interpretation,$154
CLM7025,99214,Detailed office visit,$122
CLM7026,99214,Detailed office visit,$151
CLM7027,99392,Preventive visit age 1-4,$186
CLM7028,99214,Detailed office visit,$139
CLM7029,71020,Chest X-ray,$105
CLM7029,87070,Bacteria culture,$76
CLM7029,85025,Complete blood count,$43
CLM7030,87880,Rapid strep test,$33
CLM7031,90707,MMR vaccine,$89
CLM7031,99392,Preventive visit age 1-4,$199
CLM7032,73030,Shoulder X-ray,$137
CLM7032,99213,Office/outpatient visit,$119
CLM7033,93000,EKG/ECG with interpretation,$163
CLM7034,99392,Preventive visit age 1-4,$200
CLM7035,96415,Chemotherapy infusion additional hour,$411
CLM7035,99215,Comprehensive office visit,$209
CLM7035,85025,Complete blood count,$51
CLM7036,99213,Office/outpatient visit,$110
CLM7036,17000,Destruction of skin lesion,$114
CLM7037,80061,Lipid panel,$59
CLM7038,85025,Complete blood count,$48
CLM7039,87880,Rapid strep test,$32
CLM7040,85025,Complete blood count,$46
CLM7041,99283,ED visit moderate severity,$496
CLM7042,83036,Hemoglobin A1c,$43
CLM7042,36415,Blood draw,$31
CLM7043,71020,Chest X-ray,$114
CLM7043,80050,General health panel,$292
CLM7044,36415,Blood draw,$34
CLM7044,87070,Bacteria culture,$83
CLM7045,71020,Chest X-ray,$130
CLM7046,17000,Destruction of skin lesion,$137
CLM7046,99213,Office/outpatient visit,$137
CLM7047,87070,Bacteria culture,$79
CLM7047,99213,Office/outpatient visit,$140
CLM7048,11102,Skin biopsy,$177
CLM7049,71020,Chest X-ray,$118
CLM7050,99214,Detailed office visit,$144
CLM7051,99213,Office/outpatient visit,$136
CLM7052,96415,Chemotherapy infusion additional hour,$329
CLM7053,94640,Nebulizer treatment,$53
CLM7053,71020,Chest X-ray,$103
CLM7054,90837,Psychotherapy 60 minutes,$212
CLM7054,90791,Psychiatric diagnostic evaluation,$277
CLM7055,93000,EKG/ECG with interpretation,$143
CLM7056,85025,Complete blood count,$43
CLM7056,96415,Chemotherapy infusion additional hour,$366
CLM7056,99215,Comprehensive office visit,$193
CLM7057,80050,General health panel,$313
CLM7057,99214,Detailed office visit,$139
CLM7058,85025,Complete blood count,$45
CLM7058,99213,Office/outpatient visit,$137
CLM7059,83036,Hemoglobin A1c,$47
CLM7060,36415,Blood draw,$34
CLM7061,80061,Lipid panel,$60
CLM7062,99213,Office/outpatient visit,$119
CLM7062,20610,Major joint injection,$289
CLM7063,99214,Detailed office visit,$134
CLM7063,93000,EKG/ECG with interpretation,$157
CLM7064,90707,MMR vaccine,$93
CLM7065,85025,Complete blood count,$47
CLM7065,96413,Chemotherapy infusion first hour,$1157
CLM7066,71020,Chest X-ray,$118
CLM7067,99214,Detailed office visit,$119
CLM7068,93000,EKG/ECG with interpretation,$156
CLM7069,36415,Blood draw,$30
CLM7069,80053,Comprehensive metabolic panel,$59
CLM7070,73721,MRI knee,$1512
CLM7071,99215,Comprehensive office visit,$197
CLM7072,93000,EKG/ECG with interpretation,$162
CLM7072,83036,Hemoglobin A1c,$42
CLM7073,99213,Office/outpatient visit,$114
CLM7073,17000,Destruction of skin lesion,$135
CLM7074,99214,Detailed office visit,$151
CLM7074,93000,EKG/ECG with interpretation,$140
CLM7074,93306,Echocardiogram complete,$1380
CLM7075,94640,Nebulizer treatment,$46
CLM7076,93000,EKG/ECG with interpretation,$174
CLM7076,99214,Detailed office visit,$145
CLM7077,99214,Detailed office visit,$148
CLM7077,36415,Blood draw,$33
CLM7077,99215,Comprehensive office visit,$225
CLM7078,99213,Office/outpatient visit,$141
CLM7079,99214,Detailed office visit,$136
CLM7080,90834,Psychotherapy 45 minutes,$142
CLM7081,87070,Bacteria culture,$74
CLM7082,99213,Office/outpatient visit,$137
CLM7083,99285,ED visit high severity,$1088
CLM7083,71020,Chest X-ray,$113
CLM7083,93000,EKG/ECG with interpretation,$144
CLM7084,80050,General health panel,$306
CLM7085,99213,Office/outpatient visit,$116
CLM7086,93000,EKG/ECG with interpretation,$163
CLM7087,84443,TSH test,$51
CLM7087,36415,Blood draw,$32
CLM7088,93000,EKG/ECG with interpretation,$176
CLM7089,99214,Detailed office visit,$135
CLM7090,93000,EKG/ECG with interpretation,$154
CLM7090,71020,Chest X-ray,$104
CLM7091,93306,Echocardiogram complete,$1413
CLM7091,93000,EKG/ECG with interpretation,$139
CLM7092,99213,Office/outpatient visit,$135
CLM7093,99283,ED visit moderate severity,$433
CLM7094,90834,Psychotherapy 45 minutes,$153
CLM7095,87070,Bacteria culture,$86
CLM7096,83036,Hemoglobin A1c,$38
CLM7096,36415,Blood draw,$29
CLM7097,99214,Detailed office visit,$152
CLM7098,99214,Detailed office visit,$147
CLM7099,99214,Detailed office visit,$137
CLM7100,80061,Lipid panel,$61
CLM7101,80061,Lipid panel,$58
CLM7102,85025,Complete blood count,$53
CLM7102,99215,Comprehensive office visit,$193
CLM7103,88175,Pap smear cytology,$80
CLM7104,36415,Blood draw,$33
CLM7105,90834,Psychotherapy 45 minutes,$140
CLM7105,99214,Detailed office visit,$120
CLM7106,71020,Chest X-ray,$119
CLM7107,85025,Complete blood count,$44
CLM7107,99215,Comprehensive office visit,$240
CLM7108,99213,Office/outpatient visit,$129
CLM7109,87070,Bacteria culture,$87
CLM7110,93306,Echocardiogram complete,$1157
CLM7111,71020,Chest X-ray,$110
CLM7111,99283,ED visit moderate severity,$446
CLM7112,90707,MMR vaccine,$82
CLM7112,90460,Immunization administration,$43
CLM7112,87880,Rapid strep test,$41
CLM7113,20610,Major joint injection,$274
CLM7114,80050,General health panel,$304
CLM7115,83036,Hemoglobin A1c,$45
CLM7116,94640,Nebulizer treatment,$53
CLM7117,83036,Hemoglobin A1c,$46
CLM7118,90837,Psychotherapy 60 minutes,$173
CLM7119,36415,Blood draw,$32
CLM7119,83036,Hemoglobin A1c,$43
CLM7119,80053,Comprehensive metabolic panel,$54
CLM7120,73030,Shoulder X-ray,$126
CLM7121,99214,Detailed office visit,$131
CLM7121,94010,Spirometry,$99
CLM7122,90460,Immunization administration,$40
CLM7123,80061,Lipid panel,$50
CLM7123,87070,Bacteria culture,$73
CLM7124,88175,Pap smear cytology,$82
CLM7124,99214,Detailed office visit,$123
CLM7124,76805,Obstetric ultrasound,$394
CLM7125,99213,Office/outpatient visit,$125
CLM7126,99214,Detailed office visit,$136
CLM7127,93000,EKG/ECG with interpretation,$173
CLM7128,99214,Detailed office visit,$146
CLM7129,93000,EKG/ECG with interpretation,$139
CLM7129,99214,Detailed office visit,$147
CLM7130,90837,Psychotherapy 60 minutes,$196
CLM7130,99214,Detailed office visit,$124
CLM7130,90834,Psychotherapy 45 minutes,$128
CLM7131,90834,Psychotherapy 45 minutes,$146
CLM7131,90837,Psychotherapy 60 minutes,$211
CLM7132,20610,Major joint injection,$274
CLM7133,93000,EKG/ECG with interpretation,$170
CLM7133,99214,Detailed office visit,$132
CLM7134,36415,Blood draw,$31
CLM7135,99214,Detailed office visit,$121
CLM7136,96910,Phototherapy treatment,$183
CLM7136,99213,Office/outpatient visit,$110
CLM7137,99213,Office/outpatient visit,$127
CLM7137,17000,Destruction of skin lesion,$139
CLM7138,71020,Chest X-ray,$130
CLM7138,99214,Detailed office visit,$150
CLM7139,80050,General health panel,$275
CLM7139,83036,Hemoglobin A1c,$37
CLM7140,73030,Shoulder X-ray,$117
CLM7140,20610,Major joint injection,$254
CLM7141,71020,Chest X-ray,$109
CLM7141,94640,Nebulizer treatment,$46
CLM7142,71020,Chest X-ray,$110
CLM7142,36415,Blood draw,$33
CLM7143,87070,Bacteria culture,$76
CLM7144,36415,Blood draw,$29
CLM7144,99214,Detailed office visit,$121
CLM7145,80061,Lipid panel,$56
CLM7146,93000,EKG/ECG with interpretation,$156
CLM7147,71020,Chest X-ray,$125
CLM7147,99285,ED visit high severity,$1381
CLM7148,87070,Bacteria culture,$93
CLM7149,85025,Complete blood count,$48
CLM7150,99214,Detailed office visit,$119
CLM7150,84443,TSH test,$56
CLM7150,36415,Blood draw,$32
CLM7151,99213,Office/outpatient visit,$126
CLM7152,83036,Hemoglobin A1c,$37
CLM7153,87070,Bacteria culture,$82
CLM7153,71020,Chest X-ray,$129
CLM7153,36415,Blood draw,$30
CLM7154,99214,Detailed office visit,$149
CLM7155,93306,Echocardiogram complete,$1232
CLM7155,93015,Cardiac stress test,$992
CLM7156,99214,Detailed office visit,$135
CLM7156,93000,EKG/ECG with interpretation,$168
CLM7157,99214,Detailed office visit,$121
CLM7158,73030,Shoulder X-ray,$117
CLM7158,20610,Major joint injection,$244
CLM7158,99213,Office/outpatient visit,$109
CLM7159,36415,Blood draw,$33
CLM7160,85025,Complete blood count,$45
CLM7160,99213,Office/outpatient visit,$120
CLM7161,36415,Blood draw,$35
CLM7161,80050,General health panel,$352
CLM7161,71020,Chest X-ray,$112
CLM7162,80050,General health panel,$323
CLM7163,99213,Office/outpatient visit,$110
CLM7164,99214,Detailed office visit,$142
CLM7165,99214,Detailed office visit,$121
CLM7166,99214,Detailed office visit,$152
CLM7167,73030,Shoulder X-ray,$139
CLM7168,85025,Complete blood count,$46
CLM7169,99214,Detailed office visit,$119
CLM7169,90791,Psychiatric diagnostic evaluation,$289
CLM7169,90837,Psychotherapy 60 minutes,$201
CLM7170,99213,Office/outpatient visit,$131
CLM7170,11102,Skin biopsy,$175
CLM7171,87880,Rapid strep test,$38
CLM7171,90460,Immunization administration,$36
CLM7172,93015,Cardiac stress test,$858
CLM7172,93000,EKG/ECG with interpretation,$137
CLM7173,99214,Detailed office visit,$127
CLM7174,36415,Blood draw,$33
CLM7174,99215,Comprehensive office visit,$209
CLM7175,17000,Destruction of skin lesion,$123
CLM7175,99213,Office/outpatient visit,$116
CLM7175,96910,Phototherapy treatment,$187
CLM7176,36415,Blood draw,$34
CLM7176,83036,Hemoglobin A1c,$38
CLM7176,99214,Detailed office visit,$130
CLM7177,99285,ED visit high severity,$1245
CLM7178,36415,Blood draw,$28
CLM7178,85025,Complete blood count,$49
CLM7178,87070,Bacteria culture,$76
CLM7179,99213,Office/outpatient visit,$124
CLM7180,99213,Office/outpatient visit,$115
CLM7180,99392,Preventive visit age 1-4,$184
CLM7181,99214,Detailed office visit,$143
CLM7182,99283,ED visit moderate severity,$504
CLM7182,93000,EKG/ECG with interpretation,$138
CLM7183,85025,Complete blood count,$46
CLM7183,87070,Bacteria culture,$92
CLM7184,87070,Bacteria culture,$94
CLM7185,99213,Office/outpatient visit,$114
CLM7186,93000,EKG/ECG with interpretation,$141
CLM7187,87880,Rapid strep test,$40
CLM7187,90460,Immunization administration,$39
CLM7188,99215,Comprehensive office visit,$199
CLM7189,11102,Skin biopsy,$194
CLM7190,99214,Detailed office visit,$138
CLM7190,93306,Echocardiogram complete,$1295
CLM7191,87070,Bacteria culture,$77
CLM7192,96415,Chemotherapy infusion additional hour,$325
CLM7192,85025,Complete blood count,$47
CLM7192,96413,Chemotherapy infusion first hour,$1164
CLM7193,87880,Rapid strep test,$40
CLM7194,99214,Detailed office visit,$125
CLM7195,99213,Office/outpatient visit,$139
CLM7195,80061,Lipid panel,$63
CLM7196,93000,EKG/ECG with interpretation,$166
CLM7197,80050,General health panel,$297
CLM7197,36415,Blood draw,$33
CLM7198,93000,EKG/ECG with interpretation,$149
CLM7199,36415,Blood draw,$31
CLM7200,36415,Blood draw,$32
CLM7201,87070,Bacteria culture,$79
CLM7201,85025,Complete blood count,$42
CLM7201,36415,Blood draw,$34
CLM7202,36415,Blood draw,$33
CLM7202,82947,Glucose test,$28
CLM7203,17000,Destruction of skin lesion,$129
CLM7204,82947,Glucose test,$24
CLM7205,96413,Chemotherapy infusion first hour,$1119
CLM7206,73030,Shoulder X-ray,$119
CLM7207,93000,EKG/ECG with interpretation,$160
CLM7207,93015,Cardiac stress test,$849
CLM7208,93306,Echocardiogram complete,$1207
CLM7208,93000,EKG/ECG with interpretation,$142
CLM7209,87070,Bacteria culture,$90
CLM7210,99283,ED visit moderate severity,$526
CLM7211,85025,Complete blood count,$45
CLM7212,85025,Complete blood count,$46
CLM7212,96415,Chemotherapy infusion additional hour,$412
CLM7213,93015,Cardiac stress test,$955
CLM7214,84443,TSH test,$54
CLM7214,83036,Hemoglobin A1c,$45
CLM7215,93000,EKG/ECG with interpretation,$146
CLM7216,99214,Detailed office visit,$141
CLM7217,36415,Blood draw,$35
CLM7218,76805,Obstetric ultrasound,$410
CLM7218,99214,Detailed office visit,$135
CLM7219,99214,Detailed office visit,$148
CLM7219,90791,Psychiatric diagnostic evaluation,$247
CLM7220,36415,Blood draw,$35
CLM7221,93000,EKG/ECG with interpretation,$145
CLM7221,83036,Hemoglobin A1c,$43
CLM7222,85025,Complete blood count,$42
CLM7223,93000,EKG/ECG with interpretation,$171
CLM7223,93015,Cardiac stress test,$797
CLM7224,85025,Complete blood count,$41
CLM7225,90834,Psychotherapy 45 minutes,$138
CLM7225,90791,Psychiatric diagnostic evaluation,$281
CLM7226,99213,Office/outpatient visit,$127
CLM7227,85025,Complete blood count,$48
CLM7228,99214,Detailed office visit,$139
CLM7228,93015,Cardiac stress test,$939
CLM7229,99214,Detailed office visit,$153
CLM7230,99213,Office/outpatient visit,$115
CLM7231,99215,Comprehensive office visit,$234
CLM7232,80061,Lipid panel,$55
CLM7232,85025,Complete blood count,$52
CLM7233,90837,Psychotherapy 60 minutes,$199
CLM7233,90834,Psychotherapy 45 minutes,$159
CLM7234,80061,Lipid panel,$64
CLM7235,93306,Echocardiogram complete,$1126
CLM7235,99214,Detailed office visit,$132
CLM7236,90707,MMR vaccine,$104
CLM7237,17000,Destruction of skin lesion,$109
CLM7237,99213,Office/outpatient visit,$119
CLM7238,73030,Shoulder X-ray,$121
CLM7238,73721,MRI knee,$1762
CLM7239,99214,Detailed office visit,$132
CLM7239,36415,Blood draw,$34
CLM7240,80050,General health panel,$296
CLM7241,80061,Lipid panel,$59
CLM7242,20610,Major joint injection,$254
CLM7243,99214,Detailed office visit,$124
CLM7243,85025,Complete blood count,$44
CLM7244,93000,EKG/ECG with interpretation,$159
CLM7244,99215,Comprehensive office visit,$231
CLM7245,87070,Bacteria culture,$81
CLM7246,85025,Complete blood count,$52
CLM7247,71020,Chest X-ray,$107
CLM7247,87070,Bacteria culture,$92
CLM7247,99214,Detailed office visit,$121
CLM7248,36415,Blood draw,$32
CLM7249,36415,Blood draw,$34
CLM7250,99213,Office/outpatient visit,$124
CLM7251,11102,Skin biopsy,$204
CLM7252,99214,Detailed office visit,$139
CLM7252,88175,Pap smear cytology,$80
CLM7253,99213,Office/outpatient visit,$119
CLM7254,93015,Cardiac stress test,$885
CLM7254,99214,Detailed office visit,$128
CLM7255,20610,Major joint injection,$238
CLM7256,99214,Detailed office visit,$146
CLM7257,93000,EKG/ECG with interpretation,$174
CLM7257,99283,ED visit moderate severity,$474
CLM7258,94010,Spirometry,$95
CLM7259,88175,Pap smear cytology,$78
CLM7260,99214,Detailed office visit,$138
CLM7260,87070,Bacteria culture,$77
CLM7261,99214,Detailed office visit,$139
CLM7261,83036,Hemoglobin A1c,$37
CLM7261,80053,Comprehensive metabolic panel,$64
CLM7262,80050,General health panel,$346
CLM7262,71020,Chest X-ray,$111
CLM7263,71020,Chest X-ray,$126
CLM7264,96910,Phototherapy treatment,$166
CLM7264,99213,Office/outpatient visit,$130
CLM7265,85025,Complete blood count,$48
CLM7266,82947,Glucose test,$25
CLM7267,99214,Detailed office visit,$125
CLM7267,99213,Office/outpatient visit,$128
CLM7268,99214,Detailed office visit,$121
CLM7269,93000,EKG/ECG with interpretation,$153
CLM7269,99214,Detailed office visit,$140
CLM7269,93306,Echocardiogram complete,$1246
CLM7270,93000,EKG/ECG with interpretation,$171
CLM7271,73721,MRI knee,$1466
CLM7271,99213,Office/outpatient visit,$127
CLM7272,84443,TSH test,$54
CLM7272,82947,Glucose test,$25
CLM7273,80050,General health panel,$277
CLM7273,93000,EKG/ECG with interpretation,$146
CLM7274,93306,Echocardiogram complete,$1230
CLM7275,93015,Cardiac stress test,$883
CLM7276,80061,Lipid panel,$56
CLM7277,99214,Detailed office visit,$152
CLM7277,83036,Hemoglobin A1c,$42
CLM7278,85025,Complete blood count,$41
CLM7278,36415,Blood draw,$34
CLM7279,93306,Echocardiogram complete,$1338
CLM7279,93015,Cardiac stress test,$915
CLM7280,90460,Immunization administration,$42
CLM7281,99214,Detailed office visit,$125
CLM7282,71020,Chest X-ray,$116
CLM7282,87070,Bacteria culture,$87
CLM7282,85025,Complete blood count,$51
CLM7283,99215,Comprehensive office visit,$228
CLM7283,85025,Complete blood count,$45
CLM7284,85025,Complete blood count,$49
CLM7285,93000,EKG/ECG with interpretation,$142
CLM7286,96415,Chemotherapy infusion additional hour,$411
CLM7286,77385,IMRT radiation treatment,$2493
CLM7287,88175,Pap smear cytology,$76
CLM7288,88175,Pap smear cytology,$63
CLM7289,90460,Immunization administration,$38
CLM7289,99392,Preventive visit age 1-4,$183
CLM7290,94640,Nebulizer treatment,$52
CLM7291,99214,Detailed office visit,$121
CLM7291,80053,Comprehensive metabolic panel,$62
CLM7292,82947,Glucose test,$23
CLM7293,99214,Detailed office visit,$141
CLM7293,88175,Pap smear cytology,$81
CLM7294,36415,Blood draw,$31
CLM7294,85025,Complete blood count,$42
CLM7295,82947,Glucose test,$27
CLM7295,36415,Blood draw,$35
CLM7296,99213,Office/outpatient visit,$135
CLM7297,85025,Complete blood count,$43
CLM7298,17000,Destruction of skin lesion,$118
CLM7298,99213,Office/outpatient visit,$115
CLM7299,17000,Destruction of skin lesion,$115
CLM7299,99213,Office/outpatient visit,$126
CLM7300,87070,Bacteria culture,$77
CLM7300,80061,Lipid panel,$50
CLM7301,99285,ED visit high severity,$1124
CLM7301,93000,EKG/ECG with interpretation,$170
CLM7302,90834,Psychotherapy 45 minutes,$143
CLM7303,99213,Office/outpatient visit,$137
CLM7303,96910,Phototherapy treatment,$170
CLM7304,82947,Glucose test,$29
CLM7305,70450,CT head without contrast,$879
CLM7306,87880,Rapid strep test,$38
CLM7306,90460,Immunization administration,$45
CLM7307,80050,General health panel,$303
CLM7308,36415,Blood draw,$32
CLM7308,99215,Comprehensive office visit,$238
CLM7308,99214,Detailed office visit,$151
CLM7309,96910,Phototherapy treatment,$179
CLM7310,93000,EKG/ECG with interpretation,$142
CLM7311,90791,Psychiatric diagnostic evaluation,$291
CLM7312,94010,Spirometry,$106
CLM7312,95810,Sleep study,$1593
CLM7313,83036,Hemoglobin A1c,$47
CLM7314,96413,Chemotherapy infusion first hour,$1250
CLM7315,99213,Office/outpatient visit,$128
CLM7315,96910,Phototherapy treatment,$160
CLM7315,17000,Destruction of skin lesion,$124
CLM7316,90460,Immunization administration,$44
CLM7317,71020,Chest X-ray,$107
CLM7318,90791,Psychiatric diagnostic evaluation,$293
CLM7318,90837,Psychotherapy 60 minutes,$167
CLM7319,36415,Blood draw,$35
CLM7320,77385,IMRT radiation treatment,$2162
CLM7321,93015,Cardiac stress test,$944
CLM7321,93306,Echocardiogram complete,$1157
CLM7322,36415,Blood draw,$33
CLM7322,87070,Bacteria culture,$79
CLM7322,71020,Chest X-ray,$102
CLM7323,88175,Pap smear cytology,$80
CLM7324,20610,Major joint injection,$262
CLM7325,83036,Hemoglobin A1c,$38
CLM7325,36415,Blood draw,$35
CLM7325,80053,Comprehensive metabolic panel,$54
CLM7326,87070,Bacteria culture,$78
CLM7327,99214,Detailed office visit,$140
CLM7327,93000,EKG/ECG with interpretation,$164
CLM7327,93306,Echocardiogram complete,$1219
CLM7328,87070,Bacteria culture,$81
CLM7329,90791,Psychiatric diagnostic evaluation,$283
CLM7329,90837,Psychotherapy 60 minutes,$182
CLM7330,99285,ED visit high severity,$1244
CLM7330,71020,Chest X-ray,$105
CLM7331,99214,Detailed office visit,$137
CLM7332,99214,Detailed office visit,$120
CLM7333,99214,Detailed office visit,$144
CLM7334,73030,Shoulder X-ray,$122
CLM7334,20610,Major joint injection,$252
CLM7335,83036,Hemoglobin A1c,$44
CLM7335,36415,Blood draw,$32
CLM7336,99214,Detailed office visit,$131
CLM7336,93000,EKG/ECG with interpretation,$146
CLM7337,99214,Detailed office visit,$127
CLM7338,36415,Blood draw,$31
CLM7338,80061,Lipid panel,$52
CLM7338,85025,Complete blood count,$48
CLM7339,99213,Office/outpatient visit,$124
CLM7339,17000,Destruction of skin lesion,$114
CLM7339,11102,Skin biopsy,$198
CLM7340,99215,Comprehensive office visit,$228
CLM7341,99213,Office/outpatient visit,$137
CLM7342,99215,Comprehensive office visit,$199
CLM7343,90837,Psychotherapy 60 minutes,$173
CLM7343,90834,Psychotherapy 45 minutes,$155
CLM7344,36415,Blood draw,$35
CLM7345,90834,Psychotherapy 45 minutes,$127
CLM7345,90837,Psychotherapy 60 minutes,$190
CLM7346,82947,Glucose test,$23
CLM7347,36415,Blood draw,$32
CLM7347,80053,Comprehensive metabolic panel,$55
CLM7348,77385,IMRT radiation treatment,$2601
CLM7349,87880,Rapid strep test,$36
CLM7350,93000,EKG/ECG with interpretation,$136
CLM7351,83036,Hemoglobin A1c,$42
CLM7352,93000,EKG/ECG with interpretation,$144
CLM7353,70450,CT head without contrast,$943
CLM7354,93000,EKG/ECG with interpretation,$151
CLM7355,93000,EKG/ECG with interpretation,$161
CLM7356,70450,CT head without contrast,$866
CLM7357,80061,Lipid panel,$59
CLM7358,90460,Immunization administration,$39
CLM7359,93306,Echocardiogram complete,$1340
CLM7359,93000,EKG/ECG with interpretation,$157
CLM7360,87070,Bacteria culture,$90
CLM7360,80050,General health panel,$295
CLM7360,99214,Detailed office visit,$150
CLM7361,88175,Pap smear cytology,$74
CLM7361,99214,Detailed office visit,$137
CLM7361,76805,Obstetric ultrasound,$456
CLM7362,80053,Comprehensive metabolic panel,$57
CLM7363,99214,Detailed office visit,$125
CLM7364,73030,Shoulder X-ray,$128
CLM7365,94640,Nebulizer treatment,$58
CLM7366,99213,Office/outpatient visit,$114
CLM7366,73030,Shoulder X-ray,$133
CLM7367,36415,Blood draw,$30
CLM7368,93306,Echocardiogram complete,$1397
CLM7369,90834,Psychotherapy 45 minutes,$148
CLM7369,90791,Psychiatric diagnostic evaluation,$262
CLM7370,36415,Blood draw,$28
CLM7371,80050,General health panel,$281
CLM7371,99214,Detailed office visit,$125
CLM7371,36415,Blood draw,$35
CLM7372,85025,Complete blood count,$44
CLM7372,99213,Office/outpatient visit,$136
CLM7373,93000,EKG/ECG with interpretation,$138
CLM7374,90791,Psychiatric diagnostic evaluation,$291
CLM7374,90834,Psychotherapy 45 minutes,$138
CLM7374,99214,Detailed office visit,$133
CLM7375,87070,Bacteria culture,$84
CLM7376,96910,Phototherapy treatment,$161
CLM7376,17000,Destruction of skin lesion,$113
CLM7377,99214,Detailed office visit,$144
CLM7378,93306,Echocardiogram complete,$1226
CLM7378,93015,Cardiac stress test,$824
CLM7379,11102,Skin biopsy,$170
CLM7379,17000,Destruction of skin lesion,$135
CLM7379,99213,Office/outpatient visit,$122
CLM7380,99392,Preventive visit age 1-4,$195
CLM7381,96910,Phototherapy treatment,$182
CLM7382,36415,Blood draw,$33
CLM7382,99214,Detailed office visit,$129
CLM7383,93000,EKG/ECG with interpretation,$140
CLM7384,85025,Complete blood count,$51
CLM7384,96415,Chemotherapy infusion additional hour,$348
CLM7385,93015,Cardiac stress test,$973
CLM7386,87070,Bacteria culture,$85
CLM7387,99214,Detailed office visit,$143
CLM7388,71020,Chest X-ray,$111
CLM7389,36415,Blood draw,$34
CLM7389,83036,Hemoglobin A1c,$37
CLM7390,99214,Detailed office visit,$148
CLM7391,71020,Chest X-ray,$128
CLM7391,94640,Nebulizer treatment,$47
CLM7392,90834,Psychotherapy 45 minutes,$147
CLM7393,94640,Nebulizer treatment,$57
CLM7394,70450,CT head without contrast,$1035
CLM7395,93000,EKG/ECG with interpretation,$170
CLM7396,99213,Office/outpatient visit,$123
CLM7397,85025,Complete blood count,$41
CLM7398,90460,Immunization administration,$43
CLM7398,90707,MMR vaccine,$90
CLM7399,94640,Nebulizer treatment,$45
CLM7400,93000,EKG/ECG with interpretation,$136
CLM7400,99215,Comprehensive office visit,$192
CLM7401,90707,MMR vaccine,$101
CLM7401,87880,Rapid strep test,$37
CLM7402,99213,Office/outpatient visit,$114
CLM7403,99214,Detailed office visit,$148
CLM7403,93000,EKG/ECG with interpretation,$161
CLM7404,93015,Cardiac stress test,$938
CLM7404,93000,EKG/ECG with interpretation,$142
CLM7405,99214,Detailed office visit,$125
CLM7406,71020,Chest X-ray,$101
CLM7406,36415,Blood draw,$34
CLM7407,96413,Chemotherapy infusion first hour,$1026
CLM7407,85025,Complete blood count,$44
CLM7408,99214,Detailed office visit,$142
CLM7408,71020,Chest X-ray,$105
CLM7409,73030,Shoulder X-ray,$120
CLM7409,99213,Office/outpatient visit,$124
CLM7410,99213,Office/outpatient visit,$118
CLM7411,99213,Office/outpatient visit,$133
CLM7412,88175,Pap smear cytology,$72
CLM7412,59400,Routine obstetric care,$3701
CLM7413,99213,Office/outpatient visit,$129
CLM7414,96415,Chemotherapy infusion additional hour,$393
CLM7414,77385,IMRT radiation treatment,$2471
CLM7415,36415,Blood draw,$27
CLM7416,90834,Psychotherapy 45 minutes,$133
CLM7417,80061,Lipid panel,$60
CLM7418,93458,Cardiac catheterization,$4982
CLM7418,93015,Cardiac stress test,$949
CLM7419,85025,Complete blood count,$50
CLM7420,71020,Chest X-ray,$129
CLM7420,87070,Bacteria culture,$89
CLM7421,93000,EKG/ECG with interpretation,$164
CLM7422,80061,Lipid panel,$65
CLM7423,99214,Detailed office visit,$120
CLM7423,88175,Pap smear cytology,$74
CLM7423,76805,Obstetric ultrasound,$369
CLM7424,99214,Detailed office visit,$139
CLM7425,99213,Office/outpatient visit,$124
CLM7425,99214,Detailed office visit,$128
CLM7426,20610,Major joint injection,$236
CLM7427,36415,Blood draw,$29
CLM7428,36415,Blood draw,$28
CLM7429,90837,Psychotherapy 60 minutes,$166
CLM7430,94010,Spirometry,$81
CLM7431,87070,Bacteria culture,$90
CLM7432,88175,Pap smear cytology,$66
CLM7433,90707,MMR vaccine,$91
CLM7433,99392,Preventive visit age 1-4,$212
CLM7434,85025,Complete blood count,$51
CLM7435,99214,Detailed office visit,$124
CLM7436,90460,Immunization administration,$38
CLM7436,99213,Office/outpatient visit,$127
CLM7436,87880,Rapid strep test,$37
CLM7437,71020,Chest X-ray,$100
CLM7437,36415,Blood draw,$29
CLM7438,73030,Shoulder X-ray,$134
CLM7439,83036,Hemoglobin A1c,$44
CLM7439,36415,Blood draw,$35
CLM7440,90834,Psychotherapy 45 minutes,$165
CLM7440,90837,Psychotherapy 60 minutes,$171
CLM7441,99214,Detailed office visit,$135
CLM7441,94640,Nebulizer treatment,$47
CLM7441,94010,Spirometry,$99
CLM7442,85025,Complete blood count,$46
CLM7443,99213,Office/outpatient visit,$108
CLM7444,99214,Detailed office visit,$137
CLM7445,36415,Blood draw,$34
CLM7445,85025,Complete blood count,$51
CLM7446,36415,Blood draw,$29
CLM7446,87070,Bacteria culture,$86
CLM7447,36415,Blood draw,$29
CLM7447,71020,Chest X-ray,$120
CLM7448,73030,Shoulder X-ray,$122
CLM7448,73721,MRI knee,$1763
CLM7449,93458,Cardiac catheterization,$4669
CLM7450,93000,EKG/ECG with interpretation,$168
CLM7451,36415,Blood draw,$28
CLM7452,11102,Skin biopsy,$201
CLM7452,17000,Destruction of skin lesion,$137
CLM7453,99214,Detailed office visit,$124
CLM7453,71020,Chest X-ray,$110
CLM7454,99213,Office/outpatient visit,$118
CLM7455,80050,General health panel,$281
CLM7456,71020,Chest X-ray,$107
CLM7457,71020,Chest X-ray,$121
CLM7458,99214,Detailed office visit,$146
CLM7458,90837,Psychotherapy 60 minutes,$192
CLM7459,73030,Shoulder X-ray,$119
CLM7460,94010,Spirometry,$102
CLM7460,94640,Nebulizer treatment,$53
CLM7461,87880,Rapid strep test,$33
CLM7462,90837,Psychotherapy 60 minutes,$202
CLM7462,90834,Psychotherapy 45 minutes,$153
CLM7463,99213,Office/outpatient visit,$132
CLM7464,99214,Detailed office visit,$124
CLM7465,99285,ED visit high severity,$1247
CLM7466,93000,EKG/ECG with interpretation,$157
CLM7466,93306,Echocardiogram complete,$1121
CLM7467,83036,Hemoglobin A1c,$46
CLM7467,93000,EKG/ECG with interpretation,$145
CLM7467,99215,Comprehensive office visit,$211
CLM7468,90837,Psychotherapy 60 minutes,$166
CLM7469,84443,TSH test,$50
CLM7469,99214,Detailed office visit,$121
CLM7470,99213,Office/outpatient visit,$134
CLM7470,90460,Immunization administration,$42
CLM7471,96415,Chemotherapy infusion additional hour,$331
CLM7472,99215,Comprehensive office visit,$198
CLM7472,83036,Hemoglobin A1c,$37
CLM7473,36415,Blood draw,$33
CLM7473,80050,General health panel,$296
CLM7473,71020,Chest X-ray,$101
CLM7474,85025,Complete blood count,$46
CLM7474,87070,Bacteria culture,$83
CLM7474,71020,Chest X-ray,$108
CLM7475,99214,Detailed office visit,$120
CLM7476,99392,Preventive visit age 1-4,$175
CLM7477,80053,Comprehensive metabolic panel,$63
CLM7478,83036,Hemoglobin A1c,$39
CLM7479,87070,Bacteria culture,$88
CLM7480,93000,EKG/ECG with interpretation,$140
CLM7481,90460,Immunization administration,$38
CLM7482,90837,Psychotherapy 60 minutes,$163
CLM7482,99214,Detailed office visit,$139
CLM7483,90791,Psychiatric diagnostic evaluation,$264
CLM7483,90837,Psychotherapy 60 minutes,$205
CLM7484,99214,Detailed office visit,$125
CLM7485,90707,MMR vaccine,$105
CLM7486,73030,Shoulder X-ray,$117
CLM7487,85025,Complete blood count,$52
CLM7488,80061,Lipid panel,$60
CLM7489,73030,Shoulder X-ray,$132
CLM7489,20610,Major joint injection,$260
CLM7490,36415,Blood draw,$28
CLM7491,80061,Lipid panel,$55
CLM7491,85025,Complete blood count,$45
CLM7492,80061,Lipid panel,$57
CLM7492,99213,Office/outpatient visit,$118
CLM7493,93000,EKG/ECG with interpretation,$154
CLM7494,85025,Complete blood count,$45
CLM7495,93000,EKG/ECG with interpretation,$177
CLM7496,96910,Phototherapy treatment,$152
CLM7497,99214,Detailed office visit,$145
CLM7498,99214,Detailed office visit,$150
CLM7499,85025,Complete blood count,$46
CLM7499,99214,Detailed office visit,$118
CLM7500,36415,Blood draw,$31
CLM7501,80061,Lipid panel,$50
CLM7501,99214,Detailed office visit,$141
CLM7502,80053,Comprehensive metabolic panel,$60
CLM7502,83036,Hemoglobin A1c,$45
CLM7502,99214,Detailed office visit,$149
CLM7503,36415,Blood draw,$27
CLM7504,71020,Chest X-ray,$111
CLM7505,88175,Pap smear cytology,$78
CLM7506,93015,Cardiac stress test,$950
CLM7506,99214,Detailed office visit,$143
CLM7507,94640,Nebulizer treatment,$52
CLM7508,93015,Cardiac stress test,$997
CLM7509,90834,Psychotherapy 45 minutes,$133
CLM7509,90791,Psychiatric diagnostic evaluation,$251
CLM7510,93000,EKG/ECG with interpretation,$150
CLM7510,93015,Cardiac stress test,$991
CLM7511,17000,Destruction of skin lesion,$134
CLM7512,99213,Office/outpatient visit,$124
CLM7513,93000,EKG/ECG with interpretation,$136
CLM7514,83036,Hemoglobin A1c,$38
CLM7514,80050,General health panel,$289
CLM7515,11102,Skin biopsy,$183
CLM7516,99213,Office/outpatient visit,$110
CLM7517,71020,Chest X-ray,$129
CLM7517,85025,Complete blood count,$52
CLM7517,80061,Lipid panel,$51
CLM7518,36415,Blood draw,$32
CLM7518,83036,Hemoglobin A1c,$44
CLM7519,87880,Rapid strep test,$32
CLM7520,99214,Detailed office visit,$133
CLM7520,71020,Chest X-ray,$109
CLM7521,85025,Complete blood count,$49
CLM7521,36415,Blood draw,$29
CLM7522,85025,Complete blood count,$42
CLM7522,80061,Lipid panel,$54
CLM7523,87070,Bacteria culture,$72
CLM7524,99283,ED visit moderate severity,$529
CLM7525,93000,EKG/ECG with interpretation,$145
CLM7526,93000,EKG/ECG with interpretation,$144
CLM7526,71020,Chest X-ray,$129
CLM7527,96415,Chemotherapy infusion additional hour,$380
CLM7527,99215,Comprehensive office visit,$240
CLM7527,85025,Complete blood count,$51
CLM7528,99283,ED visit moderate severity,$473
CLM7529,11102,Skin biopsy,$188
CLM7530,93015,Cardiac stress test,$964
CLM7531,99214,Detailed office visit,$121
CLM7531,36415,Blood draw,$30
CLM7531,71020,Chest X-ray,$114
CLM7532,99283,ED visit moderate severity,$512
CLM7533,99215,Comprehensive office visit,$196
CLM7533,85025,Complete blood count,$51
CLM7534,83036,Hemoglobin A1c,$43
CLM7534,84443,TSH test,$64
CLM7535,36415,Blood draw,$30
CLM7536,80050,General health panel,$349
CLM7536,80053,Comprehensive metabolic panel,$59
CLM7537,80061,Lipid panel,$61
CLM7537,99213,Office/outpatient visit,$120
CLM7538,96413,Chemotherapy infusion first hour,$1182
CLM7538,96415,Chemotherapy infusion additional hour,$348
CLM7539,93000,EKG/ECG with interpretation,$170
CLM7539,93015,Cardiac stress test,$943
CLM7539,99214,Detailed office visit,$151
CLM7540,36415,Blood draw,$30
CLM7540,93000,EKG/ECG with interpretation,$171
CLM7541,99213,Office/outpatient visit,$126
CLM7541,87070,Bacteria culture,$82
CLM7542,93000,EKG/ECG with interpretation,$167
CLM7543,90837,Psychotherapy 60 minutes,$199
CLM7543,99214,Detailed office visit,$151
CLM7544,90837,Psychotherapy 60 minutes,$198
CLM7544,99214,Detailed office visit,$145
CLM7545,80050,General health panel,$313
CLM7546,93000,EKG/ECG with interpretation,$150
CLM7547,83036,Hemoglobin A1c,$38
CLM7547,36415,Blood draw,$33
CLM7548,80053,Comprehensive metabolic panel,$56
CLM7549,11102,Skin biopsy,$210
CLM7550,11102,Skin biopsy,$175
CLM7551,90460,Immunization administration,$40
CLM7552,17000,Destruction of skin lesion,$141
CLM7553,36415,Blood draw,$35
CLM7554,99215,Comprehensive office visit,$241
CLM7555,99214,Detailed office visit,$141
CLM7555,93015,Cardiac stress test,$845
CLM7556,80061,Lipid panel,$53
CLM7556,85025,Complete blood count,$50
CLM7557,90460,Immunization administration,$39
CLM7557,87880,Rapid strep test,$36
CLM7557,90707,MMR vaccine,$96
CLM7558,36415,Blood draw,$32
CLM7559,83036,Hemoglobin A1c,$43
CLM7559,36415,Blood draw,$31
CLM7559,99215,Comprehensive office visit,$210
CLM7560,93000,EKG/ECG with interpretation,$146
CLM7560,99215,Comprehensive office visit,$202
CLM7561,73030,Shoulder X-ray,$139
CLM7561,99213,Office/outpatient visit,$112
CLM7562,85025,Complete blood count,$45
CLM7563,93000,EKG/ECG with interpretation,$165
CLM7564,99214,Detailed office visit,$122
CLM7564,71020,Chest X-ray,$122
CLM7565,99214,Detailed office visit,$153
CLM7566,99285,ED visit high severity,$1287
CLM7567,90460,Immunization administration,$37
CLM7567,90707,MMR vaccine,$98
CLM7568,93000,EKG/ECG with interpretation,$158
CLM7568,83036,Hemoglobin A1c,$37
CLM7569,90460,Immunization administration,$37
CLM7569,99213,Office/outpatient visit,$133
CLM7570,80053,Comprehensive metabolic panel,$57
CLM7571,80053,Comprehensive metabolic panel,$65
CLM7572,99213,Office/outpatient visit,$138
CLM7573,99214,Detailed office visit,$137
CLM7574,96910,Phototherapy treatment,$149
CLM7575,93000,EKG/ECG with interpretation,$156
CLM7576,84443,TSH test,$53
CLM7577,82947,Glucose test,$27
CLM7577,83036,Hemoglobin A1c,$44
CLM7578,99215,Comprehensive office visit,$236
CLM7579,87070,Bacteria culture,$88
CLM7579,99214,Detailed office visit,$146
CLM7580,36415,Blood draw,$35
CLM7581,99213,Office/outpatient visit,$130
CLM7581,87070,Bacteria culture,$72
CLM7582,99214,Detailed office visit,$147
CLM7583,82947,Glucose test,$25
CLM7584,36415,Blood draw,$30
CLM7585,85025,Complete blood count,$46
CLM7585,99214,Detailed office visit,$117
CLM7586,84443,TSH test,$50
CLM7586,82947,Glucose test,$23
CLM7587,87070,Bacteria culture,$86
CLM7588,71020,Chest X-ray,$121
CLM7589,80050,General health panel,$273
CLM7590,11102,Skin biopsy,$204
CLM7590,96910,Phototherapy treatment,$173
CLM7591,93000,EKG/ECG with interpretation,$138
CLM7592,93306,Echocardiogram complete,$1324
CLM7593,80061,Lipid panel,$65
CLM7593,36415,Blood draw,$31
CLM7593,87070,Bacteria culture,$77
CLM7594,17000,Destruction of skin lesion,$135
CLM7594,99213,Office/outpatient visit,$126
CLM7594,11102,Skin biopsy,$163
CLM7595,99214,Detailed office visit,$142
CLM7595,36415,Blood draw,$33
CLM7596,20610,Major joint injection,$278
CLM7597,99214,Detailed office visit,$127
CLM7598,90460,Immunization administration,$47
CLM7599,36415,Blood draw,$31
CLM7599,99213,Office/outpatient visit,$121
CLM7600,85025,Complete blood count,$45
CLM7601,90460,Immunization administration,$38
CLM7602,36415,Blood draw,$35
CLM7603,99214,Detailed office visit,$134
CLM7603,80050,General health panel,$297
CLM7603,36415,Blood draw,$28
CLM7604,90837,Psychotherapy 60 minutes,$167
CLM7604,90791,Psychiatric diagnostic evaluation,$284
CLM7605,99215,Comprehensive office visit,$223
CLM7606,83036,Hemoglobin A1c,$39
CLM7606,80053,Comprehensive metabolic panel,$63
CLM7606,36415,Blood draw,$32
CLM7607,80053,Comprehensive metabolic panel,$71
CLM7608,85025,Complete blood count,$47
CLM7609,71020,Chest X-ray,$105
CLM7610,93000,EKG/ECG with interpretation,$153
CLM7611,87880,Rapid strep test,$32
CLM7611,99392,Preventive visit age 1-4,$192
CLM7612,87070,Bacteria culture,$76
CLM7613,80050,General health panel,$351
CLM7614,36415,Blood draw,$27
CLM7615,94640,Nebulizer treatment,$55
CLM7615,94010,Spirometry,$99
CLM7616,99214,Detailed office visit,$137
CLM7616,93000,EKG/ECG with interpretation,$145
CLM7617,80061,Lipid panel,$57
CLM7617,99214,Detailed office visit,$125
CLM7618,87070,Bacteria culture,$74
CLM7619,94640,Nebulizer treatment,$49
CLM7620,80061,Lipid panel,$50
CLM7621,17000,Destruction of skin lesion,$125
CLM7621,11102,Skin biopsy,$203
CLM7621,99213,Office/outpatient visit,$112
CLM7622,93015,Cardiac stress test,$783
CLM7623,80061,Lipid panel,$52
CLM7624,20610,Major joint injection,$263
CLM7625,88175,Pap smear cytology,$68
CLM7626,99215,Comprehensive office visit,$210
CLM7627,83036,Hemoglobin A1c,$44
CLM7627,80053,Comprehensive metabolic panel,$57
CLM7628,93015,Cardiac stress test,$801
CLM7629,99215,Comprehensive office visit,$243
CLM7630,99214,Detailed office visit,$129
CLM7631,36415,Blood draw,$29
CLM7632,99214,Detailed office visit,$141
CLM7632,93000,EKG/ECG with interpretation,$156
CLM7632,93306,Echocardiogram complete,$1183
CLM7633,99214,Detailed office visit,$136
CLM7633,36415,Blood draw,$28
CLM7634,90791,Psychiatric diagnostic evaluation,$288
CLM7634,90834,Psychotherapy 45 minutes,$148
CLM7635,87070,Bacteria culture,$85
CLM7636,99214,Detailed office visit,$122
CLM7637,99215,Comprehensive office visit,$206
CLM7637,83036,Hemoglobin A1c,$37
CLM7638,85025,Complete blood count,$41
CLM7639,99283,ED visit moderate severity,$422
CLM7639,93000,EKG/ECG with interpretation,$152
CLM7640,70450,CT head without contrast,$1040
CLM7640,93000,EKG/ECG with interpretation,$171
CLM7641,99213,Office/outpatient visit,$137
CLM7642,93306,Echocardiogram complete,$1081
CLM7643,73030,Shoulder X-ray,$141
CLM7644,84443,TSH test,$55
CLM7645,90834,Psychotherapy 45 minutes,$136
CLM7646,83036,Hemoglobin A1c,$37
CLM7646,99215,Comprehensive office visit,$218
CLM7647,99214,Detailed office visit,$153
CLM7648,84443,TSH test,$52
CLM7649,87880,Rapid strep test,$32
CLM7650,85025,Complete blood count,$49
CLM7650,80061,Lipid panel,$54
CLM7650,80050,General health panel,$335
CLM7651,93015,Cardiac stress test,$1003
CLM7652,99213,Office/outpatient visit,$125
CLM7652,17000,Destruction of skin lesion,$116
CLM7653,85025,Complete blood count,$52
CLM7654,71020,Chest X-ray,$103
CLM7655,85025,Complete blood count,$41
CLM7656,76805,Obstetric ultrasound,$431
CLM7657,93015,Cardiac stress test,$890
CLM7658,93000,EKG/ECG with interpretation,$139
CLM7658,80053,Comprehensive metabolic panel,$61
CLM7659,80050,General health panel,$317
CLM7660,93000,EKG/ECG with interpretation,$167
CLM7660,99214,Detailed office visit,$129
CLM7660,36415,Blood draw,$30
CLM7661,96413,Chemotherapy infusion first hour,$1183
CLM7661,85025,Complete blood count,$47
CLM7662,71020,Chest X-ray,$122
CLM7663,36415,Blood draw,$33
CLM7664,71020,Chest X-ray,$126
CLM7664,70450,CT head without contrast,$864
CLM7665,36415,Blood draw,$30
CLM7665,84443,TSH test,$58
CLM7666,93000,EKG/ECG with interpretation,$157
CLM7667,99214,Detailed office visit,$139
CLM7668,88175,Pap smear cytology,$67
CLM7668,76805,Obstetric ultrasound,$450
CLM7669,99214,Detailed office visit,$147
CLM7670,36415,Blood draw,$27
CLM7671,73030,Shoulder X-ray,$137
CLM7671,20610,Major joint injection,$265
CLM7672,80061,Lipid panel,$58
CLM7673,82947,Glucose test,$27
CLM7674,80053,Comprehensive metabolic panel,$57
CLM7675,99215,Comprehensive office visit,$214
CLM7676,36415,Blood draw,$33
CLM7677,80050,General health panel,$322
CLM7677,87070,Bacteria culture,$94
CLM7678,36415,Blood draw,$35
CLM7678,85025,Complete blood count,$46
CLM7679,36415,Blood draw,$33
CLM7679,80050,General health panel,$304
CLM7679,99214,Detailed office visit,$153
CLM7680,99214,Detailed office visit,$131
CLM7681,99214,Detailed office visit,$140
CLM7682,94640,Nebulizer treatment,$48
CLM7682,71020,Chest X-ray,$103
CLM7683,94010,Spirometry,$95
CLM7683,99214,Detailed office visit,$120
CLM7684,99214,Detailed office visit,$130
CLM7685,71020,Chest X-ray,$106
CLM7686,11102,Skin biopsy,$169
CLM7687,93000,EKG/ECG with interpretation,$149
CLM7688,87070,Bacteria culture,$85
CLM7688,99214,Detailed office visit,$119
CLM7689,80061,Lipid panel,$51
CLM7689,80050,General health panel,$288
CLM7690,36415,Blood draw,$27
CLM7691,80061,Lipid panel,$61
CLM7691,80050,General health panel,$278
CLM7692,87070,Bacteria culture,$92
CLM7692,99214,Detailed office visit,$125
CLM7693,71020,Chest X-ray,$107
CLM7693,94010,Spirometry,$101
CLM7694,85025,Complete blood count,$41
CLM7695,73030,Shoulder X-ray,$122
CLM7695,99213,Office/outpatient visit,$125
CLM7696,93000,EKG/ECG with interpretation,$171
CLM7696,99214,Detailed office visit,$151
CLM7696,93015,Cardiac stress test,$805
CLM7697,99213,Office/outpatient visit,$113
CLM7698,93000,EKG/ECG with interpretation,$158
CLM7699,20610,Major joint injection,$284
CLM7700,99215,Comprehensive office visit,$195
CLM7700,85025,Complete blood count,$47
CLM7700,96415,Chemotherapy infusion additional hour,$328
CLM7701,99213,Office/outpatient visit,$133
CLM7701,11102,Skin biopsy,$211
CLM7702,36415,Blood draw,$28
CLM7702,80050,General health panel,$346
CLM7703,93306,Echocardiogram complete,$1104
CLM7704,93000,EKG/ECG with interpretation,$140
CLM7704,71020,Chest X-ray,$106
CLM7705,93000,EKG/ECG with interpretation,$147
CLM7706,36415,Blood draw,$32
CLM7706,99214,Detailed office visit,$151
CLM7707,90834,Psychotherapy 45 minutes,$149
CLM7707,99214,Detailed office visit,$149
CLM7707,90791,Psychiatric diagnostic evaluation,$229
CLM7708,80053,Comprehensive metabolic panel,$64
CLM7709,99213,Office/outpatient visit,$132
CLM7709,20610,Major joint injection,$270
CLM7710,93015,Cardiac stress test,$965
CLM7711,80050,General health panel,$292
CLM7711,85025,Complete blood count,$50
CLM7711,71020,Chest X-ray,$102
CLM7712,90707,MMR vaccine,$96
CLM7712,99392,Preventive visit age 1-4,$198
CLM7712,87880,Rapid strep test,$32
CLM7713,96415,Chemotherapy infusion additional hour,$322
CLM7713,99215,Comprehensive office visit,$238
CLM7714,80061,Lipid panel,$51
CLM7715,93306,Echocardiogram complete,$1148
CLM7715,93000,EKG/ECG with interpretation,$163
CLM7716,93000,EKG/ECG with interpretation,$142
CLM7716,70450,CT head without contrast,$853
CLM7717,99214,Detailed office visit,$121
CLM7718,71020,Chest X-ray,$120
CLM7719,71020,Chest X-ray,$112
CLM7719,80061,Lipid panel,$55
CLM7720,96910,Phototherapy treatment,$178
CLM7721,70450,CT head without contrast,$908
CLM7722,90834,Psychotherapy 45 minutes,$163
CLM7723,90791,Psychiatric diagnostic evaluation,$229
CLM7723,99214,Detailed office visit,$123
CLM7724,36415,Blood draw,$29
CLM7725,87880,Rapid strep test,$40
CLM7725,99392,Preventive visit age 1-4,$190
CLM7726,36415,Blood draw,$29
CLM7727,85025,Complete blood count,$50
CLM7728,99214,Detailed office visit,$143
CLM7729,99213,Office/outpatient visit,$134
CLM7730,36415,Blood draw,$27
CLM7730,83036,Hemoglobin A1c,$37
CLM7731,71020,Chest X-ray,$115
CLM7731,70450,CT head without contrast,$818
CLM7731,99283,ED visit moderate severity,$416
CLM7732,80053,Comprehensive metabolic panel,$68
CLM7733,99214,Detailed office visit,$141
CLM7734,36415,Blood draw,$28
CLM7735,36415,Blood draw,$32
CLM7736,83036,Hemoglobin A1c,$45
CLM7736,36415,Blood draw,$31
CLM7736,93000,EKG/ECG with interpretation,$160
CLM7737,80061,Lipid panel,$53
CLM7737,99214,Detailed office visit,$133
CLM7738,99214,Detailed office visit,$137
CLM7739,85025,Complete blood count,$50
CLM7739,99215,Comprehensive office visit,$200
CLM7740,85025,Complete blood count,$48
CLM7740,96415,Chemotherapy infusion additional hour,$345
CLM7741,87070,Bacteria culture,$84
CLM7742,99214,Detailed office visit,$122
CLM7743,82947,Glucose test,$23
CLM7743,36415,Blood draw,$34
CLM7744,80061,Lipid panel,$57
CLM7745,71020,Chest X-ray,$120
CLM7746,85025,Complete blood count,$49
CLM7747,36415,Blood draw,$29
CLM7748,99392,Preventive visit age 1-4,$162
CLM7748,90707,MMR vaccine,$91
CLM7749,87070,Bacteria culture,$88
CLM7749,99213,Office/outpatient visit,$129
CLM7749,80061,Lipid panel,$53
CLM7750,11102,Skin biopsy,$197
CLM7751,80061,Lipid panel,$58
CLM7752,99214,Detailed office visit,$126
CLM7753,85025,Complete blood count,$43
CLM7754,90707,MMR vaccine,$103
CLM7755,85025,Complete blood count,$44
CLM7756,90460,Immunization administration,$39
CLM7756,99392,Preventive visit age 1-4,$202
CLM7757,93000,EKG/ECG with interpretation,$164
CLM7758,99214,Detailed office visit,$141
CLM7759,99213,Office/outpatient visit,$132
CLM7760,36415,Blood draw,$30
CLM7760,99213,Office/outpatient visit,$132
CLM7761,36415,Blood draw,$32
CLM7761,93000,EKG/ECG with interpretation,$174
CLM7762,71020,Chest X-ray,$116
CLM7763,90834,Psychotherapy 45 minutes,$149
CLM7763,99214,Detailed office visit,$134
CLM7764,93000,EKG/ECG with interpretation,$151
CLM7765,36415,Blood draw,$29
CLM7765,80053,Comprehensive metabolic panel,$56
CLM7766,99214,Detailed office visit,$137
CLM7766,90834,Psychotherapy 45 minutes,$152
CLM7767,36415,Blood draw,$35
CLM7768,83036,Hemoglobin A1c,$41
CLM7768,36415,Blood draw,$28
CLM7769,76805,Obstetric ultrasound,$456
CLM7769,88175,Pap smear cytology,$73
CLM7769,99214,Detailed office visit,$142
CLM7770,93000,EKG/ECG with interpretation,$160
CLM7770,99214,Detailed office visit,$137
CLM7771,99214,Detailed office visit,$131
CLM7771,36415,Blood draw,$30
CLM7772,85025,Complete blood count,$49
CLM7773,93000,EKG/ECG with interpretation,$157
CLM7774,80053,Comprehensive metabolic panel,$54
CLM7774,36415,Blood draw,$28
CLM7775,99283,ED visit moderate severity,$415
CLM7775,93000,EKG/ECG with interpretation,$171
CLM7775,99285,ED visit high severity,$1347
CLM7776,99214,Detailed office visit,$147
CLM7777,80061,Lipid panel,$64
CLM7778,71020,Chest X-ray,$128
CLM7778,70450,CT head without contrast,$854
CLM7778,93000,EKG/ECG with interpretation,$156
CLM7779,94640,Nebulizer treatment,$47
CLM7780,99213,Office/outpatient visit,$131
CLM7781,99214,Detailed office visit,$120
CLM7782,99214,Detailed office visit,$138
CLM7783,85025,Complete blood count,$47
CLM7783,77385,IMRT radiation treatment,$2595
CLM7784,71020,Chest X-ray,$112
CLM7785,94640,Nebulizer treatment,$52
CLM7786,94640,Nebulizer treatment,$46
CLM7787,99392,Preventive visit age 1-4,$190
CLM7788,99214,Detailed office visit,$143
CLM7789,93000,EKG/ECG with interpretation,$148
CLM7790,85025,Complete blood count,$41
CLM7790,87070,Bacteria culture,$86
CLM7791,73721,MRI knee,$1525
CLM7792,87880,Rapid strep test,$40
CLM7792,90707,MMR vaccine,$103
CLM7792,90460,Immunization administration,$40
CLM7793,82947,Glucose test,$29
CLM7794,84443,TSH test,$64
CLM7794,36415,Blood draw,$30
CLM7794,83036,Hemoglobin A1c,$40
CLM7795,83036,Hemoglobin A1c,$42
CLM7795,93000,EKG/ECG with interpretation,$150
CLM7795,36415,Blood draw,$33
CLM7796,73030,Shoulder X-ray,$129
CLM7796,99213,Office/outpatient visit,$137
CLM7796,20610,Major joint injection,$225
CLM7797,87880,Rapid strep test,$34
CLM7798,17000,Destruction of skin lesion,$120
CLM7799,90707,MMR vaccine,$82
CLM7799,99392,Preventive visit age 1-4,$201
CLM7800,99213,Office/outpatient visit,$129
CLM7800,90460,Immunization administration,$44
CLM7801,90791,Psychiatric diagnostic evaluation,$285
CLM7802,71020,Chest X-ray,$108
CLM7802,93000,EKG/ECG with interpretation,$174
CLM7803,93015,Cardiac stress test,$943
CLM7804,99214,Detailed office visit,$146
CLM7804,94640,Nebulizer treatment,$47
CLM7805,99213,Office/outpatient visit,$141
CLM7806,80061,Lipid panel,$58
CLM7807,96415,Chemotherapy infusion additional hour,$389
CLM7807,85025,Complete blood count,$47
CLM7808,99214,Detailed office visit,$134
CLM7808,93000,EKG/ECG with interpretation,$153
CLM7809,93000,EKG/ECG with interpretation,$169
CLM7809,80053,Comprehensive metabolic panel,$55
CLM7810,93000,EKG/ECG with interpretation,$155
CLM7811,90707,MMR vaccine,$96
CLM7812,87880,Rapid strep test,$35
CLM7812,99213,Office/outpatient visit,$116
CLM7813,85025,Complete blood count,$43
CLM7813,87070,Bacteria culture,$90
CLM7814,80050,General health panel,$342
CLM7814,99214,Detailed office visit,$132
CLM7815,99214,Detailed office visit,$139
CLM7815,93015,Cardiac stress test,$940
CLM7816,99213,Office/outpatient visit,$124
CLM7816,36415,Blood draw,$34
CLM7816,85025,Complete blood count,$41
CLM7817,83036,Hemoglobin A1c,$44
CLM7818,87070,Bacteria culture,$86
CLM7819,99392,Preventive visit age 1-4,$183
CLM7820,99392,Preventive visit age 1-4,$198
CLM7821,36415,Blood draw,$31
CLM7821,87070,Bacteria culture,$76
CLM7822,99214,Detailed office visit,$152
CLM7822,90837,Psychotherapy 60 minutes,$169
CLM7823,20610,Major joint injection,$254
CLM7823,73030,Shoulder X-ray,$128
CLM7824,99392,Preventive visit age 1-4,$188
CLM7824,87880,Rapid strep test,$38
CLM7825,99214,Detailed office visit,$124
CLM7826,90834,Psychotherapy 45 minutes,$144
CLM7827,83036,Hemoglobin A1c,$42
CLM7827,99215,Comprehensive office visit,$211
CLM7828,71020,Chest X-ray,$108
CLM7828,85025,Complete blood count,$41
CLM7829,80050,General health panel,$303
CLM7829,36415,Blood draw,$34
CLM7830,36415,Blood draw,$29
CLM7831,99213,Office/outpatient visit,$130
CLM7831,20610,Major joint injection,$235
CLM7832,83036,Hemoglobin A1c,$40
CLM7832,36415,Blood draw,$35
CLM7832,82947,Glucose test,$23
CLM7833,85025,Complete blood count,$51
CLM7834,71020,Chest X-ray,$116
CLM7835,85025,Complete blood count,$52
CLM7836,80061,Lipid panel,$65
CLM7837,80061,Lipid panel,$60
CLM7838,80050,General health panel,$274
CLM7838,99214,Detailed office visit,$132
CLM7839,73721,MRI knee,$1610
CLM7839,99213,Office/outpatient visit,$139
CLM7839,73030,Shoulder X-ray,$138
CLM7840,80050,General health panel,$321
CLM7840,99214,Detailed office visit,$134
CLM7841,80061,Lipid panel,$54
CLM7841,99213,Office/outpatient visit,$138
CLM7841,80050,General health panel,$316
CLM7842,36415,Blood draw,$32
CLM7842,83036,Hemoglobin A1c,$37
CLM7843,80050,General health panel,$291
CLM7844,93458,Cardiac catheterization,$4346
CLM7844,93015,Cardiac stress test,$842
CLM7845,99215,Comprehensive office visit,$204
CLM7845,36415,Blood draw,$29
CLM7846,99214,Detailed office visit,$153
CLM7847,99214,Detailed office visit,$141
CLM7848,87880,Rapid strep test,$35
CLM7849,93000,EKG/ECG with interpretation,$167
CLM7850,85025,Complete blood count,$47
CLM7851,93000,EKG/ECG with interpretation,$135
CLM7851,99214,Detailed office visit,$152
CLM7851,93306,Echocardiogram complete,$1319
CLM7852,85025,Complete blood count,$46
CLM7852,99215,Comprehensive office visit,$194
CLM7853,85025,Complete blood count,$45
CLM7854,99214,Detailed office visit,$124
CLM7854,90837,Psychotherapy 60 minutes,$178
CLM7854,90791,Psychiatric diagnostic evaluation,$268
CLM7855,99214,Detailed office visit,$147
CLM7856,90837,Psychotherapy 60 minutes,$206
CLM7857,99215,Comprehensive office visit,$211
CLM7858,36415,Blood draw,$28
CLM7859,83036,Hemoglobin A1c,$37
CLM7860,99214,Detailed office visit,$117
CLM7860,90791,Psychiatric diagnostic evaluation,$261
CLM7861,83036,Hemoglobin A1c,$43
CLM7862,99215,Comprehensive office visit,$219
CLM7863,93000,EKG/ECG with interpretation,$166
CLM7864,82947,Glucose test,$24
CLM7864,83036,Hemoglobin A1c,$40
CLM7865,99214,Detailed office visit,$143
CLM7865,93000,EKG/ECG with interpretation,$177
CLM7866,99214,Detailed office visit,$118
CLM7866,90837,Psychotherapy 60 minutes,$182
CLM7867,99214,Detailed office visit,$130
CLM7868,99214,Detailed office visit,$124
CLM7869,71020,Chest X-ray,$107
CLM7870,82947,Glucose test,$29
CLM7870,84443,TSH test,$61
CLM7871,93000,EKG/ECG with interpretation,$161
CLM7872,80050,General health panel,$288
CLM7873,99214,Detailed office visit,$129
CLM7874,99214,Detailed office visit,$120
CLM7875,93000,EKG/ECG with interpretation,$161
CLM7876,94010,Spirometry,$104
CLM7876,94640,Nebulizer treatment,$54
CLM7877,71020,Chest X-ray,$119
CLM7877,36415,Blood draw,$33
CLM7878,90460,Immunization administration,$46
CLM7879,90837,Psychotherapy 60 minutes,$162
CLM7880,99214,Detailed office visit,$126
CLM7880,93000,EKG/ECG with interpretation,$140
CLM7881,99213,Office/outpatient visit,$115
CLM7882,87070,Bacteria culture,$87
CLM7883,90791,Psychiatric diagnostic evaluation,$283
CLM7883,90837,Psychotherapy 60 minutes,$178
CLM7884,71020,Chest X-ray,$99
CLM7885,83036,Hemoglobin A1c,$38
CLM7886,85025,Complete blood count,$42
CLM7886,99215,Comprehensive office visit,$225
CLM7886,96415,Chemotherapy infusion additional hour,$332
CLM7887,71020,Chest X-ray,$129
CLM7887,93000,EKG/ECG with interpretation,$172
CLM7888,99285,ED visit high severity,$1112
CLM7888,71020,Chest X-ray,$114
CLM7889,80050,General health panel,$278
CLM7890,99214,Detailed office visit,$131
CLM7891,36415,Blood draw,$32
CLM7892,80050,General health panel,$274
CLM7892,85025,Complete blood count,$46
CLM7893,85025,Complete blood count,$44
CLM7893,71020,Chest X-ray,$105
CLM7894,17000,Destruction of skin lesion,$137
CLM7894,11102,Skin biopsy,$183
CLM7895,17000,Destruction of skin lesion,$108
CLM7896,99213,Office/outpatient visit,$136
CLM7897,99214,Detailed office visit,$138
CLM7898,80053,Comprehensive metabolic panel,$68
CLM7899,99214,Detailed office visit,$118
CLM7900,36415,Blood draw,$33
CLM7900,83036,Hemoglobin A1c,$39
CLM7901,94010,Spirometry,$96
CLM7901,94640,Nebulizer treatment,$53
CLM7902,36415,Blood draw,$32
CLM7903,90707,MMR vaccine,$95
CLM7903,99213,Office/outpatient visit,$123
CLM7904,94010,Spirometry,$90
CLM7904,94640,Nebulizer treatment,$48
CLM7905,99214,Detailed office visit,$117
CLM7906,83036,Hemoglobin A1c,$44
CLM7906,36415,Blood draw,$28
CLM7906,93000,EKG/ECG with interpretation,$174
CLM7907,83036,Hemoglobin A1c,$41
CLM7908,80053,Comprehensive metabolic panel,$69
CLM7909,20610,Major joint injection,$241
CLM7910,94640,Nebulizer treatment,$47
CLM7911,85025,Complete blood count,$47
CLM7912,93306,Echocardiogram complete,$1379
CLM7913,83036,Hemoglobin A1c,$42
CLM7913,80053,Comprehensive metabolic panel,$65
CLM7914,71020,Chest X-ray,$110
CLM7915,93000,EKG/ECG with interpretation,$135
CLM7916,99215,Comprehensive office visit,$212
CLM7917,99214,Detailed office visit,$133
CLM7918,73030,Shoulder X-ray,$126
CLM7919,94640,Nebulizer treatment,$49
CLM7920,99215,Comprehensive office visit,$202
CLM7920,85025,Complete blood count,$46
CLM7920,77385,IMRT radiation treatment,$2355
CLM7921,99213,Office/outpatient visit,$120
CLM7922,36415,Blood draw,$28
CLM7922,99215,Comprehensive office visit,$202
CLM7922,80053,Comprehensive metabolic panel,$55
CLM7923,80061,Lipid panel,$65
CLM7924,85025,Complete blood count,$46
CLM7925,90460,Immunization administration,$43
CLM7925,87880,Rapid strep test,$41
CLM7926,99392,Preventive visit age 1-4,$192
CLM7927,87070,Bacteria culture,$84
CLM7928,80061,Lipid panel,$61
CLM7928,99214,Detailed office visit,$135
CLM7928,87070,Bacteria culture,$93
CLM7929,93000,EKG/ECG with interpretation,$138
CLM7929,99214,Detailed office visit,$152
CLM7930,90837,Psychotherapy 60 minutes,$201
CLM7930,90834,Psychotherapy 45 minutes,$126
CLM7931,17000,Destruction of skin lesion,$122
CLM7931,96910,Phototherapy treatment,$172
CLM7932,99213,Office/outpatient visit,$118
CLM7933,99214,Detailed office visit,$139
CLM7933,93000,EKG/ECG with interpretation,$151
CLM7934,90460,Immunization administration,$44
CLM7935,99214,Detailed office visit,$130
CLM7936,94010,Spirometry,$95
CLM7937,99215,Comprehensive office visit,$230
CLM7938,87070,Bacteria culture,$86
CLM7938,85025,Complete blood count,$49
CLM7939,73030,Shoulder X-ray,$112
CLM7940,17000,Destruction of skin lesion,$108
CLM7941,93000,EKG/ECG with interpretation,$135
CLM7941,99285,ED visit high severity,$1329
CLM7942,36415,Blood draw,$30
CLM7942,99213,Office/outpatient visit,$139
CLM7943,99213,Office/outpatient visit,$123
CLM7943,20610,Major joint injection,$239
CLM7944,90837,Psychotherapy 60 minutes,$173
CLM7944,99214,Detailed office visit,$121
CLM7945,93000,EKG/ECG with interpretation,$165
CLM7946,36415,Blood draw,$29
CLM7946,80061,Lipid panel,$59
CLM7946,87070,Bacteria culture,$78
CLM7947,85025,Complete blood count,$45
CLM7948,99285,ED visit high severity,$1398
CLM7948,71020,Chest X-ray,$106
CLM7949,36415,Blood draw,$28
CLM7949,82947,Glucose test,$25
CLM7950,99213,Office/outpatient visit,$124
CLM7950,96910,Phototherapy treatment,$163
CLM7951,93000,EKG/ECG with interpretation,$157
CLM7951,99285,ED visit high severity,$1414
CLM7952,90834,Psychotherapy 45 minutes,$160
CLM7952,99214,Detailed office visit,$143
CLM7953,85025,Complete blood count,$51
CLM7954,99214,Detailed office visit,$138
CLM7954,93000,EKG/ECG with interpretation,$141
CLM7955,80050,General health panel,$331
CLM7956,85025,Complete blood count,$47
CLM7957,83036,Hemoglobin A1c,$42
CLM7957,36415,Blood draw,$29
CLM7958,88175,Pap smear cytology,$78
CLM7959,90460,Immunization administration,$44
CLM7960,99283,ED visit moderate severity,$500
CLM7961,36415,Blood draw,$35
CLM7962,70450,CT head without contrast,$989
CLM7962,71020,Chest X-ray,$110
CLM7963,90791,Psychiatric diagnostic evaluation,$265
CLM7963,90834,Psychotherapy 45 minutes,$136
CLM7963,99214,Detailed office visit,$126
CLM7964,87070,Bacteria culture,$93
CLM7964,36415,Blood draw,$28
CLM7965,71020,Chest X-ray,$127
CLM7966,83036,Hemoglobin A1c,$38
CLM7966,99214,Detailed office visit,$129
CLM7967,93306,Echocardiogram complete,$1100
CLM7968,93015,Cardiac stress test,$812
CLM7968,99214,Detailed office visit,$148
CLM7969,36415,Blood draw,$27
CLM7969,99214,Detailed office visit,$123
CLM7970,70450,CT head without contrast,$933
CLM7971,93000,EKG/ECG with interpretation,$145
CLM7972,36415,Blood draw,$31
CLM7973,17000,Destruction of skin lesion,$139
CLM7974,99214,Detailed office visit,$134
CLM7975,36415,Blood draw,$28
CLM7976,36415,Blood draw,$30
CLM7976,99214,Detailed office visit,$127
CLM7977,71020,Chest X-ray,$111
CLM7978,17000,Destruction of skin lesion,$125
CLM7979,99215,Comprehensive office visit,$198
CLM7980,87070,Bacteria culture,$87
CLM7981,96415,Chemotherapy infusion additional hour,$365
CLM7981,85025,Complete blood count,$43
CLM7982,83036,Hemoglobin A1c,$42
CLM7982,82947,Glucose test,$23
CLM7983,36415,Blood draw,$28
CLM7983,99215,Comprehensive office visit,$194
CLM7984,99214,Detailed office visit,$141
CLM7984,88175,Pap smear cytology,$73
CLM7984,76805,Obstetric ultrasound,$383
CLM7985,85025,Complete blood count,$50
CLM7985,80061,Lipid panel,$56
CLM7986,36415,Blood draw,$30
CLM7987,93000,EKG/ECG with interpretation,$173
CLM7988,99213,Office/outpatient visit,$117
CLM7989,99215,Comprehensive office visit,$189
CLM7990,99214,Detailed office visit,$131
CLM7991,85025,Complete blood count,$51
CLM7992,36415,Blood draw,$34
CLM7992,80053,Comprehensive metabolic panel,$63
CLM7993,84443,TSH test,$53
CLM7994,99213,Office/outpatient visit,$141
CLM7995,83036,Hemoglobin A1c,$38
CLM7995,36415,Blood draw,$32
CLM7995,82947,Glucose test,$28
CLM7996,99213,Office/outpatient visit,$119
CLM7997,80050,General health panel,$300
CLM7997,71020,Chest X-ray,$100
CLM7998,99214,Detailed office visit,$139
CLM7998,93015,Cardiac stress test,$919
CLM7999,73030,Shoulder X-ray,$127
CLM8000,83036,Hemoglobin A1c,$38
CLM8001,80050,General health panel,$343
CLM8002,96910,Phototherapy treatment,$154
CLM8002,17000,Destruction of skin lesion,$119
CLM8003,99214,Detailed office visit,$148
CLM8004,99214,Detailed office visit,$123
CLM8004,93306,Echocardiogram complete,$1130
CLM8005,99214,Detailed office visit,$145
CLM8006,36415,Blood draw,$28
CLM8007,80050,General health panel,$311
CLM8007,36415,Blood draw,$31
CLM8008,99214,Detailed office visit,$128
CLM8008,93306,Echocardiogram complete,$1332
CLM8009,20610,Major joint injection,$261
CLM8009,73030,Shoulder X-ray,$113
CLM8009,73721,MRI knee,$1439
CLM8010,36415,Blood draw,$33
CLM8011,17000,Destruction of skin lesion,$141
CLM8012,99214,Detailed office visit,$153
CLM8013,99214,Detailed office visit,$143
CLM8014,80053,Comprehensive metabolic panel,$64
CLM8015,90834,Psychotherapy 45 minutes,$155
CLM8016,88175,Pap smear cytology,$66
CLM8017,85025,Complete blood count,$45
CLM8018,90707,MMR vaccine,$92
CLM8019,87880,Rapid strep test,$36
CLM8020,88175,Pap smear cytology,$79
CLM8021,90834,Psychotherapy 45 minutes,$147
CLM8021,99214,Detailed office visit,$138
CLM8022,99214,Detailed office visit,$123
CLM8022,93000,EKG/ECG with interpretation,$175
CLM8022,93015,Cardiac stress test,$945
CLM8023,96413,Chemotherapy infusion first hour,$1219
CLM8024,99215,Comprehensive office visit,$221
CLM8025,93000,EKG/ECG with interpretation,$166
CLM8026,84443,TSH test,$53
CLM8026,99214,Detailed office visit,$147
CLM8027,99213,Office/outpatient visit,$134
CLM8028,83036,Hemoglobin A1c,$47
CLM8029,99213,Office/outpatient visit,$122
CLM8029,71020,Chest X-ray,$112
CLM8030,99392,Preventive visit age 1-4,$168
CLM8031,85025,Complete blood count,$45
CLM8032,71020,Chest X-ray,$99
CLM8032,99285,ED visit high severity,$1195
CLM8033,80053,Comprehensive metabolic panel,$57
CLM8033,83036,Hemoglobin A1c,$37
CLM8033,80050,General health panel,$283
CLM8034,93000,EKG/ECG with interpretation,$144
CLM8034,99214,Detailed office visit,$133
CLM8035,99215,Comprehensive office visit,$204
CLM8036,36415,Blood draw,$30
CLM8037,71020,Chest X-ray,$115
CLM8038,90460,Immunization administration,$46
CLM8039,93000,EKG/ECG with interpretation,$170
CLM8039,99214,Detailed office visit,$132
CLM8040,94010,Spirometry,$85
CLM8040,94640,Nebulizer treatment,$49
CLM8041,99215,Comprehensive office visit,$194
CLM8041,93000,EKG/ECG with interpretation,$148
CLM8041,83036,Hemoglobin A1c,$42
CLM8042,85025,Complete blood count,$45
CLM8042,99214,Detailed office visit,$151
CLM8042,87070,Bacteria culture,$91
CLM8043,71020,Chest X-ray,$114
CLM8044,20610,Major joint injection,$263
CLM8044,73030,Shoulder X-ray,$129
CLM8045,90837,Psychotherapy 60 minutes,$172
CLM8046,85025,Complete blood count,$51
CLM8047,83036,Hemoglobin A1c,$44
CLM8048,85025,Complete blood count,$42
CLM8048,36415,Blood draw,$31
CLM8049,82947,Glucose test,$25
CLM8050,90460,Immunization administration,$36
CLM8050,87880,Rapid strep test,$40
CLM8051,82947,Glucose test,$24
CLM8051,36415,Blood draw,$35
CLM8052,71020,Chest X-ray,$127
CLM8053,93015,Cardiac stress test,$852
CLM8054,99213,Office/outpatient visit,$117
CLM8055,36415,Blood draw,$28
CLM8056,80061,Lipid panel,$53
CLM8057,85025,Complete blood count,$52
CLM8058,99214,Detailed office visit,$125
CLM8059,99213,Office/outpatient visit,$129
CLM8060,94640,Nebulizer treatment,$58
CLM8061,36415,Blood draw,$31
CLM8062,80053,Comprehensive metabolic panel,$66
CLM8063,99214,Detailed office visit,$146
CLM8063,76805,Obstetric ultrasound,$467
CLM8064,36415,Blood draw,$32
CLM8065,93000,EKG/ECG with interpretation,$154
CLM8065,99214,Detailed office visit,$144
CLM8066,36415,Blood draw,$35
CLM8066,71020,Chest X-ray,$120
CLM8067,85025,Complete blood count,$46
CLM8067,71020,Chest X-ray,$116
CLM8068,99214,Detailed office visit,$123
CLM8069,77385,IMRT radiation treatment,$2391
CLM8070,93000,EKG/ECG with interpretation,$160
CLM8070,99214,Detailed office visit,$149
CLM8071,99283,ED visit moderate severity,$486
CLM8072,11102,Skin biopsy,$198
CLM8072,17000,Destruction of skin lesion,$132
CLM8073,36415,Blood draw,$31
CLM8074,83036,Hemoglobin A1c,$39
CLM8075,99213,Office/outpatient visit,$137
CLM8075,73030,Shoulder X-ray,$116
CLM8075,20610,Major joint injection,$257
CLM8076,99213,Office/outpatient visit,$141
CLM8077,99213,Office/outpatient visit,$121
CLM8078,36415,Blood draw,$32
CLM8078,80050,General health panel,$345
CLM8079,93000,EKG/ECG with interpretation,$176
CLM8079,99214,Detailed office visit,$153
CLM8079,93306,Echocardiogram complete,$1132
CLM8080,90834,Psychotherapy 45 minutes,$157
CLM8080,90791,Psychiatric diagnostic evaluation,$238
CLM8080,99214,Detailed office visit,$118
CLM8081,99214,Detailed office visit,$131
CLM8081,93000,EKG/ECG with interpretation,$159
CLM8082,80061,Lipid panel,$56
CLM8082,85025,Complete blood count,$52
CLM8083,99392,Preventive visit age 1-4,$187
CLM8083,90707,MMR vaccine,$100
CLM8084,85025,Complete blood count,$50
CLM8085,87880,Rapid strep test,$32
CLM8085,99213,Office/outpatient visit,$122
CLM8085,90707,MMR vaccine,$104
CLM8086,85025,Complete blood count,$42
CLM8086,96415,Chemotherapy infusion additional hour,$392
CLM8087,85025,Complete blood count,$44
CLM8088,80061,Lipid panel,$55
CLM8088,36415,Blood draw,$32
CLM8088,99213,Office/outpatient visit,$138
CLM8089,93000,EKG/ECG with interpretation,$155
CLM8090,99214,Detailed office visit,$135
CLM8091,70450,CT head without contrast,$912
CLM8092,71020,Chest X-ray,$112
CLM8092,36415,Blood draw,$34
CLM8093,71020,Chest X-ray,$105
CLM8094,93015,Cardiac stress test,$771
CLM8095,17000,Destruction of skin lesion,$124
CLM8095,11102,Skin biopsy,$200
CLM8096,36415,Blood draw,$34
CLM8096,71020,Chest X-ray,$100
CLM8097,99214,Detailed office visit,$153
CLM8098,36415,Blood draw,$29
CLM8098,82947,Glucose test,$26
CLM8099,99213,Office/outpatient visit,$133
CLM8100,96413,Chemotherapy infusion first hour,$1043
CLM8101,90460,Immunization administration,$38
CLM8102,80050,General health panel,$315
CLM8103,90460,Immunization administration,$39
CLM8104,93000,EKG/ECG with interpretation,$156
CLM8105,99213,Office/outpatient visit,$128
CLM8106,93015,Cardiac stress test,$825
CLM8107,99215,Comprehensive office visit,$198
CLM8108,99392,Preventive visit age 1-4,$176
CLM8109,99214,Detailed office visit,$133
CLM8110,99214,Detailed office visit,$146
CLM8111,83036,Hemoglobin A1c,$37
CLM8112,85025,Complete blood count,$49
CLM8113,93000,EKG/ECG with interpretation,$138
CLM8113,80053,Comprehensive metabolic panel,$61
CLM8113,83036,Hemoglobin A1c,$37
CLM8114,17000,Destruction of skin lesion,$129
CLM8114,99213,Office/outpatient visit,$136
CLM8115,36415,Blood draw,$33
CLM8115,99214,Detailed office visit,$118
CLM8115,83036,Hemoglobin A1c,$36
CLM8116,99214,Detailed office visit,$120
CLM8117,87880,Rapid strep test,$38
CLM8117,99392,Preventive visit age 1-4,$170
CLM8118,99215,Comprehensive office visit,$209
CLM8119,99213,Office/outpatient visit,$111
CLM8120,80050,General health panel,$324
CLM8121,94640,Nebulizer treatment,$56
CLM8121,94010,Spirometry,$100
CLM8122,99214,Detailed office visit,$128
CLM8123,85025,Complete blood count,$50
CLM8124,96910,Phototherapy treatment,$187
CLM8125,36415,Blood draw,$35
CLM8126,99214,Detailed office visit,$126
CLM8127,99214,Detailed office visit,$133
CLM8128,83036,Hemoglobin A1c,$41
CLM8129,83036,Hemoglobin A1c,$46
CLM8129,36415,Blood draw,$33
CLM8130,99214,Detailed office visit,$138
CLM8131,84443,TSH test,$54
CLM8132,99213,Office/outpatient visit,$124
CLM8132,73030,Shoulder X-ray,$132
CLM8132,20610,Major joint injection,$239
CLM8133,99214,Detailed office visit,$145
CLM8134,80061,Lipid panel,$62
CLM8134,36415,Blood draw,$33
CLM8135,99213,Office/outpatient visit,$116
CLM8136,77385,IMRT radiation treatment,$2420
CLM8137,85025,Complete blood count,$53
CLM8137,80061,Lipid panel,$60
CLM8138,71020,Chest X-ray,$117
CLM8139,99214,Detailed office visit,$143
CLM8139,87070,Bacteria culture,$89
CLM8140,99214,Detailed office visit,$148
CLM8141,99214,Detailed office visit,$140
CLM8141,85025,Complete blood count,$51
CLM8142,36415,Blood draw,$32
CLM8143,87880,Rapid strep test,$32
CLM8144,93000,EKG/ECG with interpretation,$169
CLM8144,99214,Detailed office visit,$118
CLM8144,93458,Cardiac catheterization,$4248
CLM8145,90791,Psychiatric diagnostic evaluation,$233
CLM8146,99392,Preventive visit age 1-4,$181
CLM8147,80050,General health panel,$287
CLM8147,99214,Detailed office visit,$122
CLM8148,80053,Comprehensive metabolic panel,$63
CLM8149,93015,Cardiac stress test,$981
CLM8150,93000,EKG/ECG with interpretation,$167
CLM8151,94640,Nebulizer treatment,$54
CLM8151,99214,Detailed office visit,$127
CLM8152,99214,Detailed office visit,$152
CLM8152,71020,Chest X-ray,$119
CLM8153,99214,Detailed office visit,$153
CLM8153,90834,Psychotherapy 45 minutes,$161
CLM8153,90837,Psychotherapy 60 minutes,$210
CLM8154,99214,Detailed office visit,$144
CLM8154,93000,EKG/ECG with interpretation,$174
CLM8155,80050,General health panel,$346
CLM8155,99214,Detailed office visit,$144
CLM8156,36415,Blood draw,$32
CLM8157,71020,Chest X-ray,$119
CLM8157,93000,EKG/ECG with interpretation,$159
CLM8158,99214,Detailed office visit,$150
CLM8159,36415,Blood draw,$32
CLM8160,99214,Detailed office visit,$142
CLM8161,93000,EKG/ECG with interpretation,$139
CLM8162,93015,Cardiac stress test,$812
CLM8162,93000,EKG/ECG with interpretation,$172
CLM8163,83036,Hemoglobin A1c,$39
CLM8164,93458,Cardiac catheterization,$4533
CLM8165,87070,Bacteria culture,$76
CLM8165,36415,Blood draw,$35
CLM8166,36415,Blood draw,$33
CLM8166,99213,Office/outpatient visit,$139
CLM8166,80061,Lipid panel,$63
CLM8167,11102,Skin biopsy,$164
CLM8168,82947,Glucose test,$29
CLM8168,36415,Blood draw,$31
CLM8169,85025,Complete blood count,$50
CLM8169,87070,Bacteria culture,$81
CLM8170,99392,Preventive visit age 1-4,$207
CLM8171,99283,ED visit moderate severity,$500
CLM8172,93015,Cardiac stress test,$899
CLM8172,93000,EKG/ECG with interpretation,$156
CLM8173,80061,Lipid panel,$64
CLM8174,99213,Office/outpatient visit,$120
CLM8174,99392,Preventive visit age 1-4,$184
CLM8175,85025,Complete blood count,$52
CLM8176,11102,Skin biopsy,$204
CLM8177,99213,Office/outpatient visit,$128
CLM8178,71020,Chest X-ray,$120
CLM8179,80050,General health panel,$341
CLM8179,99213,Office/outpatient visit,$113
CLM8179,71020,Chest X-ray,$125
CLM8180,90460,Immunization administration,$44
CLM8181,99213,Office/outpatient visit,$128
CLM8182,94010,Spirometry,$94
CLM8182,94640,Nebulizer treatment,$47
CLM8182,71020,Chest X-ray,$101
CLM8183,85025,Complete blood count,$47
CLM8184,99214,Detailed office visit,$123
CLM8184,80050,General health panel,$306
CLM8185,99214,Detailed office visit,$145
CLM8186,94640,Nebulizer treatment,$49
CLM8187,99215,Comprehensive office visit,$246
CLM8187,80053,Comprehensive metabolic panel,$63
CLM8187,36415,Blood draw,$32
CLM8188,99392,Preventive visit age 1-4,$194
CLM8189,71020,Chest X-ray,$113
CLM8190,90837,Psychotherapy 60 minutes,$164
CLM8191,80061,Lipid panel,$51
CLM8192,93000,EKG/ECG with interpretation,$136
CLM8193,99214,Detailed office visit,$151
CLM8194,90837,Psychotherapy 60 minutes,$193
CLM8195,93000,EKG/ECG with interpretation,$154
CLM8195,36415,Blood draw,$33
CLM8195,99214,Detailed office visit,$151
CLM8196,36415,Blood draw,$34
CLM8197,36415,Blood draw,$32
CLM8197,99214,Detailed office visit,$118
CLM8197,83036,Hemoglobin A1c,$45
CLM8198,80061,Lipid panel,$52
CLM8199,87070,Bacteria culture,$81
CLM8200,70450,CT head without contrast,$963
CLM8201,36415,Blood draw,$27
CLM8202,17000,Destruction of skin lesion,$133
CLM8202,96910,Phototherapy treatment,$186
CLM8202,99213,Office/outpatient visit,$130
CLM8203,93458,Cardiac catheterization,$4073
CLM8204,71020,Chest X-ray,$125
CLM8204,99213,Office/outpatient visit,$139
CLM8205,96910,Phototherapy treatment,$177
CLM8205,99213,Office/outpatient visit,$129
CLM8206,99283,ED visit moderate severity,$486
CLM8206,71020,Chest X-ray,$113
CLM8206,99285,ED visit high severity,$1345
CLM8207,80061,Lipid panel,$63
CLM8207,36415,Blood draw,$33
CLM8208,80050,General health panel,$276
CLM8209,99214,Detailed office visit,$127
CLM8210,36415,Blood draw,$29
CLM8210,87070,Bacteria culture,$87
CLM8211,93000,EKG/ECG with interpretation,$153
CLM8211,93015,Cardiac stress test,$995
CLM8212,99214,Detailed office visit,$131
CLM8212,36415,Blood draw,$28
CLM8213,99214,Detailed office visit,$125
CLM8213,93000,EKG/ECG with interpretation,$169
CLM8214,94010,Spirometry,$83
CLM8214,94640,Nebulizer treatment,$56
CLM8215,71020,Chest X-ray,$100
CLM8216,80053,Comprehensive metabolic panel,$69
CLM8217,93000,EKG/ECG with interpretation,$166
CLM8217,99214,Detailed office visit,$133
CLM8218,99213,Office/outpatient visit,$124
CLM8218,80061,Lipid panel,$59
CLM8219,71020,Chest X-ray,$128
CLM8219,99283,ED visit moderate severity,$423
CLM8219,93000,EKG/ECG with interpretation,$154
CLM8220,93306,Echocardiogram complete,$1110
CLM8220,99214,Detailed office visit,$139
CLM8221,17000,Destruction of skin lesion,$127
CLM8222,90791,Psychiatric diagnostic evaluation,$287
CLM8223,96415,Chemotherapy infusion additional hour,$327
CLM8224,71020,Chest X-ray,$110
CLM8224,99214,Detailed office visit,$129
CLM8224,94640,Nebulizer treatment,$59
CLM8225,99213,Office/outpatient visit,$123
CLM8225,29881,Knee arthroscopy,$5301
CLM8225,73721,MRI knee,$1677
CLM8226,90707,MMR vaccine,$93
CLM8227,17000,Destruction of skin lesion,$128
CLM8228,80061,Lipid panel,$65
CLM8228,99214,Detailed office visit,$150
CLM8228,87070,Bacteria culture,$76
CLM8229,20610,Major joint injection,$276
CLM8230,90707,MMR vaccine,$103
CLM8230,99392,Preventive visit age 1-4,$196
CLM8230,99213,Office/outpatient visit,$122
CLM8231,99214,Detailed office visit,$148
CLM8231,87070,Bacteria culture,$72
CLM8232,93306,Echocardiogram complete,$1192
CLM8233,85025,Complete blood count,$50
CLM8234,87070,Bacteria culture,$84
CLM8235,73030,Shoulder X-ray,$130
CLM8235,99213,Office/outpatient visit,$138
CLM8236,85025,Complete blood count,$41
CLM8237,99213,Office/outpatient visit,$137
CLM8237,11102,Skin biopsy,$191
CLM8238,90707,MMR vaccine,$84
CLM8239,99215,Comprehensive office visit,$245
CLM8239,93000,EKG/ECG with interpretation,$138
CLM8240,36415,Blood draw,$28
CLM8241,83036,Hemoglobin A1c,$45
CLM8242,80050,General health panel,$271
CLM8242,36415,Blood draw,$29
CLM8243,90707,MMR vaccine,$88
CLM8243,99213,Office/outpatient visit,$120
CLM8244,36415,Blood draw,$33
CLM8245,85025,Complete blood count,$48
CLM8246,80061,Lipid panel,$55
CLM8246,85025,Complete blood count,$42
CLM8246,99214,Detailed office visit,$127
CLM8247,85025,Complete blood count,$46
CLM8247,96413,Chemotherapy infusion first hour,$1068
CLM8247,99215,Comprehensive office visit,$204
CLM8248,73030,Shoulder X-ray,$118
CLM8248,99213,Office/outpatient visit,$112
CLM8249,70450,CT head without contrast,$990
CLM8249,71020,Chest X-ray,$115
CLM8249,93000,EKG/ECG with interpretation,$149
CLM8250,93000,EKG/ECG with interpretation,$142
CLM8250,93015,Cardiac stress test,$981
CLM8251,83036,Hemoglobin A1c,$39
CLM8252,71020,Chest X-ray,$110
CLM8252,99214,Detailed office visit,$119
CLM8253,99214,Detailed office visit,$126
CLM8253,82947,Glucose test,$25
CLM8254,90707,MMR vaccine,$92
CLM8255,99214,Detailed office visit,$137
CLM8256,36415,Blood draw,$29
CLM8256,80053,Comprehensive metabolic panel,$62
CLM8257,99213,Office/outpatient visit,$131
CLM8258,36415,Blood draw,$31
CLM8259,83036,Hemoglobin A1c,$38
CLM8259,36415,Blood draw,$32
CLM8260,99214,Detailed office visit,$118
CLM8261,80053,Comprehensive metabolic panel,$69
CLM8261,36415,Blood draw,$30
CLM8262,99215,Comprehensive office visit,$219
CLM8262,85025,Complete blood count,$45
CLM8263,36415,Blood draw,$27
CLM8264,80050,General health panel,$334
CLM8264,80061,Lipid panel,$62
CLM8265,99214,Detailed office visit,$142
CLM8265,93000,EKG/ECG with interpretation,$160
CLM8266,80053,Comprehensive metabolic panel,$70
CLM8266,83036,Hemoglobin A1c,$42
CLM8267,99215,Comprehensive office visit,$247
CLM8267,80053,Comprehensive metabolic panel,$54
CLM8268,83036,Hemoglobin A1c,$36
CLM8268,99215,Comprehensive office visit,$200
CLM8268,36415,Blood draw,$34
CLM8269,83036,Hemoglobin A1c,$40
CLM8269,93000,EKG/ECG with interpretation,$137
CLM8269,99214,Detailed office visit,$121
CLM8270,85025,Complete blood count,$46
CLM8270,99213,Office/outpatient visit,$135
CLM8271,36415,Blood draw,$29
CLM8271,99215,Comprehensive office visit,$243
CLM8271,80053,Comprehensive metabolic panel,$55
CLM8272,87070,Bacteria culture,$84
CLM8272,71020,Chest X-ray,$108
CLM8272,36415,Blood draw,$29
CLM8273,99214,Detailed office visit,$142
CLM8274,93000,EKG/ECG with interpretation,$140
CLM8274,99283,ED visit moderate severity,$417
CLM8275,93000,EKG/ECG with interpretation,$158
CLM8276,87880,Rapid strep test,$35
CLM8277,87070,Bacteria culture,$87
CLM8277,80061,Lipid panel,$53
CLM8277,85025,Complete blood count,$43
CLM8278,36415,Blood draw,$32
CLM8278,85025,Complete blood count,$46
CLM8278,71020,Chest X-ray,$103
CLM8279,83036,Hemoglobin A1c,$40
CLM8280,82947,Glucose test,$24
CLM8281,80061,Lipid panel,$60
CLM8282,85025,Complete blood count,$48
CLM8282,96415,Chemotherapy infusion additional hour,$381
CLM8283,96910,Phototherapy treatment,$167
CLM8284,93000,EKG/ECG with interpretation,$163
CLM8285,93000,EKG/ECG with interpretation,$142
CLM8286,85025,Complete blood count,$43
CLM8287,99214,Detailed office visit,$150
CLM8288,17000,Destruction of skin lesion,$113
CLM8289,80061,Lipid panel,$64
CLM8289,87070,Bacteria culture,$78
CLM8290,93306,Echocardiogram complete,$1221
CLM8291,99214,Detailed office visit,$138
CLM8291,88175,Pap smear cytology,$82
CLM8292,95810,Sleep study,$1633
CLM8293,11102,Skin biopsy,$204
CLM8294,80053,Comprehensive metabolic panel,$66
CLM8294,80050,General health panel,$347
CLM8295,73030,Shoulder X-ray,$137
CLM8296,71020,Chest X-ray,$113
CLM8297,94010,Spirometry,$104
CLM8298,99214,Detailed office visit,$152
CLM8298,36415,Blood draw,$30
CLM8299,99392,Preventive visit age 1-4,$170
CLM8299,87880,Rapid strep test,$35
CLM8300,99214,Detailed office visit,$129
CLM8300,93000,EKG/ECG with interpretation,$158
CLM8301,80050,General health panel,$336
CLM8302,94010,Spirometry,$90
CLM8303,93306,Echocardiogram complete,$1300
CLM8304,99214,Detailed office visit,$151
CLM8305,99213,Office/outpatient visit,$114
CLM8305,11102,Skin biopsy,$185
CLM8306,99214,Detailed office visit,$139
CLM8307,93000,EKG/ECG with interpretation,$168
CLM8308,90707,MMR vaccine,$105
CLM8309,85025,Complete blood count,$47
CLM8310,99392,Preventive visit age 1-4,$194
CLM8310,87880,Rapid strep test,$40
CLM8310,99213,Office/outpatient visit,$139
CLM8311,36415,Blood draw,$33
CLM8312,71020,Chest X-ray,$128
CLM8313,80053,Comprehensive metabolic panel,$68
CLM8314,90837,Psychotherapy 60 minutes,$208
CLM8315,70450,CT head without contrast,$1015
CLM8316,99214,Detailed office visit,$124
CLM8316,71020,Chest X-ray,$128
CLM8316,99213,Office/outpatient visit,$112
CLM8317,99214,Detailed office visit,$126
CLM8318,80053,Comprehensive metabolic panel,$61
CLM8319,93000,EKG/ECG with interpretation,$135
CLM8319,99214,Detailed office visit,$119
CLM8320,82947,Glucose test,$25
CLM8321,87880,Rapid strep test,$35
CLM8321,99392,Preventive visit age 1-4,$202
CLM8322,96910,Phototherapy treatment,$188
CLM8323,93000,EKG/ECG with interpretation,$148
CLM8323,99283,ED visit moderate severity,$411
CLM8323,71020,Chest X-ray,$105
CLM8324,99214,Detailed office visit,$148
CLM8324,93000,EKG/ECG with interpretation,$150
CLM8324,36415,Blood draw,$30
CLM8325,99213,Office/outpatient visit,$121
CLM8326,93000,EKG/ECG with interpretation,$168
CLM8326,80053,Comprehensive metabolic panel,$60
CLM8326,36415,Blood draw,$29
CLM8327,99214,Detailed office visit,$153
CLM8327,90791,Psychiatric diagnostic evaluation,$232
CLM8328,96413,Chemotherapy infusion first hour,$1046
CLM8328,99215,Comprehensive office visit,$233
CLM8329,99214,Detailed office visit,$123
CLM8330,73030,Shoulder X-ray,$141
CLM8331,87880,Rapid strep test,$35
CLM8331,99213,Office/outpatient visit,$117
CLM8332,80053,Comprehensive metabolic panel,$67
CLM8333,93000,EKG/ECG with interpretation,$146
CLM8333,83036,Hemoglobin A1c,$43
CLM8333,99214,Detailed office visit,$128
CLM8334,83036,Hemoglobin A1c,$43
CLM8334,80053,Comprehensive metabolic panel,$59
CLM8335,87070,Bacteria culture,$74
CLM8335,36415,Blood draw,$27
CLM8336,99213,Office/outpatient visit,$136
CLM8337,93015,Cardiac stress test,$848
CLM8338,90791,Psychiatric diagnostic evaluation,$273
CLM8338,99214,Detailed office visit,$143
CLM8339,80061,Lipid panel,$54
CLM8340,85025,Complete blood count,$53
CLM8340,36415,Blood draw,$35
CLM8341,85025,Complete blood count,$44
CLM8342,85025,Complete blood count,$42
CLM8343,93000,EKG/ECG with interpretation,$152
CLM8343,36415,Blood draw,$35
CLM8343,83036,Hemoglobin A1c,$46
CLM8344,83036,Hemoglobin A1c,$42
CLM8344,99215,Comprehensive office visit,$245
CLM8345,36415,Blood draw,$32
CLM8346,20610,Major joint injection,$292
CLM8346,73030,Shoulder X-ray,$127
CLM8346,99213,Office/outpatient visit,$116
CLM8347,83036,Hemoglobin A1c,$45
CLM8348,90834,Psychotherapy 45 minutes,$142
CLM8349,93015,Cardiac stress test,$870
CLM8350,93000,EKG/ECG with interpretation,$172
CLM8350,99214,Detailed office visit,$133
CLM8351,99215,Comprehensive office visit,$216
CLM8352,99213,Office/outpatient visit,$136
CLM8352,17000,Destruction of skin lesion,$114
CLM8353,85025,Complete blood count,$52
CLM8353,99215,Comprehensive office visit,$245
CLM8354,94010,Spirometry,$91
CLM8355,71020,Chest X-ray,$127
CLM8356,80061,Lipid panel,$64
CLM8356,85025,Complete blood count,$53
CLM8357,87070,Bacteria culture,$77
CLM8357,99214,Detailed office visit,$120
CLM8358,99213,Office/outpatient visit,$136
CLM8359,93000,EKG/ECG with interpretation,$141
CLM8360,36415,Blood draw,$29
CLM8360,82947,Glucose test,$24
CLM8360,83036,Hemoglobin A1c,$45
CLM8361,87880,Rapid strep test,$39
CLM8361,99213,Office/outpatient visit,$108
CLM8362,99215,Comprehensive office visit,$199
CLM8363,71020,Chest X-ray,$100
CLM8364,99214,Detailed office visit,$132
CLM8365,93000,EKG/ECG with interpretation,$168
CLM8366,99214,Detailed office visit,$144
CLM8366,93015,Cardiac stress test,$999
CLM8367,96910,Phototherapy treatment,$167
CLM8367,11102,Skin biopsy,$182
CLM8368,80061,Lipid panel,$50
CLM8368,85025,Complete blood count,$41
CLM8368,80050,General health panel,$341
CLM8369,36415,Blood draw,$29
CLM8369,80050,General health panel,$288
CLM8369,99215,Comprehensive office visit,$213
CLM8370,93306,Echocardiogram complete,$1199
CLM8371,85025,Complete blood count,$51
CLM8372,90834,Psychotherapy 45 minutes,$127
CLM8372,90837,Psychotherapy 60 minutes,$174
CLM8373,80061,Lipid panel,$60
CLM8374,99214,Detailed office visit,$122
CLM8374,90837,Psychotherapy 60 minutes,$175
CLM8374,90791,Psychiatric diagnostic evaluation,$230
CLM8375,99392,Preventive visit age 1-4,$164
CLM8376,20610,Major joint injection,$269
CLM8376,73030,Shoulder X-ray,$116
CLM8377,36415,Blood draw,$34
CLM8378,90837,Psychotherapy 60 minutes,$188
CLM8378,90791,Psychiatric diagnostic evaluation,$260
CLM8379,93000,EKG/ECG with interpretation,$164
CLM8380,83036,Hemoglobin A1c,$44
CLM8380,36415,Blood draw,$31
CLM8380,99214,Detailed office visit,$144
CLM8381,70450,CT head without contrast,$820
CLM8381,71020,Chest X-ray,$112
CLM8382,71020,Chest X-ray,$109
CLM8383,17000,Destruction of skin lesion,$114
CLM8384,88175,Pap smear cytology,$77
CLM8385,85025,Complete blood count,$44
CLM8386,71020,Chest X-ray,$102
CLM8387,90460,Immunization administration,$41
CLM8387,99213,Office/outpatient visit,$129
CLM8388,29881,Knee arthroscopy,$4995
CLM8389,99213,Office/outpatient visit,$129
CLM8389,85025,Complete blood count,$47
CLM8389,87070,Bacteria culture,$86
CLM8390,36415,Blood draw,$33
CLM8391,93000,EKG/ECG with interpretation,$156
CLM8392,94640,Nebulizer treatment,$58
CLM8392,94010,Spirometry,$103
CLM8393,99214,Detailed office visit,$125
CLM8393,88175,Pap smear cytology,$82
CLM8393,76805,Obstetric ultrasound,$392
CLM8394,36415,Blood draw,$35
CLM8394,71020,Chest X-ray,$127
CLM8395,87070,Bacteria culture,$73
CLM8395,80061,Lipid panel,$59
CLM8396,93306,Echocardiogram complete,$1248
CLM8397,71020,Chest X-ray,$122
CLM8398,87070,Bacteria culture,$74
CLM8398,99214,Detailed office visit,$137
CLM8399,99214,Detailed office visit,$144
CLM8399,93000,EKG/ECG with interpretation,$173
CLM8400,96910,Phototherapy treatment,$150
CLM8401,93458,Cardiac catheterization,$4075
CLM8402,99213,Office/outpatient visit,$130
CLM8403,99215,Comprehensive office visit,$224
CLM8403,85025,Complete blood count,$47
CLM8403,96415,Chemotherapy infusion additional hour,$324
CLM8404,93015,Cardiac stress test,$963
CLM8404,99214,Detailed office visit,$147
CLM8404,93000,EKG/ECG with interpretation,$148
CLM8405,11102,Skin biopsy,$166
CLM8405,96910,Phototherapy treatment,$187
CLM8405,99213,Office/outpatient visit,$127
CLM8406,99214,Detailed office visit,$120
CLM8406,93458,Cardiac catheterization,$4920
CLM8407,36415,Blood draw,$29
CLM8408,80061,Lipid panel,$55
CLM8408,71020,Chest X-ray,$100
CLM8409,96910,Phototherapy treatment,$182
CLM8410,80053,Comprehensive metabolic panel,$65
CLM8410,99214,Detailed office visit,$140
CLM8411,36415,Blood draw,$30
CLM8412,36415,Blood draw,$35
CLM8412,80061,Lipid panel,$57
CLM8412,99213,Office/outpatient visit,$110
CLM8413,99213,Office/outpatient visit,$114
CLM8413,87880,Rapid strep test,$41
CLM8414,90707,MMR vaccine,$104
CLM8414,99213,Office/outpatient visit,$112
CLM8415,87880,Rapid strep test,$32
CLM8415,99392,Preventive visit age 1-4,$167
CLM8415,90460,Immunization administration,$46
CLM8416,87070,Bacteria culture,$92
CLM8416,80050,General health panel,$329
CLM8417,99214,Detailed office visit,$144
CLM8418,93000,EKG/ECG with interpretation,$140
CLM8419,93015,Cardiac stress test,$806
CLM8419,99214,Detailed office visit,$122
CLM8420,99214,Detailed office visit,$133
CLM8420,90791,Psychiatric diagnostic evaluation,$228
CLM8421,93458,Cardiac catheterization,$4195
CLM8421,99214,Detailed office visit,$118
CLM8422,36415,Blood draw,$29
CLM8422,80061,Lipid panel,$62
CLM8422,99214,Detailed office visit,$128
CLM8423,99214,Detailed office visit,$145
CLM8424,93000,EKG/ECG with interpretation,$168
CLM8425,36415,Blood draw,$34
CLM8426,93000,EKG/ECG with interpretation,$156
CLM8427,99213,Office/outpatient visit,$127
CLM8427,20610,Major joint injection,$244
CLM8428,93000,EKG/ECG with interpretation,$149
CLM8429,80061,Lipid panel,$54
CLM8429,85025,Complete blood count,$52
CLM8430,84443,TSH test,$51
CLM8431,99214,Detailed office visit,$128
CLM8432,99214,Detailed office visit,$142
CLM8433,99215,Comprehensive office visit,$231
CLM8434,93000,EKG/ECG with interpretation,$157
CLM8434,83036,Hemoglobin A1c,$38
CLM8435,99215,Comprehensive office visit,$229
CLM8435,96415,Chemotherapy infusion additional hour,$403
CLM8436,94640,Nebulizer treatment,$48
CLM8437,94640,Nebulizer treatment,$49
CLM8437,71020,Chest X-ray,$103
CLM8438,87070,Bacteria culture,$75
CLM8438,71020,Chest X-ray,$109
CLM8439,71020,Chest X-ray,$104
CLM8440,87880,Rapid strep test,$32
CLM8441,99214,Detailed office visit,$131
CLM8441,80050,General health panel,$332
CLM8442,36415,Blood draw,$29
CLM8443,36415,Blood draw,$30
CLM8443,85025,Complete blood count,$48
CLM8443,87070,Bacteria culture,$83
CLM8444,71020,Chest X-ray,$130
CLM8444,93000,EKG/ECG with interpretation,$170
CLM8444,70450,CT head without contrast,$1028
CLM8445,99213,Office/outpatient visit,$118
CLM8446,83036,Hemoglobin A1c,$38
CLM8447,83036,Hemoglobin A1c,$41
CLM8447,99214,Detailed office visit,$121
CLM8447,80050,General health panel,$332
CLM8448,71020,Chest X-ray,$121
CLM8448,99213,Office/outpatient visit,$129
CLM8449,90834,Psychotherapy 45 minutes,$160
CLM8449,90837,Psychotherapy 60 minutes,$167
CLM8450,73030,Shoulder X-ray,$125
CLM8450,20610,Major joint injection,$253
CLM8451,80053,Comprehensive metabolic panel,$63
CLM8451,36415,Blood draw,$32
CLM8452,93000,EKG/ECG with interpretation,$158
CLM8453,82947,Glucose test,$29
CLM8453,83036,Hemoglobin A1c,$40
CLM8454,99213,Office/outpatient visit,$139
CLM8455,99213,Office/outpatient visit,$120
CLM8455,11102,Skin biopsy,$193
CLM8456,99213,Office/outpatient visit,$112
CLM8456,20610,Major joint injection,$228
CLM8456,73721,MRI knee,$1713
CLM8457,90791,Psychiatric diagnostic evaluation,$277
CLM8457,90837,Psychotherapy 60 minutes,$210
CLM8458,94010,Spirometry,$95
CLM8459,87880,Rapid strep test,$35
CLM8460,90460,Immunization administration,$42
CLM8460,99392,Preventive visit age 1-4,$203
CLM8461,85025,Complete blood count,$53
CLM8462,17000,Destruction of skin lesion,$126
CLM8462,96910,Phototherapy treatment,$188
CLM8463,90837,Psychotherapy 60 minutes,$189
CLM8463,90791,Psychiatric diagnostic evaluation,$240
CLM8464,88175,Pap smear cytology,$77
CLM8464,76805,Obstetric ultrasound,$460
CLM8465,99214,Detailed office visit,$152
CLM8466,99214,Detailed office visit,$130
CLM8467,90834,Psychotherapy 45 minutes,$150
CLM8467,99214,Detailed office visit,$142
CLM8467,90837,Psychotherapy 60 minutes,$168
CLM8468,99214,Detailed office visit,$126
CLM8469,87880,Rapid strep test,$36
CLM8469,90460,Immunization administration,$44
CLM8469,90707,MMR vaccine,$90
CLM8470,90834,Psychotherapy 45 minutes,$154
CLM8471,99214,Detailed office visit,$142
CLM8472,85025,Complete blood count,$46
CLM8473,99213,Office/outpatient visit,$129
CLM8473,17000,Destruction of skin lesion,$124
CLM8474,83036,Hemoglobin A1c,$44
CLM8475,99213,Office/outpatient visit,$130
CLM8475,87880,Rapid strep test,$39
CLM8476,96415,Chemotherapy infusion additional hour,$389
CLM8477,90460,Immunization administration,$45
CLM8477,87880,Rapid strep test,$39
CLM8478,36415,Blood draw,$34
CLM8479,36415,Blood draw,$33
CLM8479,85025,Complete blood count,$43
CLM8480,87070,Bacteria culture,$75
CLM8481,80061,Lipid panel,$53
CLM8481,99214,Detailed office visit,$129
CLM8482,80053,Comprehensive metabolic panel,$63
CLM8483,93000,EKG/ECG with interpretation,$167
CLM8483,36415,Blood draw,$30
CLM8484,99213,Office/outpatient visit,$120
CLM8485,99215,Comprehensive office visit,$191
CLM8485,85025,Complete blood count,$53
CLM8485,96413,Chemotherapy infusion first hour,$1007
CLM8486,99213,Office/outpatient visit,$120
CLM8486,87880,Rapid strep test,$38
CLM8487,36415,Blood draw,$30
CLM8488,80050,General health panel,$333
CLM8489,29881,Knee arthroscopy,$5111
CLM8490,83036,Hemoglobin A1c,$43
CLM8491,80061,Lipid panel,$63
CLM8492,93000,EKG/ECG with interpretation,$172
CLM8493,99214,Detailed office visit,$124
CLM8494,87880,Rapid strep test,$39
CLM8495,93306,Echocardiogram complete,$1401
CLM8495,99214,Detailed office visit,$144
CLM8496,20610,Major joint injection,$226
CLM8497,94640,Nebulizer treatment,$57
CLM8497,94010,Spirometry,$88
CLM8498,36415,Blood draw,$34
CLM8499,99214,Detailed office visit,$130
CLM8499,93000,EKG/ECG with interpretation,$160
CLM8500,93000,EKG/ECG with interpretation,$163
CLM8501,93000,EKG/ECG with interpretation,$140
CLM8501,99214,Detailed office visit,$139
CLM8501,93458,Cardiac catheterization,$5053
CLM8502,93000,EKG/ECG with interpretation,$176
CLM8503,36415,Blood draw,$28
CLM8504,80061,Lipid panel,$54
CLM8505,87070,Bacteria culture,$76
CLM8505,36415,Blood draw,$28
CLM8506,93000,EKG/ECG with interpretation,$158
CLM8506,99215,Comprehensive office visit,$202
CLM8507,85025,Complete blood count,$50
CLM8507,99213,Office/outpatient visit,$111
CLM8508,93000,EKG/ECG with interpretation,$161
CLM8509,82947,Glucose test,$27
CLM8509,84443,TSH test,$62
CLM8510,36415,Blood draw,$35
CLM8511,84443,TSH test,$55
CLM8511,36415,Blood draw,$31
CLM8512,85025,Complete blood count,$49
CLM8512,36415,Blood draw,$29
CLM8513,99214,Detailed office visit,$153
CLM8514,80061,Lipid panel,$62
CLM8515,83036,Hemoglobin A1c,$38
CLM8516,88175,Pap smear cytology,$69
CLM8517,36415,Blood draw,$33
CLM8518,94640,Nebulizer treatment,$46
CLM8518,71020,Chest X-ray,$104
CLM8518,94010,Spirometry,$85
CLM8519,99283,ED visit moderate severity,$415
CLM8519,93000,EKG/ECG with interpretation,$167
CLM8519,71020,Chest X-ray,$108
CLM8520,85025,Complete blood count,$42
CLM8520,96415,Chemotherapy infusion additional hour,$379
CLM8521,99214,Detailed office visit,$151
CLM8521,93000,EKG/ECG with interpretation,$165
CLM8521,93015,Cardiac stress test,$995
CLM8522,93000,EKG/ECG with interpretation,$166
CLM8523,96910,Phototherapy treatment,$166
CLM8523,11102,Skin biopsy,$177
CLM8524,36415,Blood draw,$34
CLM8525,99214,Detailed office visit,$126
CLM8525,90834,Psychotherapy 45 minutes,$157
CLM8526,70450,CT head without contrast,$1048
CLM8527,80061,Lipid panel,$64
CLM8528,93015,Cardiac stress test,$998
CLM8529,99283,ED visit moderate severity,$425
CLM8529,71020,Chest X-ray,$122
CLM8530,87070,Bacteria culture,$92
CLM8531,96910,Phototherapy treatment,$171
CLM8531,99213,Office/outpatient visit,$135
CLM8532,99213,Office/outpatient visit,$113
CLM8532,99392,Preventive visit age 1-4,$171
CLM8533,93000,EKG/ECG with interpretation,$138
CLM8534,99214,Detailed office visit,$121
CLM8534,88175,Pap smear cytology,$70
CLM8535,99214,Detailed office visit,$128
CLM8536,99215,Comprehensive office visit,$199
CLM8536,83036,Hemoglobin A1c,$36
CLM8536,80050,General health panel,$305
CLM8537,80061,Lipid panel,$61
CLM8538,99215,Comprehensive office visit,$220
CLM8538,85025,Complete blood count,$42
CLM8538,96415,Chemotherapy infusion additional hour,$344
CLM8539,93000,EKG/ECG with interpretation,$140
CLM8540,80050,General health panel,$288
CLM8540,83036,Hemoglobin A1c,$47
CLM8540,93000,EKG/ECG with interpretation,$138
CLM8541,99215,Comprehensive office visit,$196
CLM8542,99214,Detailed office visit,$148
CLM8543,36415,Blood draw,$35
CLM8543,85025,Complete blood count,$51
CLM8544,99213,Office/outpatient visit,$140
CLM8544,85025,Complete blood count,$49
CLM8544,99214,Detailed office visit,$133
CLM8545,36415,Blood draw,$33
CLM8546,83036,Hemoglobin A1c,$39
CLM8547,11102,Skin biopsy,$179
CLM8548,85025,Complete blood count,$44
CLM8548,99214,Detailed office visit,$127
CLM8548,71020,Chest X-ray,$103
CLM8549,90707,MMR vaccine,$82
CLM8550,99213,Office/outpatient visit,$123
CLM8550,73030,Shoulder X-ray,$140
CLM8551,93000,EKG/ECG with interpretation,$151
CLM8551,99214,Detailed office visit,$122
CLM8552,93000,EKG/ECG with interpretation,$147
CLM8553,29881,Knee arthroscopy,$6011
CLM8554,29881,Knee arthroscopy,$5674
CLM8554,73030,Shoulder X-ray,$133
CLM8554,20610,Major joint injection,$252
CLM8555,71020,Chest X-ray,$108
CLM8555,85025,Complete blood count,$52
CLM8556,80053,Comprehensive metabolic panel,$55
CLM8556,36415,Blood draw,$35
CLM8557,99214,Detailed office visit,$137
CLM8557,93000,EKG/ECG with interpretation,$157
CLM8558,71020,Chest X-ray,$103
CLM8559,11102,Skin biopsy,$204
CLM8560,99213,Office/outpatient visit,$136
CLM8561,99213,Office/outpatient visit,$112
CLM8561,71020,Chest X-ray,$108
CLM8561,36415,Blood draw,$27
CLM8562,36415,Blood draw,$29
CLM8563,93000,EKG/ECG with interpretation,$157
CLM8564,71020,Chest X-ray,$108
CLM8564,87070,Bacteria culture,$92
CLM8565,88175,Pap smear cytology,$74
CLM8566,70450,CT head without contrast,$993
CLM8567,80053,Comprehensive metabolic panel,$57
CLM8567,99214,Detailed office visit,$119
CLM8568,70450,CT head without contrast,$965
CLM8568,71020,Chest X-ray,$108
CLM8568,93000,EKG/ECG with interpretation,$174
CLM8569,71020,Chest X-ray,$124
CLM8570,90460,Immunization administration,$41
CLM8571,82947,Glucose test,$25
CLM8572,99214,Detailed office visit,$150
CLM8573,99215,Comprehensive office visit,$231
CLM8574,90707,MMR vaccine,$94
CLM8574,87880,Rapid strep test,$33
CLM8575,83036,Hemoglobin A1c,$39
CLM8576,73030,Shoulder X-ray,$125
CLM8577,80053,Comprehensive metabolic panel,$59
CLM8578,80061,Lipid panel,$56
CLM8578,36415,Blood draw,$28
CLM8579,96910,Phototherapy treatment,$153
CLM8580,93000,EKG/ECG with interpretation,$157
CLM8581,93000,EKG/ECG with interpretation,$161
CLM8581,80050,General health panel,$341
CLM8581,83036,Hemoglobin A1c,$37
CLM8582,36415,Blood draw,$35
CLM8583,93306,Echocardiogram complete,$1168
CLM8584,99214,Detailed office visit,$125
CLM8584,85025,Complete blood count,$43
CLM8585,99214,Detailed office visit,$125
CLM8585,80061,Lipid panel,$63
CLM8586,36415,Blood draw,$34
CLM8587,90834,Psychotherapy 45 minutes,$152
CLM8587,99214,Detailed office visit,$136
CLM8588,83036,Hemoglobin A1c,$37
CLM8589,93306,Echocardiogram complete,$1090
CLM8590,99215,Comprehensive office visit,$244
CLM8591,99213,Office/outpatient visit,$141
CLM8592,80050,General health panel,$283
CLM8592,99215,Comprehensive office visit,$215
CLM8593,99283,ED visit moderate severity,$489
CLM8593,99285,ED visit high severity,$1126
CLM8593,71020,Chest X-ray,$106
CLM8594,71020,Chest X-ray,$104
CLM8595,99215,Comprehensive office visit,$215
CLM8595,36415,Blood draw,$31
CLM8596,90834,Psychotherapy 45 minutes,$141
CLM8596,90837,Psychotherapy 60 minutes,$208
CLM8596,99214,Detailed office visit,$137
CLM8597,83036,Hemoglobin A1c,$43
CLM8597,99214,Detailed office visit,$125
CLM8598,80061,Lipid panel,$61
CLM8599,85025,Complete blood count,$51
CLM8600,36415,Blood draw,$34
CLM8601,93306,Echocardiogram complete,$1098
CLM8601,93015,Cardiac stress test,$966
CLM8602,99214,Detailed office visit,$146
CLM8603,99283,ED visit moderate severity,$451
CLM8604,99214,Detailed office visit,$149
CLM8605,20610,Major joint injection,$293
CLM8606,96413,Chemotherapy infusion first hour,$1273
CLM8606,85025,Complete blood count,$50
CLM8606,77385,IMRT radiation treatment,$2179
CLM8607,94010,Spirometry,$101
CLM8607,71020,Chest X-ray,$109
CLM8607,94640,Nebulizer treatment,$56
CLM8608,85025,Complete blood count,$42
CLM8608,80061,Lipid panel,$54
CLM8609,99213,Office/outpatient visit,$130
CLM8609,80050,General health panel,$293
CLM8610,99215,Comprehensive office visit,$232
CLM8611,99213,Office/outpatient visit,$136
CLM8612,83036,Hemoglobin A1c,$40
CLM8613,80053,Comprehensive metabolic panel,$66
CLM8613,36415,Blood draw,$34
CLM8614,99214,Detailed office visit,$128
CLM8614,94640,Nebulizer treatment,$49
CLM8614,71020,Chest X-ray,$120
CLM8615,96910,Phototherapy treatment,$161
CLM8616,80050,General health panel,$351
CLM8617,80050,General health panel,$315
CLM8617,99215,Comprehensive office visit,$220
CLM8617,36415,Blood draw,$28
CLM8618,93000,EKG/ECG with interpretation,$141
CLM8619,71020,Chest X-ray,$122
CLM8620,93000,EKG/ECG with interpretation,$157
CLM8620,36415,Blood draw,$28
CLM8621,73030,Shoulder X-ray,$114
CLM8621,99213,Office/outpatient visit,$109
CLM8622,80061,Lipid panel,$55
CLM8623,17000,Destruction of skin lesion,$122
CLM8624,36415,Blood draw,$32
CLM8625,99213,Office/outpatient visit,$108
CLM8625,20610,Major joint injection,$277
CLM8626,90791,Psychiatric diagnostic evaluation,$260
CLM8627,93000,EKG/ECG with interpretation,$169
CLM8628,71020,Chest X-ray,$106
CLM8629,11102,Skin biopsy,$200
CLM8630,99214,Detailed office visit,$120
CLM8630,84443,TSH test,$59
CLM8630,83036,Hemoglobin A1c,$41
CLM8631,94010,Spirometry,$104
CLM8632,99213,Office/outpatient visit,$136
CLM8632,96910,Phototherapy treatment,$188
CLM8633,82947,Glucose test,$25
CLM8634,99215,Comprehensive office visit,$197
CLM8635,94010,Spirometry,$88
CLM8635,71020,Chest X-ray,$120
CLM8635,94640,Nebulizer treatment,$49
CLM8636,99214,Detailed office visit,$134
CLM8636,36415,Blood draw,$29
CLM8637,80050,General health panel,$287
CLM8638,71020,Chest X-ray,$116
CLM8639,93000,EKG/ECG with interpretation,$171
CLM8640,87880,Rapid strep test,$35
CLM8641,71020,Chest X-ray,$117
CLM8642,85025,Complete blood count,$44
CLM8642,96415,Chemotherapy infusion additional hour,$334
CLM8643,83036,Hemoglobin A1c,$43
CLM8643,36415,Blood draw,$28
CLM8644,83036,Hemoglobin A1c,$46
CLM8645,90707,MMR vaccine,$105
CLM8645,99213,Office/outpatient visit,$137
CLM8646,82947,Glucose test,$25
CLM8647,99213,Office/outpatient visit,$116
CLM8647,80061,Lipid panel,$64
CLM8648,99214,Detailed office visit,$120
CLM8648,83036,Hemoglobin A1c,$43
CLM8649,99214,Detailed office visit,$119
CLM8649,88175,Pap smear cytology,$68
CLM8650,94640,Nebulizer treatment,$58
CLM8650,71020,Chest X-ray,$101
CLM8651,87070,Bacteria culture,$84
CLM8651,80050,General health panel,$306
CLM8652,85025,Complete blood count,$52
CLM8652,87070,Bacteria culture,$73
CLM8653,88175,Pap smear cytology,$77
CLM8653,99214,Detailed office visit,$146
CLM8654,29881,Knee arthroscopy,$5794
CLM8654,99213,Office/outpatient visit,$119
CLM8655,99214,Detailed office visit,$134
CLM8656,82947,Glucose test,$24
CLM8657,94640,Nebulizer treatment,$49
CLM8657,71020,Chest X-ray,$127
CLM8658,71020,Chest X-ray,$116
CLM8658,94010,Spirometry,$96
CLM8658,94640,Nebulizer treatment,$55
CLM8659,93000,EKG/ECG with interpretation,$140
CLM8659,71020,Chest X-ray,$121
CLM8659,99285,ED visit high severity,$1330
CLM8660,99213,Office/outpatient visit,$135
CLM8661,17000,Destruction of skin lesion,$114
CLM8662,90460,Immunization administration,$40
CLM8662,99392,Preventive visit age 1-4,$165
CLM8662,90707,MMR vaccine,$104
CLM8663,99214,Detailed office visit,$138
CLM8663,93000,EKG/ECG with interpretation,$173
CLM8664,93015,Cardiac stress test,$839
CLM8665,87880,Rapid strep test,$36
CLM8666,94640,Nebulizer treatment,$56
CLM8667,99214,Detailed office visit,$142
CLM8668,36415,Blood draw,$35
CLM8668,87070,Bacteria culture,$76
CLM8669,71020,Chest X-ray,$113
CLM8669,70450,CT head without contrast,$1050
CLM8670,36415,Blood draw,$29
CLM8671,83036,Hemoglobin A1c,$45
CLM8672,80061,Lipid panel,$56
CLM8673,87070,Bacteria culture,$75
CLM8673,80061,Lipid panel,$59
CLM8674,90837,Psychotherapy 60 minutes,$191
CLM8674,90834,Psychotherapy 45 minutes,$127
CLM8674,99214,Detailed office visit,$152
CLM8675,93000,EKG/ECG with interpretation,$171
CLM8675,71020,Chest X-ray,$119
CLM8676,36415,Blood draw,$35
CLM8677,99214,Detailed office visit,$122
CLM8677,93000,EKG/ECG with interpretation,$138
CLM8678,99214,Detailed office visit,$144
CLM8679,99214,Detailed office visit,$153
CLM8680,17000,Destruction of skin lesion,$125
CLM8681,96910,Phototherapy treatment,$158
CLM8681,17000,Destruction of skin lesion,$113
CLM8682,80053,Comprehensive metabolic panel,$66
CLM8683,36415,Blood draw,$30
CLM8683,85025,Complete blood count,$53
CLM8684,99214,Detailed office visit,$142
CLM8685,93000,EKG/ECG with interpretation,$143
CLM8686,96415,Chemotherapy infusion additional hour,$346
CLM8687,93015,Cardiac stress test,$871
CLM8688,99214,Detailed office visit,$144
CLM8688,36415,Blood draw,$28
CLM8688,80053,Comprehensive metabolic panel,$57
CLM8689,80050,General health panel,$279
CLM8689,80053,Comprehensive metabolic panel,$68
CLM8690,20610,Major joint injection,$288
CLM8690,99213,Office/outpatient visit,$114
CLM8691,73030,Shoulder X-ray,$136
CLM8691,20610,Major joint injection,$274
CLM8692,83036,Hemoglobin A1c,$45
CLM8693,99213,Office/outpatient visit,$125
CLM8693,20610,Major joint injection,$225
CLM8693,73030,Shoulder X-ray,$123
CLM8694,99213,Office/outpatient visit,$123
CLM8694,71020,Chest X-ray,$109
CLM8694,36415,Blood draw,$34
CLM8695,93000,EKG/ECG with interpretation,$145
CLM8696,36415,Blood draw,$28
CLM8697,71020,Chest X-ray,$127
CLM8698,99213,Office/outpatient visit,$140
CLM8698,17000,Destruction of skin lesion,$116
CLM8698,11102,Skin biopsy,$183
CLM8699,85025,Complete blood count,$42
CLM8699,99215,Comprehensive office visit,$214
CLM8700,71020,Chest X-ray,$109
CLM8700,93000,EKG/ECG with interpretation,$158
CLM8701,83036,Hemoglobin A1c,$47
CLM8702,99214,Detailed office visit,$129
CLM8703,80061,Lipid panel,$50
CLM8703,85025,Complete blood count,$49
CLM8704,99215,Comprehensive office visit,$220
CLM8705,73030,Shoulder X-ray,$133
CLM8705,99213,Office/outpatient visit,$135
CLM8705,73721,MRI knee,$1536
CLM8706,90791,Psychiatric diagnostic evaluation,$227
CLM8707,80050,General health panel,$278
CLM8708,93306,Echocardiogram complete,$1205
CLM8708,99214,Detailed office visit,$153
CLM8708,93000,EKG/ECG with interpretation,$168
CLM8709,83036,Hemoglobin A1c,$43
CLM8710,93000,EKG/ECG with interpretation,$152
CLM8711,93000,EKG/ECG with interpretation,$139
CLM8712,87070,Bacteria culture,$89
CLM8713,99214,Detailed office visit,$151
CLM8713,71020,Chest X-ray,$125
CLM8714,83036,Hemoglobin A1c,$44
CLM8714,80053,Comprehensive metabolic panel,$70
CLM8715,80053,Comprehensive metabolic panel,$55
CLM8716,82947,Glucose test,$26
CLM8717,90834,Psychotherapy 45 minutes,$155
CLM8718,99214,Detailed office visit,$123
CLM8719,73030,Shoulder X-ray,$110
CLM8720,99214,Detailed office visit,$152
CLM8721,87070,Bacteria culture,$87
CLM8722,94010,Spirometry,$90
CLM8722,99214,Detailed office visit,$118
CLM8722,71020,Chest X-ray,$119
CLM8723,99215,Comprehensive office visit,$190
CLM8724,99214,Detailed office visit,$148
CLM8724,93000,EKG/ECG with interpretation,$162
CLM8725,96910,Phototherapy treatment,$184
CLM8726,85025,Complete blood count,$41
CLM8726,96415,Chemotherapy infusion additional hour,$378
CLM8726,99215,Comprehensive office visit,$245
CLM8727,90837,Psychotherapy 60 minutes,$212
CLM8728,99215,Comprehensive office visit,$199
CLM8729,20610,Major joint injection,$264
CLM8730,93306,Echocardiogram complete,$1364
CLM8731,90834,Psychotherapy 45 minutes,$163
CLM8732,85025,Complete blood count,$50
CLM8733,80061,Lipid panel,$63
CLM8733,36415,Blood draw,$29
CLM8734,93000,EKG/ECG with interpretation,$147
CLM8735,87070,Bacteria culture,$92
CLM8736,36415,Blood draw,$33
CLM8737,99213,Office/outpatient visit,$114
CLM8737,85025,Complete blood count,$49
CLM8738,93000,EKG/ECG with interpretation,$164
CLM8738,83036,Hemoglobin A1c,$46
CLM8738,80053,Comprehensive metabolic panel,$61
CLM8739,99213,Office/outpatient visit,$132
CLM8740,36415,Blood draw,$35
CLM8741,99214,Detailed office visit,$134
CLM8741,36415,Blood draw,$28
CLM8742,99214,Detailed office visit,$141
CLM8742,80053,Comprehensive metabolic panel,$55
CLM8742,80050,General health panel,$326
CLM8743,96415,Chemotherapy infusion additional hour,$363
CLM8744,99214,Detailed office visit,$148
CLM8745,36415,Blood draw,$28
CLM8745,80061,Lipid panel,$60
CLM8746,17000,Destruction of skin lesion,$108
CLM8747,99215,Comprehensive office visit,$210
CLM8748,90460,Immunization administration,$38
CLM8748,99392,Preventive visit age 1-4,$166
CLM8749,93458,Cardiac catheterization,$5101
CLM8749,99214,Detailed office visit,$143
CLM8749,93000,EKG/ECG with interpretation,$176
CLM8750,71020,Chest X-ray,$102
CLM8751,87070,Bacteria culture,$76
CLM8752,83036,Hemoglobin A1c,$44
CLM8753,84443,TSH test,$58
CLM8753,36415,Blood draw,$31
CLM8754,11102,Skin biopsy,$170
CLM8754,99213,Office/outpatient visit,$131
CLM8754,96910,Phototherapy treatment,$157
CLM8755,99214,Detailed office visit,$143
CLM8756,99214,Detailed office visit,$144
CLM8757,83036,Hemoglobin A1c,$36
CLM8758,99214,Detailed office visit,$153
CLM8759,87070,Bacteria culture,$79
CLM8759,36415,Blood draw,$34
CLM8760,99214,Detailed office visit,$151
CLM8760,90834,Psychotherapy 45 minutes,$134
CLM8761,84443,TSH test,$58
CLM8762,99213,Office/outpatient visit,$131
CLM8762,99214,Detailed office visit,$147
CLM8763,87880,Rapid strep test,$33
CLM8764,99283,ED visit moderate severity,$445
CLM8765,71020,Chest X-ray,$119
CLM8766,71020,Chest X-ray,$117
CLM8767,36415,Blood draw,$32
CLM8767,99214,Detailed office visit,$153
CLM8768,96415,Chemotherapy infusion additional hour,$327
CLM8768,85025,Complete blood count,$46
CLM8769,99214,Detailed office visit,$141
CLM8769,80050,General health panel,$354
CLM8770,90460,Immunization administration,$46
CLM8771,80053,Comprehensive metabolic panel,$61
CLM8771,83036,Hemoglobin A1c,$44
CLM8772,87880,Rapid strep test,$38
CLM8772,90460,Immunization administration,$37
CLM8772,99213,Office/outpatient visit,$114
CLM8773,99213,Office/outpatient visit,$140
CLM8774,99213,Office/outpatient visit,$122
CLM8775,99213,Office/outpatient visit,$113
CLM8776,80061,Lipid panel,$51
CLM8777,84443,TSH test,$59
CLM8778,96910,Phototherapy treatment,$164
CLM8779,94640,Nebulizer treatment,$58
CLM8779,94010,Spirometry,$104
CLM8780,90837,Psychotherapy 60 minutes,$171
CLM8781,93000,EKG/ECG with interpretation,$154
CLM8782,80050,General health panel,$281
CLM8783,99213,Office/outpatient visit,$116
CLM8784,82947,Glucose test,$24
CLM8785,94640,Nebulizer treatment,$52
CLM8785,94010,Spirometry,$102
CLM8786,80053,Comprehensive metabolic panel,$67
CLM8787,80061,Lipid panel,$61
CLM8788,36415,Blood draw,$31
CLM8788,87070,Bacteria culture,$87
CLM8789,85025,Complete blood count,$52
CLM8789,36415,Blood draw,$31
CLM8789,99214,Detailed office visit,$142
CLM8790,93000,EKG/ECG with interpretation,$162
CLM8791,99214,Detailed office visit,$131
CLM8791,87070,Bacteria culture,$83
CLM8792,99213,Office/outpatient visit,$132
CLM8793,83036,Hemoglobin A1c,$45
CLM8793,99214,Detailed office visit,$134
CLM8794,99213,Office/outpatient visit,$138
CLM8794,29881,Knee arthroscopy,$5776
CLM8794,20610,Major joint injection,$293
CLM8795,99213,Office/outpatient visit,$133
CLM8796,71020,Chest X-ray,$115
CLM8797,85025,Complete blood count,$49
CLM8798,80050,General health panel,$298
CLM8799,85025,Complete blood count,$51
CLM8799,99214,Detailed office visit,$141
CLM8800,85025,Complete blood count,$51
CLM8801,99213,Office/outpatient visit,$121
CLM8801,73030,Shoulder X-ray,$127
CLM8802,99213,Office/outpatient visit,$138
CLM8803,99214,Detailed office visit,$139
CLM8804,99214,Detailed office visit,$144
CLM8805,99214,Detailed office visit,$120
CLM8806,99214,Detailed office visit,$125
CLM8806,90837,Psychotherapy 60 minutes,$179
CLM8807,99214,Detailed office visit,$118
CLM8808,70450,CT head without contrast,$1031
CLM8809,93000,EKG/ECG with interpretation,$152
CLM8810,90707,MMR vaccine,$85
CLM8811,85025,Complete blood count,$52
CLM8811,80061,Lipid panel,$54
CLM8812,99214,Detailed office visit,$143
CLM8813,99214,Detailed office visit,$128
CLM8814,90834,Psychotherapy 45 minutes,$153
CLM8815,99214,Detailed office visit,$145
CLM8816,80053,Comprehensive metabolic panel,$66
CLM8817,93458,Cardiac catheterization,$4331
CLM8818,99213,Office/outpatient visit,$109
CLM8819,73030,Shoulder X-ray,$126
CLM8819,99213,Office/outpatient visit,$136
CLM8820,93000,EKG/ECG with interpretation,$149
CLM8821,85025,Complete blood count,$45
CLM8821,96415,Chemotherapy infusion additional hour,$412
CLM8822,71020,Chest X-ray,$128
CLM8823,80061,Lipid panel,$52
CLM8823,36415,Blood draw,$34
CLM8824,99214,Detailed office visit,$132
CLM8824,90837,Psychotherapy 60 minutes,$169
CLM8825,76805,Obstetric ultrasound,$406
CLM8826,93000,EKG/ECG with interpretation,$146
CLM8826,99214,Detailed office visit,$131
CLM8826,93015,Cardiac stress test,$824
CLM8827,17000,Destruction of skin lesion,$125
CLM8828,85025,Complete blood count,$49
CLM8829,82947,Glucose test,$25
CLM8829,83036,Hemoglobin A1c,$40
CLM8830,36415,Blood draw,$30
CLM8830,87070,Bacteria culture,$81
CLM8831,71020,Chest X-ray,$104
CLM8832,93000,EKG/ECG with interpretation,$175
CLM8832,99283,ED visit moderate severity,$462
CLM8833,99285,ED visit high severity,$1201
CLM8834,59400,Routine obstetric care,$3341
CLM8834,76805,Obstetric ultrasound,$407
CLM8835,83036,Hemoglobin A1c,$45
CLM8836,80061,Lipid panel,$51
CLM8837,84443,TSH test,$58
CLM8838,94010,Spirometry,$93
CLM8839,73030,Shoulder X-ray,$109
CLM8840,83036,Hemoglobin A1c,$47
CLM8841,90834,Psychotherapy 45 minutes,$147
CLM8841,90837,Psychotherapy 60 minutes,$166
CLM8842,85025,Complete blood count,$45
CLM8842,80050,General health panel,$298
CLM8842,36415,Blood draw,$29
CLM8843,87070,Bacteria culture,$76
CLM8844,36415,Blood draw,$29
CLM8844,85025,Complete blood count,$47
CLM8845,84443,TSH test,$60
CLM8846,87070,Bacteria culture,$87
CLM8846,80050,General health panel,$295
CLM8847,85025,Complete blood count,$47
CLM8847,71020,Chest X-ray,$129
CLM8848,83036,Hemoglobin A1c,$44
CLM8848,36415,Blood draw,$32
CLM8848,80053,Comprehensive metabolic panel,$57
CLM8849,36415,Blood draw,$30
CLM8849,83036,Hemoglobin A1c,$41
CLM8850,87880,Rapid strep test,$40
CLM8851,96415,Chemotherapy infusion additional hour,$318
CLM8851,85025,Complete blood count,$51
CLM8852,36415,Blood draw,$34
CLM8852,71020,Chest X-ray,$114
CLM8853,99392,Preventive visit age 1-4,$163
CLM8854,99213,Office/outpatient visit,$117
CLM8855,71020,Chest X-ray,$120
CLM8855,99283,ED visit moderate severity,$497
CLM8856,77385,IMRT radiation treatment,$2477
CLM8857,93000,EKG/ECG with interpretation,$175
CLM8858,36415,Blood draw,$32
CLM8858,80050,General health panel,$289
CLM8859,36415,Blood draw,$34
CLM8860,87880,Rapid strep test,$41
CLM8861,99213,Office/outpatient visit,$121
CLM8861,11102,Skin biopsy,$166
CLM8862,36415,Blood draw,$33
CLM8863,99213,Office/outpatient visit,$108
CLM8864,99213,Office/outpatient visit,$140
CLM8865,83036,Hemoglobin A1c,$40
CLM8866,80061,Lipid panel,$55
CLM8867,36415,Blood draw,$32
CLM8867,84443,TSH test,$56
CLM8868,71020,Chest X-ray,$115
CLM8869,93000,EKG/ECG with interpretation,$135
CLM8870,99215,Comprehensive office visit,$205
CLM8870,96413,Chemotherapy infusion first hour,$1211
CLM8871,93015,Cardiac stress test,$856
CLM8872,90834,Psychotherapy 45 minutes,$129
CLM8873,80050,General health panel,$318
CLM8874,99213,Office/outpatient visit,$141
CLM8875,96413,Chemotherapy infusion first hour,$1112
CLM8875,85025,Complete blood count,$43
CLM8876,36415,Blood draw,$34
CLM8876,99215,Comprehensive office visit,$193
CLM8877,99283,ED visit moderate severity,$464
CLM8878,83036,Hemoglobin A1c,$38
CLM8878,36415,Blood draw,$31
CLM8879,99285,ED visit high severity,$1244
CLM8880,90707,MMR vaccine,$92
CLM8880,87880,Rapid strep test,$33
CLM8880,90460,Immunization administration,$42
CLM8881,99214,Detailed office visit,$136
CLM8882,71020,Chest X-ray,$99
CLM8883,36415,Blood draw,$29
CLM8884,99213,Office/outpatient visit,$131
CLM8884,29881,Knee arthroscopy,$6066
CLM8885,90460,Immunization administration,$38
CLM8885,99213,Office/outpatient visit,$127
CLM8886,93000,EKG/ECG with interpretation,$151
CLM8886,93306,Echocardiogram complete,$1377
CLM8887,20610,Major joint injection,$246
CLM8887,29881,Knee arthroscopy,$5281
CLM8887,73030,Shoulder X-ray,$117
CLM8888,83036,Hemoglobin A1c,$47
CLM8889,85025,Complete blood count,$50
CLM8890,99213,Office/outpatient visit,$132
CLM8890,71020,Chest X-ray,$102
CLM8891,93000,EKG/ECG with interpretation,$174
CLM8892,70450,CT head without contrast,$947
CLM8893,99213,Office/outpatient visit,$140
CLM8894,93000,EKG/ECG with interpretation,$174
CLM8894,99214,Detailed office visit,$118
CLM8895,85025,Complete blood count,$49
CLM8896,99214,Detailed office visit,$149
CLM8896,93000,EKG/ECG with interpretation,$172
CLM8896,93306,Echocardiogram complete,$1154
CLM8897,87880,Rapid strep test,$37
CLM8897,90460,Immunization administration,$41
CLM8898,80053,Comprehensive metabolic panel,$61
CLM8899,94010,Spirometry,$87
CLM8899,94640,Nebulizer treatment,$52
CLM8900,76805,Obstetric ultrasound,$433
CLM8901,93015,Cardiac stress test,$784
CLM8902,99214,Detailed office visit,$127
CLM8903,36415,Blood draw,$28
CLM8903,99213,Office/outpatient visit,$117
CLM8904,36415,Blood draw,$30
CLM8904,83036,Hemoglobin A1c,$45
CLM8905,93015,Cardiac stress test,$941
CLM8905,99214,Detailed office visit,$134
CLM8906,36415,Blood draw,$34
CLM8907,73030,Shoulder X-ray,$112
CLM8908,20610,Major joint injection,$234
CLM8908,99213,Office/outpatient visit,$131
CLM8908,73030,Shoulder X-ray,$116
CLM8909,17000,Destruction of skin lesion,$111
CLM8909,96910,Phototherapy treatment,$165
CLM8910,90707,MMR vaccine,$102
CLM8910,90460,Immunization administration,$44
CLM8911,80061,Lipid panel,$64
CLM8912,93000,EKG/ECG with interpretation,$150
CLM8913,83036,Hemoglobin A1c,$40
CLM8913,93000,EKG/ECG with interpretation,$161
CLM8914,99215,Comprehensive office visit,$218
CLM8915,88175,Pap smear cytology,$75
CLM8916,73030,Shoulder X-ray,$113
CLM8917,99214,Detailed office visit,$130
CLM8917,93000,EKG/ECG with interpretation,$151
CLM8918,99214,Detailed office visit,$137
CLM8919,85025,Complete blood count,$47
CLM8920,90791,Psychiatric diagnostic evaluation,$240
CLM8920,90837,Psychotherapy 60 minutes,$190
CLM8921,71020,Chest X-ray,$116
CLM8922,36415,Blood draw,$34
CLM8923,80050,General health panel,$343
CLM8924,83036,Hemoglobin A1c,$44
CLM8924,80053,Comprehensive metabolic panel,$62
CLM8925,71020,Chest X-ray,$105
CLM8926,82947,Glucose test,$27
CLM8926,84443,TSH test,$50
CLM8927,99214,Detailed office visit,$145
CLM8927,36415,Blood draw,$32
CLM8928,80053,Comprehensive metabolic panel,$55
CLM8929,80053,Comprehensive metabolic panel,$64
CLM8930,87070,Bacteria culture,$82
CLM8931,87070,Bacteria culture,$75
CLM8932,99214,Detailed office visit,$134
CLM8932,36415,Blood draw,$34
CLM8932,82947,Glucose test,$29
CLM8933,90460,Immunization administration,$45
CLM8933,99213,Office/outpatient visit,$119
CLM8934,36415,Blood draw,$31
CLM8934,84443,TSH test,$56
CLM8935,36415,Blood draw,$32
CLM8936,17000,Destruction of skin lesion,$128
CLM8937,36415,Blood draw,$34
CLM8937,83036,Hemoglobin A1c,$42
CLM8938,96415,Chemotherapy infusion additional hour,$349
CLM8939,36415,Blood draw,$28
CLM8939,83036,Hemoglobin A1c,$37
CLM8940,71020,Chest X-ray,$105
CLM8940,99285,ED visit high severity,$1105
CLM8941,73721,MRI knee,$1513
CLM8942,29881,Knee arthroscopy,$4997
CLM8942,73721,MRI knee,$1543
CLM8942,20610,Major joint injection,$274
CLM8943,99214,Detailed office visit,$126
CLM8943,94640,Nebulizer treatment,$54
CLM8944,99214,Detailed office visit,$143
CLM8945,99214,Detailed office visit,$139
CLM8945,93000,EKG/ECG with interpretation,$142
CLM8945,93015,Cardiac stress test,$959
CLM8946,93000,EKG/ECG with interpretation,$146
CLM8947,80053,Comprehensive metabolic panel,$69
CLM8947,99214,Detailed office visit,$151
CLM8948,93000,EKG/ECG with interpretation,$165
CLM8948,99285,ED visit high severity,$1105
CLM8949,73030,Shoulder X-ray,$132
CLM8950,99213,Office/outpatient visit,$117
CLM8951,83036,Hemoglobin A1c,$44
CLM8952,93000,EKG/ECG with interpretation,$175
CLM8952,99214,Detailed office visit,$142
CLM8953,36415,Blood draw,$29
CLM8954,80053,Comprehensive metabolic panel,$66
CLM8955,94010,Spirometry,$104
CLM8956,70450,CT head without contrast,$1011
CLM8956,71020,Chest X-ray,$112
CLM8957,83036,Hemoglobin A1c,$36
CLM8957,36415,Blood draw,$30
CLM8957,82947,Glucose test,$29
CLM8958,88175,Pap smear cytology,$69
CLM8958,59400,Routine obstetric care,$4015
CLM8959,73030,Shoulder X-ray,$116
CLM8960,93000,EKG/ECG with interpretation,$158
CLM8960,93306,Echocardiogram complete,$1221
CLM8961,11102,Skin biopsy,$165
CLM8961,99213,Office/outpatient visit,$113
CLM8962,93000,EKG/ECG with interpretation,$176
CLM8963,80061,Lipid panel,$52
CLM8963,36415,Blood draw,$32
CLM8964,80061,Lipid panel,$65
CLM8965,80050,General health panel,$330
CLM8965,80061,Lipid panel,$57
CLM8965,87070,Bacteria culture,$75
CLM8966,36415,Blood draw,$32
CLM8966,99214,Detailed office visit,$132
CLM8967,94640,Nebulizer treatment,$48
CLM8967,99214,Detailed office visit,$123
CLM8968,99214,Detailed office visit,$153
CLM8968,88175,Pap smear cytology,$66
CLM8969,99215,Comprehensive office visit,$202
CLM8970,93015,Cardiac stress test,$799
CLM8970,99214,Detailed office visit,$118
CLM8970,93000,EKG/ECG with interpretation,$156
CLM8971,87070,Bacteria culture,$74
CLM8971,36415,Blood draw,$28
CLM8971,80061,Lipid panel,$59
CLM8972,36415,Blood draw,$33
CLM8973,93000,EKG/ECG with interpretation,$176
CLM8974,99215,Comprehensive office visit,$211
CLM8974,93000,EKG/ECG with interpretation,$155
CLM8975,20610,Major joint injection,$240
CLM8975,73030,Shoulder X-ray,$113
CLM8976,36415,Blood draw,$27
CLM8977,83036,Hemoglobin A1c,$46
CLM8978,99215,Comprehensive office visit,$200
CLM8978,36415,Blood draw,$33
CLM8978,80053,Comprehensive metabolic panel,$70
CLM8979,99285,ED visit high severity,$1403
CLM8979,93000,EKG/ECG with interpretation,$170
CLM8980,87880,Rapid strep test,$36
CLM8981,83036,Hemoglobin A1c,$44
CLM8982,99214,Detailed office visit,$147
CLM8982,85025,Complete blood count,$44
CLM8983,85025,Complete blood count,$44
CLM8983,87070,Bacteria culture,$87
CLM8983,80061,Lipid panel,$55
CLM8984,80050,General health panel,$295
CLM8984,83036,Hemoglobin A1c,$38
CLM8985,71020,Chest X-ray,$111
CLM8986,36415,Blood draw,$33
CLM8987,84443,TSH test,$52
CLM8988,99213,Office/outpatient visit,$110
CLM8989,36415,Blood draw,$27
CLM8990,99285,ED visit high severity,$1218
CLM8990,71020,Chest X-ray,$104
CLM8990,93000,EKG/ECG with interpretation,$159
CLM8991,36415,Blood draw,$35
CLM8991,99214,Detailed office visit,$143
CLM8991,93000,EKG/ECG with interpretation,$168
CLM8992,88175,Pap smear cytology,$77
CLM8993,99283,ED visit moderate severity,$443
CLM8994,99214,Detailed office visit,$118
CLM8994,93000,EKG/ECG with interpretation,$148
CLM8994,93306,Echocardiogram complete,$1165
CLM8995,36415,Blood draw,$35
CLM8996,90834,Psychotherapy 45 minutes,$142
CLM8996,90837,Psychotherapy 60 minutes,$187
CLM8997,80053,Comprehensive metabolic panel,$59
CLM8998,90460,Immunization administration,$47
CLM8998,87880,Rapid strep test,$34
CLM8999,93015,Cardiac stress test,$960
CLM9000,90834,Psychotherapy 45 minutes,$130
CLM9000,90837,Psychotherapy 60 minutes,$181
CLM9001,83036,Hemoglobin A1c,$38
CLM9002,80053,Comprehensive metabolic panel,$69
CLM9002,83036,Hemoglobin A1c,$37
CLM9003,85025,Complete blood count,$43
CLM9003,96413,Chemotherapy infusion first hour,$1284
CLM9004,93458,Cardiac catheterization,$4289
CLM9005,36415,Blood draw,$34
CLM9005,83036,Hemoglobin A1c,$37
CLM9006,93000,EKG/ECG with interpretation,$156
CLM9006,36415,Blood draw,$29
CLM9007,99213,Office/outpatient visit,$129
CLM9008,36415,Blood draw,$28
CLM9009,36415,Blood draw,$33
CLM9009,80061,Lipid panel,$51
CLM9010,83036,Hemoglobin A1c,$44
CLM9011,95810,Sleep study,$1356
CLM9012,99214,Detailed office visit,$120
CLM9012,93000,EKG/ECG with interpretation,$159
CLM9013,17000,Destruction of skin lesion,$140
CLM9013,11102,Skin biopsy,$206
CLM9014,83036,Hemoglobin A1c,$44
CLM9015,90707,MMR vaccine,$83
CLM9015,99392,Preventive visit age 1-4,$181
CLM9015,90460,Immunization administration,$39
CLM9016,85025,Complete blood count,$51
CLM9017,83036,Hemoglobin A1c,$41
CLM9018,99214,Detailed office visit,$128
CLM9019,36415,Blood draw,$35
CLM9019,99213,Office/outpatient visit,$127
CLM9019,99214,Detailed office visit,$135
CLM9020,71020,Chest X-ray,$100
CLM9020,36415,Blood draw,$29
CLM9021,85025,Complete blood count,$41
CLM9022,36415,Blood draw,$30
CLM9023,87880,Rapid strep test,$40
CLM9024,99213,Office/outpatient visit,$126
CLM9024,20610,Major joint injection,$232
CLM9024,73030,Shoulder X-ray,$112
CLM9025,87070,Bacteria culture,$77
CLM9026,85025,Complete blood count,$47
CLM9026,96413,Chemotherapy infusion first hour,$1019
CLM9027,36415,Blood draw,$33
CLM9028,90834,Psychotherapy 45 minutes,$142
CLM9029,99214,Detailed office visit,$151
CLM9030,93015,Cardiac stress test,$928
CLM9031,96910,Phototherapy treatment,$177
CLM9032,87880,Rapid strep test,$34
CLM9033,93000,EKG/ECG with interpretation,$155
CLM9034,85025,Complete blood count,$48
CLM9035,83036,Hemoglobin A1c,$40
CLM9036,36415,Blood draw,$29
CLM9037,99213,Office/outpatient visit,$132
CLM9038,99213,Office/outpatient visit,$111
CLM9039,83036,Hemoglobin A1c,$45
CLM9040,90460,Immunization administration,$45
CLM9040,90707,MMR vaccine,$89
CLM9040,87880,Rapid strep test,$39
CLM9041,71020,Chest X-ray,$125
CLM9041,85025,Complete blood count,$44
CLM9042,90791,Psychiatric diagnostic evaluation,$278
CLM9043,87070,Bacteria culture,$72
CLM9043,85025,Complete blood count,$46
CLM9043,80050,General health panel,$326
CLM9044,93000,EKG/ECG with interpretation,$159
CLM9045,90834,Psychotherapy 45 minutes,$146
CLM9046,99213,Office/outpatient visit,$127
CLM9046,11102,Skin biopsy,$187
CLM9047,99214,Detailed office visit,$122
CLM9048,99214,Detailed office visit,$136
CLM9049,90837,Psychotherapy 60 minutes,$187
CLM9050,36415,Blood draw,$35
CLM9050,99214,Detailed office visit,$132
CLM9051,29881,Knee arthroscopy,$5046
CLM9051,73030,Shoulder X-ray,$141
CLM9052,82947,Glucose test,$29
CLM9053,80053,Comprehensive metabolic panel,$69
CLM9053,83036,Hemoglobin A1c,$46
CLM9054,90837,Psychotherapy 60 minutes,$189
CLM9055,96910,Phototherapy treatment,$166
CLM9055,11102,Skin biopsy,$212
CLM9056,36415,Blood draw,$31
CLM9056,85025,Complete blood count,$43
CLM9057,36415,Blood draw,$34
CLM9058,99214,Detailed office visit,$121
CLM9059,99215,Comprehensive office visit,$216
CLM9059,36415,Blood draw,$34
CLM9059,99214,Detailed office visit,$130
CLM9060,90460,Immunization administration,$39
CLM9060,87880,Rapid strep test,$39
CLM9061,99213,Office/outpatient visit,$140
CLM9061,73030,Shoulder X-ray,$133
CLM9062,99214,Detailed office visit,$117
CLM9062,36415,Blood draw,$34
CLM9062,83036,Hemoglobin A1c,$47
CLM9063,99214,Detailed office visit,$118
CLM9064,99213,Office/outpatient visit,$118
CLM9064,87070,Bacteria culture,$91
CLM9065,85025,Complete blood count,$42
CLM9065,36415,Blood draw,$35
CLM9066,99214,Detailed office visit,$126
CLM9067,99214,Detailed office visit,$145
CLM9068,73030,Shoulder X-ray,$136
CLM9069,80061,Lipid panel,$60
CLM9070,80061,Lipid panel,$61
CLM9070,99214,Detailed office visit,$136
CLM9071,99214,Detailed office visit,$138
CLM9071,90837,Psychotherapy 60 minutes,$188
CLM9072,83036,Hemoglobin A1c,$45
CLM9073,99214,Detailed office visit,$139
CLM9074,83036,Hemoglobin A1c,$38
CLM9075,96910,Phototherapy treatment,$165
CLM9075,11102,Skin biopsy,$165
CLM9075,17000,Destruction of skin lesion,$118
CLM9076,99283,ED visit moderate severity,$439
CLM9077,99213,Office/outpatient visit,$132
CLM9077,20610,Major joint injection,$247
CLM9077,73721,MRI knee,$1598
CLM9078,99213,Office/outpatient visit,$126
CLM9078,20610,Major joint injection,$252
CLM9079,93000,EKG/ECG with interpretation,$137
CLM9079,70450,CT head without contrast,$838
CLM9079,71020,Chest X-ray,$123
CLM9080,99215,Comprehensive office visit,$214
CLM9080,85025,Complete blood count,$49
CLM9081,99214,Detailed office visit,$118
CLM9081,93000,EKG/ECG with interpretation,$154
CLM9082,85025,Complete blood count,$41
CLM9083,90460,Immunization administration,$44
CLM9084,90707,MMR vaccine,$101
CLM9085,95810,Sleep study,$1548
CLM9085,99214,Detailed office visit,$124
CLM9085,71020,Chest X-ray,$106
CLM9086,20610,Major joint injection,$279
CLM9086,99213,Office/outpatient visit,$109
CLM9086,73030,Shoulder X-ray,$116
CLM9087,83036,Hemoglobin A1c,$42
CLM9088,99213,Office/outpatient visit,$131
CLM9089,96415,Chemotherapy infusion additional hour,$329
CLM9089,99215,Comprehensive office visit,$215
CLM9089,96413,Chemotherapy infusion first hour,$1144
CLM9090,85025,Complete blood count,$41
CLM9090,96413,Chemotherapy infusion first hour,$1024
CLM9091,84443,TSH test,$52
CLM9091,82947,Glucose test,$24
CLM9092,80053,Comprehensive metabolic panel,$66
CLM9093,96415,Chemotherapy infusion additional hour,$382
CLM9094,83036,Hemoglobin A1c,$42
CLM9094,80053,Comprehensive metabolic panel,$64
CLM9095,93000,EKG/ECG with interpretation,$166
CLM9096,93000,EKG/ECG with interpretation,$161
CLM9096,71020,Chest X-ray,$130
CLM9096,70450,CT head without contrast,$996
CLM9097,83036,Hemoglobin A1c,$44
CLM9098,83036,Hemoglobin A1c,$42
CLM9098,36415,Blood draw,$28
CLM9099,93306,Echocardiogram complete,$1295
CLM9099,99214,Detailed office visit,$122
CLM9099,93000,EKG/ECG with interpretation,$175
CLM9100,90460,Immunization administration,$44
CLM9100,90707,MMR vaccine,$100
CLM9101,20610,Major joint injection,$251
CLM9102,36415,Blood draw,$32
CLM9103,85025,Complete blood count,$44
CLM9104,93000,EKG/ECG with interpretation,$139
CLM9104,93306,Echocardiogram complete,$1226
CLM9104,99214,Detailed office visit,$133
CLM9105,80050,General health panel,$290
CLM9106,94010,Spirometry,$97
CLM9107,80061,Lipid panel,$56
CLM9108,99214,Detailed office visit,$133
CLM9109,17000,Destruction of skin lesion,$138
CLM9109,96910,Phototherapy treatment,$156
CLM9110,93000,EKG/ECG with interpretation,$157
CLM9110,99285,ED visit high severity,$1261
CLM9110,70450,CT head without contrast,$906
CLM9111,96415,Chemotherapy infusion additional hour,$391
CLM9112,20610,Major joint injection,$286
CLM9112,73030,Shoulder X-ray,$141
CLM9112,99213,Office/outpatient visit,$129
CLM9113,80053,Comprehensive metabolic panel,$61
CLM9114,11102,Skin biopsy,$188
CLM9115,80061,Lipid panel,$57
CLM9116,99283,ED visit moderate severity,$448
CLM9117,84443,TSH test,$60
CLM9117,83036,Hemoglobin A1c,$39
CLM9118,11102,Skin biopsy,$175
CLM9119,36415,Blood draw,$30
CLM9120,36415,Blood draw,$28
CLM9121,99214,Detailed office visit,$125
CLM9122,93000,EKG/ECG with interpretation,$135
CLM9123,85025,Complete blood count,$42
CLM9123,87070,Bacteria culture,$78
CLM9124,87880,Rapid strep test,$40
CLM9124,99392,Preventive visit age 1-4,$191
CLM9124,90707,MMR vaccine,$89
CLM9125,71020,Chest X-ray,$129
CLM9125,70450,CT head without contrast,$945
CLM9126,96910,Phototherapy treatment,$150
CLM9127,85025,Complete blood count,$48
CLM9128,93000,EKG/ECG with interpretation,$143
CLM9129,80053,Comprehensive metabolic panel,$63
CLM9130,83036,Hemoglobin A1c,$45
CLM9130,36415,Blood draw,$28
CLM9131,93015,Cardiac stress test,$912
CLM9131,99214,Detailed office visit,$134
CLM9132,93000,EKG/ECG with interpretation,$156
CLM9132,99214,Detailed office visit,$150
CLM9133,93000,EKG/ECG with interpretation,$142
CLM9133,93306,Echocardiogram complete,$1313
CLM9134,99214,Detailed office visit,$149
CLM9135,80053,Comprehensive metabolic panel,$56
CLM9135,80050,General health panel,$303
CLM9136,87880,Rapid strep test,$37
CLM9137,94640,Nebulizer treatment,$52
CLM9138,71020,Chest X-ray,$124
CLM9138,80061,Lipid panel,$61
CLM9139,87070,Bacteria culture,$77
CLM9139,85025,Complete blood count,$41
CLM9139,99213,Office/outpatient visit,$119
CLM9140,99213,Office/outpatient visit,$114
CLM9141,99215,Comprehensive office visit,$215
CLM9141,83036,Hemoglobin A1c,$43
CLM9142,71020,Chest X-ray,$104
CLM9143,83036,Hemoglobin A1c,$38
CLM9144,87070,Bacteria culture,$74
CLM9145,96910,Phototherapy treatment,$160
CLM9146,36415,Blood draw,$29
CLM9146,83036,Hemoglobin A1c,$38
CLM9147,90837,Psychotherapy 60 minutes,$181
CLM9148,80053,Comprehensive metabolic panel,$63
CLM9149,93000,EKG/ECG with interpretation,$146
CLM9150,83036,Hemoglobin A1c,$43
CLM9150,99214,Detailed office visit,$145
CLM9151,85025,Complete blood count,$51
CLM9152,96415,Chemotherapy infusion additional hour,$406
CLM9153,99214,Detailed office visit,$119
CLM9153,83036,Hemoglobin A1c,$37
CLM9154,96910,Phototherapy treatment,$160
CLM9154,17000,Destruction of skin lesion,$124
CLM9155,11102,Skin biopsy,$175
CLM9155,17000,Destruction of skin lesion,$109
CLM9156,73030,Shoulder X-ray,$108
CLM9157,99214,Detailed office visit,$152
CLM9157,93458,Cardiac catheterization,$5130
CLM9158,99285,ED visit high severity,$1321
CLM9159,87880,Rapid strep test,$33
CLM9160,90837,Psychotherapy 60 minutes,$164
CLM9160,90791,Psychiatric diagnostic evaluation,$284
CLM9161,73030,Shoulder X-ray,$133
CLM9161,99213,Office/outpatient visit,$123
CLM9162,36415,Blood draw,$28
CLM9163,70450,CT head without contrast,$1003
CLM9164,82947,Glucose test,$28
CLM9164,36415,Blood draw,$30
CLM9165,99213,Office/outpatient visit,$139
CLM9165,20610,Major joint injection,$236
CLM9166,36415,Blood draw,$32
CLM9167,85025,Complete blood count,$50
CLM9167,96415,Chemotherapy infusion additional hour,$388
CLM9168,99214,Detailed office visit,$121
CLM9168,90834,Psychotherapy 45 minutes,$153
CLM9168,90837,Psychotherapy 60 minutes,$168
CLM9169,90834,Psychotherapy 45 minutes,$156
CLM9169,99214,Detailed office visit,$141
CLM9170,90460,Immunization administration,$40
CLM9171,93000,EKG/ECG with interpretation,$149
CLM9171,99214,Detailed office visit,$121
CLM9171,93458,Cardiac catheterization,$4348
CLM9172,94010,Spirometry,$96
CLM9172,99214,Detailed office visit,$118
CLM9173,85025,Complete blood count,$44
CLM9174,99214,Detailed office visit,$136
CLM9175,99213,Office/outpatient visit,$120
CLM9175,11102,Skin biopsy,$191
CLM9175,17000,Destruction of skin lesion,$140
CLM9176,99214,Detailed office visit,$123
CLM9177,99215,Comprehensive office visit,$230
CLM9177,96413,Chemotherapy infusion first hour,$1223
CLM9178,93306,Echocardiogram complete,$1308
CLM9179,93015,Cardiac stress test,$797
CLM9180,99214,Detailed office visit,$149
CLM9180,76805,Obstetric ultrasound,$470
CLM9181,93306,Echocardiogram complete,$1303
CLM9181,93000,EKG/ECG with interpretation,$140
CLM9182,83036,Hemoglobin A1c,$40
CLM9183,94640,Nebulizer treatment,$46
CLM9183,94010,Spirometry,$103
CLM9184,82947,Glucose test,$23
CLM9185,90834,Psychotherapy 45 minutes,$127
CLM9186,80050,General health panel,$303
CLM9187,87880,Rapid strep test,$33
CLM9188,99392,Preventive visit age 1-4,$175
CLM9189,83036,Hemoglobin A1c,$38
CLM9189,36415,Blood draw,$35
CLM9190,85025,Complete blood count,$48
CLM9191,90834,Psychotherapy 45 minutes,$164
CLM9191,99214,Detailed office visit,$143
CLM9192,85025,Complete blood count,$45
CLM9192,80050,General health panel,$297
CLM9192,80061,Lipid panel,$52
CLM9193,83036,Hemoglobin A1c,$42
CLM9193,80053,Comprehensive metabolic panel,$55
CLM9193,93000,EKG/ECG with interpretation,$166
CLM9194,36415,Blood draw,$33
CLM9195,99214,Detailed office visit,$138
CLM9195,93000,EKG/ECG with interpretation,$175
CLM9195,93306,Echocardiogram complete,$1175
CLM9196,36415,Blood draw,$29
CLM9196,99214,Detailed office visit,$138
CLM9197,36415,Blood draw,$29
CLM9198,36415,Blood draw,$33
CLM9199,90834,Psychotherapy 45 minutes,$164
CLM9199,90791,Psychiatric diagnostic evaluation,$277
CLM9200,36415,Blood draw,$29
CLM9200,99214,Detailed office visit,$146
CLM9201,99214,Detailed office visit,$128
CLM9202,90834,Psychotherapy 45 minutes,$137
CLM9202,99214,Detailed office visit,$128
CLM9202,90837,Psychotherapy 60 minutes,$195
CLM9203,99214,Detailed office visit,$152
CLM9203,90791,Psychiatric diagnostic evaluation,$241
CLM9203,90837,Psychotherapy 60 minutes,$201
CLM9204,90707,MMR vaccine,$98
CLM9204,99392,Preventive visit age 1-4,$203
CLM9205,99214,Detailed office visit,$124
CLM9206,73721,MRI knee,$1732
CLM9207,99283,ED visit moderate severity,$474
CLM9208,99213,Office/outpatient visit,$140
CLM9208,87070,Bacteria culture,$90
CLM9209,20610,Major joint injection,$290
CLM9209,73721,MRI knee,$1565
CLM9209,73030,Shoulder X-ray,$120
CLM9210,83036,Hemoglobin A1c,$40
CLM9211,99214,Detailed office visit,$141
CLM9211,88175,Pap smear cytology,$67
CLM9212,87880,Rapid strep test,$33
CLM9212,90460,Immunization administration,$46
CLM9212,90707,MMR vaccine,$95
CLM9213,20610,Major joint injection,$278
CLM9213,73721,MRI knee,$1680
CLM9213,29881,Knee arthroscopy,$6016
CLM9214,90837,Psychotherapy 60 minutes,$164
CLM9214,90791,Psychiatric diagnostic evaluation,$290
CLM9215,85025,Complete blood count,$51
CLM9216,99214,Detailed office visit,$144
CLM9217,93458,Cardiac catheterization,$5205
CLM9217,99214,Detailed office visit,$145
CLM9218,93000,EKG/ECG with interpretation,$146
CLM9219,36415,Blood draw,$32
CLM9220,36415,Blood draw,$31
CLM9221,85025,Complete blood count,$50
CLM9221,80061,Lipid panel,$62
CLM9221,99213,Office/outpatient visit,$131
CLM9222,93015,Cardiac stress test,$909
CLM9223,71020,Chest X-ray,$112
CLM9224,36415,Blood draw,$29
CLM9224,83036,Hemoglobin A1c,$38
CLM9225,99214,Detailed office visit,$146
CLM9226,73030,Shoulder X-ray,$118
CLM9227,80053,Comprehensive metabolic panel,$62
CLM9227,83036,Hemoglobin A1c,$41
CLM9228,83036,Hemoglobin A1c,$38
CLM9229,93000,EKG/ECG with interpretation,$148
CLM9229,99214,Detailed office visit,$120
CLM9229,93458,Cardiac catheterization,$4937
CLM9230,99213,Office/outpatient visit,$109
CLM9230,73721,MRI knee,$1421
CLM9231,73030,Shoulder X-ray,$124
CLM9231,99213,Office/outpatient visit,$135
CLM9232,99214,Detailed office visit,$117
CLM9232,71020,Chest X-ray,$112
CLM9232,36415,Blood draw,$35
CLM9233,99215,Comprehensive office visit,$228
CLM9233,80053,Comprehensive metabolic panel,$54
CLM9234,80061,Lipid panel,$60
CLM9234,99213,Office/outpatient visit,$135
CLM9235,93000,EKG/ECG with interpretation,$136
CLM9236,93000,EKG/ECG with interpretation,$169
CLM9237,93015,Cardiac stress test,$816
CLM9238,99214,Detailed office visit,$138
CLM9238,80061,Lipid panel,$55
CLM9239,88175,Pap smear cytology,$68
CLM9240,71020,Chest X-ray,$119
CLM9240,85025,Complete blood count,$42
CLM9241,99215,Comprehensive office visit,$237
CLM9241,83036,Hemoglobin A1c,$41
CLM9242,93015,Cardiac stress test,$997
CLM9243,85025,Complete blood count,$48
CLM9243,77385,IMRT radiation treatment,$2462
CLM9244,85025,Complete blood count,$43
CLM9244,99213,Office/outpatient visit,$140
CLM9245,87880,Rapid strep test,$32
CLM9246,96413,Chemotherapy infusion first hour,$1205
CLM9247,99213,Office/outpatient visit,$116
CLM9247,73721,MRI knee,$1632
CLM9248,93000,EKG/ECG with interpretation,$148
CLM9248,71020,Chest X-ray,$109
CLM9249,87880,Rapid strep test,$38
CLM9250,83036,Hemoglobin A1c,$43
CLM9250,82947,Glucose test,$26
CLM9251,99214,Detailed office visit,$146
CLM9251,83036,Hemoglobin A1c,$46
CLM9252,99214,Detailed office visit,$126
CLM9253,99214,Detailed office visit,$130
CLM9253,83036,Hemoglobin A1c,$38
CLM9253,82947,Glucose test,$25
CLM9254,71020,Chest X-ray,$111
CLM9255,36415,Blood draw,$30
CLM9255,93000,EKG/ECG with interpretation,$142
CLM9256,70450,CT head without contrast,$945
CLM9257,93000,EKG/ECG with interpretation,$139
CLM9257,93458,Cardiac catheterization,$5048
CLM9258,93000,EKG/ECG with interpretation,$139
CLM9259,87880,Rapid strep test,$40
CLM9259,99213,Office/outpatient visit,$139
CLM9259,99392,Preventive visit age 1-4,$163
CLM9260,99214,Detailed office visit,$150
CLM9261,99213,Office/outpatient visit,$138
CLM9261,20610,Major joint injection,$279
CLM9261,73030,Shoulder X-ray,$119
CLM9262,20610,Major joint injection,$232
CLM9262,29881,Knee arthroscopy,$5521
CLM9263,90791,Psychiatric diagnostic evaluation,$284
CLM9263,99214,Detailed office visit,$151
CLM9264,90834,Psychotherapy 45 minutes,$156
CLM9264,99214,Detailed office visit,$140
CLM9264,90791,Psychiatric diagnostic evaluation,$275
CLM9265,99213,Office/outpatient visit,$114
CLM9265,80061,Lipid panel,$59
CLM9266,93015,Cardiac stress test,$886
CLM9266,93458,Cardiac catheterization,$4924
CLM9267,80050,General health panel,$300
CLM9267,80053,Comprehensive metabolic panel,$57
CLM9268,70450,CT head without contrast,$931
CLM9268,99283,ED visit moderate severity,$443
CLM9269,87070,Bacteria culture,$86
CLM9269,80061,Lipid panel,$56
CLM9270,93000,EKG/ECG with interpretation,$150
CLM9271,87070,Bacteria culture,$91
CLM9272,93000,EKG/ECG with interpretation,$150
CLM9272,80050,General health panel,$291
CLM9273,76805,Obstetric ultrasound,$422
CLM9273,99214,Detailed office visit,$118
CLM9273,59400,Routine obstetric care,$3552
CLM9274,29881,Knee arthroscopy,$6034
CLM9275,93000,EKG/ECG with interpretation,$139
CLM9275,83036,Hemoglobin A1c,$46
CLM9276,87070,Bacteria culture,$83
CLM9277,99214,Detailed office visit,$131
CLM9278,36415,Blood draw,$31
CLM9279,99213,Office/outpatient visit,$133
CLM9280,93000,EKG/ECG with interpretation,$143
CLM9281,99213,Office/outpatient visit,$115
CLM9282,36415,Blood draw,$30
CLM9282,87070,Bacteria culture,$78
CLM9283,85025,Complete blood count,$44
CLM9283,71020,Chest X-ray,$114
CLM9284,71020,Chest X-ray,$121
CLM9285,99214,Detailed office visit,$128
CLM9285,36415,Blood draw,$28
CLM9286,99214,Detailed office visit,$143
CLM9287,80053,Comprehensive metabolic panel,$56
CLM9288,80061,Lipid panel,$59
CLM9288,71020,Chest X-ray,$109
CLM9288,85025,Complete blood count,$44
CLM9289,99283,ED visit moderate severity,$436
CLM9290,80061,Lipid panel,$61
CLM9291,99392,Preventive visit age 1-4,$194
CLM9291,90460,Immunization administration,$43
CLM9291,99213,Office/outpatient visit,$140
CLM9292,87070,Bacteria culture,$79
CLM9292,99214,Detailed office visit,$128
CLM9293,80061,Lipid panel,$61
CLM9293,99214,Detailed office visit,$125
CLM9294,80050,General health panel,$344
CLM9295,80053,Comprehensive metabolic panel,$55
CLM9295,36415,Blood draw,$31
CLM9295,99215,Comprehensive office visit,$195
CLM9296,80061,Lipid panel,$64
CLM9297,71020,Chest X-ray,$107
CLM9297,93000,EKG/ECG with interpretation,$166
CLM9298,99213,Office/outpatient visit,$122
CLM9299,93000,EKG/ECG with interpretation,$176
CLM9299,99214,Detailed office visit,$126
CLM9300,93000,EKG/ECG with interpretation,$145
CLM9301,90460,Immunization administration,$43
CLM9302,93000,EKG/ECG with interpretation,$169
CLM9303,99213,Office/outpatient visit,$136
CLM9304,83036,Hemoglobin A1c,$46
CLM9305,71020,Chest X-ray,$129
CLM9306,90707,MMR vaccine,$82
CLM9306,99392,Preventive visit age 1-4,$205
CLM9307,85025,Complete blood count,$48
CLM9308,90460,Immunization administration,$46
CLM9308,87880,Rapid strep test,$36
CLM9309,80050,General health panel,$297
CLM9310,99213,Office/outpatient visit,$124
CLM9311,80053,Comprehensive metabolic panel,$57
CLM9311,80050,General health panel,$289
CLM9312,93000,EKG/ECG with interpretation,$141
CLM9312,71020,Chest X-ray,$122
CLM9313,36415,Blood draw,$30
CLM9314,99215,Comprehensive office visit,$210
CLM9315,71020,Chest X-ray,$117
CLM9316,82947,Glucose test,$23
CLM9317,80050,General health panel,$329
CLM9318,99283,ED visit moderate severity,$477
CLM9318,71020,Chest X-ray,$121
CLM9318,93000,EKG/ECG with interpretation,$173
CLM9319,80050,General health panel,$335
CLM9319,36415,Blood draw,$27
CLM9319,85025,Complete blood count,$51
CLM9320,99214,Detailed office visit,$137
CLM9321,80050,General health panel,$289
CLM9322,93015,Cardiac stress test,$1000
CLM9323,90460,Immunization administration,$41
CLM9324,36415,Blood draw,$27
CLM9324,71020,Chest X-ray,$99
CLM9324,87070,Bacteria culture,$82
CLM9325,93000,EKG/ECG with interpretation,$172
CLM9326,36415,Blood draw,$29
CLM9327,90834,Psychotherapy 45 minutes,$163
CLM9328,99214,Detailed office visit,$150
CLM9329,93015,Cardiac stress test,$882
CLM9329,93306,Echocardiogram complete,$1216
CLM9330,80061,Lipid panel,$62
CLM9331,94010,Spirometry,$104
CLM9332,71020,Chest X-ray,$127
CLM9333,99215,Comprehensive office visit,$230
CLM9333,99214,Detailed office visit,$135
CLM9333,83036,Hemoglobin A1c,$39
CLM9334,85025,Complete blood count,$42
CLM9335,17000,Destruction of skin lesion,$125
CLM9336,93000,EKG/ECG with interpretation,$176
CLM9337,85025,Complete blood count,$45
CLM9338,83036,Hemoglobin A1c,$46
CLM9338,36415,Blood draw,$30
CLM9339,71020,Chest X-ray,$119
CLM9340,99214,Detailed office visit,$149
CLM9341,36415,Blood draw,$32
CLM9342,70450,CT head without contrast,$944
CLM9343,85025,Complete blood count,$43
CLM9343,99214,Detailed office visit,$125
CLM9343,80050,General health panel,$346
CLM9344,85025,Complete blood count,$47
CLM9344,87070,Bacteria culture,$75
CLM9345,90834,Psychotherapy 45 minutes,$144
CLM9345,99214,Detailed office visit,$147
CLM9346,85025,Complete blood count,$46
CLM9346,99214,Detailed office visit,$117
CLM9346,87070,Bacteria culture,$84
CLM9347,99283,ED visit moderate severity,$429
CLM9348,87070,Bacteria culture,$82
CLM9349,93306,Echocardiogram complete,$1357
CLM9350,36415,Blood draw,$29
CLM9350,83036,Hemoglobin A1c,$46
CLM9350,93000,EKG/ECG with interpretation,$150
CLM9351,36415,Blood draw,$30
CLM9351,99214,Detailed office visit,$129
CLM9352,83036,Hemoglobin A1c,$38
CLM9353,80050,General health panel,$271
CLM9354,73721,MRI knee,$1710
CLM9354,73030,Shoulder X-ray,$118
CLM9354,99213,Office/outpatient visit,$119
CLM9355,36415,Blood draw,$28
CLM9355,83036,Hemoglobin A1c,$43
CLM9356,85025,Complete blood count,$45
CLM9357,85025,Complete blood count,$43
CLM9358,85025,Complete blood count,$45
CLM9359,36415,Blood draw,$32
CLM9360,99214,Detailed office visit,$128
CLM9361,96910,Phototherapy treatment,$150
CLM9361,11102,Skin biopsy,$194
CLM9361,99213,Office/outpatient visit,$135
CLM9362,71020,Chest X-ray,$100
CLM9362,36415,Blood draw,$33
CLM9363,36415,Blood draw,$35
CLM9364,93000,EKG/ECG with interpretation,$176
CLM9365,99214,Detailed office visit,$141
CLM9365,93306,Echocardiogram complete,$1090
CLM9365,93000,EKG/ECG with interpretation,$161
CLM9366,71020,Chest X-ray,$107
CLM9367,87070,Bacteria culture,$80
CLM9367,71020,Chest X-ray,$109
CLM9368,94010,Spirometry,$99
CLM9369,93000,EKG/ECG with interpretation,$165
CLM9369,71020,Chest X-ray,$130
CLM9370,93015,Cardiac stress test,$827
CLM9370,93000,EKG/ECG with interpretation,$153
CLM9371,93015,Cardiac stress test,$772
CLM9371,99214,Detailed office visit,$151
CLM9372,99214,Detailed office visit,$117
CLM9373,93000,EKG/ECG with interpretation,$176
CLM9373,93306,Echocardiogram complete,$1195
CLM9374,90460,Immunization administration,$46
CLM9374,87880,Rapid strep test,$35
CLM9375,36415,Blood draw,$35
CLM9376,90460,Immunization administration,$37
CLM9377,71020,Chest X-ray,$106
CLM9378,93000,EKG/ECG with interpretation,$135
CLM9379,99213,Office/outpatient visit,$126
CLM9379,80061,Lipid panel,$58
CLM9380,88175,Pap smear cytology,$64
CLM9381,85025,Complete blood count,$47
CLM9381,36415,Blood draw,$33
CLM9382,99214,Detailed office visit,$144
CLM9382,93458,Cardiac catheterization,$4387
CLM9382,93000,EKG/ECG with interpretation,$158
CLM9383,71020,Chest X-ray,$105
CLM9383,99213,Office/outpatient visit,$131
CLM9384,85025,Complete blood count,$47
CLM9384,96415,Chemotherapy infusion additional hour,$383
CLM9385,99214,Detailed office visit,$118
CLM9386,90707,MMR vaccine,$92
CLM9386,90460,Immunization administration,$43
CLM9387,99213,Office/outpatient visit,$141
CLM9387,73030,Shoulder X-ray,$121
CLM9388,94640,Nebulizer treatment,$50
CLM9389,99213,Office/outpatient visit,$113
CLM9390,73030,Shoulder X-ray,$121
CLM9390,99213,Office/outpatient visit,$117
CLM9390,20610,Major joint injection,$265
CLM9391,99214,Detailed office visit,$130
CLM9391,93306,Echocardiogram complete,$1303
CLM9391,93000,EKG/ECG with interpretation,$144
CLM9392,87070,Bacteria culture,$81
CLM9393,36415,Blood draw,$31
CLM9393,99213,Office/outpatient visit,$139
CLM9394,71020,Chest X-ray,$129
CLM9394,93000,EKG/ECG with interpretation,$140
CLM9395,71020,Chest X-ray,$112
CLM9396,17000,Destruction of skin lesion,$115
CLM9396,99213,Office/outpatient visit,$110
CLM9397,99283,ED visit moderate severity,$476
CLM9397,93000,EKG/ECG with interpretation,$164
CLM9398,83036,Hemoglobin A1c,$43
CLM9399,99214,Detailed office visit,$120
CLM9400,99214,Detailed office visit,$138
CLM9400,87070,Bacteria culture,$93
CLM9401,85025,Complete blood count,$46
CLM9401,99215,Comprehensive office visit,$206
CLM9401,96413,Chemotherapy infusion first hour,$1265
CLM9402,94010,Spirometry,$92
CLM9403,99283,ED visit moderate severity,$456
CLM9404,90837,Psychotherapy 60 minutes,$204
CLM9404,90791,Psychiatric diagnostic evaluation,$241
CLM9405,17000,Destruction of skin lesion,$121
CLM9405,99213,Office/outpatient visit,$129
CLM9406,85025,Complete blood count,$42
CLM9406,99215,Comprehensive office visit,$191
CLM9407,93000,EKG/ECG with interpretation,$143
CLM9408,99213,Office/outpatient visit,$110
CLM9409,99214,Detailed office visit,$148
CLM9410,93000,EKG/ECG with interpretation,$169
CLM9410,93015,Cardiac stress test,$898
CLM9411,96413,Chemotherapy infusion first hour,$1109
CLM9412,99213,Office/outpatient visit,$109
CLM9413,71020,Chest X-ray,$126
CLM9414,20610,Major joint injection,$252
CLM9415,93000,EKG/ECG with interpretation,$173
CLM9416,73030,Shoulder X-ray,$119
CLM9417,80061,Lipid panel,$60
CLM9417,99213,Office/outpatient visit,$127
CLM9417,85025,Complete blood count,$52
CLM9418,93015,Cardiac stress test,$794
CLM9419,99214,Detailed office visit,$144
CLM9420,80053,Comprehensive metabolic panel,$64
CLM9420,36415,Blood draw,$27
CLM9420,99214,Detailed office visit,$127
CLM9421,85025,Complete blood count,$44
CLM9421,99214,Detailed office visit,$137
CLM9422,36415,Blood draw,$31
CLM9422,80061,Lipid panel,$50
CLM9423,85025,Complete blood count,$43
CLM9423,96415,Chemotherapy infusion additional hour,$353
CLM9424,90837,Psychotherapy 60 minutes,$185
CLM9425,99215,Comprehensive office visit,$210
CLM9425,85025,Complete blood count,$49
CLM9425,96413,Chemotherapy infusion first hour,$1133
CLM9426,71020,Chest X-ray,$117
CLM9427,80053,Comprehensive metabolic panel,$59
CLM9428,36415,Blood draw,$28
CLM9428,99214,Detailed office visit,$141
CLM9429,90707,MMR vaccine,$88
CLM9429,90460,Immunization administration,$40
CLM9429,87880,Rapid strep test,$38
CLM9430,90707,MMR vaccine,$90
CLM9431,90460,Immunization administration,$44
CLM9432,99213,Office/outpatient visit,$124
CLM9433,80050,General health panel,$332
CLM9433,80061,Lipid panel,$51
CLM9434,90707,MMR vaccine,$85
CLM9434,99213,Office/outpatient visit,$139
CLM9435,80053,Comprehensive metabolic panel,$59
CLM9436,85025,Complete blood count,$48
CLM9437,36415,Blood draw,$33
CLM9438,36415,Blood draw,$30
CLM9439,99213,Office/outpatient visit,$140
CLM9439,73030,Shoulder X-ray,$131
CLM9440,80061,Lipid panel,$51
CLM9440,36415,Blood draw,$34
CLM9441,99283,ED visit moderate severity,$517
CLM9442,80061,Lipid panel,$63
CLM9443,20610,Major joint injection,$282
CLM9444,88175,Pap smear cytology,$79
CLM9444,99214,Detailed office visit,$141
CLM9445,93000,EKG/ECG with interpretation,$145
CLM9446,83036,Hemoglobin A1c,$41
CLM9447,99213,Office/outpatient visit,$118
CLM9447,99392,Preventive visit age 1-4,$212
CLM9447,87880,Rapid strep test,$35
CLM9448,85025,Complete blood count,$48
CLM9449,88175,Pap smear cytology,$64
CLM9449,76805,Obstetric ultrasound,$450
CLM9449,99214,Detailed office visit,$134
CLM9450,85025,Complete blood count,$51
CLM9451,83036,Hemoglobin A1c,$46
CLM9451,99215,Comprehensive office visit,$192
CLM9452,94640,Nebulizer treatment,$48
CLM9452,71020,Chest X-ray,$101
CLM9452,94010,Spirometry,$95
CLM9453,73030,Shoulder X-ray,$134
CLM9453,99213,Office/outpatient visit,$135
CLM9453,20610,Major joint injection,$249
CLM9454,93000,EKG/ECG with interpretation,$162
CLM9455,90460,Immunization administration,$44
CLM9455,90707,MMR vaccine,$98
CLM9456,36415,Blood draw,$32
CLM9457,83036,Hemoglobin A1c,$42
CLM9458,93015,Cardiac stress test,$981
CLM9458,99214,Detailed office visit,$149
CLM9459,71020,Chest X-ray,$100
CLM9459,87070,Bacteria culture,$81
CLM9459,99214,Detailed office visit,$144
CLM9460,82947,Glucose test,$27
CLM9461,85025,Complete blood count,$48
CLM9461,80061,Lipid panel,$60
CLM9462,99214,Detailed office visit,$150
CLM9463,17000,Destruction of skin lesion,$129
CLM9464,85025,Complete blood count,$42
CLM9464,99215,Comprehensive office visit,$239
CLM9465,83036,Hemoglobin A1c,$39
CLM9465,80050,General health panel,$336
CLM9466,73721,MRI knee,$1449
CLM9467,99215,Comprehensive office visit,$226
CLM9467,36415,Blood draw,$28
CLM9468,85025,Complete blood count,$47
CLM9469,87070,Bacteria culture,$78
CLM9470,85025,Complete blood count,$49
CLM9471,99214,Detailed office visit,$126
CLM9471,80050,General health panel,$284
CLM9472,80061,Lipid panel,$51
CLM9473,99213,Office/outpatient visit,$137
CLM9474,93000,EKG/ECG with interpretation,$166
CLM9475,87070,Bacteria culture,$87
CLM9475,36415,Blood draw,$34
CLM9476,83036,Hemoglobin A1c,$37
CLM9477,71020,Chest X-ray,$113
CLM9477,36415,Blood draw,$33
CLM9478,73721,MRI knee,$1434
CLM9478,99213,Office/outpatient visit,$121
CLM9479,80050,General health panel,$325
CLM9479,80053,Comprehensive metabolic panel,$58
CLM9480,99214,Detailed office visit,$150
CLM9480,93015,Cardiac stress test,$982
CLM9481,99213,Office/outpatient visit,$130
CLM9482,99214,Detailed office visit,$140
CLM9483,36415,Blood draw,$30
CLM9483,99215,Comprehensive office visit,$246
CLM9483,80053,Comprehensive metabolic panel,$56
CLM9484,80061,Lipid panel,$53
CLM9485,99214,Detailed office visit,$127
CLM9485,36415,Blood draw,$32
CLM9486,99214,Detailed office visit,$118
CLM9486,76805,Obstetric ultrasound,$376
CLM9487,83036,Hemoglobin A1c,$37
CLM9488,99214,Detailed office visit,$145
CLM9488,80053,Comprehensive metabolic panel,$56
CLM9489,80061,Lipid panel,$54
CLM9490,93000,EKG/ECG with interpretation,$135
CLM9491,96413,Chemotherapy infusion first hour,$991
CLM9491,96415,Chemotherapy infusion additional hour,$352
CLM9492,88175,Pap smear cytology,$65
CLM9492,99214,Detailed office visit,$151
CLM9492,59400,Routine obstetric care,$3682
CLM9493,85025,Complete blood count,$47
CLM9494,96413,Chemotherapy infusion first hour,$1236
CLM9494,99215,Comprehensive office visit,$202
CLM9495,90460,Immunization administration,$36
CLM9495,99392,Preventive visit age 1-4,$211
CLM9495,99213,Office/outpatient visit,$134
CLM9496,93306,Echocardiogram complete,$1343
CLM9496,93458,Cardiac catheterization,$4566
CLM9497,36415,Blood draw,$32
CLM9498,80053,Comprehensive metabolic panel,$68
CLM9498,83036,Hemoglobin A1c,$42
CLM9499,11102,Skin biopsy,$191
CLM9500,93000,EKG/ECG with interpretation,$172
CLM9501,29881,Knee arthroscopy,$4830
CLM9502,90834,Psychotherapy 45 minutes,$155
CLM9502,99214,Detailed office visit,$120
CLM9503,90837,Psychotherapy 60 minutes,$180
CLM9504,99214,Detailed office visit,$117
CLM9505,83036,Hemoglobin A1c,$45
CLM9506,83036,Hemoglobin A1c,$40
CLM9507,17000,Destruction of skin lesion,$120
CLM9508,83036,Hemoglobin A1c,$44
CLM9509,99214,Detailed office visit,$130
CLM9510,36415,Blood draw,$30
CLM9511,93000,EKG/ECG with interpretation,$162
CLM9511,80053,Comprehensive metabolic panel,$69
CLM9512,87070,Bacteria culture,$93
CLM9512,85025,Complete blood count,$42
CLM9512,80061,Lipid panel,$54
CLM9513,96415,Chemotherapy infusion additional hour,$404
CLM9513,99215,Comprehensive office visit,$221
CLM9514,36415,Blood draw,$30
CLM9514,85025,Complete blood count,$41
CLM9515,17000,Destruction of skin lesion,$139
CLM9516,93000,EKG/ECG with interpretation,$175
CLM9517,99215,Comprehensive office visit,$214
CLM9517,36415,Blood draw,$31
CLM9518,99214,Detailed office visit,$136
CLM9519,80061,Lipid panel,$59
CLM9519,36415,Blood draw,$30
CLM9520,93000,EKG/ECG with interpretation,$144
CLM9520,99214,Detailed office visit,$132
CLM9521,96415,Chemotherapy infusion additional hour,$353
CLM9522,93000,EKG/ECG with interpretation,$154
CLM9522,99285,ED visit high severity,$1402
CLM9523,99214,Detailed office visit,$146
CLM9523,90834,Psychotherapy 45 minutes,$143
CLM9523,90791,Psychiatric diagnostic evaluation,$287
CLM9524,90460,Immunization administration,$44
CLM9524,99392,Preventive visit age 1-4,$162
CLM9524,90707,MMR vaccine,$105
CLM9525,36415,Blood draw,$32
CLM9525,83036,Hemoglobin A1c,$43
CLM9526,90460,Immunization administration,$40
CLM9527,87070,Bacteria culture,$93
CLM9528,90707,MMR vaccine,$97
CLM9529,36415,Blood draw,$32
CLM9530,87070,Bacteria culture,$80
CLM9531,93000,EKG/ECG with interpretation,$172
CLM9532,94640,Nebulizer treatment,$53
CLM9533,96415,Chemotherapy infusion additional hour,$378
CLM9534,11102,Skin biopsy,$166
CLM9534,96910,Phototherapy treatment,$175
CLM9535,87880,Rapid strep test,$39
CLM9535,99213,Office/outpatient visit,$116
CLM9535,90707,MMR vaccine,$89
CLM9536,71020,Chest X-ray,$107
CLM9536,36415,Blood draw,$30
CLM9537,96910,Phototherapy treatment,$152
CLM9538,93000,EKG/ECG with interpretation,$149
CLM9538,71020,Chest X-ray,$112
CLM9539,83036,Hemoglobin A1c,$38
CLM9539,80050,General health panel,$305
CLM9540,84443,TSH test,$52
CLM9541,36415,Blood draw,$33
CLM9542,73030,Shoulder X-ray,$124
CLM9542,20610,Major joint injection,$228
CLM9543,80061,Lipid panel,$56
CLM9544,90460,Immunization administration,$38
CLM9544,87880,Rapid strep test,$32
CLM9545,95810,Sleep study,$1508
CLM9546,85025,Complete blood count,$42
CLM9546,36415,Blood draw,$34
CLM9547,99213,Office/outpatient visit,$116
CLM9548,99214,Detailed office visit,$120
CLM9549,80053,Comprehensive metabolic panel,$58
CLM9549,36415,Blood draw,$28
CLM9550,90834,Psychotherapy 45 minutes,$135
CLM9551,36415,Blood draw,$35
CLM9551,80061,Lipid panel,$62
CLM9552,93458,Cardiac catheterization,$4331
CLM9552,99214,Detailed office visit,$130
CLM9552,93015,Cardiac stress test,$988
CLM9553,29881,Knee arthroscopy,$5714
CLM9553,20610,Major joint injection,$278
CLM9554,96415,Chemotherapy infusion additional hour,$317
CLM9555,87070,Bacteria culture,$82
CLM9556,36415,Blood draw,$33
CLM9557,80050,General health panel,$309
CLM9558,94010,Spirometry,$98
CLM9558,94640,Nebulizer treatment,$53
CLM9559,99213,Office/outpatient visit,$111
CLM9560,93000,EKG/ECG with interpretation,$158
CLM9560,99285,ED visit high severity,$1357
CLM9561,80050,General health panel,$285
CLM9561,93000,EKG/ECG with interpretation,$142
CLM9562,80061,Lipid panel,$52
CLM9562,71020,Chest X-ray,$107
CLM9563,71020,Chest X-ray,$107
CLM9563,99214,Detailed office visit,$132
CLM9564,73030,Shoulder X-ray,$122
CLM9564,99213,Office/outpatient visit,$114
CLM9565,93000,EKG/ECG with interpretation,$167
CLM9566,36415,Blood draw,$31
CLM9566,80061,Lipid panel,$51
CLM9567,85025,Complete blood count,$47
CLM9568,87880,Rapid strep test,$36
CLM9568,99213,Office/outpatient visit,$125
CLM9568,90460,Immunization administration,$44
CLM9569,36415,Blood draw,$34
CLM9570,93000,EKG/ECG with interpretation,$145
CLM9570,99214,Detailed office visit,$124
CLM9571,93000,EKG/ECG with interpretation,$165
CLM9571,70450,CT head without contrast,$1014
CLM9572,88175,Pap smear cytology,$81
CLM9573,99214,Detailed office visit,$121
CLM9573,93000,EKG/ECG with interpretation,$156
CLM9574,93015,Cardiac stress test,$859
CLM9574,99214,Detailed office visit,$135
CLM9575,80061,Lipid panel,$64
CLM9575,85025,Complete blood count,$45
CLM9576,93000,EKG/ECG with interpretation,$162
CLM9576,93015,Cardiac stress test,$979
CLM9577,93306,Echocardiogram complete,$1393
CLM9577,93458,Cardiac catheterization,$4838
CLM9578,83036,Hemoglobin A1c,$43
CLM9578,36415,Blood draw,$28
CLM9578,80050,General health panel,$315
CLM9579,90791,Psychiatric diagnostic evaluation,$279
CLM9580,90460,Immunization administration,$37
CLM9581,99214,Detailed office visit,$133
CLM9581,93015,Cardiac stress test,$826
CLM9581,93000,EKG/ECG with interpretation,$172
CLM9582,90834,Psychotherapy 45 minutes,$142
CLM9582,90837,Psychotherapy 60 minutes,$165
CLM9583,85025,Complete blood count,$49
CLM9584,93000,EKG/ECG with interpretation,$149
CLM9584,93015,Cardiac stress test,$816
CLM9585,96413,Chemotherapy infusion first hour,$1025
CLM9585,99215,Comprehensive office visit,$200
CLM9586,99213,Office/outpatient visit,$112
CLM9587,90460,Immunization administration,$47
CLM9588,83036,Hemoglobin A1c,$39
CLM9589,83036,Hemoglobin A1c,$43
CLM9590,20610,Major joint injection,$258
CLM9590,73030,Shoulder X-ray,$118
CLM9591,80053,Comprehensive metabolic panel,$62
CLM9591,36415,Blood draw,$35
CLM9592,36415,Blood draw,$33
CLM9592,85025,Complete blood count,$45
CLM9593,80050,General health panel,$344
CLM9594,80053,Comprehensive metabolic panel,$66
CLM9594,93000,EKG/ECG with interpretation,$136
CLM9594,99214,Detailed office visit,$147
CLM9595,71020,Chest X-ray,$110
CLM9595,99283,ED visit moderate severity,$476
CLM9595,93000,EKG/ECG with interpretation,$170
CLM9596,99213,Office/outpatient visit,$139
CLM9597,93000,EKG/ECG with interpretation,$169
CLM9598,88175,Pap smear cytology,$82
CLM9599,84443,TSH test,$62
CLM9600,99215,Comprehensive office visit,$217
CLM9600,99214,Detailed office visit,$137
CLM9600,36415,Blood draw,$35
CLM9601,99214,Detailed office visit,$127
CLM9602,80050,General health panel,$333
CLM9602,99214,Detailed office visit,$136
CLM9602,83036,Hemoglobin A1c,$45
CLM9603,20610,Major joint injection,$243
CLM9604,99213,Office/outpatient visit,$128
CLM9604,87070,Bacteria culture,$92
CLM9605,36415,Blood draw,$27
CLM9605,99213,Office/outpatient visit,$134
CLM9606,87070,Bacteria culture,$92
CLM9606,99214,Detailed office visit,$140
CLM9607,36415,Blood draw,$30
CLM9608,73030,Shoulder X-ray,$116
CLM9609,95810,Sleep study,$1434
CLM9610,36415,Blood draw,$32
CLM9610,80061,Lipid panel,$59
CLM9611,99214,Detailed office visit,$138
CLM9612,71020,Chest X-ray,$128
CLM9612,70450,CT head without contrast,$1034
CLM9613,36415,Blood draw,$32
CLM9614,36415,Blood draw,$30
CLM9614,85025,Complete blood count,$46
CLM9615,90791,Psychiatric diagnostic evaluation,$233
CLM9615,99214,Detailed office visit,$132
CLM9615,90837,Psychotherapy 60 minutes,$173
CLM9616,99214,Detailed office visit,$153
CLM9617,85025,Complete blood count,$41
CLM9618,71020,Chest X-ray,$120
CLM9619,85025,Complete blood count,$51
CLM9620,99213,Office/outpatient visit,$127
CLM9620,80061,Lipid panel,$59
CLM9621,93015,Cardiac stress test,$894
CLM9622,96415,Chemotherapy infusion additional hour,$345
CLM9623,99213,Office/outpatient visit,$111
CLM9624,99214,Detailed office visit,$151
CLM9625,36415,Blood draw,$28
CLM9626,90707,MMR vaccine,$97
CLM9626,99392,Preventive visit age 1-4,$182
CLM9626,90460,Immunization administration,$38
CLM9627,80061,Lipid panel,$55
CLM9628,99214,Detailed office visit,$128
CLM9628,93000,EKG/ECG with interpretation,$148
CLM9629,85025,Complete blood count,$44
CLM9630,36415,Blood draw,$31
CLM9631,99215,Comprehensive office visit,$193
CLM9632,11102,Skin biopsy,$182
CLM9633,17000,Destruction of skin lesion,$139
CLM9634,73030,Shoulder X-ray,$130
CLM9635,82947,Glucose test,$27
CLM9635,83036,Hemoglobin A1c,$38
CLM9636,90460,Immunization administration,$43
CLM9637,85025,Complete blood count,$47
CLM9638,70450,CT head without contrast,$961
CLM9639,76805,Obstetric ultrasound,$411
CLM9640,90834,Psychotherapy 45 minutes,$130
CLM9641,80061,Lipid panel,$52
CLM9642,99213,Office/outpatient visit,$133
CLM9643,80050,General health panel,$347
CLM9643,71020,Chest X-ray,$110
CLM9644,36415,Blood draw,$29
CLM9645,36415,Blood draw,$28
CLM9646,99215,Comprehensive office visit,$233
CLM9646,77385,IMRT radiation treatment,$2352
CLM9647,80053,Comprehensive metabolic panel,$56
CLM9648,71020,Chest X-ray,$114
CLM9649,84443,TSH test,$58
CLM9650,90834,Psychotherapy 45 minutes,$153
CLM9650,90837,Psychotherapy 60 minutes,$206
CLM9650,99214,Detailed office visit,$132
CLM9651,99214,Detailed office visit,$117
CLM9651,76805,Obstetric ultrasound,$372
CLM9652,93000,EKG/ECG with interpretation,$171
CLM9653,99213,Office/outpatient visit,$133
CLM9654,80061,Lipid panel,$57
CLM9655,93000,EKG/ECG with interpretation,$142
CLM9656,80053,Comprehensive metabolic panel,$62
CLM9657,85025,Complete blood count,$47
CLM9658,90837,Psychotherapy 60 minutes,$206
CLM9658,99214,Detailed office visit,$123
CLM9659,36415,Blood draw,$29
CLM9659,80053,Comprehensive metabolic panel,$67
CLM9660,73721,MRI knee,$1697
CLM9661,99283,ED visit moderate severity,$453
CLM9661,71020,Chest X-ray,$104
CLM9661,93000,EKG/ECG with interpretation,$148
CLM9662,99283,ED visit moderate severity,$477
CLM9662,99285,ED visit high severity,$1232
CLM9663,93306,Echocardiogram complete,$1174
CLM9663,99214,Detailed office visit,$131
CLM9664,99215,Comprehensive office visit,$194
CLM9664,85025,Complete blood count,$53
CLM9665,99214,Detailed office visit,$136
CLM9665,93458,Cardiac catheterization,$4850
CLM9665,93000,EKG/ECG with interpretation,$169
CLM9666,99213,Office/outpatient visit,$136
CLM9666,90707,MMR vaccine,$91
CLM9666,99392,Preventive visit age 1-4,$172
CLM9667,96415,Chemotherapy infusion additional hour,$411
CLM9668,99213,Office/outpatient visit,$111
CLM9669,83036,Hemoglobin A1c,$47
CLM9669,80053,Comprehensive metabolic panel,$58
CLM9670,36415,Blood draw,$30
CLM9670,99213,Office/outpatient visit,$110
CLM9671,36415,Blood draw,$29
CLM9672,88175,Pap smear cytology,$71
CLM9673,36415,Blood draw,$35
CLM9673,80050,General health panel,$274
CLM9674,73030,Shoulder X-ray,$132
CLM9674,99213,Office/outpatient visit,$116
CLM9674,73721,MRI knee,$1386
CLM9675,80050,General health panel,$298
CLM9675,80053,Comprehensive metabolic panel,$63
CLM9675,93000,EKG/ECG with interpretation,$171
CLM9676,90834,Psychotherapy 45 minutes,$132
CLM9677,93000,EKG/ECG with interpretation,$168
CLM9678,96415,Chemotherapy infusion additional hour,$345
CLM9678,99215,Comprehensive office visit,$247
CLM9679,85025,Complete blood count,$45
CLM9680,88175,Pap smear cytology,$80
CLM9681,93458,Cardiac catheterization,$5180
CLM9682,99214,Detailed office visit,$129
CLM9682,93000,EKG/ECG with interpretation,$154
CLM9683,93458,Cardiac catheterization,$4632
CLM9684,99283,ED visit moderate severity,$511
CLM9684,93000,EKG/ECG with interpretation,$139
CLM9684,71020,Chest X-ray,$105
CLM9685,71020,Chest X-ray,$122
CLM9685,93000,EKG/ECG with interpretation,$172
CLM9685,70450,CT head without contrast,$995
CLM9686,71020,Chest X-ray,$125
CLM9687,99214,Detailed office visit,$148
CLM9688,94010,Spirometry,$104
CLM9688,95810,Sleep study,$1535
CLM9688,99214,Detailed office visit,$125
CLM9689,87070,Bacteria culture,$78
CLM9689,36415,Blood draw,$33
CLM9689,99214,Detailed office visit,$128
CLM9690,90460,Immunization administration,$46
CLM9691,99215,Comprehensive office visit,$206
CLM9691,83036,Hemoglobin A1c,$41
CLM9692,83036,Hemoglobin A1c,$39
CLM9692,93000,EKG/ECG with interpretation,$164
CLM9693,80053,Comprehensive metabolic panel,$71
CLM9693,36415,Blood draw,$29
CLM9694,17000,Destruction of skin lesion,$117
CLM9694,96910,Phototherapy treatment,$168
CLM9695,99214,Detailed office visit,$127
CLM9695,93015,Cardiac stress test,$937
CLM9696,99213,Office/outpatient visit,$119
CLM9697,99392,Preventive visit age 1-4,$204
CLM9698,99214,Detailed office visit,$125
CLM9698,80053,Comprehensive metabolic panel,$68
CLM9699,99214,Detailed office visit,$151
CLM9699,93015,Cardiac stress test,$892
CLM9699,93000,EKG/ECG with interpretation,$138
CLM9700,85025,Complete blood count,$41
CLM9700,80061,Lipid panel,$62
CLM9701,83036,Hemoglobin A1c,$39
CLM9702,36415,Blood draw,$30
CLM9703,90834,Psychotherapy 45 minutes,$161
CLM9703,90837,Psychotherapy 60 minutes,$208
CLM9704,71020,Chest X-ray,$109
CLM9704,99283,ED visit moderate severity,$463
CLM9705,73030,Shoulder X-ray,$136
CLM9705,99213,Office/outpatient visit,$109
CLM9706,85025,Complete blood count,$41
CLM9706,96413,Chemotherapy infusion first hour,$1167
CLM9707,99215,Comprehensive office visit,$196
CLM9708,17000,Destruction of skin lesion,$135
CLM9709,85025,Complete blood count,$48
CLM9709,99215,Comprehensive office visit,$198
CLM9710,83036,Hemoglobin A1c,$38
CLM9711,83036,Hemoglobin A1c,$46
CLM9712,83036,Hemoglobin A1c,$43
CLM9713,96910,Phototherapy treatment,$153
CLM9714,99213,Office/outpatient visit,$115
CLM9714,96910,Phototherapy treatment,$161
CLM9715,87880,Rapid strep test,$32
CLM9715,90460,Immunization administration,$39
CLM9716,17000,Destruction of skin lesion,$133
CLM9716,99213,Office/outpatient visit,$116
CLM9716,96910,Phototherapy treatment,$187
CLM9717,84443,TSH test,$62
CLM9718,71020,Chest X-ray,$113
CLM9719,93000,EKG/ECG with interpretation,$141
CLM9719,93015,Cardiac stress test,$794
CLM9720,85025,Complete blood count,$51
CLM9720,87070,Bacteria culture,$76
CLM9721,80050,General health panel,$341
CLM9722,93000,EKG/ECG with interpretation,$171
CLM9723,93000,EKG/ECG with interpretation,$162
CLM9724,99214,Detailed office visit,$128
CLM9725,99392,Preventive visit age 1-4,$205
CLM9726,36415,Blood draw,$29
CLM9726,80050,General health panel,$349
CLM9727,94640,Nebulizer treatment,$50
CLM9728,99214,Detailed office visit,$140
CLM9729,36415,Blood draw,$31
CLM9729,83036,Hemoglobin A1c,$41
CLM9729,93000,EKG/ECG with interpretation,$137
CLM9730,83036,Hemoglobin A1c,$45
CLM9731,83036,Hemoglobin A1c,$38
CLM9732,93306,Echocardiogram complete,$1265
CLM9733,99214,Detailed office visit,$150
CLM9734,71020,Chest X-ray,$101
CLM9734,85025,Complete blood count,$45
CLM9735,99214,Detailed office visit,$150
CLM9736,71020,Chest X-ray,$109
CLM9736,87070,Bacteria culture,$81
CLM9737,36415,Blood draw,$30
CLM9737,87070,Bacteria culture,$82
CLM9738,84443,TSH test,$64
CLM9738,82947,Glucose test,$24
CLM9738,83036,Hemoglobin A1c,$45
CLM9739,99213,Office/outpatient visit,$111
CLM9740,90834,Psychotherapy 45 minutes,$131
CLM9740,99214,Detailed office visit,$144
CLM9741,88175,Pap smear cytology,$68
CLM9742,93306,Echocardiogram complete,$1252
CLM9743,80061,Lipid panel,$61
CLM9744,90460,Immunization administration,$45
CLM9744,90707,MMR vaccine,$103
CLM9745,36415,Blood draw,$35
CLM9745,99214,Detailed office visit,$138
CLM9746,93000,EKG/ECG with interpretation,$150
CLM9747,93000,EKG/ECG with interpretation,$135
CLM9748,90707,MMR vaccine,$100
CLM9749,82947,Glucose test,$28
CLM9750,20610,Major joint injection,$271
CLM9751,99213,Office/outpatient visit,$119
CLM9751,71020,Chest X-ray,$114
CLM9751,36415,Blood draw,$33
CLM9752,99213,Office/outpatient visit,$135
CLM9753,99214,Detailed office visit,$133
CLM9753,93000,EKG/ECG with interpretation,$149
CLM9754,93000,EKG/ECG with interpretation,$170
CLM9754,99283,ED visit moderate severity,$503
CLM9755,99214,Detailed office visit,$127
CLM9755,93306,Echocardiogram complete,$1383
CLM9756,71020,Chest X-ray,$110
CLM9757,83036,Hemoglobin A1c,$40
CLM9758,11102,Skin biopsy,$212
CLM9759,96413,Chemotherapy infusion first hour,$1027
CLM9759,77385,IMRT radiation treatment,$2356
CLM9760,99214,Detailed office visit,$117
CLM9761,71020,Chest X-ray,$117
CLM9761,80061,Lipid panel,$53
CLM9762,83036,Hemoglobin A1c,$46
CLM9762,36415,Blood draw,$32
CLM9762,80053,Comprehensive metabolic panel,$70
CLM9763,99214,Detailed office visit,$150
CLM9764,99214,Detailed office visit,$145
CLM9765,90460,Immunization administration,$36
CLM9766,90707,MMR vaccine,$104
CLM9766,90460,Immunization administration,$39
CLM9767,93000,EKG/ECG with interpretation,$155
CLM9767,36415,Blood draw,$31
CLM9767,99214,Detailed office visit,$134
CLM9768,93000,EKG/ECG with interpretation,$153
CLM9768,99215,Comprehensive office visit,$195
CLM9769,99214,Detailed office visit,$117
CLM9770,93000,EKG/ECG with interpretation,$161
CLM9771,29881,Knee arthroscopy,$5206
CLM9772,99283,ED visit moderate severity,$413
CLM9772,93000,EKG/ECG with interpretation,$147
CLM9772,70450,CT head without contrast,$844
CLM9773,99213,Office/outpatient visit,$108
CLM9774,99214,Detailed office visit,$136
CLM9775,36415,Blood draw,$31
CLM9776,96910,Phototherapy treatment,$165
CLM9776,17000,Destruction of skin lesion,$128
CLM9777,36415,Blood draw,$30
CLM9778,87880,Rapid strep test,$34
CLM9779,71020,Chest X-ray,$106
CLM9779,93000,EKG/ECG with interpretation,$160
CLM9780,83036,Hemoglobin A1c,$37
CLM9781,93000,EKG/ECG with interpretation,$156
CLM9782,87070,Bacteria culture,$90
CLM9782,99214,Detailed office visit,$147
CLM9783,99214,Detailed office visit,$142
CLM9783,93000,EKG/ECG with interpretation,$160
CLM9784,85025,Complete blood count,$42
CLM9784,96415,Chemotherapy infusion additional hour,$408
CLM9784,77385,IMRT radiation treatment,$2590
CLM9785,93000,EKG/ECG with interpretation,$145
CLM9786,80061,Lipid panel,$58
CLM9787,36415,Blood draw,$30
CLM9787,83036,Hemoglobin A1c,$39
CLM9788,88175,Pap smear cytology,$77
CLM9789,90460,Immunization administration,$37
CLM9790,87880,Rapid strep test,$41
CLM9791,83036,Hemoglobin A1c,$47
CLM9792,99214,Detailed office visit,$139
CLM9793,99214,Detailed office visit,$118
CLM9793,83036,Hemoglobin A1c,$44
CLM9793,99215,Comprehensive office visit,$199
CLM9794,84443,TSH test,$55
CLM9795,87880,Rapid strep test,$32
CLM9796,83036,Hemoglobin A1c,$39
CLM9797,99213,Office/outpatient visit,$118
CLM9797,90460,Immunization administration,$44
CLM9798,83036,Hemoglobin A1c,$45
CLM9799,85025,Complete blood count,$45
CLM9800,99213,Office/outpatient visit,$124
CLM9801,96415,Chemotherapy infusion additional hour,$390
CLM9801,85025,Complete blood count,$50
CLM9802,80061,Lipid panel,$58
CLM9803,73030,Shoulder X-ray,$131
CLM9803,20610,Major joint injection,$265
CLM9804,83036,Hemoglobin A1c,$40
CLM9805,36415,Blood draw,$31
CLM9806,36415,Blood draw,$30
CLM9806,80053,Comprehensive metabolic panel,$61
CLM9807,71020,Chest X-ray,$114
CLM9808,80061,Lipid panel,$63
CLM9809,99213,Office/outpatient visit,$135
CLM9809,20610,Major joint injection,$244
CLM9810,36415,Blood draw,$28
CLM9810,80050,General health panel,$319
CLM9810,85025,Complete blood count,$41
CLM9811,82947,Glucose test,$29
CLM9811,36415,Blood draw,$30
CLM9811,83036,Hemoglobin A1c,$39
CLM9812,99213,Office/outpatient visit,$125
CLM9813,73030,Shoulder X-ray,$129
CLM9814,93000,EKG/ECG with interpretation,$161
CLM9815,29881,Knee arthroscopy,$4925
CLM9815,73030,Shoulder X-ray,$125
CLM9816,90707,MMR vaccine,$93
CLM9817,73030,Shoulder X-ray,$111
CLM9818,73030,Shoulder X-ray,$111
CLM9819,93015,Cardiac stress test,$982
CLM9819,93000,EKG/ECG with interpretation,$162
CLM9820,17000,Destruction of skin lesion,$141
CLM9820,96910,Phototherapy treatment,$174
CLM9820,11102,Skin biopsy,$168
CLM9821,36415,Blood draw,$29
CLM9822,36415,Blood draw,$29
CLM9822,80050,General health panel,$327
CLM9822,99215,Comprehensive office visit,$222
CLM9823,71020,Chest X-ray,$102
CLM9824,93000,EKG/ECG with interpretation,$171
CLM9824,99214,Detailed office visit,$123
CLM9825,36415,Blood draw,$35
CLM9826,94640,Nebulizer treatment,$52
CLM9826,94010,Spirometry,$87
CLM9827,83036,Hemoglobin A1c,$41
CLM9827,99214,Detailed office visit,$124
CLM9828,71020,Chest X-ray,$124
CLM9828,93000,EKG/ECG with interpretation,$146
CLM9829,99214,Detailed office visit,$146
CLM9829,90837,Psychotherapy 60 minutes,$180
CLM9830,99213,Office/outpatient visit,$133
CLM9830,11102,Skin biopsy,$202
CLM9831,90460,Immunization administration,$37
CLM9832,80050,General health panel,$277
CLM9833,99214,Detailed office visit,$151
CLM9834,80053,Comprehensive metabolic panel,$54
CLM9835,99213,Office/outpatient visit,$116
CLM9836,95810,Sleep study,$1587
CLM9837,80061,Lipid panel,$54
CLM9837,85025,Complete blood count,$46
CLM9837,99214,Detailed office visit,$141
CLM9838,36415,Blood draw,$28
CLM9838,83036,Hemoglobin A1c,$36
CLM9838,99215,Comprehensive office visit,$238
CLM9839,93000,EKG/ECG with interpretation,$152
CLM9840,80061,Lipid panel,$52
CLM9840,99214,Detailed office visit,$122
CLM9841,90460,Immunization administration,$44
CLM9842,71020,Chest X-ray,$113
CLM9842,99214,Detailed office visit,$132
CLM9843,99214,Detailed office visit,$133
CLM9844,17000,Destruction of skin lesion,$133
CLM9844,11102,Skin biopsy,$182
CLM9845,85025,Complete blood count,$46
CLM9846,82947,Glucose test,$25
CLM9847,90837,Psychotherapy 60 minutes,$189
CLM9847,90834,Psychotherapy 45 minutes,$138
CLM9848,99214,Detailed office visit,$143
CLM9848,80061,Lipid panel,$52
CLM9849,76805,Obstetric ultrasound,$406
CLM9850,85025,Complete blood count,$53
CLM9850,96413,Chemotherapy infusion first hour,$1261
CLM9851,99285,ED visit high severity,$1392
CLM9851,99283,ED visit moderate severity,$428
CLM9852,93000,EKG/ECG with interpretation,$157
CLM9853,71020,Chest X-ray,$106
CLM9853,93000,EKG/ECG with interpretation,$170
CLM9854,99214,Detailed office visit,$149
CLM9855,99215,Comprehensive office visit,$211
CLM9856,80053,Comprehensive metabolic panel,$57
CLM9857,93000,EKG/ECG with interpretation,$149
CLM9857,99215,Comprehensive office visit,$234
CLM9858,85025,Complete blood count,$48
CLM9858,36415,Blood draw,$30
CLM9858,87070,Bacteria culture,$82
CLM9859,84443,TSH test,$51
CLM9859,82947,Glucose test,$25
CLM9860,80061,Lipid panel,$63
CLM9861,80050,General health panel,$346
CLM9862,36415,Blood draw,$28
CLM9863,71020,Chest X-ray,$118
CLM9864,36415,Blood draw,$32
CLM9864,85025,Complete blood count,$52
CLM9864,87070,Bacteria culture,$93
CLM9865,80050,General health panel,$342
CLM9866,90460,Immunization administration,$45
CLM9867,90460,Immunization administration,$47
CLM9868,99285,ED visit high severity,$1290
CLM9868,93000,EKG/ECG with interpretation,$170
CLM9869,99214,Detailed office visit,$120
CLM9869,93000,EKG/ECG with interpretation,$157
CLM9870,88175,Pap smear cytology,$78
CLM9871,36415,Blood draw,$31
CLM9872,90834,Psychotherapy 45 minutes,$148
CLM9872,90791,Psychiatric diagnostic evaluation,$291
CLM9872,99214,Detailed office visit,$139
CLM9873,17000,Destruction of skin lesion,$112
CLM9874,96910,Phototherapy treatment,$172
CLM9874,99213,Office/outpatient visit,$131
CLM9874,11102,Skin biopsy,$177
CLM9875,96910,Phototherapy treatment,$148
CLM9876,36415,Blood draw,$35
CLM9876,83036,Hemoglobin A1c,$37
CLM9877,99213,Office/outpatient visit,$119
CLM9877,85025,Complete blood count,$45
CLM9878,36415,Blood draw,$28
CLM9878,85025,Complete blood count,$44
CLM9879,73030,Shoulder X-ray,$118
CLM9879,73721,MRI knee,$1614
CLM9880,80050,General health panel,$271
CLM9881,93000,EKG/ECG with interpretation,$155
CLM9882,90791,Psychiatric diagnostic evaluation,$279
CLM9882,90834,Psychotherapy 45 minutes,$142
CLM9883,71020,Chest X-ray,$108
CLM9884,99214,Detailed office visit,$122
CLM9885,80061,Lipid panel,$57
CLM9885,36415,Blood draw,$34
CLM9886,93015,Cardiac stress test,$821
CLM9887,80061,Lipid panel,$65
CLM9887,87070,Bacteria culture,$76
CLM9887,71020,Chest X-ray,$118
CLM9888,80050,General health panel,$319
CLM9889,36415,Blood draw,$35
CLM9890,71020,Chest X-ray,$109
CLM9891,80061,Lipid panel,$57
CLM9891,36415,Blood draw,$32
CLM9892,36415,Blood draw,$35
CLM9892,83036,Hemoglobin A1c,$47
CLM9892,99214,Detailed office visit,$144
CLM9893,99214,Detailed office visit,$132
CLM9893,90834,Psychotherapy 45 minutes,$151
CLM9894,17000,Destruction of skin lesion,$126
CLM9894,96910,Phototherapy treatment,$173
CLM9894,99213,Office/outpatient visit,$128
CLM9895,82947,Glucose test,$25
CLM9896,93000,EKG/ECG with interpretation,$149
CLM9896,99214,Detailed office visit,$131
CLM9897,99214,Detailed office visit,$146
CLM9898,85025,Complete blood count,$50
CLM9898,99215,Comprehensive office visit,$237
CLM9898,96415,Chemotherapy infusion additional hour,$373
CLM9899,87070,Bacteria culture,$85
CLM9900,90707,MMR vaccine,$86
CLM9901,76805,Obstetric ultrasound,$467
CLM9901,99214,Detailed office visit,$148
CLM9901,88175,Pap smear cytology,$81
CLM9902,82947,Glucose test,$26
CLM9902,36415,Blood draw,$29
CLM9903,36415,Blood draw,$32
CLM9904,99214,Detailed office visit,$142
CLM9905,99214,Detailed office visit,$142
CLM9906,20610,Major joint injection,$262
CLM9907,99214,Detailed office visit,$122
CLM9908,87070,Bacteria culture,$80
CLM9908,99214,Detailed office visit,$126
CLM9909,36415,Blood draw,$30
CLM9910,99214,Detailed office visit,$134
CLM9911,99213,Office/outpatient visit,$124
CLM9911,71020,Chest X-ray,$115
CLM9912,99214,Detailed office visit,$120
CLM9913,99214,Detailed office visit,$137
CLM9914,85025,Complete blood count,$45
CLM9914,36415,Blood draw,$30
CLM9914,99213,Office/outpatient visit,$110
CLM9915,87880,Rapid strep test,$39
CLM9916,83036,Hemoglobin A1c,$46
CLM9917,83036,Hemoglobin A1c,$36
CLM9918,93000,EKG/ECG with interpretation,$149
CLM9918,99214,Detailed office visit,$118
CLM9918,93306,Echocardiogram complete,$1207
CLM9919,99283,ED visit moderate severity,$456
CLM9920,71020,Chest X-ray,$118
CLM9921,85025,Complete blood count,$50
CLM9921,99215,Comprehensive office visit,$240
CLM9922,36415,Blood draw,$34
CLM9923,90460,Immunization administration,$42
CLM9924,17000,Destruction of skin lesion,$126
CLM9925,99215,Comprehensive office visit,$213
CLM9926,99214,Detailed office visit,$137
CLM9927,71020,Chest X-ray,$120
CLM9928,85025,Complete blood count,$44
CLM9928,99215,Comprehensive office visit,$207
CLM9929,85025,Complete blood count,$43
CLM9929,36415,Blood draw,$30
CLM9930,90834,Psychotherapy 45 minutes,$127
CLM9930,90791,Psychiatric diagnostic evaluation,$245
CLM9931,36415,Blood draw,$33
CLM9932,99214,Detailed office visit,$137
CLM9932,88175,Pap smear cytology,$81
CLM9933,99214,Detailed office visit,$127
CLM9933,83036,Hemoglobin A1c,$47
CLM9933,36415,Blood draw,$31
CLM9934,80061,Lipid panel,$56
CLM9935,80061,Lipid panel,$55
CLM9936,99213,Office/outpatient visit,$141
CLM9937,36415,Blood draw,$27
CLM9937,99213,Office/outpatient visit,$133
CLM9938,80053,Comprehensive metabolic panel,$57
CLM9939,99214,Detailed office visit,$119
CLM9940,80061,Lipid panel,$63
CLM9941,90707,MMR vaccine,$104
CLM9942,80053,Comprehensive metabolic panel,$59
CLM9943,85025,Complete blood count,$43
CLM9944,90707,MMR vaccine,$89
CLM9944,99213,Office/outpatient visit,$134
CLM9945,90707,MMR vaccine,$89
CLM9946,85025,Complete blood count,$51
CLM9947,71020,Chest X-ray,$104
CLM9948,36415,Blood draw,$34
CLM9949,82947,Glucose test,$24
CLM9950,88175,Pap smear cytology,$78
CLM9950,76805,Obstetric ultrasound,$438
CLM9950,99214,Detailed office visit,$132
CLM9951,36415,Blood draw,$31
CLM9951,87070,Bacteria culture,$72
CLM9951,99214,Detailed office visit,$140
CLM9952,90834,Psychotherapy 45 minutes,$136
CLM9953,71020,Chest X-ray,$101
CLM9954,73030,Shoulder X-ray,$138
CLM9955,80061,Lipid panel,$63
CLM9956,99213,Office/outpatient visit,$129
CLM9956,17000,Destruction of skin lesion,$129
CLM9957,99214,Detailed office visit,$119
CLM9957,93306,Echocardiogram complete,$1271
CLM9958,71020,Chest X-ray,$106
CLM9958,70450,CT head without contrast,$1045
CLM9958,93000,EKG/ECG with interpretation,$165
CLM9959,99214,Detailed office visit,$135
CLM9959,71020,Chest X-ray,$128
CLM9960,85025,Complete blood count,$51
CLM9960,99213,Office/outpatient visit,$121
CLM9961,93015,Cardiac stress test,$792
CLM9962,83036,Hemoglobin A1c,$47
CLM9963,93000,EKG/ECG with interpretation,$170
CLM9964,99285,ED visit high severity,$1207
CLM9964,71020,Chest X-ray,$126
CLM9965,80053,Comprehensive metabolic panel,$59
CLM9965,99214,Detailed office visit,$139
CLM9966,71020,Chest X-ray,$116
CLM9967,99215,Comprehensive office visit,$237
CLM9967,36415,Blood draw,$32
CLM9968,99215,Comprehensive office visit,$240
CLM9968,93000,EKG/ECG with interpretation,$145
CLM9968,36415,Blood draw,$32
CLM9969,94640,Nebulizer treatment,$58
CLM9969,94010,Spirometry,$92
CLM9969,99214,Detailed office visit,$149
CLM9970,87070,Bacteria culture,$93
CLM9971,93000,EKG/ECG with interpretation,$149
CLM9972,36415,Blood draw,$33
CLM9973,83036,Hemoglobin A1c,$47
CLM9974,87880,Rapid strep test,$33
CLM9974,99213,Office/outpatient visit,$114
CLM9975,94010,Spirometry,$95
CLM9976,93306,Echocardiogram complete,$1136
CLM9977,90837,Psychotherapy 60 minutes,$192
CLM9977,99214,Detailed office visit,$141
CLM9977,90791,Psychiatric diagnostic evaluation,$254
CLM9978,99214,Detailed office visit,$153
CLM9979,87880,Rapid strep test,$36
CLM9979,90707,MMR vaccine,$105
CLM9980,93306,Echocardiogram complete,$1258
CLM9980,99214,Detailed office visit,$121
CLM9980,93000,EKG/ECG with interpretation,$166
CLM9981,99285,ED visit high severity,$1305
CLM9981,70450,CT head without contrast,$1014
CLM9982,82947,Glucose test,$23
CLM9983,80061,Lipid panel,$59
CLM9983,71020,Chest X-ray,$100
CLM9984,84443,TSH test,$54
CLM9985,87070,Bacteria culture,$77
CLM9985,36415,Blood draw,$34
CLM9986,87070,Bacteria culture,$81
CLM9986,36415,Blood draw,$29
CLM9987,80050,General health panel,$309
CLM9987,36415,Blood draw,$27
CLM9988,90707,MMR vaccine,$104
CLM9988,87880,Rapid strep test,$37
CLM9989,87070,Bacteria culture,$87
CLM9990,36415,Blood draw,$32
CLM9991,90791,Psychiatric diagnostic evaluation,$295
CLM9992,73721,MRI knee,$1414
CLM9992,20610,Major joint injection,$231
CLM9992,99213,Office/outpatient visit,$125
CLM9993,85025,Complete blood count,$53
CLM9993,80050,General health panel,$299
CLM9994,36415,Blood draw,$32
CLM9994,83036,Hemoglobin A1c,$39
CLM9994,93000,EKG/ECG with interpretation,$162
CLM9995,87880,Rapid strep test,$41
CLM9996,99283,ED visit moderate severity,$412
CLM9997,99214,Detailed office visit,$122
CLM9998,99213,Office/outpatient visit,$129
CLM9999,80061,Lipid panel,$54
CLM10000,71020,Chest X-ray,$115
CLM10000,70450,CT head without contrast,$985
CLM10001,99214,Detailed office visit,$144
CLM10001,94640,Nebulizer treatment,$52
CLM10002,90460,Immunization administration,$41
CLM10003,80053,Comprehensive metabolic panel,$55
CLM10003,36415,Blood draw,$28
CLM10004,83036,Hemoglobin A1c,$39
CLM10004,93000,EKG/ECG with interpretation,$139
CLM10004,80053,Comprehensive metabolic panel,$58
CLM10005,11102,Skin biopsy,$182
CLM10005,96910,Phototherapy treatment,$163
CLM10006,99213,Office/outpatient visit,$113
CLM10006,85025,Complete blood count,$45
CLM10006,87070,Bacteria culture,$87
CLM10007,99213,Office/outpatient visit,$123
CLM10008,87880,Rapid strep test,$32
CLM10008,90707,MMR vaccine,$98
CLM10008,90460,Immunization administration,$38
CLM10009,99285,ED visit high severity,$1279
CLM10010,85025,Complete blood count,$42
CLM10011,99214,Detailed office visit,$143
CLM10012,71020,Chest X-ray,$100
CLM10013,85025,Complete blood count,$49
CLM10013,96415,Chemotherapy infusion additional hour,$373
CLM10014,93015,Cardiac stress test,$800
CLM10014,93000,EKG/ECG with interpretation,$150
CLM10015,87070,Bacteria culture,$93
CLM10016,80053,Comprehensive metabolic panel,$57
CLM10016,83036,Hemoglobin A1c,$42
CLM10016,36415,Blood draw,$32
CLM10017,36415,Blood draw,$29
CLM10018,99214,Detailed office visit,$123
CLM10018,76805,Obstetric ultrasound,$374
CLM10019,93000,EKG/ECG with interpretation,$151
CLM10020,11102,Skin biopsy,$163
CLM10020,99213,Office/outpatient visit,$131
CLM10020,17000,Destruction of skin lesion,$134
CLM10021,83036,Hemoglobin A1c,$45
CLM10021,80053,Comprehensive metabolic panel,$64
CLM10021,36415,Blood draw,$31
CLM10022,90460,Immunization administration,$44
CLM10023,90834,Psychotherapy 45 minutes,$147
CLM10023,99214,Detailed office visit,$152
CLM10023,90837,Psychotherapy 60 minutes,$201
CLM10024,80061,Lipid panel,$52
CLM10025,99213,Office/outpatient visit,$119
CLM10026,93000,EKG/ECG with interpretation,$160
CLM10027,17000,Destruction of skin lesion,$110
CLM10028,36415,Blood draw,$33
CLM10029,93000,EKG/ECG with interpretation,$172
CLM10030,73721,MRI knee,$1605
CLM10031,71020,Chest X-ray,$119
CLM10032,93000,EKG/ECG with interpretation,$141
CLM10032,93306,Echocardiogram complete,$1085
CLM10032,93015,Cardiac stress test,$1002
CLM10033,88175,Pap smear cytology,$73
CLM10034,85025,Complete blood count,$43
CLM10035,71020,Chest X-ray,$104
CLM10036,71020,Chest X-ray,$109
CLM10036,99285,ED visit high severity,$1175
CLM10037,93000,EKG/ECG with interpretation,$146
CLM10038,99214,Detailed office visit,$139
CLM10039,88175,Pap smear cytology,$75
CLM10039,59400,Routine obstetric care,$3454
CLM10040,36415,Blood draw,$30
CLM10040,80050,General health panel,$333
CLM10040,99214,Detailed office visit,$145
CLM10041,87070,Bacteria culture,$92
CLM10041,80061,Lipid panel,$58
CLM10042,93000,EKG/ECG with interpretation,$142
CLM10043,93015,Cardiac stress test,$984
CLM10043,93000,EKG/ECG with interpretation,$165
CLM10043,99214,Detailed office visit,$147
CLM10044,99214,Detailed office visit,$122
CLM10045,17000,Destruction of skin lesion,$131
CLM10046,36415,Blood draw,$31
CLM10046,99215,Comprehensive office visit,$226
CLM10047,83036,Hemoglobin A1c,$45
CLM10047,80050,General health panel,$271
CLM10048,87070,Bacteria culture,$88
CLM10049,80053,Comprehensive metabolic panel,$66
CLM10049,99214,Detailed office visit,$152
CLM10050,83036,Hemoglobin A1c,$47
CLM10050,93000,EKG/ECG with interpretation,$147
CLM10051,99213,Office/outpatient visit,$111
CLM10051,85025,Complete blood count,$47
CLM10052,36415,Blood draw,$35
CLM10053,99283,ED visit moderate severity,$517
CLM10054,90460,Immunization administration,$43
CLM10055,99214,Detailed office visit,$127
CLM10055,90837,Psychotherapy 60 minutes,$172
CLM10055,90791,Psychiatric diagnostic evaluation,$272
CLM10056,36415,Blood draw,$35
CLM10057,36415,Blood draw,$32
CLM10058,83036,Hemoglobin A1c,$38
CLM10058,80053,Comprehensive metabolic panel,$61
CLM10059,87880,Rapid strep test,$38
CLM10059,90707,MMR vaccine,$106
CLM10060,99214,Detailed office visit,$149
CLM10060,36415,Blood draw,$32
CLM10060,80061,Lipid panel,$53
CLM10061,88175,Pap smear cytology,$74
CLM10062,17000,Destruction of skin lesion,$108
CLM10063,99214,Detailed office visit,$153
CLM10064,80050,General health panel,$288
CLM10064,83036,Hemoglobin A1c,$39
CLM10064,99214,Detailed office visit,$144
CLM10065,96910,Phototherapy treatment,$185
CLM10065,99213,Office/outpatient visit,$117
CLM10066,77385,IMRT radiation treatment,$2710
CLM10067,71020,Chest X-ray,$107
CLM10067,99285,ED visit high severity,$1147
CLM10068,99214,Detailed office visit,$152
CLM10069,93000,EKG/ECG with interpretation,$141
CLM10070,80050,General health panel,$309
CLM10070,99214,Detailed office visit,$147
CLM10070,80053,Comprehensive metabolic panel,$68
CLM10071,99214,Detailed office visit,$136
CLM10072,99214,Detailed office visit,$136
CLM10072,93015,Cardiac stress test,$798
CLM10072,93000,EKG/ECG with interpretation,$149
CLM10073,99214,Detailed office visit,$132
CLM10073,93458,Cardiac catheterization,$4115
CLM10074,93000,EKG/ECG with interpretation,$141
CLM10074,70450,CT head without contrast,$822
CLM10074,71020,Chest X-ray,$108
CLM10075,90834,Psychotherapy 45 minutes,$143
CLM10075,99214,Detailed office visit,$146
CLM10075,90837,Psychotherapy 60 minutes,$201
CLM10076,93000,EKG/ECG with interpretation,$141
CLM10076,83036,Hemoglobin A1c,$40
CLM10077,99214,Detailed office visit,$128
CLM10077,93306,Echocardiogram complete,$1213
CLM10078,99214,Detailed office visit,$121
CLM10079,99214,Detailed office visit,$152
CLM10079,59400,Routine obstetric care,$3313
CLM10080,85025,Complete blood count,$49
CLM10081,99215,Comprehensive office visit,$219
CLM10081,85025,Complete blood count,$46
CLM10082,93000,EKG/ECG with interpretation,$144
CLM10083,96413,Chemotherapy infusion first hour,$1228
CLM10083,85025,Complete blood count,$50
CLM10084,80061,Lipid panel,$54
CLM10084,87070,Bacteria culture,$78
CLM10085,93000,EKG/ECG with interpretation,$142
CLM10085,99214,Detailed office visit,$141
CLM10086,85025,Complete blood count,$51
CLM10087,80050,General health panel,$309
CLM10088,99215,Comprehensive office visit,$199
CLM10088,36415,Blood draw,$30
CLM10089,99213,Office/outpatient visit,$129
CLM10090,71020,Chest X-ray,$122
CLM10090,87070,Bacteria culture,$75
CLM10091,93000,EKG/ECG with interpretation,$145
CLM10092,36415,Blood draw,$28
CLM10092,99215,Comprehensive office visit,$212
CLM10093,85025,Complete blood count,$41
CLM10094,93000,EKG/ECG with interpretation,$151
CLM10095,36415,Blood draw,$34
CLM10096,93000,EKG/ECG with interpretation,$172
CLM10097,82947,Glucose test,$28
CLM10097,99214,Detailed office visit,$127
CLM10098,99214,Detailed office visit,$151
CLM10099,99214,Detailed office visit,$121
CLM10099,36415,Blood draw,$30
CLM10100,90460,Immunization administration,$40
CLM10100,99392,Preventive visit age 1-4,$198
CLM10101,85025,Complete blood count,$47
CLM10101,99215,Comprehensive office visit,$215
CLM10102,99213,Office/outpatient visit,$112
CLM10102,80061,Lipid panel,$61
CLM10103,99213,Office/outpatient visit,$142
CLM10104,73030,Shoulder X-ray,$133
CLM10104,99213,Office/outpatient visit,$124
CLM10105,36415,Blood draw,$27
CLM10106,80050,General health panel,$271
CLM10106,36415,Blood draw,$29
CLM10106,87070,Bacteria culture,$75
CLM10107,36415,Blood draw,$35
CLM10108,99213,Office/outpatient visit,$110
CLM10109,90837,Psychotherapy 60 minutes,$191
CLM10110,71020,Chest X-ray,$117
CLM10110,85025,Complete blood count,$49
CLM10110,99213,Office/outpatient visit,$130
CLM10111,93000,EKG/ECG with interpretation,$172
CLM10112,71020,Chest X-ray,$109
CLM10113,93000,EKG/ECG with interpretation,$157
CLM10113,99214,Detailed office visit,$153
CLM10114,80053,Comprehensive metabolic panel,$59
CLM10114,36415,Blood draw,$29
CLM10115,93000,EKG/ECG with interpretation,$168
CLM10115,93306,Echocardiogram complete,$1382
CLM10116,87070,Bacteria culture,$86
CLM10116,99213,Office/outpatient visit,$121
CLM10116,99214,Detailed office visit,$122
CLM10117,20610,Major joint injection,$267
CLM10117,99213,Office/outpatient visit,$132
CLM10118,93000,EKG/ECG with interpretation,$165
CLM10119,71020,Chest X-ray,$116
CLM10120,93458,Cardiac catheterization,$4620
CLM10120,93000,EKG/ECG with interpretation,$167
CLM10120,99214,Detailed office visit,$139
CLM10121,36415,Blood draw,$35
CLM10121,93000,EKG/ECG with interpretation,$160
CLM10122,73030,Shoulder X-ray,$133
CLM10123,93000,EKG/ECG with interpretation,$159
CLM10123,99214,Detailed office visit,$148
CLM10124,80050,General health panel,$275
CLM10125,87070,Bacteria culture,$80
CLM10125,71020,Chest X-ray,$108
CLM10126,83036,Hemoglobin A1c,$46
CLM10127,83036,Hemoglobin A1c,$40
CLM10128,99213,Office/outpatient visit,$134
CLM10129,99215,Comprehensive office visit,$193
CLM10129,99214,Detailed office visit,$150
CLM10130,99214,Detailed office visit,$134
CLM10131,90707,MMR vaccine,$98
CLM10132,90791,Psychiatric diagnostic evaluation,$293
CLM10133,87070,Bacteria culture,$91
CLM10133,36415,Blood draw,$31
CLM10134,85025,Complete blood count,$50
CLM10135,87880,Rapid strep test,$41
CLM10136,71020,Chest X-ray,$101
CLM10137,99214,Detailed office visit,$121
CLM10138,82947,Glucose test,$25
CLM10138,36415,Blood draw,$33
CLM10139,80050,General health panel,$287
CLM10140,96415,Chemotherapy infusion additional hour,$353
CLM10140,85025,Complete blood count,$42
CLM10140,99215,Comprehensive office visit,$203
CLM10141,99213,Office/outpatient visit,$130
CLM10142,99214,Detailed office visit,$144
CLM10142,93306,Echocardiogram complete,$1344
CLM10143,80053,Comprehensive metabolic panel,$62
CLM10143,99214,Detailed office visit,$144
CLM10143,93000,EKG/ECG with interpretation,$162
CLM10144,99392,Preventive visit age 1-4,$192
CLM10145,36415,Blood draw,$34
CLM10145,99214,Detailed office visit,$151
CLM10146,87880,Rapid strep test,$37
CLM10147,17000,Destruction of skin lesion,$113
CLM10148,80061,Lipid panel,$58
CLM10148,80050,General health panel,$305
CLM10149,94640,Nebulizer treatment,$47
CLM10150,80053,Comprehensive metabolic panel,$64
CLM10150,83036,Hemoglobin A1c,$42
CLM10151,90791,Psychiatric diagnostic evaluation,$241
CLM10151,90837,Psychotherapy 60 minutes,$176
CLM10151,99214,Detailed office visit,$118
CLM10152,83036,Hemoglobin A1c,$42
CLM10153,99213,Office/outpatient visit,$126
CLM10153,11102,Skin biopsy,$186
CLM10153,96910,Phototherapy treatment,$171
CLM10154,93000,EKG/ECG with interpretation,$160
CLM10155,90837,Psychotherapy 60 minutes,$184
CLM10156,87070,Bacteria culture,$78
CLM10156,80061,Lipid panel,$57
CLM10157,99214,Detailed office visit,$129
CLM10157,93306,Echocardiogram complete,$1188
CLM10157,93000,EKG/ECG with interpretation,$171
CLM10158,85025,Complete blood count,$41
CLM10158,36415,Blood draw,$35
CLM10158,71020,Chest X-ray,$112
CLM10159,85025,Complete blood count,$47
CLM10159,99215,Comprehensive office visit,$192
CLM10160,99213,Office/outpatient visit,$118
CLM10161,80050,General health panel,$314
CLM10161,87070,Bacteria culture,$73
CLM10162,99214,Detailed office visit,$135
CLM10163,93000,EKG/ECG with interpretation,$171
CLM10163,36415,Blood draw,$30
CLM10164,80050,General health panel,$345
CLM10165,36415,Blood draw,$32
CLM10165,99213,Office/outpatient visit,$133
CLM10166,90460,Immunization administration,$45
CLM10167,99215,Comprehensive office visit,$224
CLM10168,99215,Comprehensive office visit,$197
CLM10169,99214,Detailed office visit,$146
CLM10170,94010,Spirometry,$82
CLM10171,85025,Complete blood count,$53
CLM10172,70450,CT head without contrast,$914
CLM10173,36415,Blood draw,$28
CLM10174,83036,Hemoglobin A1c,$43
CLM10175,93000,EKG/ECG with interpretation,$156
CLM10176,73030,Shoulder X-ray,$131
CLM10177,93458,Cardiac catheterization,$5152
CLM10177,93000,EKG/ECG with interpretation,$177
CLM10178,85025,Complete blood count,$50
CLM10179,99213,Office/outpatient visit,$115
CLM10180,99214,Detailed office visit,$142
CLM10181,90834,Psychotherapy 45 minutes,$147
CLM10181,99214,Detailed office visit,$150
CLM10182,83036,Hemoglobin A1c,$39
CLM10183,80050,General health panel,$352
CLM10184,36415,Blood draw,$35
CLM10184,80053,Comprehensive metabolic panel,$55
CLM10185,36415,Blood draw,$27
CLM10185,80053,Comprehensive metabolic panel,$54
CLM10185,93000,EKG/ECG with interpretation,$143
CLM10186,71020,Chest X-ray,$102
CLM10186,99213,Office/outpatient visit,$141
CLM10187,99214,Detailed office visit,$149
CLM10188,87880,Rapid strep test,$32
CLM10189,94010,Spirometry,$106
CLM10189,99214,Detailed office visit,$152
CLM10190,93000,EKG/ECG with interpretation,$155
CLM10191,94010,Spirometry,$103
CLM10192,85025,Complete blood count,$44
CLM10192,36415,Blood draw,$28
CLM10193,99214,Detailed office visit,$147
CLM10194,90707,MMR vaccine,$92
CLM10195,99214,Detailed office visit,$131
CLM10195,93306,Echocardiogram complete,$1404
CLM10195,93000,EKG/ECG with interpretation,$158
CLM10196,93306,Echocardiogram complete,$1292
CLM10197,99214,Detailed office visit,$127
CLM10198,85025,Complete blood count,$41
CLM10199,90460,Immunization administration,$42
CLM10199,99392,Preventive visit age 1-4,$179
CLM10200,73030,Shoulder X-ray,$114
CLM10200,99213,Office/outpatient visit,$138
CLM10201,36415,Blood draw,$34
CLM10202,99214,Detailed office visit,$121
CLM10202,93000,EKG/ECG with interpretation,$158
CLM10203,99213,Office/outpatient visit,$132
CLM10204,85025,Complete blood count,$51
CLM10204,36415,Blood draw,$31
CLM10205,73030,Shoulder X-ray,$110
CLM10206,93015,Cardiac stress test,$925
CLM10207,99214,Detailed office visit,$129
CLM10208,88175,Pap smear cytology,$81
CLM10209,90791,Psychiatric diagnostic evaluation,$280
CLM10210,93458,Cardiac catheterization,$5248
CLM10210,93000,EKG/ECG with interpretation,$157
CLM10211,93000,EKG/ECG with interpretation,$167
CLM10212,99392,Preventive visit age 1-4,$169
CLM10212,90460,Immunization administration,$44
CLM10213,99214,Detailed office visit,$151
CLM10213,93000,EKG/ECG with interpretation,$147
CLM10214,99215,Comprehensive office visit,$244
CLM10215,71020,Chest X-ray,$103
CLM10215,85025,Complete blood count,$48
CLM10216,17000,Destruction of skin lesion,$109
CLM10217,93000,EKG/ECG with interpretation,$150
CLM10217,80053,Comprehensive metabolic panel,$58
CLM10217,83036,Hemoglobin A1c,$36
CLM10218,90460,Immunization administration,$43
CLM10218,99213,Office/outpatient visit,$108
CLM10218,90707,MMR vaccine,$91
CLM10219,36415,Blood draw,$30
CLM10220,36415,Blood draw,$33
CLM10221,36415,Blood draw,$34
CLM10222,90791,Psychiatric diagnostic evaluation,$248
CLM10222,90837,Psychotherapy 60 minutes,$194
CLM10223,80050,General health panel,$323
CLM10224,90791,Psychiatric diagnostic evaluation,$260
CLM10224,90834,Psychotherapy 45 minutes,$137
CLM10224,99214,Detailed office visit,$129
CLM10225,11102,Skin biopsy,$187
CLM10225,17000,Destruction of skin lesion,$136
CLM10225,99213,Office/outpatient visit,$109
CLM10226,90837,Psychotherapy 60 minutes,$190
CLM10226,90791,Psychiatric diagnostic evaluation,$294
CLM10227,99213,Office/outpatient visit,$130
CLM10228,80053,Comprehensive metabolic panel,$57
CLM10228,36415,Blood draw,$28
CLM10228,99215,Comprehensive office visit,$221
CLM10229,94010,Spirometry,$96
CLM10229,94640,Nebulizer treatment,$52
CLM10230,96910,Phototherapy treatment,$169
CLM10231,85025,Complete blood count,$42
CLM10232,90707,MMR vaccine,$96
CLM10233,36415,Blood draw,$28
CLM10234,80053,Comprehensive metabolic panel,$68
CLM10235,93000,EKG/ECG with interpretation,$149
CLM10235,70450,CT head without contrast,$828
CLM10236,82947,Glucose test,$26
CLM10237,87880,Rapid strep test,$35
CLM10237,90460,Immunization administration,$36
CLM10238,80061,Lipid panel,$62
CLM10238,36415,Blood draw,$29
CLM10239,80053,Comprehensive metabolic panel,$59
CLM10240,99214,Detailed office visit,$150
CLM10241,36415,Blood draw,$30
CLM10242,80061,Lipid panel,$51
CLM10242,36415,Blood draw,$35
CLM10243,17000,Destruction of skin lesion,$126
CLM10244,94640,Nebulizer treatment,$45
CLM10245,36415,Blood draw,$35
CLM10246,83036,Hemoglobin A1c,$40
CLM10246,82947,Glucose test,$28
CLM10246,84443,TSH test,$59
CLM10247,36415,Blood draw,$31
CLM10248,71020,Chest X-ray,$101
CLM10248,36415,Blood draw,$31
CLM10249,80053,Comprehensive metabolic panel,$66
CLM10249,83036,Hemoglobin A1c,$47
CLM10250,17000,Destruction of skin lesion,$139
CLM10251,99213,Office/outpatient visit,$132
CLM10251,99214,Detailed office visit,$128
CLM10252,17000,Destruction of skin lesion,$128
CLM10253,85025,Complete blood count,$51
CLM10254,85025,Complete blood count,$49
CLM10254,87070,Bacteria culture,$79
CLM10255,87070,Bacteria culture,$92
CLM10256,83036,Hemoglobin A1c,$36
CLM10256,36415,Blood draw,$28
CLM10256,99214,Detailed office visit,$125
CLM10257,36415,Blood draw,$32
CLM10258,90837,Psychotherapy 60 minutes,$171
CLM10258,90834,Psychotherapy 45 minutes,$133
CLM10259,90707,MMR vaccine,$101
CLM10259,87880,Rapid strep test,$37
CLM10260,71020,Chest X-ray,$101
CLM10260,85025,Complete blood count,$44
CLM10261,80061,Lipid panel,$58
CLM10261,99214,Detailed office visit,$129
CLM10262,93000,EKG/ECG with interpretation,$174
CLM10263,94640,Nebulizer treatment,$55
CLM10264,99213,Office/outpatient visit,$118
CLM10264,17000,Destruction of skin lesion,$134
CLM10264,11102,Skin biopsy,$196
CLM10265,94010,Spirometry,$84
CLM10266,85025,Complete blood count,$53
CLM10266,99215,Comprehensive office visit,$245
CLM10267,36415,Blood draw,$34
CLM10268,99215,Comprehensive office visit,$197
CLM10269,99214,Detailed office visit,$130
CLM10270,76805,Obstetric ultrasound,$373
CLM10271,99392,Preventive visit age 1-4,$178
CLM10272,93000,EKG/ECG with interpretation,$159
CLM10273,99215,Comprehensive office visit,$218
CLM10273,85025,Complete blood count,$44
CLM10274,99392,Preventive visit age 1-4,$176
CLM10275,84443,TSH test,$63
CLM10275,36415,Blood draw,$27
CLM10275,83036,Hemoglobin A1c,$38
CLM10276,76805,Obstetric ultrasound,$410
CLM10276,59400,Routine obstetric care,$3182
CLM10277,99213,Office/outpatient visit,$120
CLM10278,36415,Blood draw,$31
CLM10278,80053,Comprehensive metabolic panel,$57
CLM10279,93000,EKG/ECG with interpretation,$136
CLM10280,87880,Rapid strep test,$35
CLM10280,90460,Immunization administration,$47
CLM10281,36415,Blood draw,$35
CLM10282,76805,Obstetric ultrasound,$416
CLM10282,88175,Pap smear cytology,$73
CLM10283,99214,Detailed office visit,$148
CLM10284,36415,Blood draw,$34
CLM10285,90460,Immunization administration,$44
CLM10285,87880,Rapid strep test,$32
CLM10285,99392,Preventive visit age 1-4,$191
CLM10286,99215,Comprehensive office visit,$217
CLM10287,85025,Complete blood count,$53
CLM10287,80061,Lipid panel,$64
CLM10287,99213,Office/outpatient visit,$117
CLM10288,96910,Phototherapy treatment,$185
CLM10288,99213,Office/outpatient visit,$139
CLM10289,99213,Office/outpatient visit,$126
CLM10289,90707,MMR vaccine,$104
CLM10290,20610,Major joint injection,$238
CLM10291,36415,Blood draw,$32
CLM10291,80061,Lipid panel,$56
CLM10292,99214,Detailed office visit,$149
CLM10293,94640,Nebulizer treatment,$57
CLM10294,17000,Destruction of skin lesion,$110
CLM10294,96910,Phototherapy treatment,$166
CLM10295,94010,Spirometry,$100
CLM10296,85025,Complete blood count,$45
CLM10296,36415,Blood draw,$28
CLM10297,71020,Chest X-ray,$103
CLM10297,99214,Detailed office visit,$152
CLM10297,99213,Office/outpatient visit,$116
CLM10298,80053,Comprehensive metabolic panel,$64
CLM10299,36415,Blood draw,$35
CLM10300,17000,Destruction of skin lesion,$114
CLM10301,90460,Immunization administration,$36
CLM10302,99214,Detailed office visit,$150
CLM10302,90791,Psychiatric diagnostic evaluation,$284
CLM10303,96910,Phototherapy treatment,$187
CLM10304,90791,Psychiatric diagnostic evaluation,$255
CLM10305,99214,Detailed office visit,$123
CLM10306,94640,Nebulizer treatment,$49
CLM10306,99214,Detailed office visit,$134
CLM10307,11102,Skin biopsy,$190
CLM10307,96910,Phototherapy treatment,$149
CLM10308,93000,EKG/ECG with interpretation,$170
CLM10309,88175,Pap smear cytology,$77
CLM10310,80061,Lipid panel,$51
CLM10311,85025,Complete blood count,$45
CLM10312,99215,Comprehensive office visit,$242
CLM10313,93306,Echocardiogram complete,$1360
CLM10314,11102,Skin biopsy,$200
CLM10315,36415,Blood draw,$32
CLM10315,99215,Comprehensive office visit,$197
CLM10316,36415,Blood draw,$28
CLM10317,73721,MRI knee,$1752
CLM10318,99214,Detailed office visit,$142
CLM10319,93000,EKG/ECG with interpretation,$151
CLM10320,71020,Chest X-ray,$127
CLM10320,70450,CT head without contrast,$1051
CLM10321,94010,Spirometry,$99
CLM10322,71020,Chest X-ray,$117
CLM10322,80050,General health panel,$348
CLM10323,11102,Skin biopsy,$193
CLM10324,99213,Office/outpatient visit,$117
CLM10325,90707,MMR vaccine,$103
CLM10325,87880,Rapid strep test,$35
CLM10326,36415,Blood draw,$32
CLM10326,83036,Hemoglobin A1c,$45
CLM10327,80050,General health panel,$291
CLM10328,93306,Echocardiogram complete,$1225
CLM10329,93000,EKG/ECG with interpretation,$170
CLM10329,83036,Hemoglobin A1c,$37
CLM10330,71020,Chest X-ray,$110
CLM10331,99214,Detailed office visit,$140
CLM10332,83036,Hemoglobin A1c,$43
CLM10333,99213,Office/outpatient visit,$116
CLM10333,17000,Destruction of skin lesion,$134
CLM10334,93000,EKG/ECG with interpretation,$165
CLM10334,80053,Comprehensive metabolic panel,$68
CLM10335,93000,EKG/ECG with interpretation,$135
CLM10336,99214,Detailed office visit,$151
CLM10336,93000,EKG/ECG with interpretation,$142
CLM10337,99213,Office/outpatient visit,$114
CLM10338,94010,Spirometry,$89
CLM10339,99213,Office/outpatient visit,$130
CLM10339,20610,Major joint injection,$274
CLM10340,87070,Bacteria culture,$74
CLM10340,36415,Blood draw,$30
CLM10341,20610,Major joint injection,$260
CLM10341,99213,Office/outpatient visit,$115
CLM10341,73030,Shoulder X-ray,$129
CLM10342,93000,EKG/ECG with interpretation,$145
CLM10343,94640,Nebulizer treatment,$51
CLM10344,99214,Detailed office visit,$130
CLM10344,93000,EKG/ECG with interpretation,$135
CLM10345,73721,MRI knee,$1405
CLM10346,99213,Office/outpatient visit,$139
CLM10347,85025,Complete blood count,$53
CLM10348,99213,Office/outpatient visit,$138
CLM10349,83036,Hemoglobin A1c,$41
CLM10350,99215,Comprehensive office visit,$218
CLM10351,99214,Detailed office visit,$135
CLM10351,93000,EKG/ECG with interpretation,$158
CLM10352,80061,Lipid panel,$60
CLM10353,36415,Blood draw,$28
CLM10353,80061,Lipid panel,$53
CLM10354,90460,Immunization administration,$39
CLM10355,82947,Glucose test,$26
CLM10356,99214,Detailed office visit,$150
CLM10356,93000,EKG/ECG with interpretation,$162
CLM10357,36415,Blood draw,$31
CLM10357,85025,Complete blood count,$44
CLM10358,99285,ED visit high severity,$1414
CLM10359,94010,Spirometry,$106
CLM10359,71020,Chest X-ray,$111
CLM10360,73030,Shoulder X-ray,$114
CLM10361,93306,Echocardiogram complete,$1207
CLM10362,71020,Chest X-ray,$118
CLM10363,80061,Lipid panel,$52
CLM10363,80050,General health panel,$313
CLM10364,96415,Chemotherapy infusion additional hour,$383
CLM10365,85025,Complete blood count,$46
CLM10365,99213,Office/outpatient visit,$108
CLM10366,94010,Spirometry,$81
CLM10367,80053,Comprehensive metabolic panel,$65
CLM10367,93000,EKG/ECG with interpretation,$165
CLM10368,80061,Lipid panel,$63
CLM10369,99214,Detailed office visit,$133
CLM10370,85025,Complete blood count,$53
CLM10371,90460,Immunization administration,$41
CLM10372,93000,EKG/ECG with interpretation,$171
CLM10373,36415,Blood draw,$30
CLM10374,83036,Hemoglobin A1c,$43
CLM10375,96415,Chemotherapy infusion additional hour,$380
CLM10376,96413,Chemotherapy infusion first hour,$1286
CLM10376,96415,Chemotherapy infusion additional hour,$328
CLM10377,99214,Detailed office visit,$141
CLM10377,93306,Echocardiogram complete,$1391
CLM10378,93000,EKG/ECG with interpretation,$137
CLM10379,96910,Phototherapy treatment,$165
CLM10379,11102,Skin biopsy,$166
CLM10380,96910,Phototherapy treatment,$183
CLM10381,99214,Detailed office visit,$126
CLM10382,93000,EKG/ECG with interpretation,$174
CLM10382,71020,Chest X-ray,$126
CLM10383,71020,Chest X-ray,$125
CLM10384,99214,Detailed office visit,$121
CLM10385,93000,EKG/ECG with interpretation,$170
CLM10386,99214,Detailed office visit,$126
CLM10387,99214,Detailed office visit,$137
CLM10388,71020,Chest X-ray,$101
CLM10388,85025,Complete blood count,$47
CLM10389,99214,Detailed office visit,$150
CLM10390,36415,Blood draw,$33
CLM10390,71020,Chest X-ray,$122
CLM10391,83036,Hemoglobin A1c,$37
CLM10392,11102,Skin biopsy,$174
CLM10392,17000,Destruction of skin lesion,$135
CLM10392,96910,Phototherapy treatment,$165
CLM10393,85025,Complete blood count,$49
CLM10393,99213,Office/outpatient visit,$109
CLM10393,80061,Lipid panel,$50
CLM10394,80061,Lipid panel,$55
CLM10395,85025,Complete blood count,$51
CLM10396,73721,MRI knee,$1664
CLM10397,36415,Blood draw,$30
CLM10397,99215,Comprehensive office visit,$192
CLM10398,83036,Hemoglobin A1c,$45
CLM10398,99214,Detailed office visit,$139
CLM10399,94640,Nebulizer treatment,$46
CLM10400,36415,Blood draw,$32
CLM10401,99214,Detailed office visit,$150
CLM10401,36415,Blood draw,$31
CLM10402,99214,Detailed office visit,$143
CLM10402,93000,EKG/ECG with interpretation,$140
CLM10403,36415,Blood draw,$31
CLM10404,80050,General health panel,$307
CLM10405,87070,Bacteria culture,$80
CLM10405,36415,Blood draw,$35
CLM10405,99214,Detailed office visit,$126
CLM10406,87070,Bacteria culture,$80
CLM10406,99214,Detailed office visit,$120
CLM10407,80061,Lipid panel,$50
CLM10407,99213,Office/outpatient visit,$128
CLM10408,82947,Glucose test,$27
CLM10409,93000,EKG/ECG with interpretation,$138
CLM10410,99213,Office/outpatient visit,$133
CLM10411,99214,Detailed office visit,$150
CLM10412,99214,Detailed office visit,$139
CLM10413,99215,Comprehensive office visit,$195
CLM10414,88175,Pap smear cytology,$76
CLM10415,36415,Blood draw,$31
CLM10416,93000,EKG/ECG with interpretation,$167
CLM10417,76805,Obstetric ultrasound,$388
CLM10418,93000,EKG/ECG with interpretation,$157
CLM10418,93015,Cardiac stress test,$813
CLM10419,85025,Complete blood count,$50
CLM10419,71020,Chest X-ray,$124
CLM10419,36415,Blood draw,$33
CLM10420,99213,Office/outpatient visit,$112
CLM10420,71020,Chest X-ray,$122
CLM10421,59400,Routine obstetric care,$3569
CLM10421,76805,Obstetric ultrasound,$380
CLM10422,87070,Bacteria culture,$77
CLM10423,36415,Blood draw,$30
CLM10424,96910,Phototherapy treatment,$167
CLM10424,99213,Office/outpatient visit,$138
CLM10425,99215,Comprehensive office visit,$228
CLM10426,99214,Detailed office visit,$129
CLM10427,94010,Spirometry,$92
CLM10428,83036,Hemoglobin A1c,$38
CLM10428,99215,Comprehensive office visit,$201
CLM10429,36415,Blood draw,$34
CLM10430,73030,Shoulder X-ray,$114
CLM10431,82947,Glucose test,$28
CLM10431,99214,Detailed office visit,$118
CLM10431,36415,Blood draw,$31
CLM10432,99214,Detailed office visit,$145
CLM10433,36415,Blood draw,$30
CLM10434,20610,Major joint injection,$267
CLM10435,76805,Obstetric ultrasound,$443
CLM10435,88175,Pap smear cytology,$78
CLM10435,99214,Detailed office visit,$124
CLM10436,99215,Comprehensive office visit,$211
CLM10436,80050,General health panel,$321
CLM10437,93015,Cardiac stress test,$810
CLM10438,90837,Psychotherapy 60 minutes,$209
CLM10439,93000,EKG/ECG with interpretation,$139
CLM10440,17000,Destruction of skin lesion,$117
CLM10441,94640,Nebulizer treatment,$50
CLM10441,71020,Chest X-ray,$123
CLM10441,99214,Detailed office visit,$129
CLM10442,93000,EKG/ECG with interpretation,$138
CLM10443,99214,Detailed office visit,$149
CLM10443,93000,EKG/ECG with interpretation,$167
CLM10444,94640,Nebulizer treatment,$50
CLM10444,99214,Detailed office visit,$131
CLM10445,71020,Chest X-ray,$110
CLM10445,99283,ED visit moderate severity,$429
CLM10446,93000,EKG/ECG with interpretation,$173
CLM10446,93306,Echocardiogram complete,$1138
CLM10446,99214,Detailed office visit,$118
CLM10447,83036,Hemoglobin A1c,$44
CLM10448,71020,Chest X-ray,$107
CLM10448,87070,Bacteria culture,$91
CLM10448,36415,Blood draw,$29
CLM10449,80050,General health panel,$294
CLM10450,90791,Psychiatric diagnostic evaluation,$228
CLM10451,94640,Nebulizer treatment,$46
CLM10451,99214,Detailed office visit,$138
CLM10452,84443,TSH test,$57
CLM10452,83036,Hemoglobin A1c,$44
CLM10453,90460,Immunization administration,$45
CLM10454,83036,Hemoglobin A1c,$45
CLM10455,36415,Blood draw,$35
CLM10456,90834,Psychotherapy 45 minutes,$126
CLM10456,90837,Psychotherapy 60 minutes,$174
CLM10456,99214,Detailed office visit,$144
CLM10457,73030,Shoulder X-ray,$117
CLM10457,20610,Major joint injection,$275
CLM10458,80050,General health panel,$293
CLM10459,36415,Blood draw,$28
CLM10459,85025,Complete blood count,$47
CLM10460,20610,Major joint injection,$237
CLM10461,70450,CT head without contrast,$1058
CLM10461,99285,ED visit high severity,$1230
CLM10461,71020,Chest X-ray,$114
CLM10462,99213,Office/outpatient visit,$122
CLM10463,90834,Psychotherapy 45 minutes,$127
CLM10463,90837,Psychotherapy 60 minutes,$203
CLM10464,99214,Detailed office visit,$124
CLM10464,93000,EKG/ECG with interpretation,$159
CLM10465,99214,Detailed office visit,$143
CLM10466,87880,Rapid strep test,$39
CLM10467,99213,Office/outpatient visit,$115
CLM10468,73030,Shoulder X-ray,$133
CLM10468,99213,Office/outpatient visit,$112
CLM10469,36415,Blood draw,$27
CLM10470,85025,Complete blood count,$41
CLM10470,96415,Chemotherapy infusion additional hour,$387
CLM10471,36415,Blood draw,$33
CLM10472,99213,Office/outpatient visit,$137
CLM10472,36415,Blood draw,$29
CLM10473,93000,EKG/ECG with interpretation,$137
CLM10474,70450,CT head without contrast,$970
CLM10475,83036,Hemoglobin A1c,$45
CLM10476,99283,ED visit moderate severity,$430
CLM10476,71020,Chest X-ray,$105
CLM10477,93000,EKG/ECG with interpretation,$164
CLM10478,99214,Detailed office visit,$123
CLM10479,80050,General health panel,$276
CLM10479,99214,Detailed office visit,$138
CLM10480,99214,Detailed office visit,$137
CLM10481,96413,Chemotherapy infusion first hour,$1231
CLM10482,99392,Preventive visit age 1-4,$184
CLM10482,87880,Rapid strep test,$38
CLM10482,90707,MMR vaccine,$96
CLM10483,96415,Chemotherapy infusion additional hour,$318
CLM10484,99214,Detailed office visit,$121
CLM10485,99215,Comprehensive office visit,$203
CLM10486,96413,Chemotherapy infusion first hour,$1071
CLM10487,99213,Office/outpatient visit,$138
CLM10488,73030,Shoulder X-ray,$114
CLM10488,73721,MRI knee,$1600
CLM10489,85025,Complete blood count,$46
CLM10489,99215,Comprehensive office visit,$215
CLM10490,80053,Comprehensive metabolic panel,$65
CLM10490,36415,Blood draw,$35
CLM10490,99214,Detailed office visit,$143
CLM10491,93015,Cardiac stress test,$840
CLM10492,94010,Spirometry,$91
CLM10492,99214,Detailed office visit,$131
CLM10493,99213,Office/outpatient visit,$115
CLM10494,99283,ED visit moderate severity,$514
CLM10495,99214,Detailed office visit,$138
CLM10496,99214,Detailed office visit,$122
CLM10496,93306,Echocardiogram complete,$1330
CLM10497,99215,Comprehensive office visit,$221
CLM10498,17000,Destruction of skin lesion,$134
CLM10499,85025,Complete blood count,$49
CLM10500,80053,Comprehensive metabolic panel,$62
CLM10500,80050,General health panel,$334
CLM10501,85025,Complete blood count,$49
CLM10502,99214,Detailed office visit,$128
CLM10503,87070,Bacteria culture,$79
CLM10504,36415,Blood draw,$35
CLM10505,99214,Detailed office visit,$145
CLM10505,85025,Complete blood count,$44
CLM10506,36415,Blood draw,$31
CLM10506,83036,Hemoglobin A1c,$42
CLM10507,36415,Blood draw,$35
CLM10507,85025,Complete blood count,$41
CLM10508,90460,Immunization administration,$44
CLM10508,99392,Preventive visit age 1-4,$171
CLM10509,93000,EKG/ECG with interpretation,$138
CLM10510,85025,Complete blood count,$46
CLM10510,80061,Lipid panel,$65
CLM10511,96910,Phototherapy treatment,$174
CLM10511,17000,Destruction of skin lesion,$113
CLM10511,11102,Skin biopsy,$189
CLM10512,83036,Hemoglobin A1c,$39
CLM10513,87070,Bacteria culture,$94
CLM10513,36415,Blood draw,$30
CLM10513,80061,Lipid panel,$61
CLM10514,99213,Office/outpatient visit,$116
CLM10515,87070,Bacteria culture,$87
CLM10515,99213,Office/outpatient visit,$134
CLM10516,99214,Detailed office visit,$141
CLM10517,93458,Cardiac catheterization,$4378
CLM10517,93000,EKG/ECG with interpretation,$168
CLM10518,99214,Detailed office visit,$129
CLM10518,36415,Blood draw,$34
CLM10519,87070,Bacteria culture,$89
CLM10519,71020,Chest X-ray,$112
CLM10520,73721,MRI knee,$1462
CLM10520,20610,Major joint injection,$276
CLM10521,36415,Blood draw,$27
CLM10522,71020,Chest X-ray,$109
CLM10523,83036,Hemoglobin A1c,$46
CLM10523,36415,Blood draw,$33
CLM10523,80053,Comprehensive metabolic panel,$56
CLM10524,71020,Chest X-ray,$116
CLM10525,99213,Office/outpatient visit,$126
CLM10526,99213,Office/outpatient visit,$137
CLM10527,83036,Hemoglobin A1c,$40
CLM10527,99214,Detailed office visit,$138
CLM10527,80053,Comprehensive metabolic panel,$54
CLM10528,90707,MMR vaccine,$94
CLM10528,99213,Office/outpatient visit,$133
CLM10528,87880,Rapid strep test,$38
CLM10529,36415,Blood draw,$35
CLM10529,85025,Complete blood count,$42
CLM10530,93015,Cardiac stress test,$888
CLM10530,93000,EKG/ECG with interpretation,$154
CLM10531,85025,Complete blood count,$41
CLM10531,99214,Detailed office visit,$139
CLM10531,87070,Bacteria culture,$80
CLM10532,96910,Phototherapy treatment,$147
CLM10532,17000,Destruction of skin lesion,$135
CLM10533,71020,Chest X-ray,$119
CLM10533,94640,Nebulizer treatment,$46
CLM10534,99214,Detailed office visit,$137
CLM10535,20610,Major joint injection,$257
CLM10536,99214,Detailed office visit,$132
CLM10537,80061,Lipid panel,$61
CLM10537,85025,Complete blood count,$43
CLM10538,36415,Blood draw,$31
CLM10538,87070,Bacteria culture,$91
CLM10539,90791,Psychiatric diagnostic evaluation,$276
CLM10540,99214,Detailed office visit,$144
CLM10541,90460,Immunization administration,$40
CLM10541,87880,Rapid strep test,$32
CLM10542,36415,Blood draw,$31
CLM10542,85025,Complete blood count,$48
CLM10543,96415,Chemotherapy infusion additional hour,$375
CLM10544,94640,Nebulizer treatment,$51
CLM10545,93306,Echocardiogram complete,$1242
CLM10545,99214,Detailed office visit,$127
CLM10546,88175,Pap smear cytology,$79
CLM10546,99214,Detailed office visit,$126
CLM10546,76805,Obstetric ultrasound,$376
CLM10547,36415,Blood draw,$28
CLM10547,80061,Lipid panel,$61
CLM10548,99214,Detailed office visit,$122
CLM10548,93000,EKG/ECG with interpretation,$153
CLM10549,99283,ED visit moderate severity,$513
CLM10549,71020,Chest X-ray,$127
CLM10549,93000,EKG/ECG with interpretation,$163
CLM10550,36415,Blood draw,$34
CLM10551,93000,EKG/ECG with interpretation,$152
CLM10551,99214,Detailed office visit,$144
CLM10552,85025,Complete blood count,$42
CLM10553,93000,EKG/ECG with interpretation,$173
CLM10554,99214,Detailed office visit,$153
CLM10554,93015,Cardiac stress test,$819
CLM10554,93000,EKG/ECG with interpretation,$141
CLM10555,90460,Immunization administration,$41
CLM10555,99213,Office/outpatient visit,$125
CLM10556,99214,Detailed office visit,$121
CLM10557,88175,Pap smear cytology,$70
CLM10558,90837,Psychotherapy 60 minutes,$207
CLM10559,99214,Detailed office visit,$147
CLM10560,99213,Office/outpatient visit,$112
CLM10560,73721,MRI knee,$1604
CLM10561,77385,IMRT radiation treatment,$2437
CLM10561,99215,Comprehensive office visit,$245
CLM10561,85025,Complete blood count,$52
CLM10562,87070,Bacteria culture,$94
CLM10562,36415,Blood draw,$30
CLM10563,99214,Detailed office visit,$146
CLM10564,71020,Chest X-ray,$114
CLM10565,77385,IMRT radiation treatment,$2332
CLM10566,20610,Major joint injection,$226
CLM10566,99213,Office/outpatient visit,$139
CLM10567,71020,Chest X-ray,$106
CLM10567,70450,CT head without contrast,$884
CLM10567,93000,EKG/ECG with interpretation,$152
CLM10568,87880,Rapid strep test,$33
CLM10569,87070,Bacteria culture,$74
CLM10570,99214,Detailed office visit,$118
CLM10571,99213,Office/outpatient visit,$139
CLM10571,73030,Shoulder X-ray,$111
CLM10571,20610,Major joint injection,$232
CLM10572,99214,Detailed office visit,$120
CLM10572,94010,Spirometry,$84
CLM10573,88175,Pap smear cytology,$82
CLM10574,93015,Cardiac stress test,$908
CLM10574,93000,EKG/ECG with interpretation,$153
CLM10575,93306,Echocardiogram complete,$1373
CLM10575,93000,EKG/ECG with interpretation,$157
CLM10576,99214,Detailed office visit,$131
CLM10577,99214,Detailed office visit,$126
CLM10578,99214,Detailed office visit,$146
CLM10579,87070,Bacteria culture,$85
CLM10580,80050,General health panel,$313
CLM10581,85025,Complete blood count,$49
CLM10581,71020,Chest X-ray,$114
CLM10582,85025,Complete blood count,$51
CLM10582,36415,Blood draw,$29
CLM10583,87070,Bacteria culture,$94
CLM10583,85025,Complete blood count,$45
CLM10584,71020,Chest X-ray,$101
CLM10585,80061,Lipid panel,$50
CLM10586,80053,Comprehensive metabolic panel,$60
CLM10587,36415,Blood draw,$28
CLM10588,85025,Complete blood count,$43
CLM10589,83036,Hemoglobin A1c,$37
CLM10589,99214,Detailed office visit,$136
CLM10590,90460,Immunization administration,$46
CLM10591,99213,Office/outpatient visit,$114
CLM10592,36415,Blood draw,$32
CLM10593,36415,Blood draw,$35
CLM10594,82947,Glucose test,$27
CLM10594,83036,Hemoglobin A1c,$42
CLM10594,84443,TSH test,$58
CLM10595,82947,Glucose test,$24
CLM10595,83036,Hemoglobin A1c,$40
CLM10596,71020,Chest X-ray,$117
CLM10596,99213,Office/outpatient visit,$136
CLM10596,87070,Bacteria culture,$85
CLM10597,99213,Office/outpatient visit,$134
CLM10598,94010,Spirometry,$84
CLM10599,80050,General health panel,$347
CLM10600,83036,Hemoglobin A1c,$38
CLM10600,80053,Comprehensive metabolic panel,$59
CLM10600,93000,EKG/ECG with interpretation,$163
CLM10601,36415,Blood draw,$27
CLM10602,99214,Detailed office visit,$128
CLM10602,93015,Cardiac stress test,$797
CLM10602,93458,Cardiac catheterization,$4650
CLM10603,36415,Blood draw,$28
CLM10603,80061,Lipid panel,$52
CLM10603,85025,Complete blood count,$46
CLM10604,93000,EKG/ECG with interpretation,$175
CLM10604,99215,Comprehensive office visit,$203
CLM10605,99214,Detailed office visit,$151
CLM10605,93015,Cardiac stress test,$838
CLM10606,87880,Rapid strep test,$32
CLM10607,85025,Complete blood count,$41
CLM10608,17000,Destruction of skin lesion,$132
CLM10609,88175,Pap smear cytology,$80
CLM10609,76805,Obstetric ultrasound,$454
CLM10609,99214,Detailed office visit,$124
CLM10610,99213,Office/outpatient visit,$130
CLM10611,96910,Phototherapy treatment,$185
CLM10611,99213,Office/outpatient visit,$122
CLM10612,36415,Blood draw,$35
CLM10612,85025,Complete blood count,$43
CLM10613,90707,MMR vaccine,$104
CLM10614,90791,Psychiatric diagnostic evaluation,$244
CLM10614,90837,Psychotherapy 60 minutes,$177
CLM10615,87070,Bacteria culture,$77
CLM10615,80061,Lipid panel,$53
CLM10616,90460,Immunization administration,$47
CLM10616,90707,MMR vaccine,$93
CLM10616,87880,Rapid strep test,$36
CLM10617,99215,Comprehensive office visit,$221
CLM10618,80061,Lipid panel,$57
CLM10619,87070,Bacteria culture,$74
CLM10620,99213,Office/outpatient visit,$118
CLM10620,17000,Destruction of skin lesion,$129
CLM10621,93000,EKG/ECG with interpretation,$168
CLM10622,71020,Chest X-ray,$123
CLM10623,88175,Pap smear cytology,$74
CLM10624,83036,Hemoglobin A1c,$36
CLM10625,99213,Office/outpatient visit,$117
CLM10626,80061,Lipid panel,$50
CLM10626,85025,Complete blood count,$42
CLM10627,99214,Detailed office visit,$128
CLM10627,93000,EKG/ECG with interpretation,$165
CLM10628,99214,Detailed office visit,$144
CLM10629,94010,Spirometry,$88
CLM10629,95810,Sleep study,$1576
CLM10629,94640,Nebulizer treatment,$48
CLM10630,90837,Psychotherapy 60 minutes,$190
CLM10630,99214,Detailed office visit,$133
CLM10631,36415,Blood draw,$31
CLM10632,73030,Shoulder X-ray,$137
CLM10633,80053,Comprehensive metabolic panel,$56
CLM10633,99214,Detailed office visit,$129
CLM10633,93000,EKG/ECG with interpretation,$164
CLM10634,36415,Blood draw,$33
CLM10635,80053,Comprehensive metabolic panel,$64
CLM10636,36415,Blood draw,$30
CLM10636,99214,Detailed office visit,$135
CLM10637,94640,Nebulizer treatment,$57
CLM10637,94010,Spirometry,$91
CLM10638,85025,Complete blood count,$47
CLM10639,71020,Chest X-ray,$112
CLM10639,93000,EKG/ECG with interpretation,$147
CLM10639,99285,ED visit high severity,$1110
CLM10640,36415,Blood draw,$31
CLM10641,85025,Complete blood count,$43
CLM10641,87070,Bacteria culture,$74
CLM10642,99214,Detailed office visit,$131
CLM10643,93000,EKG/ECG with interpretation,$159
CLM10643,71020,Chest X-ray,$106
CLM10644,87070,Bacteria culture,$82
CLM10645,99214,Detailed office visit,$134
CLM10645,94640,Nebulizer treatment,$49
CLM10646,84443,TSH test,$57
CLM10646,82947,Glucose test,$27
CLM10647,36415,Blood draw,$35
CLM10647,93000,EKG/ECG with interpretation,$161
CLM10648,94010,Spirometry,$102
CLM10649,93000,EKG/ECG with interpretation,$163
CLM10649,93015,Cardiac stress test,$932
CLM10650,17000,Destruction of skin lesion,$137
CLM10651,83036,Hemoglobin A1c,$38
CLM10652,90837,Psychotherapy 60 minutes,$162
CLM10652,90791,Psychiatric diagnostic evaluation,$247
CLM10652,90834,Psychotherapy 45 minutes,$148
CLM10653,20610,Major joint injection,$274
CLM10653,73721,MRI knee,$1707
CLM10654,71020,Chest X-ray,$103
CLM10655,87070,Bacteria culture,$75
CLM10656,85025,Complete blood count,$47
CLM10657,80050,General health panel,$334
CLM10657,36415,Blood draw,$28
CLM10658,93000,EKG/ECG with interpretation,$149
CLM10658,93458,Cardiac catheterization,$4429
CLM10658,93306,Echocardiogram complete,$1142
CLM10659,93458,Cardiac catheterization,$4536
CLM10659,99214,Detailed office visit,$153
CLM10659,93306,Echocardiogram complete,$1324
CLM10660,80061,Lipid panel,$59
CLM10660,71020,Chest X-ray,$111
CLM10661,90707,MMR vaccine,$91
CLM10662,85025,Complete blood count,$41
CLM10663,85025,Complete blood count,$48
CLM10663,80061,Lipid panel,$50
CLM10664,90707,MMR vaccine,$100
CLM10665,71020,Chest X-ray,$117
CLM10665,99213,Office/outpatient visit,$134
CLM10666,99214,Detailed office visit,$124
CLM10666,36415,Blood draw,$31
CLM10667,36415,Blood draw,$30
CLM10668,71020,Chest X-ray,$114
CLM10668,99285,ED visit high severity,$1300
CLM10669,80053,Comprehensive metabolic panel,$57
CLM10670,94640,Nebulizer treatment,$59
CLM10671,80061,Lipid panel,$58
CLM10672,80050,General health panel,$275
CLM10672,80061,Lipid panel,$58
CLM10673,80061,Lipid panel,$65
CLM10674,99213,Office/outpatient visit,$134
CLM10675,99215,Comprehensive office visit,$226
CLM10675,80053,Comprehensive metabolic panel,$55
CLM10675,83036,Hemoglobin A1c,$38
CLM10676,71020,Chest X-ray,$103
CLM10677,20610,Major joint injection,$285
CLM10678,85025,Complete blood count,$46
CLM10679,94640,Nebulizer treatment,$55
CLM10679,94010,Spirometry,$86
CLM10679,95810,Sleep study,$1572
CLM10680,36415,Blood draw,$35
CLM10680,87070,Bacteria culture,$79
CLM10680,85025,Complete blood count,$43
CLM10681,96910,Phototherapy treatment,$148
CLM10682,70450,CT head without contrast,$904
CLM10682,71020,Chest X-ray,$114
CLM10683,80050,General health panel,$292
CLM10684,87070,Bacteria culture,$74
CLM10685,73030,Shoulder X-ray,$115
CLM10685,20610,Major joint injection,$239
CLM10686,93000,EKG/ECG with interpretation,$156
CLM10686,99214,Detailed office visit,$131
CLM10687,73030,Shoulder X-ray,$119
CLM10688,84443,TSH test,$51
CLM10688,82947,Glucose test,$28
CLM10689,93015,Cardiac stress test,$930
CLM10690,93000,EKG/ECG with interpretation,$162
CLM10690,99214,Detailed office visit,$128
CLM10690,93015,Cardiac stress test,$946
CLM10691,83036,Hemoglobin A1c,$41
CLM10692,99213,Office/outpatient visit,$111
CLM10692,73721,MRI knee,$1668
CLM10693,85025,Complete blood count,$49
CLM10693,96415,Chemotherapy infusion additional hour,$365
CLM10693,99215,Comprehensive office visit,$239
CLM10694,99285,ED visit high severity,$1340
CLM10695,99214,Detailed office visit,$142
CLM10696,85025,Complete blood count,$47
CLM10696,99215,Comprehensive office visit,$198
CLM10697,71020,Chest X-ray,$111
CLM10697,36415,Blood draw,$34
CLM10698,71020,Chest X-ray,$100
CLM10699,90707,MMR vaccine,$100
CLM10700,99214,Detailed office visit,$145
CLM10701,93000,EKG/ECG with interpretation,$141
CLM10701,80053,Comprehensive metabolic panel,$61
CLM10702,20610,Major joint injection,$283
CLM10702,73721,MRI knee,$1526
CLM10702,99213,Office/outpatient visit,$113
CLM10703,99214,Detailed office visit,$126
CLM10704,87070,Bacteria culture,$84
CLM10704,85025,Complete blood count,$49
CLM10705,36415,Blood draw,$29
CLM10705,99213,Office/outpatient visit,$140
CLM10706,85025,Complete blood count,$43
CLM10707,94010,Spirometry,$89
CLM10708,93000,EKG/ECG with interpretation,$140
CLM10709,80050,General health panel,$322
CLM10710,90707,MMR vaccine,$88
CLM10710,99392,Preventive visit age 1-4,$195
CLM10711,80061,Lipid panel,$58
CLM10711,36415,Blood draw,$35
CLM10712,76805,Obstetric ultrasound,$443
CLM10713,17000,Destruction of skin lesion,$123
CLM10714,99213,Office/outpatient visit,$119
CLM10714,85025,Complete blood count,$47
CLM10715,71020,Chest X-ray,$121
CLM10716,93000,EKG/ECG with interpretation,$136
CLM10717,71020,Chest X-ray,$105
CLM10718,77385,IMRT radiation treatment,$2824
CLM10719,80050,General health panel,$330
CLM10720,36415,Blood draw,$29
CLM10720,83036,Hemoglobin A1c,$36
CLM10721,99213,Office/outpatient visit,$122
CLM10722,99214,Detailed office visit,$144
CLM10722,36415,Blood draw,$30
CLM10723,80050,General health panel,$350
CLM10724,85025,Complete blood count,$44
CLM10724,77385,IMRT radiation treatment,$2666
CLM10725,99213,Office/outpatient visit,$111
CLM10726,80061,Lipid panel,$51
CLM10726,80050,General health panel,$298
CLM10727,90460,Immunization administration,$43
CLM10728,87880,Rapid strep test,$32
CLM10729,80061,Lipid panel,$56
CLM10730,84443,TSH test,$57
CLM10730,36415,Blood draw,$31
CLM10731,85025,Complete blood count,$46
CLM10731,99215,Comprehensive office visit,$223
CLM10732,94640,Nebulizer treatment,$53
CLM10733,99214,Detailed office visit,$150
CLM10734,80053,Comprehensive metabolic panel,$70
CLM10735,99214,Detailed office visit,$128
CLM10735,36415,Blood draw,$33
CLM10736,87880,Rapid strep test,$41
CLM10736,90460,Immunization administration,$46
CLM10737,36415,Blood draw,$31
CLM10737,80050,General health panel,$281
CLM10737,80061,Lipid panel,$50
CLM10738,93000,EKG/ECG with interpretation,$155
CLM10739,99214,Detailed office visit,$120
CLM10739,93000,EKG/ECG with interpretation,$141
CLM10740,99214,Detailed office visit,$144
CLM10741,99214,Detailed office visit,$139
CLM10742,90834,Psychotherapy 45 minutes,$131
CLM10742,90791,Psychiatric diagnostic evaluation,$289
CLM10743,99214,Detailed office visit,$138
CLM10744,90460,Immunization administration,$40
CLM10744,99213,Office/outpatient visit,$130
CLM10745,87880,Rapid strep test,$38
CLM10746,90834,Psychotherapy 45 minutes,$149
CLM10747,90834,Psychotherapy 45 minutes,$140
CLM10747,99214,Detailed office visit,$124
CLM10748,99214,Detailed office visit,$119
CLM10749,71020,Chest X-ray,$107
CLM10749,70450,CT head without contrast,$1027
CLM10749,99285,ED visit high severity,$1221
CLM10750,90460,Immunization administration,$36
CLM10750,87880,Rapid strep test,$40
CLM10751,36415,Blood draw,$28
CLM10752,73030,Shoulder X-ray,$109
CLM10752,99213,Office/outpatient visit,$124
CLM10753,80053,Comprehensive metabolic panel,$68
CLM10754,85025,Complete blood count,$46
CLM10754,80050,General health panel,$317
CLM10755,99215,Comprehensive office visit,$212
CLM10756,93000,EKG/ECG with interpretation,$159
CLM10757,80050,General health panel,$308
CLM10758,36415,Blood draw,$29
CLM10758,87070,Bacteria culture,$81
CLM10758,71020,Chest X-ray,$111
CLM10759,85025,Complete blood count,$50
CLM10760,93000,EKG/ECG with interpretation,$138
CLM10761,93000,EKG/ECG with interpretation,$148
CLM10762,83036,Hemoglobin A1c,$43
CLM10762,99214,Detailed office visit,$141
CLM10763,36415,Blood draw,$32
CLM10763,80050,General health panel,$282
CLM10763,83036,Hemoglobin A1c,$37
CLM10764,36415,Blood draw,$30
CLM10765,85025,Complete blood count,$49
CLM10766,93000,EKG/ECG with interpretation,$154
CLM10767,80061,Lipid panel,$52
CLM10768,99214,Detailed office visit,$124
CLM10769,96910,Phototherapy treatment,$178
CLM10770,93458,Cardiac catheterization,$4259
CLM10770,99214,Detailed office visit,$129
CLM10771,36415,Blood draw,$35
CLM10771,93000,EKG/ECG with interpretation,$153
CLM10772,93306,Echocardiogram complete,$1370
CLM10772,93000,EKG/ECG with interpretation,$168
CLM10772,99214,Detailed office visit,$153
CLM10773,90791,Psychiatric diagnostic evaluation,$262
CLM10774,71020,Chest X-ray,$127
CLM10774,94640,Nebulizer treatment,$47
CLM10774,99214,Detailed office visit,$148
CLM10775,85025,Complete blood count,$51
CLM10775,99214,Detailed office visit,$131
CLM10776,99283,ED visit moderate severity,$463
CLM10777,36415,Blood draw,$31
CLM10778,82947,Glucose test,$27
CLM10778,83036,Hemoglobin A1c,$43
CLM10779,93000,EKG/ECG with interpretation,$141
CLM10780,99215,Comprehensive office visit,$212
CLM10780,85025,Complete blood count,$52
CLM10781,99213,Office/outpatient visit,$137
CLM10782,90837,Psychotherapy 60 minutes,$167
CLM10783,99215,Comprehensive office visit,$217
CLM10784,36415,Blood draw,$34
CLM10784,83036,Hemoglobin A1c,$39
CLM10784,80050,General health panel,$286
CLM10785,71020,Chest X-ray,$103
CLM10786,99214,Detailed office visit,$137
CLM10787,36415,Blood draw,$32
CLM10788,83036,Hemoglobin A1c,$45
CLM10789,93000,EKG/ECG with interpretation,$171
CLM10790,11102,Skin biopsy,$171
CLM10791,17000,Destruction of skin lesion,$136
CLM10792,94640,Nebulizer treatment,$49
CLM10793,99285,ED visit high severity,$1186
CLM10794,87880,Rapid strep test,$35
CLM10794,99213,Office/outpatient visit,$137
CLM10795,80061,Lipid panel,$50
CLM10796,80050,General health panel,$315
CLM10796,36415,Blood draw,$27
CLM10797,36415,Blood draw,$33
CLM10798,59400,Routine obstetric care,$3161
CLM10798,88175,Pap smear cytology,$68
CLM10799,71020,Chest X-ray,$112
CLM10799,99214,Detailed office visit,$132
CLM10800,93306,Echocardiogram complete,$1378
CLM10801,90707,MMR vaccine,$88
CLM10802,99215,Comprehensive office visit,$195
CLM10803,11102,Skin biopsy,$186
CLM10804,36415,Blood draw,$29
CLM10804,93000,EKG/ECG with interpretation,$168
CLM10805,71020,Chest X-ray,$125
CLM10806,95810,Sleep study,$1308
CLM10806,71020,Chest X-ray,$123
CLM10807,99214,Detailed office visit,$124
CLM10808,99213,Office/outpatient visit,$113
CLM10808,36415,Blood draw,$32
CLM10809,96415,Chemotherapy infusion additional hour,$350
CLM10809,99215,Comprehensive office visit,$190
CLM10810,80050,General health panel,$328
CLM10811,36415,Blood draw,$31
CLM10812,99214,Detailed office visit,$153
CLM10813,90460,Immunization administration,$46
CLM10813,87880,Rapid strep test,$35
CLM10814,93015,Cardiac stress test,$848
CLM10814,99214,Detailed office visit,$148
CLM10815,36415,Blood draw,$34
CLM10816,36415,Blood draw,$29
CLM10817,83036,Hemoglobin A1c,$36
CLM10818,71020,Chest X-ray,$126
CLM10819,36415,Blood draw,$33
CLM10820,71020,Chest X-ray,$126
CLM10820,93000,EKG/ECG with interpretation,$147
CLM10821,87070,Bacteria culture,$76
CLM10822,99214,Detailed office visit,$131
CLM10823,99214,Detailed office visit,$153
CLM10824,90834,Psychotherapy 45 minutes,$146
CLM10824,90791,Psychiatric diagnostic evaluation,$281
CLM10825,84443,TSH test,$51
CLM10825,82947,Glucose test,$29
CLM10825,83036,Hemoglobin A1c,$46
CLM10826,99283,ED visit moderate severity,$441
CLM10826,70450,CT head without contrast,$1029
CLM10827,87070,Bacteria culture,$74
CLM10828,87880,Rapid strep test,$34
CLM10829,71020,Chest X-ray,$99
CLM10830,80061,Lipid panel,$60
CLM10830,85025,Complete blood count,$48
CLM10830,36415,Blood draw,$34
CLM10831,11102,Skin biopsy,$198
CLM10832,99214,Detailed office visit,$128
CLM10832,88175,Pap smear cytology,$78
CLM10832,76805,Obstetric ultrasound,$412
CLM10833,36415,Blood draw,$34
CLM10833,71020,Chest X-ray,$118
CLM10834,93000,EKG/ECG with interpretation,$138
CLM10835,99213,Office/outpatient visit,$128
CLM10836,82947,Glucose test,$27
CLM10837,71020,Chest X-ray,$126
CLM10838,99214,Detailed office visit,$141
CLM10839,80050,General health panel,$316
CLM10840,93000,EKG/ECG with interpretation,$158
CLM10840,99214,Detailed office visit,$145
CLM10841,36415,Blood draw,$31
CLM10841,85025,Complete blood count,$45
CLM10841,99213,Office/outpatient visit,$133
CLM10842,83036,Hemoglobin A1c,$38
CLM10843,85025,Complete blood count,$53
CLM10844,93000,EKG/ECG with interpretation,$171
CLM10845,93000,EKG/ECG with interpretation,$159
CLM10845,93458,Cardiac catheterization,$4988
CLM10846,36415,Blood draw,$34
CLM10847,99214,Detailed office visit,$125
CLM10848,85025,Complete blood count,$43
CLM10849,80050,General health panel,$317
CLM10850,93000,EKG/ECG with interpretation,$162
CLM10850,93015,Cardiac stress test,$770
CLM10851,99214,Detailed office visit,$151
CLM10851,85025,Complete blood count,$41
CLM10852,99213,Office/outpatient visit,$139
CLM10852,20610,Major joint injection,$261
CLM10853,83036,Hemoglobin A1c,$46
CLM10853,36415,Blood draw,$29
CLM10854,88175,Pap smear cytology,$73
CLM10855,93458,Cardiac catheterization,$4613
CLM10856,83036,Hemoglobin A1c,$36
CLM10856,36415,Blood draw,$31
CLM10857,84443,TSH test,$61
CLM10858,36415,Blood draw,$34
CLM10858,87070,Bacteria culture,$94
CLM10859,80050,General health panel,$328
CLM10859,83036,Hemoglobin A1c,$42
CLM10859,93000,EKG/ECG with interpretation,$169
CLM10860,71020,Chest X-ray,$119
CLM10861,83036,Hemoglobin A1c,$45
CLM10861,36415,Blood draw,$34
CLM10862,71020,Chest X-ray,$109
CLM10862,93000,EKG/ECG with interpretation,$175
CLM10863,94010,Spirometry,$93
CLM10863,99214,Detailed office visit,$137
CLM10864,87070,Bacteria culture,$88
CLM10865,93015,Cardiac stress test,$903
CLM10865,93000,EKG/ECG with interpretation,$154
CLM10865,99214,Detailed office visit,$137
CLM10866,83036,Hemoglobin A1c,$40
CLM10866,99214,Detailed office visit,$128
CLM10867,85025,Complete blood count,$49
CLM10867,80061,Lipid panel,$64
CLM10868,88175,Pap smear cytology,$80
CLM10869,99214,Detailed office visit,$137
CLM10870,99283,ED visit moderate severity,$445
CLM10871,80061,Lipid panel,$59
CLM10872,87070,Bacteria culture,$92
CLM10873,99283,ED visit moderate severity,$507
CLM10873,71020,Chest X-ray,$117
CLM10874,85025,Complete blood count,$45
CLM10875,99214,Detailed office visit,$127
CLM10876,83036,Hemoglobin A1c,$47
CLM10876,80053,Comprehensive metabolic panel,$65
CLM10877,99213,Office/outpatient visit,$135
CLM10878,90791,Psychiatric diagnostic evaluation,$269
CLM10879,99213,Office/outpatient visit,$140
CLM10879,85025,Complete blood count,$41
CLM10880,88175,Pap smear cytology,$81
CLM10881,71020,Chest X-ray,$111
CLM10881,99213,Office/outpatient visit,$128
CLM10881,36415,Blood draw,$35
CLM10882,90791,Psychiatric diagnostic evaluation,$257
CLM10883,20610,Major joint injection,$289
CLM10884,99214,Detailed office visit,$134
CLM10885,94010,Spirometry,$81
CLM10886,71020,Chest X-ray,$112
CLM10886,94010,Spirometry,$95
CLM10886,99214,Detailed office visit,$124
CLM10887,85025,Complete blood count,$47
CLM10887,77385,IMRT radiation treatment,$2308
CLM10888,87070,Bacteria culture,$86
CLM10889,93015,Cardiac stress test,$993
CLM10890,83036,Hemoglobin A1c,$39
CLM10891,90837,Psychotherapy 60 minutes,$186
CLM10892,73030,Shoulder X-ray,$138
CLM10893,93000,EKG/ECG with interpretation,$161
CLM10893,70450,CT head without contrast,$1007
CLM10894,71020,Chest X-ray,$121
CLM10895,93000,EKG/ECG with interpretation,$173
CLM10896,85025,Complete blood count,$45
CLM10897,87070,Bacteria culture,$91
CLM10898,71020,Chest X-ray,$121
CLM10898,93000,EKG/ECG with interpretation,$159
CLM10898,99285,ED visit high severity,$1226
CLM10899,36415,Blood draw,$28
CLM10899,93000,EKG/ECG with interpretation,$141
CLM10900,99214,Detailed office visit,$139
CLM10901,11102,Skin biopsy,$172
CLM10902,83036,Hemoglobin A1c,$41
CLM10903,99213,Office/outpatient visit,$125
CLM10904,99214,Detailed office visit,$121
CLM10904,83036,Hemoglobin A1c,$36
CLM10904,36415,Blood draw,$29
CLM10905,95810,Sleep study,$1269
CLM10905,94640,Nebulizer treatment,$55
CLM10906,99214,Detailed office visit,$129
CLM10906,83036,Hemoglobin A1c,$40
CLM10906,80053,Comprehensive metabolic panel,$70
CLM10907,71020,Chest X-ray,$119
CLM10907,36415,Blood draw,$31
CLM10908,93000,EKG/ECG with interpretation,$144
CLM10909,90834,Psychotherapy 45 minutes,$150
CLM10909,90837,Psychotherapy 60 minutes,$165
CLM10910,73030,Shoulder X-ray,$135
CLM10911,82947,Glucose test,$29
CLM10912,90791,Psychiatric diagnostic evaluation,$288
CLM10913,87070,Bacteria culture,$81
CLM10913,85025,Complete blood count,$48
CLM10914,93015,Cardiac stress test,$782
CLM10915,80050,General health panel,$325
CLM10915,80061,Lipid panel,$58
CLM10916,99213,Office/outpatient visit,$120
CLM10916,20610,Major joint injection,$264
CLM10917,80061,Lipid panel,$59
CLM10918,85025,Complete blood count,$48
CLM10918,36415,Blood draw,$28
CLM10918,71020,Chest X-ray,$115
CLM10919,93306,Echocardiogram complete,$1328
CLM10919,99214,Detailed office visit,$146
CLM10920,36415,Blood draw,$28
CLM10920,71020,Chest X-ray,$116
CLM10920,85025,Complete blood count,$44
CLM10921,87070,Bacteria culture,$74
CLM10921,99214,Detailed office visit,$152
CLM10922,96910,Phototherapy treatment,$161
CLM10922,11102,Skin biopsy,$171
CLM10923,87880,Rapid strep test,$38
CLM10923,90707,MMR vaccine,$101
CLM10924,99214,Detailed office visit,$147
CLM10925,80061,Lipid panel,$55
CLM10925,36415,Blood draw,$34
CLM10926,90707,MMR vaccine,$81
CLM10926,90460,Immunization administration,$38
CLM10927,99283,ED visit moderate severity,$499
CLM10928,99214,Detailed office visit,$151
CLM10929,99215,Comprehensive office visit,$215
CLM10930,93000,EKG/ECG with interpretation,$139
CLM10931,80053,Comprehensive metabolic panel,$61
CLM10932,87070,Bacteria culture,$78
CLM10933,99213,Office/outpatient visit,$124
CLM10934,71020,Chest X-ray,$125
CLM10935,71020,Chest X-ray,$127
CLM10935,93000,EKG/ECG with interpretation,$148
CLM10936,73721,MRI knee,$1586
CLM10936,73030,Shoulder X-ray,$136
CLM10937,71020,Chest X-ray,$125
CLM10938,73030,Shoulder X-ray,$111
CLM10938,99213,Office/outpatient visit,$142
CLM10938,20610,Major joint injection,$238
CLM10939,36415,Blood draw,$31
CLM10939,71020,Chest X-ray,$115
CLM10940,71020,Chest X-ray,$126
CLM10941,99214,Detailed office visit,$120
CLM10942,36415,Blood draw,$28
CLM10943,94010,Spirometry,$105
CLM10944,36415,Blood draw,$30
CLM10945,93458,Cardiac catheterization,$4607
CLM10945,99214,Detailed office visit,$142
CLM10945,93306,Echocardiogram complete,$1282
CLM10946,80050,General health panel,$315
CLM10947,99214,Detailed office visit,$145
CLM10948,99215,Comprehensive office visit,$235
CLM10949,93000,EKG/ECG with interpretation,$167
CLM10949,71020,Chest X-ray,$116
CLM10950,99215,Comprehensive office visit,$247
CLM10950,96415,Chemotherapy infusion additional hour,$351
CLM10951,99214,Detailed office visit,$142
CLM10951,93000,EKG/ECG with interpretation,$162
CLM10952,93000,EKG/ECG with interpretation,$168
CLM10952,99214,Detailed office visit,$131
CLM10952,93015,Cardiac stress test,$996
CLM10953,80061,Lipid panel,$56
CLM10954,71020,Chest X-ray,$119
CLM10955,17000,Destruction of skin lesion,$130
CLM10956,36415,Blood draw,$30
CLM10956,99215,Comprehensive office visit,$217
CLM10957,99214,Detailed office visit,$128
CLM10958,36415,Blood draw,$34
CLM10959,73030,Shoulder X-ray,$122
CLM10960,93000,EKG/ECG with interpretation,$144
CLM10960,93306,Echocardiogram complete,$1357
CLM10961,83036,Hemoglobin A1c,$44
CLM10962,99215,Comprehensive office visit,$208
CLM10962,96415,Chemotherapy infusion additional hour,$339
CLM10963,93000,EKG/ECG with interpretation,$158
CLM10964,36415,Blood draw,$32
CLM10965,96910,Phototherapy treatment,$188
CLM10965,99213,Office/outpatient visit,$117
CLM10966,94640,Nebulizer treatment,$56
CLM10967,11102,Skin biopsy,$195
CLM10968,93000,EKG/ECG with interpretation,$141
CLM10969,80053,Comprehensive metabolic panel,$54
CLM10969,80050,General health panel,$297
CLM10970,80050,General health panel,$302
CLM10970,85025,Complete blood count,$51
CLM10970,36415,Blood draw,$30
CLM10971,36415,Blood draw,$29
CLM10972,99213,Office/outpatient visit,$139
CLM10972,73030,Shoulder X-ray,$135
CLM10972,20610,Major joint injection,$249
CLM10973,99214,Detailed office visit,$133
CLM10974,20610,Major joint injection,$266
CLM10975,99392,Preventive visit age 1-4,$197
CLM10976,96413,Chemotherapy infusion first hour,$1244
CLM10977,36415,Blood draw,$33
CLM10977,84443,TSH test,$51
CLM10978,93000,EKG/ECG with interpretation,$145
CLM10978,99214,Detailed office visit,$121
CLM10978,93015,Cardiac stress test,$878
CLM10979,85025,Complete blood count,$42
CLM10979,99215,Comprehensive office visit,$231
CLM10979,96413,Chemotherapy infusion first hour,$1064
CLM10980,99214,Detailed office visit,$126
CLM10980,93306,Echocardiogram complete,$1247
CLM10981,88175,Pap smear cytology,$71
CLM10982,87070,Bacteria culture,$80
CLM10982,71020,Chest X-ray,$109
CLM10983,82947,Glucose test,$23
CLM10983,83036,Hemoglobin A1c,$41
CLM10984,83036,Hemoglobin A1c,$43
CLM10985,71020,Chest X-ray,$125
CLM10986,99213,Office/outpatient visit,$130
CLM10986,96910,Phototherapy treatment,$166
CLM10987,36415,Blood draw,$30
CLM10988,73030,Shoulder X-ray,$141
CLM10988,73721,MRI knee,$1434
CLM10989,90460,Immunization administration,$38
CLM10990,20610,Major joint injection,$291
CLM10991,90707,MMR vaccine,$100
CLM10991,90460,Immunization administration,$47
CLM10992,90791,Psychiatric diagnostic evaluation,$278
CLM10992,90834,Psychotherapy 45 minutes,$160
CLM10993,80061,Lipid panel,$50
CLM10993,80050,General health panel,$332
CLM10993,85025,Complete blood count,$48
CLM10994,84443,TSH test,$61
CLM10995,71020,Chest X-ray,$123
CLM10995,93000,EKG/ECG with interpretation,$146
CLM10996,90791,Psychiatric diagnostic evaluation,$268
CLM10997,99214,Detailed office visit,$141
CLM10997,36415,Blood draw,$34
CLM10998,93000,EKG/ECG with interpretation,$158
CLM10998,83036,Hemoglobin A1c,$41
CLM10999,36415,Blood draw,$31
CLM11000,17000,Destruction of skin lesion,$108
CLM11000,11102,Skin biopsy,$196
CLM11000,99213,Office/outpatient visit,$141
CLM11001,36415,Blood draw,$34
CLM11002,76805,Obstetric ultrasound,$396
CLM11003,99283,ED visit moderate severity,$508
CLM11004,96415,Chemotherapy infusion additional hour,$329
CLM11005,71020,Chest X-ray,$123
CLM11006,99213,Office/outpatient visit,$112
CLM11007,85025,Complete blood count,$52
CLM11008,99213,Office/outpatient visit,$120
CLM11009,99392,Preventive visit age 1-4,$187
CLM11010,99213,Office/outpatient visit,$139
CLM11010,87070,Bacteria culture,$84
CLM11010,36415,Blood draw,$31
CLM11011,36415,Blood draw,$32
CLM11011,80053,Comprehensive metabolic panel,$64
CLM11012,99214,Detailed office visit,$146
CLM11013,90460,Immunization administration,$45
CLM11014,94010,Spirometry,$84
CLM11015,93000,EKG/ECG with interpretation,$174
CLM11015,93306,Echocardiogram complete,$1173
CLM11016,80053,Comprehensive metabolic panel,$70
CLM11017,99214,Detailed office visit,$122
CLM11017,90791,Psychiatric diagnostic evaluation,$262
CLM11017,90834,Psychotherapy 45 minutes,$127
CLM11018,90837,Psychotherapy 60 minutes,$168
CLM11019,80053,Comprehensive metabolic panel,$59
CLM11019,36415,Blood draw,$29
CLM11019,83036,Hemoglobin A1c,$41
CLM11020,93306,Echocardiogram complete,$1258
CLM11020,93000,EKG/ECG with interpretation,$158
CLM11021,99214,Detailed office visit,$147
CLM11021,90834,Psychotherapy 45 minutes,$163
CLM11022,90707,MMR vaccine,$100
CLM11023,83036,Hemoglobin A1c,$37
CLM11023,36415,Blood draw,$28
CLM11024,99214,Detailed office visit,$119
CLM11025,90707,MMR vaccine,$83
CLM11026,99213,Office/outpatient visit,$135
CLM11026,20610,Major joint injection,$290
CLM11026,73030,Shoulder X-ray,$110
CLM11027,36415,Blood draw,$31
CLM11028,11102,Skin biopsy,$204
CLM11028,17000,Destruction of skin lesion,$134
CLM11029,36415,Blood draw,$34
CLM11029,83036,Hemoglobin A1c,$43
CLM11029,80053,Comprehensive metabolic panel,$62
CLM11030,99392,Preventive visit age 1-4,$180
CLM11031,99213,Office/outpatient visit,$124
CLM11032,36415,Blood draw,$33
CLM11033,87880,Rapid strep test,$41
CLM11034,99214,Detailed office visit,$141
CLM11035,99215,Comprehensive office visit,$241
CLM11036,83036,Hemoglobin A1c,$40
CLM11037,20610,Major joint injection,$290
CLM11038,93000,EKG/ECG with interpretation,$138
CLM11039,99214,Detailed office visit,$149
CLM11039,93000,EKG/ECG with interpretation,$150
CLM11039,93015,Cardiac stress test,$866
CLM11040,85025,Complete blood count,$46
CLM11040,99213,Office/outpatient visit,$113
CLM11040,36415,Blood draw,$31
CLM11041,36415,Blood draw,$35
CLM11041,93000,EKG/ECG with interpretation,$159
CLM11042,17000,Destruction of skin lesion,$118
CLM11042,99213,Office/outpatient visit,$128
CLM11042,11102,Skin biopsy,$171
CLM11043,99214,Detailed office visit,$152
CLM11043,36415,Blood draw,$35
CLM11044,85025,Complete blood count,$51
CLM11044,80050,General health panel,$342
CLM11045,80050,General health panel,$325
CLM11046,85025,Complete blood count,$50
CLM11047,36415,Blood draw,$32
CLM11048,85025,Complete blood count,$46
CLM11048,99215,Comprehensive office visit,$244
CLM11048,96415,Chemotherapy infusion additional hour,$379
CLM11049,83036,Hemoglobin A1c,$38
CLM11049,99214,Detailed office visit,$121
CLM11050,11102,Skin biopsy,$204
CLM11051,36415,Blood draw,$31
CLM11051,80050,General health panel,$282
CLM11052,90834,Psychotherapy 45 minutes,$134
CLM11052,90791,Psychiatric diagnostic evaluation,$280
CLM11053,83036,Hemoglobin A1c,$44
CLM11054,96910,Phototherapy treatment,$169
CLM11055,99214,Detailed office visit,$136
CLM11056,99213,Office/outpatient visit,$124
CLM11056,87070,Bacteria culture,$86
CLM11057,93000,EKG/ECG with interpretation,$161
CLM11057,99214,Detailed office visit,$120
CLM11058,17000,Destruction of skin lesion,$136
CLM11059,94640,Nebulizer treatment,$55
CLM11060,11102,Skin biopsy,$199
CLM11060,17000,Destruction of skin lesion,$129
CLM11061,94640,Nebulizer treatment,$50
CLM11062,96415,Chemotherapy infusion additional hour,$356
CLM11062,99215,Comprehensive office visit,$226
CLM11062,77385,IMRT radiation treatment,$2478
CLM11063,94010,Spirometry,$95
CLM11064,87880,Rapid strep test,$32
CLM11064,90707,MMR vaccine,$83
CLM11065,83036,Hemoglobin A1c,$46
CLM11065,84443,TSH test,$61
CLM11066,85025,Complete blood count,$46
CLM11066,99214,Detailed office visit,$139
CLM11066,87070,Bacteria culture,$91
CLM11067,76805,Obstetric ultrasound,$407
CLM11067,88175,Pap smear cytology,$71
CLM11067,99214,Detailed office visit,$138
CLM11068,90834,Psychotherapy 45 minutes,$132
CLM11069,99213,Office/outpatient visit,$110
CLM11070,99214,Detailed office visit,$152
CLM11070,93458,Cardiac catheterization,$4115
CLM11071,36415,Blood draw,$28
CLM11072,36415,Blood draw,$32
CLM11072,87070,Bacteria culture,$80
CLM11073,85025,Complete blood count,$49
CLM11073,99215,Comprehensive office visit,$225
CLM11074,80053,Comprehensive metabolic panel,$58
CLM11075,17000,Destruction of skin lesion,$132
CLM11076,71020,Chest X-ray,$125
CLM11076,70450,CT head without contrast,$1047
CLM11077,99214,Detailed office visit,$152
CLM11078,90834,Psychotherapy 45 minutes,$141
CLM11079,96415,Chemotherapy infusion additional hour,$413
CLM11080,36415,Blood draw,$30
CLM11081,36415,Blood draw,$35
CLM11081,71020,Chest X-ray,$111
CLM11082,36415,Blood draw,$31
CLM11083,99213,Office/outpatient visit,$113
CLM11084,99213,Office/outpatient visit,$118
CLM11085,71020,Chest X-ray,$107
CLM11085,87070,Bacteria culture,$75
CLM11085,36415,Blood draw,$35
CLM11086,99213,Office/outpatient visit,$133
CLM11086,73030,Shoulder X-ray,$137
CLM11087,93000,EKG/ECG with interpretation,$171
CLM11087,99214,Detailed office visit,$139
CLM11088,85025,Complete blood count,$52
CLM11088,99213,Office/outpatient visit,$130
CLM11089,36415,Blood draw,$31
CLM11090,71020,Chest X-ray,$106
CLM11090,95810,Sleep study,$1573
CLM11090,94010,Spirometry,$87
CLM11091,90460,Immunization administration,$38
CLM11091,99213,Office/outpatient visit,$135
CLM11091,99392,Preventive visit age 1-4,$182
CLM11092,85025,Complete blood count,$43
CLM11093,85025,Complete blood count,$48
CLM11094,83036,Hemoglobin A1c,$44
CLM11095,73030,Shoulder X-ray,$112
CLM11095,99213,Office/outpatient visit,$116
CLM11095,73721,MRI knee,$1547
CLM11096,36415,Blood draw,$33
CLM11097,90460,Immunization administration,$36
CLM11098,71020,Chest X-ray,$111
CLM11099,94640,Nebulizer treatment,$58
CLM11100,99214,Detailed office visit,$128
CLM11101,93015,Cardiac stress test,$996
CLM11102,85025,Complete blood count,$50
CLM11102,36415,Blood draw,$30
CLM11102,80050,General health panel,$280
CLM11103,85025,Complete blood count,$43
CLM11104,83036,Hemoglobin A1c,$46
CLM11105,96413,Chemotherapy infusion first hour,$1079
CLM11106,99392,Preventive visit age 1-4,$211
CLM11107,11102,Skin biopsy,$181
CLM11107,17000,Destruction of skin lesion,$141
CLM11107,96910,Phototherapy treatment,$160
CLM11108,99213,Office/outpatient visit,$117
CLM11108,73030,Shoulder X-ray,$135
CLM11109,96910,Phototherapy treatment,$158
CLM11110,99215,Comprehensive office visit,$199
CLM11111,99285,ED visit high severity,$1227
CLM11111,71020,Chest X-ray,$103
CLM11112,99285,ED visit high severity,$1209
CLM11113,71020,Chest X-ray,$126
CLM11114,99214,Detailed office visit,$142
CLM11114,71020,Chest X-ray,$130
CLM11115,85025,Complete blood count,$42
CLM11115,77385,IMRT radiation treatment,$2728
CLM11116,83036,Hemoglobin A1c,$44
CLM11117,99215,Comprehensive office visit,$207
CLM11117,83036,Hemoglobin A1c,$37
CLM11118,29881,Knee arthroscopy,$4813
CLM11118,99213,Office/outpatient visit,$140
CLM11118,73030,Shoulder X-ray,$109
CLM11119,83036,Hemoglobin A1c,$45
CLM11120,99213,Office/outpatient visit,$124
CLM11121,90791,Psychiatric diagnostic evaluation,$279
CLM11121,99214,Detailed office visit,$125
CLM11122,90460,Immunization administration,$45
CLM11123,85025,Complete blood count,$45
CLM11123,87070,Bacteria culture,$88
CLM11123,80061,Lipid panel,$58
CLM11124,17000,Destruction of skin lesion,$110
CLM11124,99213,Office/outpatient visit,$109
CLM11124,11102,Skin biopsy,$179
CLM11125,95810,Sleep study,$1423
CLM11125,94640,Nebulizer treatment,$57
CLM11126,11102,Skin biopsy,$194
CLM11127,36415,Blood draw,$29
CLM11128,36415,Blood draw,$32
CLM11129,80050,General health panel,$351
CLM11129,87070,Bacteria culture,$74
CLM11130,36415,Blood draw,$33
CLM11130,71020,Chest X-ray,$125
CLM11131,99215,Comprehensive office visit,$239
CLM11131,36415,Blood draw,$31
CLM11132,90837,Psychotherapy 60 minutes,$186
CLM11133,83036,Hemoglobin A1c,$41
CLM11134,80050,General health panel,$299
CLM11134,36415,Blood draw,$27
CLM11135,99213,Office/outpatient visit,$122
CLM11135,73030,Shoulder X-ray,$125
CLM11136,36415,Blood draw,$31
CLM11137,93306,Echocardiogram complete,$1400
CLM11138,36415,Blood draw,$32
CLM11138,99213,Office/outpatient visit,$138
CLM11138,80061,Lipid panel,$62
CLM11139,99214,Detailed office visit,$150
CLM11139,93000,EKG/ECG with interpretation,$161
CLM11139,80050,General health panel,$294
CLM11140,93015,Cardiac stress test,$823
CLM11140,93000,EKG/ECG with interpretation,$169
CLM11141,80053,Comprehensive metabolic panel,$70
CLM11141,99215,Comprehensive office visit,$206
CLM11142,99214,Detailed office visit,$145
CLM11142,93015,Cardiac stress test,$816
CLM11143,80061,Lipid panel,$57
CLM11144,99214,Detailed office visit,$150
CLM11144,95810,Sleep study,$1625
CLM11145,87880,Rapid strep test,$33
CLM11145,99392,Preventive visit age 1-4,$209
CLM11146,36415,Blood draw,$34
CLM11147,73030,Shoulder X-ray,$135
CLM11148,87070,Bacteria culture,$79
CLM11148,80061,Lipid panel,$61
CLM11148,99213,Office/outpatient visit,$119
CLM11149,99214,Detailed office visit,$147
CLM11149,83036,Hemoglobin A1c,$43
CLM11150,87070,Bacteria culture,$89
CLM11151,36415,Blood draw,$28
CLM11152,90460,Immunization administration,$46
CLM11153,73030,Shoulder X-ray,$125
CLM11153,20610,Major joint injection,$269
CLM11154,36415,Blood draw,$34
CLM11155,77385,IMRT radiation treatment,$2224
CLM11156,99213,Office/outpatient visit,$122
CLM11157,85025,Complete blood count,$52
CLM11158,71020,Chest X-ray,$104
CLM11158,80061,Lipid panel,$56
CLM11159,99214,Detailed office visit,$153
CLM11159,36415,Blood draw,$35
CLM11160,36415,Blood draw,$34
CLM11161,80053,Comprehensive metabolic panel,$70
CLM11162,20610,Major joint injection,$268
CLM11163,90791,Psychiatric diagnostic evaluation,$236
CLM11164,99213,Office/outpatient visit,$124
CLM11164,73030,Shoulder X-ray,$112
CLM11164,20610,Major joint injection,$245
CLM11165,90834,Psychotherapy 45 minutes,$139
CLM11166,99214,Detailed office visit,$126
CLM11167,71020,Chest X-ray,$123
CLM11167,36415,Blood draw,$33
CLM11167,87070,Bacteria culture,$84
CLM11168,85025,Complete blood count,$43
CLM11168,71020,Chest X-ray,$116
CLM11169,17000,Destruction of skin lesion,$122
CLM11170,71020,Chest X-ray,$105
CLM11170,93000,EKG/ECG with interpretation,$169
CLM11171,85025,Complete blood count,$49
CLM11171,80061,Lipid panel,$59
CLM11172,20610,Major joint injection,$257
CLM11172,73030,Shoulder X-ray,$129
CLM11172,99213,Office/outpatient visit,$128
CLM11173,99214,Detailed office visit,$130
CLM11174,90791,Psychiatric diagnostic evaluation,$270
CLM11174,90834,Psychotherapy 45 minutes,$155
CLM11175,36415,Blood draw,$31
CLM11176,99214,Detailed office visit,$139
CLM11176,85025,Complete blood count,$53
CLM11177,90460,Immunization administration,$44
CLM11177,99213,Office/outpatient visit,$133
CLM11178,99215,Comprehensive office visit,$202
CLM11179,99213,Office/outpatient visit,$120
CLM11179,20610,Major joint injection,$292
CLM11180,96910,Phototherapy treatment,$152
CLM11180,17000,Destruction of skin lesion,$113
CLM11180,99213,Office/outpatient visit,$125
CLM11181,80053,Comprehensive metabolic panel,$62
CLM11182,85025,Complete blood count,$49
CLM11182,99215,Comprehensive office visit,$233
CLM11182,96415,Chemotherapy infusion additional hour,$410
CLM11183,80053,Comprehensive metabolic panel,$63
CLM11184,99214,Detailed office visit,$136
CLM11185,80061,Lipid panel,$51
CLM11185,87070,Bacteria culture,$87
CLM11186,93000,EKG/ECG with interpretation,$142
CLM11187,99213,Office/outpatient visit,$119
CLM11187,73030,Shoulder X-ray,$136
CLM11188,99283,ED visit moderate severity,$523
CLM11189,93000,EKG/ECG with interpretation,$172
CLM11190,90707,MMR vaccine,$102
CLM11191,87880,Rapid strep test,$40
CLM11191,90707,MMR vaccine,$89
CLM11192,99214,Detailed office visit,$139
CLM11193,99214,Detailed office visit,$132
CLM11194,99213,Office/outpatient visit,$116
CLM11194,80061,Lipid panel,$63
CLM11195,99214,Detailed office visit,$132
CLM11196,99214,Detailed office visit,$118
CLM11197,83036,Hemoglobin A1c,$46
CLM11197,80050,General health panel,$342
CLM11198,87880,Rapid strep test,$32
CLM11199,36415,Blood draw,$28
CLM11200,71020,Chest X-ray,$113
CLM11200,93000,EKG/ECG with interpretation,$170
CLM11200,70450,CT head without contrast,$1040
CLM11201,71020,Chest X-ray,$110
CLM11201,36415,Blood draw,$30
CLM11201,99214,Detailed office visit,$125
CLM11202,80050,General health panel,$318
CLM11202,36415,Blood draw,$35
CLM11203,99285,ED visit high severity,$1184
CLM11203,99283,ED visit moderate severity,$493
CLM11204,93000,EKG/ECG with interpretation,$175
CLM11204,70450,CT head without contrast,$1002
CLM11205,87070,Bacteria culture,$82
CLM11205,71020,Chest X-ray,$101
CLM11206,71020,Chest X-ray,$129
CLM11207,99213,Office/outpatient visit,$113
CLM11208,99214,Detailed office visit,$133
CLM11208,90834,Psychotherapy 45 minutes,$130
CLM11208,90791,Psychiatric diagnostic evaluation,$242
CLM11209,83036,Hemoglobin A1c,$37
CLM11209,80053,Comprehensive metabolic panel,$54
CLM11209,36415,Blood draw,$32
CLM11210,71020,Chest X-ray,$116
CLM11211,17000,Destruction of skin lesion,$119
CLM11212,85025,Complete blood count,$43
CLM11213,99392,Preventive visit age 1-4,$170
CLM11213,90460,Immunization administration,$43
CLM11214,99215,Comprehensive office visit,$218
CLM11214,83036,Hemoglobin A1c,$40
CLM11214,36415,Blood draw,$31
CLM11215,99214,Detailed office visit,$140
CLM11215,85025,Complete blood count,$47
CLM11216,87880,Rapid strep test,$33
CLM11217,71020,Chest X-ray,$129
CLM11218,99213,Office/outpatient visit,$138
CLM11218,73030,Shoulder X-ray,$139
CLM11218,20610,Major joint injection,$289
CLM11219,99213,Office/outpatient visit,$112
CLM11219,73721,MRI knee,$1514
CLM11220,76805,Obstetric ultrasound,$457
CLM11220,99214,Detailed office visit,$128
CLM11221,99214,Detailed office visit,$137
CLM11222,85025,Complete blood count,$47
CLM11222,99214,Detailed office visit,$138
CLM11223,36415,Blood draw,$33
CLM11224,99214,Detailed office visit,$122
CLM11224,90791,Psychiatric diagnostic evaluation,$256
CLM11225,93000,EKG/ECG with interpretation,$159
CLM11226,36415,Blood draw,$28
CLM11227,80061,Lipid panel,$57
CLM11227,99214,Detailed office visit,$123
CLM11228,99283,ED visit moderate severity,$447
CLM11228,99285,ED visit high severity,$1353
CLM11229,96415,Chemotherapy infusion additional hour,$339
CLM11230,99213,Office/outpatient visit,$133
CLM11230,17000,Destruction of skin lesion,$129
CLM11231,99392,Preventive visit age 1-4,$210
CLM11232,96415,Chemotherapy infusion additional hour,$411
CLM11233,36415,Blood draw,$32
CLM11233,85025,Complete blood count,$46
CLM11233,99214,Detailed office visit,$124
CLM11234,83036,Hemoglobin A1c,$44
CLM11235,93000,EKG/ECG with interpretation,$161
CLM11236,71020,Chest X-ray,$100
CLM11237,83036,Hemoglobin A1c,$47
CLM11238,36415,Blood draw,$28
CLM11238,83036,Hemoglobin A1c,$47
CLM11239,87880,Rapid strep test,$38
CLM11240,93000,EKG/ECG with interpretation,$139
CLM11240,99214,Detailed office visit,$132
CLM11241,90791,Psychiatric diagnostic evaluation,$238
CLM11241,90837,Psychotherapy 60 minutes,$187
CLM11241,99214,Detailed office visit,$153
CLM11242,90837,Psychotherapy 60 minutes,$197
CLM11242,90834,Psychotherapy 45 minutes,$154
CLM11243,73721,MRI knee,$1670
CLM11243,73030,Shoulder X-ray,$109
CLM11244,93000,EKG/ECG with interpretation,$148
CLM11244,71020,Chest X-ray,$126
CLM11245,80061,Lipid panel,$62
CLM11245,85025,Complete blood count,$49
CLM11246,71020,Chest X-ray,$122
CLM11246,36415,Blood draw,$28
CLM11247,85025,Complete blood count,$53
CLM11247,36415,Blood draw,$30
CLM11248,70450,CT head without contrast,$893
CLM11248,93000,EKG/ECG with interpretation,$162
CLM11249,17000,Destruction of skin lesion,$125
CLM11250,36415,Blood draw,$28
CLM11251,93458,Cardiac catheterization,$4881
CLM11252,85025,Complete blood count,$45
CLM11252,99215,Comprehensive office visit,$214
CLM11253,80061,Lipid panel,$59
CLM11253,85025,Complete blood count,$52
CLM11253,80050,General health panel,$303
CLM11254,80053,Comprehensive metabolic panel,$55
CLM11255,99213,Office/outpatient visit,$117
CLM11256,99213,Office/outpatient visit,$139
CLM11257,94640,Nebulizer treatment,$53
CLM11258,90791,Psychiatric diagnostic evaluation,$256
CLM11258,99214,Detailed office visit,$141
CLM11258,90834,Psychotherapy 45 minutes,$163
CLM11259,80050,General health panel,$320
CLM11260,85025,Complete blood count,$51
CLM11260,99213,Office/outpatient visit,$137
CLM11261,71020,Chest X-ray,$107
CLM11262,80050,General health panel,$350
CLM11262,36415,Blood draw,$35
CLM11263,73721,MRI knee,$1406
CLM11263,99213,Office/outpatient visit,$126
CLM11264,93000,EKG/ECG with interpretation,$158
CLM11265,99214,Detailed office visit,$146
CLM11266,36415,Blood draw,$33
CLM11266,85025,Complete blood count,$42
CLM11267,99392,Preventive visit age 1-4,$169
CLM11267,87880,Rapid strep test,$37
CLM11267,90707,MMR vaccine,$91
CLM11268,20610,Major joint injection,$281
CLM11269,20610,Major joint injection,$247
CLM11269,99213,Office/outpatient visit,$133
CLM11270,99214,Detailed office visit,$128
CLM11270,93000,EKG/ECG with interpretation,$165
CLM11271,99215,Comprehensive office visit,$201
CLM11272,93000,EKG/ECG with interpretation,$162
CLM11273,99214,Detailed office visit,$117
CLM11274,80053,Comprehensive metabolic panel,$60
CLM11274,36415,Blood draw,$34
CLM11274,99215,Comprehensive office visit,$230
CLM11275,99283,ED visit moderate severity,$507
CLM11276,93000,EKG/ECG with interpretation,$144
CLM11276,99283,ED visit moderate severity,$422
CLM11277,36415,Blood draw,$34
CLM11278,73721,MRI knee,$1572
CLM11278,73030,Shoulder X-ray,$126
CLM11279,83036,Hemoglobin A1c,$36
CLM11279,80053,Comprehensive metabolic panel,$67
CLM11279,36415,Blood draw,$31
CLM11280,99214,Detailed office visit,$143
CLM11281,85025,Complete blood count,$43
CLM11282,84443,TSH test,$62
CLM11282,83036,Hemoglobin A1c,$46
CLM11283,85025,Complete blood count,$45
CLM11284,85025,Complete blood count,$53
CLM11285,93306,Echocardiogram complete,$1203
CLM11285,99214,Detailed office visit,$137
CLM11285,93015,Cardiac stress test,$906
CLM11286,70450,CT head without contrast,$842
CLM11287,80061,Lipid panel,$54
CLM11288,80061,Lipid panel,$59
CLM11288,36415,Blood draw,$28
CLM11288,85025,Complete blood count,$42
CLM11289,99213,Office/outpatient visit,$139
CLM11290,83036,Hemoglobin A1c,$46
CLM11291,80053,Comprehensive metabolic panel,$68
CLM11292,11102,Skin biopsy,$186
CLM11293,99215,Comprehensive office visit,$212
CLM11293,80053,Comprehensive metabolic panel,$65
CLM11294,20610,Major joint injection,$260
CLM11294,73030,Shoulder X-ray,$141
CLM11295,80050,General health panel,$276
CLM11295,36415,Blood draw,$30
CLM11296,99214,Detailed office visit,$137
CLM11297,90834,Psychotherapy 45 minutes,$150
CLM11297,90837,Psychotherapy 60 minutes,$182
CLM11298,93000,EKG/ECG with interpretation,$150
CLM11298,93015,Cardiac stress test,$773
CLM11298,99214,Detailed office visit,$144
CLM11299,94010,Spirometry,$90
CLM11299,94640,Nebulizer treatment,$52
CLM11300,93000,EKG/ECG with interpretation,$147
CLM11301,93015,Cardiac stress test,$992
CLM11301,99214,Detailed office visit,$137
CLM11302,85025,Complete blood count,$52
CLM11303,73030,Shoulder X-ray,$129
CLM11303,99213,Office/outpatient visit,$113
CLM11304,36415,Blood draw,$28
CLM11304,71020,Chest X-ray,$107
CLM11305,83036,Hemoglobin A1c,$45
CLM11305,36415,Blood draw,$34
CLM11306,36415,Blood draw,$30
CLM11307,99214,Detailed office visit,$144
CLM11308,90707,MMR vaccine,$104
CLM11308,99392,Preventive visit age 1-4,$209
CLM11309,93000,EKG/ECG with interpretation,$152
CLM11309,99214,Detailed office visit,$133
CLM11310,99215,Comprehensive office visit,$200
CLM11310,83036,Hemoglobin A1c,$41
CLM11310,80053,Comprehensive metabolic panel,$65
CLM11311,93000,EKG/ECG with interpretation,$138
CLM11312,20610,Major joint injection,$266
CLM11312,99213,Office/outpatient visit,$137
CLM11312,73721,MRI knee,$1676
CLM11313,93000,EKG/ECG with interpretation,$173
CLM11314,11102,Skin biopsy,$208
CLM11315,87070,Bacteria culture,$85
CLM11316,90834,Psychotherapy 45 minutes,$143
CLM11316,99214,Detailed office visit,$150
CLM11317,36415,Blood draw,$35
CLM11318,83036,Hemoglobin A1c,$41
CLM11319,95810,Sleep study,$1374
CLM11319,94010,Spirometry,$82
CLM11320,36415,Blood draw,$32
CLM11321,96910,Phototherapy treatment,$174
CLM11322,99213,Office/outpatient visit,$112
CLM11322,99214,Detailed office visit,$144
CLM11323,80053,Comprehensive metabolic panel,$71
CLM11324,36415,Blood draw,$32
CLM11324,80053,Comprehensive metabolic panel,$66
CLM11325,36415,Blood draw,$28
CLM11326,93015,Cardiac stress test,$818
CLM11327,99285,ED visit high severity,$1326
CLM11328,71020,Chest X-ray,$101
CLM11328,80061,Lipid panel,$65
CLM11329,73030,Shoulder X-ray,$121
CLM11330,99213,Office/outpatient visit,$127
CLM11331,83036,Hemoglobin A1c,$45
CLM11332,83036,Hemoglobin A1c,$38
CLM11333,99214,Detailed office visit,$148
CLM11333,90791,Psychiatric diagnostic evaluation,$280
CLM11334,87880,Rapid strep test,$37
CLM11334,90460,Immunization administration,$42
CLM11335,99214,Detailed office visit,$143
CLM11336,36415,Blood draw,$28
CLM11336,71020,Chest X-ray,$126
CLM11337,36415,Blood draw,$27
CLM11338,96910,Phototherapy treatment,$181
CLM11338,17000,Destruction of skin lesion,$134
CLM11339,73030,Shoulder X-ray,$119
CLM11340,83036,Hemoglobin A1c,$40
CLM11340,36415,Blood draw,$29
CLM11340,99214,Detailed office visit,$146
CLM11341,85025,Complete blood count,$50
CLM11342,99214,Detailed office visit,$135
CLM11343,82947,Glucose test,$29
CLM11344,87070,Bacteria culture,$73
CLM11345,99213,Office/outpatient visit,$121
CLM11346,99214,Detailed office visit,$132
CLM11347,73721,MRI knee,$1496
CLM11348,71020,Chest X-ray,$109
CLM11348,99214,Detailed office visit,$152
CLM11349,36415,Blood draw,$34
CLM11350,83036,Hemoglobin A1c,$43
CLM11351,93015,Cardiac stress test,$946
CLM11351,93000,EKG/ECG with interpretation,$158
CLM11352,90837,Psychotherapy 60 minutes,$174
CLM11353,99214,Detailed office visit,$130
CLM11354,99214,Detailed office visit,$125
CLM11355,36415,Blood draw,$34
CLM11356,83036,Hemoglobin A1c,$47
CLM11356,93000,EKG/ECG with interpretation,$176
CLM11356,36415,Blood draw,$29
CLM11357,83036,Hemoglobin A1c,$45
CLM11357,36415,Blood draw,$30
CLM11357,80050,General health panel,$331
CLM11358,84443,TSH test,$63
CLM11359,99213,Office/outpatient visit,$134
CLM11359,85025,Complete blood count,$43
CLM11360,87070,Bacteria culture,$80
CLM11361,99214,Detailed office visit,$141
CLM11361,83036,Hemoglobin A1c,$40
CLM11361,36415,Blood draw,$29
CLM11362,82947,Glucose test,$28
CLM11363,80061,Lipid panel,$60
CLM11363,85025,Complete blood count,$45
CLM11363,87070,Bacteria culture,$76
CLM11364,11102,Skin biopsy,$181
CLM11365,99214,Detailed office visit,$150
CLM11366,71020,Chest X-ray,$111
CLM11367,99215,Comprehensive office visit,$193
CLM11368,99213,Office/outpatient visit,$122
CLM11369,36415,Blood draw,$29
CLM11370,99214,Detailed office visit,$123
CLM11370,90791,Psychiatric diagnostic evaluation,$285
CLM11371,80050,General health panel,$309
CLM11372,99214,Detailed office visit,$120
CLM11373,73030,Shoulder X-ray,$111
CLM11374,93000,EKG/ECG with interpretation,$162
CLM11375,80061,Lipid panel,$53
CLM11375,71020,Chest X-ray,$103
CLM11375,36415,Blood draw,$30
CLM11376,36415,Blood draw,$34
CLM11376,99215,Comprehensive office visit,$205
CLM11377,93000,EKG/ECG with interpretation,$136
CLM11378,93000,EKG/ECG with interpretation,$170
CLM11379,36415,Blood draw,$32
CLM11380,83036,Hemoglobin A1c,$44
CLM11380,93000,EKG/ECG with interpretation,$170
CLM11380,99214,Detailed office visit,$140
CLM11381,99215,Comprehensive office visit,$214
CLM11382,84443,TSH test,$63
CLM11383,83036,Hemoglobin A1c,$45
CLM11383,99215,Comprehensive office visit,$234
CLM11384,99214,Detailed office visit,$117
CLM11385,99213,Office/outpatient visit,$139
CLM11386,80050,General health panel,$331
CLM11386,80053,Comprehensive metabolic panel,$68
CLM11386,83036,Hemoglobin A1c,$46
CLM11387,99215,Comprehensive office visit,$209
CLM11387,85025,Complete blood count,$50
CLM11388,88175,Pap smear cytology,$81
CLM11388,76805,Obstetric ultrasound,$438
CLM11389,90837,Psychotherapy 60 minutes,$184
CLM11390,93000,EKG/ECG with interpretation,$135
CLM11391,36415,Blood draw,$32
CLM11392,87880,Rapid strep test,$33
CLM11392,90707,MMR vaccine,$93
CLM11393,99392,Preventive visit age 1-4,$170
CLM11393,99213,Office/outpatient visit,$116
CLM11394,80053,Comprehensive metabolic panel,$71
CLM11395,99283,ED visit moderate severity,$451
CLM11395,93000,EKG/ECG with interpretation,$172
CLM11396,99283,ED visit moderate severity,$481
CLM11396,71020,Chest X-ray,$110
CLM11396,70450,CT head without contrast,$911
CLM11397,99214,Detailed office visit,$147
CLM11397,93306,Echocardiogram complete,$1250
CLM11398,36415,Blood draw,$28
CLM11399,96910,Phototherapy treatment,$147
CLM11400,36415,Blood draw,$35
CLM11401,36415,Blood draw,$34
CLM11402,87880,Rapid strep test,$40
CLM11402,99392,Preventive visit age 1-4,$173
CLM11403,83036,Hemoglobin A1c,$43
CLM11403,36415,Blood draw,$29
CLM11404,99283,ED visit moderate severity,$414
CLM11405,99214,Detailed office visit,$153
CLM11406,90460,Immunization administration,$44
CLM11406,99213,Office/outpatient visit,$140
CLM11407,85025,Complete blood count,$48
CLM11407,99213,Office/outpatient visit,$131
CLM11408,36415,Blood draw,$28
CLM11409,93000,EKG/ECG with interpretation,$145
CLM11410,93000,EKG/ECG with interpretation,$142
CLM11411,99214,Detailed office visit,$134
CLM11412,90791,Psychiatric diagnostic evaluation,$261
CLM11412,90834,Psychotherapy 45 minutes,$162
CLM11413,29881,Knee arthroscopy,$5142
CLM11413,73721,MRI knee,$1551
CLM11414,36415,Blood draw,$28
CLM11415,71020,Chest X-ray,$115
CLM11415,70450,CT head without contrast,$1050
CLM11416,90791,Psychiatric diagnostic evaluation,$282
CLM11417,36415,Blood draw,$30
CLM11417,80053,Comprehensive metabolic panel,$70
CLM11417,93000,EKG/ECG with interpretation,$154
CLM11418,80061,Lipid panel,$55
CLM11418,99213,Office/outpatient visit,$123
CLM11419,80053,Comprehensive metabolic panel,$62
CLM11419,83036,Hemoglobin A1c,$40
CLM11420,99214,Detailed office visit,$135
CLM11421,36415,Blood draw,$27
CLM11421,71020,Chest X-ray,$108
CLM11422,85025,Complete blood count,$42
CLM11423,36415,Blood draw,$33
CLM11424,85025,Complete blood count,$50
CLM11425,17000,Destruction of skin lesion,$110
CLM11425,99213,Office/outpatient visit,$137
CLM11426,93015,Cardiac stress test,$802
CLM11427,93015,Cardiac stress test,$881
CLM11428,36415,Blood draw,$35
CLM11429,94010,Spirometry,$86
CLM11429,71020,Chest X-ray,$106
CLM11430,99213,Office/outpatient visit,$135
CLM11430,73030,Shoulder X-ray,$132
CLM11430,20610,Major joint injection,$266
CLM11431,99285,ED visit high severity,$1255
CLM11431,99283,ED visit moderate severity,$418
CLM11432,93000,EKG/ECG with interpretation,$176
CLM11432,99214,Detailed office visit,$121
CLM11432,93015,Cardiac stress test,$837
CLM11433,96910,Phototherapy treatment,$184
CLM11434,71020,Chest X-ray,$102
CLM11435,36415,Blood draw,$32
CLM11436,85025,Complete blood count,$50
CLM11437,87070,Bacteria culture,$92
CLM11438,99214,Detailed office visit,$128
CLM11438,80050,General health panel,$292
CLM11439,93000,EKG/ECG with interpretation,$164
CLM11440,94640,Nebulizer treatment,$54
CLM11441,73030,Shoulder X-ray,$137
CLM11442,93000,EKG/ECG with interpretation,$164
CLM11443,99213,Office/outpatient visit,$130
CLM11444,85025,Complete blood count,$48
CLM11444,80050,General health panel,$302
CLM11445,87880,Rapid strep test,$35
CLM11446,80050,General health panel,$298
CLM11447,83036,Hemoglobin A1c,$39
CLM11447,80050,General health panel,$303
CLM11447,36415,Blood draw,$30
CLM11448,83036,Hemoglobin A1c,$38
CLM11448,80053,Comprehensive metabolic panel,$56
CLM11449,90834,Psychotherapy 45 minutes,$141
CLM11450,99214,Detailed office visit,$126
CLM11451,80050,General health panel,$326
CLM11452,99214,Detailed office visit,$153
CLM11452,85025,Complete blood count,$47
CLM11453,71020,Chest X-ray,$119
CLM11454,99214,Detailed office visit,$120
CLM11454,93015,Cardiac stress test,$840
CLM11455,82947,Glucose test,$27
CLM11455,83036,Hemoglobin A1c,$44
CLM11456,36415,Blood draw,$27
CLM11457,36415,Blood draw,$31
CLM11457,85025,Complete blood count,$41
CLM11458,20610,Major joint injection,$246
CLM11459,99214,Detailed office visit,$119
CLM11459,93000,EKG/ECG with interpretation,$172
CLM11460,99214,Detailed office visit,$153
CLM11461,96910,Phototherapy treatment,$177
CLM11462,20610,Major joint injection,$243
CLM11463,99215,Comprehensive office visit,$207
CLM11464,85025,Complete blood count,$52
CLM11465,11102,Skin biopsy,$187
CLM11466,93000,EKG/ECG with interpretation,$144
CLM11467,99214,Detailed office visit,$138
CLM11467,76805,Obstetric ultrasound,$439
CLM11467,88175,Pap smear cytology,$73
CLM11468,96415,Chemotherapy infusion additional hour,$341
CLM11469,90837,Psychotherapy 60 minutes,$196
CLM11469,99214,Detailed office visit,$143
CLM11469,90834,Psychotherapy 45 minutes,$136
CLM11470,93000,EKG/ECG with interpretation,$149
CLM11471,80050,General health panel,$344
CLM11472,83036,Hemoglobin A1c,$43
CLM11472,36415,Blood draw,$32
CLM11473,80061,Lipid panel,$54
CLM11473,99214,Detailed office visit,$119
CLM11473,85025,Complete blood count,$51
CLM11474,71020,Chest X-ray,$123
CLM11474,85025,Complete blood count,$41
CLM11475,82947,Glucose test,$23
CLM11475,83036,Hemoglobin A1c,$47
CLM11476,36415,Blood draw,$29
CLM11476,82947,Glucose test,$28
CLM11477,80053,Comprehensive metabolic panel,$62
CLM11478,99213,Office/outpatient visit,$133
CLM11479,71020,Chest X-ray,$123
CLM11479,87070,Bacteria culture,$75
CLM11479,99214,Detailed office visit,$125
CLM11480,80050,General health panel,$314
CLM11481,85025,Complete blood count,$44
CLM11481,99213,Office/outpatient visit,$126
CLM11482,36415,Blood draw,$33
CLM11483,99214,Detailed office visit,$152
CLM11484,36415,Blood draw,$27
CLM11484,93000,EKG/ECG with interpretation,$153
CLM11485,82947,Glucose test,$25
CLM11486,93015,Cardiac stress test,$901
CLM11486,93000,EKG/ECG with interpretation,$175
CLM11487,93458,Cardiac catheterization,$4736
CLM11487,93000,EKG/ECG with interpretation,$137
CLM11488,85025,Complete blood count,$41
CLM11489,36415,Blood draw,$33
CLM11490,73030,Shoulder X-ray,$126
CLM11491,94640,Nebulizer treatment,$45
CLM11492,94640,Nebulizer treatment,$55
CLM11492,94010,Spirometry,$94
CLM11492,71020,Chest X-ray,$123
CLM11493,99213,Office/outpatient visit,$116
CLM11493,20610,Major joint injection,$281
CLM11493,29881,Knee arthroscopy,$5320
CLM11494,11102,Skin biopsy,$194
CLM11494,99213,Office/outpatient visit,$126
CLM11495,99214,Detailed office visit,$128
CLM11496,85025,Complete blood count,$48
CLM11497,99285,ED visit high severity,$1316
CLM11497,99283,ED visit moderate severity,$499
CLM11498,96910,Phototherapy treatment,$158
CLM11499,73030,Shoulder X-ray,$124
CLM11500,96413,Chemotherapy infusion first hour,$999
CLM11501,99392,Preventive visit age 1-4,$204
CLM11501,99213,Office/outpatient visit,$117
CLM11502,90837,Psychotherapy 60 minutes,$177
CLM11502,90791,Psychiatric diagnostic evaluation,$231
CLM11502,90834,Psychotherapy 45 minutes,$163
CLM11503,96415,Chemotherapy infusion additional hour,$323
CLM11504,83036,Hemoglobin A1c,$40
CLM11505,36415,Blood draw,$30
CLM11506,80053,Comprehensive metabolic panel,$71
CLM11507,85025,Complete blood count,$50
CLM11507,87070,Bacteria culture,$78
CLM11508,36415,Blood draw,$34
CLM11509,90834,Psychotherapy 45 minutes,$151
CLM11510,87880,Rapid strep test,$41
CLM11511,93000,EKG/ECG with interpretation,$162
CLM11511,99214,Detailed office visit,$140
CLM11511,93015,Cardiac stress test,$869
CLM11512,71020,Chest X-ray,$101
CLM11513,73030,Shoulder X-ray,$117
CLM11513,20610,Major joint injection,$230
CLM11514,71020,Chest X-ray,$104
CLM11515,99214,Detailed office visit,$150
CLM11516,88175,Pap smear cytology,$63
CLM11516,99214,Detailed office visit,$131
CLM11516,76805,Obstetric ultrasound,$466
CLM11517,93000,EKG/ECG with interpretation,$143
CLM11518,99214,Detailed office visit,$153
CLM11518,85025,Complete blood count,$49
CLM11519,87070,Bacteria culture,$85
CLM11519,85025,Complete blood count,$46
CLM11520,93000,EKG/ECG with interpretation,$149
CLM11521,80050,General health panel,$313
CLM11521,83036,Hemoglobin A1c,$37
CLM11522,85025,Complete blood count,$44
CLM11523,93000,EKG/ECG with interpretation,$143
CLM11524,36415,Blood draw,$32
CLM11524,99214,Detailed office visit,$128
CLM11525,36415,Blood draw,$28
CLM11526,80050,General health panel,$309
CLM11527,80050,General health panel,$290
CLM11527,80061,Lipid panel,$60
CLM11528,88175,Pap smear cytology,$78
CLM11528,59400,Routine obstetric care,$3214
CLM11528,99214,Detailed office visit,$152
CLM11529,80053,Comprehensive metabolic panel,$63
CLM11530,73030,Shoulder X-ray,$125
CLM11530,20610,Major joint injection,$231
CLM11531,20610,Major joint injection,$281
CLM11532,85025,Complete blood count,$49
CLM11533,17000,Destruction of skin lesion,$121
CLM11534,71020,Chest X-ray,$122
CLM11535,17000,Destruction of skin lesion,$136
CLM11536,36415,Blood draw,$33
CLM11537,85025,Complete blood count,$53
CLM11538,90460,Immunization administration,$39
CLM11539,87880,Rapid strep test,$36
CLM11539,90707,MMR vaccine,$86
CLM11540,99214,Detailed office visit,$147
CLM11540,94010,Spirometry,$91
CLM11541,80050,General health panel,$281
CLM11541,93000,EKG/ECG with interpretation,$139
CLM11542,36415,Blood draw,$34
CLM11543,99214,Detailed office visit,$139
CLM11543,76805,Obstetric ultrasound,$433
CLM11543,59400,Routine obstetric care,$3359
CLM11544,85025,Complete blood count,$52
CLM11544,99213,Office/outpatient visit,$128
CLM11545,71020,Chest X-ray,$108
CLM11545,80061,Lipid panel,$62
CLM11546,87070,Bacteria culture,$83
CLM11546,80061,Lipid panel,$55
CLM11547,36415,Blood draw,$31
CLM11548,83036,Hemoglobin A1c,$37
CLM11549,87070,Bacteria culture,$90
CLM11549,85025,Complete blood count,$47
CLM11550,94640,Nebulizer treatment,$50
CLM11550,94010,Spirometry,$103
CLM11551,83036,Hemoglobin A1c,$41
CLM11551,99215,Comprehensive office visit,$237
CLM11552,83036,Hemoglobin A1c,$38
CLM11553,90834,Psychotherapy 45 minutes,$165
CLM11553,99214,Detailed office visit,$119
CLM11554,36415,Blood draw,$29
CLM11554,99215,Comprehensive office visit,$232
CLM11555,99214,Detailed office visit,$140
CLM11556,82947,Glucose test,$24
CLM11556,83036,Hemoglobin A1c,$41
CLM11557,99215,Comprehensive office visit,$228
CLM11557,96415,Chemotherapy infusion additional hour,$410
CLM11558,90791,Psychiatric diagnostic evaluation,$282
CLM11558,90834,Psychotherapy 45 minutes,$162
CLM11559,80061,Lipid panel,$51
CLM11559,99214,Detailed office visit,$152
CLM11560,93000,EKG/ECG with interpretation,$158
CLM11560,99215,Comprehensive office visit,$235
CLM11560,80053,Comprehensive metabolic panel,$55
CLM11561,90707,MMR vaccine,$88
CLM11561,99213,Office/outpatient visit,$134
CLM11562,99213,Office/outpatient visit,$135
CLM11562,36415,Blood draw,$30
CLM11563,87880,Rapid strep test,$39
CLM11564,71020,Chest X-ray,$116
CLM11565,83036,Hemoglobin A1c,$46
CLM11566,90837,Psychotherapy 60 minutes,$209
CLM11566,99214,Detailed office visit,$136
CLM11567,36415,Blood draw,$29
CLM11567,71020,Chest X-ray,$112
CLM11567,85025,Complete blood count,$48
CLM11568,85025,Complete blood count,$47
CLM11568,87070,Bacteria culture,$75
CLM11568,71020,Chest X-ray,$110
CLM11569,93000,EKG/ECG with interpretation,$147
CLM11570,94010,Spirometry,$104
CLM11570,71020,Chest X-ray,$103
CLM11571,99214,Detailed office visit,$135
CLM11571,88175,Pap smear cytology,$66
CLM11572,99213,Office/outpatient visit,$138
CLM11572,96910,Phototherapy treatment,$148
CLM11573,88175,Pap smear cytology,$71
CLM11574,93000,EKG/ECG with interpretation,$168
CLM11574,83036,Hemoglobin A1c,$38
CLM11575,73030,Shoulder X-ray,$108
CLM11576,90791,Psychiatric diagnostic evaluation,$294
CLM11576,90834,Psychotherapy 45 minutes,$146
CLM11576,90837,Psychotherapy 60 minutes,$190
CLM11577,87880,Rapid strep test,$39
CLM11578,87070,Bacteria culture,$92
CLM11578,85025,Complete blood count,$43
CLM11578,99213,Office/outpatient visit,$128
CLM11579,93000,EKG/ECG with interpretation,$154
CLM11580,36415,Blood draw,$31
CLM11580,99214,Detailed office visit,$138
CLM11581,99283,ED visit moderate severity,$503
CLM11582,85025,Complete blood count,$44
CLM11582,36415,Blood draw,$30
CLM11582,87070,Bacteria culture,$80
CLM11583,85025,Complete blood count,$47
CLM11584,99214,Detailed office visit,$128
CLM11584,93015,Cardiac stress test,$970
CLM11585,87070,Bacteria culture,$73
CLM11585,36415,Blood draw,$31
CLM11585,71020,Chest X-ray,$105
CLM11586,87880,Rapid strep test,$33
CLM11587,96413,Chemotherapy infusion first hour,$1005
CLM11588,83036,Hemoglobin A1c,$40
CLM11589,99214,Detailed office visit,$143
CLM11590,85025,Complete blood count,$46
CLM11591,36415,Blood draw,$31
CLM11592,80061,Lipid panel,$63
CLM11592,36415,Blood draw,$29
CLM11593,99213,Office/outpatient visit,$122
CLM11594,85025,Complete blood count,$43
CLM11595,83036,Hemoglobin A1c,$42
CLM11595,36415,Blood draw,$34
CLM11596,36415,Blood draw,$33
CLM11596,85025,Complete blood count,$43
CLM11597,93000,EKG/ECG with interpretation,$152
CLM11598,71020,Chest X-ray,$110
CLM11598,70450,CT head without contrast,$839
CLM11599,71020,Chest X-ray,$102
CLM11599,36415,Blood draw,$30
CLM11600,85025,Complete blood count,$52
CLM11600,99215,Comprehensive office visit,$195
CLM11601,93000,EKG/ECG with interpretation,$172
CLM11602,99392,Preventive visit age 1-4,$206
CLM11602,90707,MMR vaccine,$87
CLM11602,99213,Office/outpatient visit,$137
CLM11603,36415,Blood draw,$35
CLM11604,73721,MRI knee,$1441
CLM11605,87880,Rapid strep test,$32
CLM11605,99392,Preventive visit age 1-4,$166
CLM11606,87880,Rapid strep test,$40
CLM11607,71020,Chest X-ray,$111
CLM11608,94640,Nebulizer treatment,$49
CLM11608,94010,Spirometry,$99
CLM11609,59400,Routine obstetric care,$3764
CLM11609,99214,Detailed office visit,$123
CLM11610,88175,Pap smear cytology,$70
CLM11610,76805,Obstetric ultrasound,$457
CLM11611,83036,Hemoglobin A1c,$37
CLM11612,93458,Cardiac catheterization,$5296
CLM11613,99285,ED visit high severity,$1147
CLM11614,36415,Blood draw,$34
CLM11615,99213,Office/outpatient visit,$141
CLM11616,93000,EKG/ECG with interpretation,$170
CLM11616,99214,Detailed office visit,$148
CLM11616,93306,Echocardiogram complete,$1098
CLM11617,99213,Office/outpatient visit,$115
CLM11618,73030,Shoulder X-ray,$140
CLM11619,99214,Detailed office visit,$117
CLM11620,85025,Complete blood count,$46
CLM11621,94010,Spirometry,$87
CLM11622,99214,Detailed office visit,$144
CLM11622,93458,Cardiac catheterization,$4708
CLM11622,93000,EKG/ECG with interpretation,$151
CLM11623,36415,Blood draw,$29
CLM11624,36415,Blood draw,$31
CLM11624,71020,Chest X-ray,$122
CLM11625,71020,Chest X-ray,$120
CLM11626,85025,Complete blood count,$49
CLM11627,80050,General health panel,$319
CLM11627,36415,Blood draw,$29
CLM11628,59400,Routine obstetric care,$4066
CLM11629,11102,Skin biopsy,$211
CLM11629,99213,Office/outpatient visit,$133
CLM11630,85025,Complete blood count,$46
CLM11631,99214,Detailed office visit,$144
CLM11631,83036,Hemoglobin A1c,$43
CLM11632,87070,Bacteria culture,$86
CLM11633,99213,Office/outpatient visit,$116
CLM11634,36415,Blood draw,$29
CLM11635,83036,Hemoglobin A1c,$47
CLM11635,93000,EKG/ECG with interpretation,$162
CLM11636,20610,Major joint injection,$291
CLM11637,85025,Complete blood count,$49
CLM11638,99214,Detailed office visit,$119
CLM11639,96910,Phototherapy treatment,$148
CLM11640,80053,Comprehensive metabolic panel,$60
CLM11641,99214,Detailed office visit,$121
CLM11641,93015,Cardiac stress test,$769
CLM11642,93306,Echocardiogram complete,$1303
CLM11642,93000,EKG/ECG with interpretation,$156
CLM11643,99215,Comprehensive office visit,$217
CLM11643,83036,Hemoglobin A1c,$39
CLM11644,99214,Detailed office visit,$133
CLM11644,93015,Cardiac stress test,$916
CLM11645,87070,Bacteria culture,$78
CLM11645,99213,Office/outpatient visit,$108
CLM11645,36415,Blood draw,$28
CLM11646,36415,Blood draw,$27
CLM11646,87070,Bacteria culture,$90
CLM11647,99214,Detailed office visit,$134
CLM11648,99214,Detailed office visit,$152
CLM11649,71020,Chest X-ray,$126
CLM11650,73030,Shoulder X-ray,$137
CLM11651,96413,Chemotherapy infusion first hour,$1201
CLM11651,96415,Chemotherapy infusion additional hour,$380
CLM11651,77385,IMRT radiation treatment,$2779
CLM11652,20610,Major joint injection,$227
CLM11653,87070,Bacteria culture,$83
CLM11654,87070,Bacteria culture,$89
CLM11655,99214,Detailed office visit,$131
CLM11655,93000,EKG/ECG with interpretation,$145
CLM11656,99214,Detailed office visit,$143
CLM11656,59400,Routine obstetric care,$3999
CLM11656,88175,Pap smear cytology,$79
CLM11657,99214,Detailed office visit,$140
CLM11658,99213,Office/outpatient visit,$135
CLM11658,90460,Immunization administration,$39
CLM11659,71020,Chest X-ray,$113
CLM11660,85025,Complete blood count,$42
CLM11661,80050,General health panel,$323
CLM11661,87070,Bacteria culture,$73
CLM11662,99214,Detailed office visit,$150
CLM11663,85025,Complete blood count,$45
CLM11663,71020,Chest X-ray,$127
CLM11664,99214,Detailed office visit,$142
CLM11664,76805,Obstetric ultrasound,$433
CLM11664,88175,Pap smear cytology,$75
CLM11665,90837,Psychotherapy 60 minutes,$210
CLM11665,90791,Psychiatric diagnostic evaluation,$229
CLM11665,99214,Detailed office visit,$129
CLM11666,94640,Nebulizer treatment,$47
CLM11667,90834,Psychotherapy 45 minutes,$133
CLM11668,80053,Comprehensive metabolic panel,$62
CLM11668,99214,Detailed office visit,$136
CLM11669,36415,Blood draw,$31
CLM11670,93000,EKG/ECG with interpretation,$144
CLM11671,71020,Chest X-ray,$110
CLM11672,99213,Office/outpatient visit,$134
CLM11673,93000,EKG/ECG with interpretation,$147
CLM11674,36415,Blood draw,$34
CLM11675,93000,EKG/ECG with interpretation,$141
CLM11676,85025,Complete blood count,$48
CLM11676,96415,Chemotherapy infusion additional hour,$376
CLM11677,99214,Detailed office visit,$120
CLM11678,36415,Blood draw,$33
CLM11679,82947,Glucose test,$27
CLM11679,99214,Detailed office visit,$121
CLM11680,99392,Preventive visit age 1-4,$206
CLM11680,90707,MMR vaccine,$91
CLM11681,99213,Office/outpatient visit,$134
CLM11682,90460,Immunization administration,$37
CLM11683,93000,EKG/ECG with interpretation,$165
CLM11684,96910,Phototherapy treatment,$164
CLM11684,11102,Skin biopsy,$173
CLM11685,93306,Echocardiogram complete,$1237
CLM11686,20610,Major joint injection,$286
CLM11686,99213,Office/outpatient visit,$126
CLM11687,71020,Chest X-ray,$100
CLM11687,99285,ED visit high severity,$1280
CLM11688,90791,Psychiatric diagnostic evaluation,$245
CLM11689,85025,Complete blood count,$46
CLM11690,83036,Hemoglobin A1c,$43
CLM11691,99213,Office/outpatient visit,$112
CLM11691,87070,Bacteria culture,$87
CLM11691,99214,Detailed office visit,$118
CLM11692,90837,Psychotherapy 60 minutes,$194
CLM11692,90791,Psychiatric diagnostic evaluation,$256
CLM11693,88175,Pap smear cytology,$68
CLM11694,83036,Hemoglobin A1c,$42
CLM11695,73030,Shoulder X-ray,$126
CLM11696,71020,Chest X-ray,$118
CLM11696,94640,Nebulizer treatment,$47
CLM11696,99214,Detailed office visit,$118
CLM11697,93000,EKG/ECG with interpretation,$147
CLM11698,83036,Hemoglobin A1c,$46
CLM11699,99213,Office/outpatient visit,$132
CLM11700,36415,Blood draw,$27
CLM11701,90837,Psychotherapy 60 minutes,$191
CLM11702,90460,Immunization administration,$43
CLM11703,36415,Blood draw,$28
CLM11703,82947,Glucose test,$26
CLM11704,99214,Detailed office visit,$128
CLM11704,93000,EKG/ECG with interpretation,$151
CLM11704,93015,Cardiac stress test,$770
CLM11705,83036,Hemoglobin A1c,$37
CLM11705,99214,Detailed office visit,$133
CLM11706,36415,Blood draw,$29
CLM11706,82947,Glucose test,$24
CLM11706,83036,Hemoglobin A1c,$44
CLM11707,36415,Blood draw,$31
CLM11707,82947,Glucose test,$23
CLM11708,99214,Detailed office visit,$129
CLM11708,85025,Complete blood count,$45
CLM11708,71020,Chest X-ray,$121
CLM11709,99215,Comprehensive office visit,$197
CLM11710,99214,Detailed office visit,$152
CLM11711,99214,Detailed office visit,$138
CLM11712,99214,Detailed office visit,$124
CLM11713,84443,TSH test,$60
CLM11714,11102,Skin biopsy,$190
CLM11715,83036,Hemoglobin A1c,$40
CLM11716,96413,Chemotherapy infusion first hour,$1080
CLM11716,99215,Comprehensive office visit,$244
CLM11716,85025,Complete blood count,$43
CLM11717,90460,Immunization administration,$43
CLM11718,87880,Rapid strep test,$35
CLM11718,90460,Immunization administration,$41
CLM11719,99215,Comprehensive office visit,$244
CLM11719,80053,Comprehensive metabolic panel,$66
CLM11720,87880,Rapid strep test,$34
CLM11720,90707,MMR vaccine,$88
CLM11720,99213,Office/outpatient visit,$135
CLM11721,99214,Detailed office visit,$135
CLM11721,93000,EKG/ECG with interpretation,$164
CLM11722,17000,Destruction of skin lesion,$117
CLM11722,96910,Phototherapy treatment,$183
CLM11723,85025,Complete blood count,$44
CLM11724,80053,Comprehensive metabolic panel,$54
CLM11725,20610,Major joint injection,$252
CLM11726,90460,Immunization administration,$46
CLM11727,99214,Detailed office visit,$133
CLM11728,93000,EKG/ECG with interpretation,$145
CLM11728,71020,Chest X-ray,$129
CLM11728,99283,ED visit moderate severity,$437
CLM11729,90834,Psychotherapy 45 minutes,$154
CLM11730,87070,Bacteria culture,$84
CLM11730,80050,General health panel,$346
CLM11731,71020,Chest X-ray,$105
CLM11731,93000,EKG/ECG with interpretation,$148
CLM11732,99214,Detailed office visit,$119
CLM11733,99214,Detailed office visit,$147
CLM11733,71020,Chest X-ray,$108
CLM11733,36415,Blood draw,$30
CLM11734,36415,Blood draw,$31
CLM11734,99214,Detailed office visit,$134
CLM11735,36415,Blood draw,$31
CLM11736,93000,EKG/ECG with interpretation,$153
CLM11737,90837,Psychotherapy 60 minutes,$210
CLM11738,71020,Chest X-ray,$106
CLM11739,36415,Blood draw,$31
CLM11740,71020,Chest X-ray,$112
CLM11740,94010,Spirometry,$99
CLM11741,73030,Shoulder X-ray,$111
CLM11742,88175,Pap smear cytology,$75
CLM11743,36415,Blood draw,$33
CLM11743,80050,General health panel,$291
CLM11744,99214,Detailed office visit,$131
CLM11745,36415,Blood draw,$27
CLM11745,99214,Detailed office visit,$149
CLM11746,36415,Blood draw,$33
CLM11747,90707,MMR vaccine,$84
CLM11747,87880,Rapid strep test,$40
CLM11748,83036,Hemoglobin A1c,$42
CLM11748,36415,Blood draw,$32
CLM11748,99214,Detailed office visit,$121
CLM11749,87070,Bacteria culture,$77
CLM11749,85025,Complete blood count,$49
CLM11749,36415,Blood draw,$30
CLM11750,73030,Shoulder X-ray,$141
CLM11750,99213,Office/outpatient visit,$110
CLM11750,20610,Major joint injection,$289
CLM11751,11102,Skin biopsy,$165
CLM11751,96910,Phototherapy treatment,$161
CLM11752,90837,Psychotherapy 60 minutes,$162
CLM11753,80050,General health panel,$338
CLM11753,80061,Lipid panel,$51
CLM11754,99283,ED visit moderate severity,$423
CLM11755,99213,Office/outpatient visit,$121
CLM11756,90460,Immunization administration,$37
CLM11757,90791,Psychiatric diagnostic evaluation,$238
CLM11757,99214,Detailed office visit,$152
CLM11757,90834,Psychotherapy 45 minutes,$132
CLM11758,93000,EKG/ECG with interpretation,$175
CLM11759,71020,Chest X-ray,$118
CLM11760,71020,Chest X-ray,$114
CLM11760,93000,EKG/ECG with interpretation,$170
CLM11761,85025,Complete blood count,$50
CLM11762,20610,Major joint injection,$266
CLM11762,73030,Shoulder X-ray,$125
CLM11763,80050,General health panel,$286
CLM11764,80061,Lipid panel,$64
CLM11765,80053,Comprehensive metabolic panel,$62
CLM11765,83036,Hemoglobin A1c,$40
CLM11765,99214,Detailed office visit,$146
CLM11766,73030,Shoulder X-ray,$115
CLM11767,99213,Office/outpatient visit,$115
CLM11767,11102,Skin biopsy,$170
CLM11768,99214,Detailed office visit,$139
CLM11769,93000,EKG/ECG with interpretation,$138
CLM11769,93015,Cardiac stress test,$948
CLM11770,36415,Blood draw,$33
CLM11771,99214,Detailed office visit,$121
CLM11772,36415,Blood draw,$35
CLM11772,80061,Lipid panel,$61
CLM11772,85025,Complete blood count,$50
CLM11773,99215,Comprehensive office visit,$197
CLM11774,99213,Office/outpatient visit,$134
CLM11774,73721,MRI knee,$1354
CLM11775,82947,Glucose test,$27
CLM11776,73030,Shoulder X-ray,$136
CLM11777,17000,Destruction of skin lesion,$108
CLM11777,99213,Office/outpatient visit,$121
CLM11778,94640,Nebulizer treatment,$50
CLM11778,99214,Detailed office visit,$140
CLM11779,80053,Comprehensive metabolic panel,$66
CLM11779,99215,Comprehensive office visit,$202
CLM11779,83036,Hemoglobin A1c,$38
CLM11780,99283,ED visit moderate severity,$464
CLM11780,71020,Chest X-ray,$106
CLM11781,99214,Detailed office visit,$127
CLM11781,36415,Blood draw,$31
CLM11782,80050,General health panel,$306
CLM11783,94010,Spirometry,$101
CLM11783,94640,Nebulizer treatment,$59
CLM11784,90834,Psychotherapy 45 minutes,$148
CLM11785,99214,Detailed office visit,$120
CLM11785,99215,Comprehensive office visit,$204
CLM11786,93015,Cardiac stress test,$851
CLM11786,93000,EKG/ECG with interpretation,$164
CLM11787,36415,Blood draw,$34
CLM11787,80050,General health panel,$289
CLM11788,80050,General health panel,$294
CLM11788,83036,Hemoglobin A1c,$39
CLM11789,93000,EKG/ECG with interpretation,$145
CLM11790,71020,Chest X-ray,$102
CLM11790,99214,Detailed office visit,$130
CLM11791,93000,EKG/ECG with interpretation,$175
CLM11792,80061,Lipid panel,$56
CLM11792,87070,Bacteria culture,$73
CLM11793,80061,Lipid panel,$56
CLM11793,80050,General health panel,$326
CLM11794,80061,Lipid panel,$62
CLM11794,87070,Bacteria culture,$80
CLM11795,36415,Blood draw,$32
CLM11796,96910,Phototherapy treatment,$154
CLM11796,11102,Skin biopsy,$189
CLM11797,93015,Cardiac stress test,$939
CLM11798,71020,Chest X-ray,$101
CLM11799,71020,Chest X-ray,$124
CLM11799,85025,Complete blood count,$41
CLM11799,99214,Detailed office visit,$152
CLM11800,71020,Chest X-ray,$108
CLM11800,99214,Detailed office visit,$132
CLM11801,90460,Immunization administration,$40
CLM11802,88175,Pap smear cytology,$80
CLM11802,99214,Detailed office visit,$120
CLM11803,87880,Rapid strep test,$36
CLM11803,90707,MMR vaccine,$101
CLM11804,80050,General health panel,$305
CLM11804,83036,Hemoglobin A1c,$44
CLM11805,99214,Detailed office visit,$142
CLM11805,36415,Blood draw,$29
CLM11806,71020,Chest X-ray,$123
CLM11807,99214,Detailed office visit,$141
CLM11807,90837,Psychotherapy 60 minutes,$195
CLM11808,85025,Complete blood count,$48
CLM11808,80061,Lipid panel,$61
CLM11808,99214,Detailed office visit,$152
CLM11809,80050,General health panel,$277
CLM11810,87880,Rapid strep test,$35
CLM11810,90707,MMR vaccine,$89
CLM11810,90460,Immunization administration,$38
CLM11811,85025,Complete blood count,$49
CLM11811,36415,Blood draw,$35
CLM11811,99214,Detailed office visit,$148
CLM11812,99214,Detailed office visit,$131
CLM11812,93015,Cardiac stress test,$873
CLM11813,93015,Cardiac stress test,$998
CLM11813,93000,EKG/ECG with interpretation,$165
CLM11814,83036,Hemoglobin A1c,$40
CLM11814,99214,Detailed office visit,$133
CLM11815,99214,Detailed office visit,$132
CLM11815,93306,Echocardiogram complete,$1398
CLM11816,87070,Bacteria culture,$84
CLM11817,70450,CT head without contrast,$811
CLM11817,99285,ED visit high severity,$1353
CLM11818,36415,Blood draw,$31
CLM11819,93306,Echocardiogram complete,$1098
CLM11820,80061,Lipid panel,$59
CLM11820,99213,Office/outpatient visit,$122
CLM11820,71020,Chest X-ray,$118
CLM11821,87070,Bacteria culture,$78
CLM11822,80061,Lipid panel,$60
CLM11823,80053,Comprehensive metabolic panel,$63
CLM11824,80053,Comprehensive metabolic panel,$70
CLM11824,83036,Hemoglobin A1c,$46
CLM11825,82947,Glucose test,$27
CLM11826,80061,Lipid panel,$50
CLM11826,80050,General health panel,$285
CLM11827,80053,Comprehensive metabolic panel,$63
CLM11828,36415,Blood draw,$32
CLM11828,83036,Hemoglobin A1c,$38
CLM11829,99215,Comprehensive office visit,$197
CLM11829,83036,Hemoglobin A1c,$37
CLM11830,36415,Blood draw,$32
CLM11831,17000,Destruction of skin lesion,$112
CLM11831,96910,Phototherapy treatment,$168
CLM11832,99214,Detailed office visit,$126
CLM11833,93000,EKG/ECG with interpretation,$139
CLM11834,99214,Detailed office visit,$139
CLM11834,93000,EKG/ECG with interpretation,$149
CLM11835,99214,Detailed office visit,$148
CLM11835,80053,Comprehensive metabolic panel,$69
CLM11835,93000,EKG/ECG with interpretation,$164
CLM11836,90791,Psychiatric diagnostic evaluation,$287
CLM11837,87070,Bacteria culture,$79
CLM11838,73030,Shoulder X-ray,$132
CLM11839,71020,Chest X-ray,$109
CLM11840,88175,Pap smear cytology,$75
CLM11840,76805,Obstetric ultrasound,$400
CLM11841,99214,Detailed office visit,$120
CLM11841,93015,Cardiac stress test,$917
CLM11842,20610,Major joint injection,$230
CLM11842,99213,Office/outpatient visit,$141
CLM11843,87070,Bacteria culture,$84
CLM11844,36415,Blood draw,$31
CLM11844,80053,Comprehensive metabolic panel,$55
CLM11845,70450,CT head without contrast,$1016
CLM11845,99283,ED visit moderate severity,$444
CLM11846,85025,Complete blood count,$52
CLM11846,99215,Comprehensive office visit,$224
CLM11847,36415,Blood draw,$31
CLM11847,99213,Office/outpatient visit,$116
CLM11847,99214,Detailed office visit,$139
CLM11848,36415,Blood draw,$35
CLM11849,83036,Hemoglobin A1c,$39
CLM11850,80053,Comprehensive metabolic panel,$66
CLM11850,99214,Detailed office visit,$130
CLM11851,87880,Rapid strep test,$36
CLM11852,36415,Blood draw,$32
CLM11852,83036,Hemoglobin A1c,$45
CLM11853,85025,Complete blood count,$51
CLM11853,77385,IMRT radiation treatment,$2302
CLM11854,99214,Detailed office visit,$118
CLM11854,93015,Cardiac stress test,$885
CLM11854,93000,EKG/ECG with interpretation,$173
CLM11855,96415,Chemotherapy infusion additional hour,$358
CLM11855,85025,Complete blood count,$48
CLM11856,87070,Bacteria culture,$81
CLM11857,80050,General health panel,$346
CLM11858,99285,ED visit high severity,$1396
CLM11858,70450,CT head without contrast,$1043
CLM11858,71020,Chest X-ray,$103
CLM11859,93000,EKG/ECG with interpretation,$164
CLM11860,87070,Bacteria culture,$92
CLM11861,36415,Blood draw,$35
CLM11861,87070,Bacteria culture,$85
CLM11862,90460,Immunization administration,$45
CLM11862,90707,MMR vaccine,$102
CLM11863,85025,Complete blood count,$45
CLM11864,83036,Hemoglobin A1c,$38
CLM11864,80053,Comprehensive metabolic panel,$65
CLM11865,99214,Detailed office visit,$120
CLM11865,93000,EKG/ECG with interpretation,$140
CLM11866,94010,Spirometry,$103
CLM11866,71020,Chest X-ray,$100
CLM11866,95810,Sleep study,$1379
CLM11867,99285,ED visit high severity,$1117
CLM11867,93000,EKG/ECG with interpretation,$163
CLM11868,99213,Office/outpatient visit,$135
CLM11868,11102,Skin biopsy,$201
CLM11869,80053,Comprehensive metabolic panel,$59
CLM11870,80050,General health panel,$332
CLM11870,99214,Detailed office visit,$131
CLM11871,11102,Skin biopsy,$167
CLM11872,36415,Blood draw,$33
CLM11872,83036,Hemoglobin A1c,$43
CLM11872,99215,Comprehensive office visit,$245
CLM11873,99213,Office/outpatient visit,$134
CLM11874,95810,Sleep study,$1448
CLM11874,94640,Nebulizer treatment,$56
CLM11875,90791,Psychiatric diagnostic evaluation,$271
CLM11875,90834,Psychotherapy 45 minutes,$162
CLM11875,90837,Psychotherapy 60 minutes,$184
CLM11876,87880,Rapid strep test,$39
CLM11876,90460,Immunization administration,$38
CLM11876,99392,Preventive visit age 1-4,$181
CLM11877,90837,Psychotherapy 60 minutes,$184
CLM11878,96910,Phototherapy treatment,$183
CLM11879,36415,Blood draw,$34
CLM11880,73721,MRI knee,$1730
CLM11881,36415,Blood draw,$34
CLM11881,87070,Bacteria culture,$86
CLM11882,99214,Detailed office visit,$122
CLM11882,93015,Cardiac stress test,$874
CLM11883,71020,Chest X-ray,$122
CLM11884,99214,Detailed office visit,$144
CLM11885,80061,Lipid panel,$57
CLM11886,90837,Psychotherapy 60 minutes,$172
CLM11887,83036,Hemoglobin A1c,$46
CLM11888,85025,Complete blood count,$43
CLM11889,99214,Detailed office visit,$148
CLM11890,36415,Blood draw,$31
CLM11890,83036,Hemoglobin A1c,$41
CLM11891,99214,Detailed office visit,$137
CLM11892,99214,Detailed office visit,$142
CLM11893,36415,Blood draw,$27
CLM11894,11102,Skin biopsy,$177
CLM11894,96910,Phototherapy treatment,$167
CLM11895,85025,Complete blood count,$50
CLM11896,93000,EKG/ECG with interpretation,$164
CLM11896,71020,Chest X-ray,$112
CLM11897,99214,Detailed office visit,$130
CLM11897,87070,Bacteria culture,$82
CLM11898,87880,Rapid strep test,$35
CLM11899,90834,Psychotherapy 45 minutes,$136
CLM11900,36415,Blood draw,$29
CLM11901,99213,Office/outpatient visit,$133
CLM11901,29881,Knee arthroscopy,$5905
CLM11901,73030,Shoulder X-ray,$112
CLM11902,36415,Blood draw,$30
CLM11902,93000,EKG/ECG with interpretation,$172
CLM11902,83036,Hemoglobin A1c,$42
CLM11903,99213,Office/outpatient visit,$128
CLM11904,87070,Bacteria culture,$94
CLM11905,93000,EKG/ECG with interpretation,$163
CLM11906,83036,Hemoglobin A1c,$45
CLM11906,36415,Blood draw,$28
CLM11907,93000,EKG/ECG with interpretation,$140
CLM11907,93015,Cardiac stress test,$820
CLM11908,87880,Rapid strep test,$34
CLM11909,93000,EKG/ECG with interpretation,$153
CLM11910,94640,Nebulizer treatment,$47
CLM11911,93000,EKG/ECG with interpretation,$144
CLM11911,99283,ED visit moderate severity,$497
CLM11912,99214,Detailed office visit,$123
CLM11912,90791,Psychiatric diagnostic evaluation,$269
CLM11913,93000,EKG/ECG with interpretation,$154
CLM11913,99214,Detailed office visit,$121
CLM11914,71020,Chest X-ray,$130
CLM11915,87070,Bacteria culture,$88
CLM11916,93000,EKG/ECG with interpretation,$170
CLM11917,71020,Chest X-ray,$124
CLM11918,99213,Office/outpatient visit,$141
CLM11919,71020,Chest X-ray,$121
CLM11920,99214,Detailed office visit,$137
CLM11920,83036,Hemoglobin A1c,$47
CLM11921,36415,Blood draw,$29
CLM11922,11102,Skin biopsy,$180
CLM11923,85025,Complete blood count,$46
CLM11923,87070,Bacteria culture,$85
CLM11924,99214,Detailed office visit,$121
CLM11925,99213,Office/outpatient visit,$117
CLM11926,99213,Office/outpatient visit,$129
CLM11927,83036,Hemoglobin A1c,$44
CLM11927,80050,General health panel,$305
CLM11928,85025,Complete blood count,$53
CLM11928,80050,General health panel,$303
CLM11929,85025,Complete blood count,$45
CLM11929,71020,Chest X-ray,$101
CLM11930,71020,Chest X-ray,$102
CLM11931,93015,Cardiac stress test,$941
CLM11932,94010,Spirometry,$101
CLM11933,87880,Rapid strep test,$34
CLM11934,90791,Psychiatric diagnostic evaluation,$287
CLM11934,99214,Detailed office visit,$146
CLM11935,85025,Complete blood count,$41
CLM11936,93306,Echocardiogram complete,$1396
CLM11936,93000,EKG/ECG with interpretation,$158
CLM11937,99213,Office/outpatient visit,$120
CLM11938,80050,General health panel,$273
CLM11938,36415,Blood draw,$33
CLM11939,99214,Detailed office visit,$140
CLM11940,90834,Psychotherapy 45 minutes,$140
CLM11941,80061,Lipid panel,$53
CLM11942,99213,Office/outpatient visit,$136
CLM11942,17000,Destruction of skin lesion,$117
CLM11943,99214,Detailed office visit,$121
CLM11943,99213,Office/outpatient visit,$118
CLM11943,80061,Lipid panel,$56
CLM11944,99215,Comprehensive office visit,$209
CLM11945,90460,Immunization administration,$47
CLM11946,94010,Spirometry,$106
CLM11947,80061,Lipid panel,$55
CLM11948,85025,Complete blood count,$50
CLM11949,85025,Complete blood count,$49
CLM11949,87070,Bacteria culture,$92
CLM11950,80053,Comprehensive metabolic panel,$65
CLM11950,93000,EKG/ECG with interpretation,$163
CLM11950,83036,Hemoglobin A1c,$43
CLM11951,82947,Glucose test,$28
CLM11952,90460,Immunization administration,$45
CLM11953,99214,Detailed office visit,$131
CLM11954,93000,EKG/ECG with interpretation,$135
CLM11955,93306,Echocardiogram complete,$1390
CLM11956,99213,Office/outpatient visit,$116
CLM11956,20610,Major joint injection,$248
CLM11957,36415,Blood draw,$32
CLM11958,99213,Office/outpatient visit,$114
CLM11958,73030,Shoulder X-ray,$115
CLM11958,73721,MRI knee,$1412
CLM11959,36415,Blood draw,$35
CLM11959,71020,Chest X-ray,$129
CLM11960,36415,Blood draw,$33
CLM11960,80050,General health panel,$328
CLM11961,73030,Shoulder X-ray,$131
CLM11962,93000,EKG/ECG with interpretation,$165
CLM11963,90837,Psychotherapy 60 minutes,$212
CLM11964,93000,EKG/ECG with interpretation,$138
CLM11965,90791,Psychiatric diagnostic evaluation,$266
CLM11965,90834,Psychotherapy 45 minutes,$143
CLM11966,87880,Rapid strep test,$32
CLM11967,85025,Complete blood count,$48
CLM11967,96415,Chemotherapy infusion additional hour,$333
CLM11968,93306,Echocardiogram complete,$1409
CLM11969,73721,MRI knee,$1483
CLM11969,20610,Major joint injection,$233
CLM11970,99214,Detailed office visit,$152
CLM11971,99213,Office/outpatient visit,$125
CLM11972,36415,Blood draw,$30
CLM11973,99392,Preventive visit age 1-4,$174
CLM11974,90837,Psychotherapy 60 minutes,$171
CLM11975,99213,Office/outpatient visit,$124
CLM11976,99213,Office/outpatient visit,$117
CLM11976,20610,Major joint injection,$227
CLM11977,93306,Echocardiogram complete,$1318
CLM11977,93015,Cardiac stress test,$831
CLM11978,85025,Complete blood count,$51
CLM11979,36415,Blood draw,$33
CLM11979,99215,Comprehensive office visit,$217
CLM11980,90834,Psychotherapy 45 minutes,$132
CLM11980,90791,Psychiatric diagnostic evaluation,$265
CLM11980,90837,Psychotherapy 60 minutes,$194
CLM11981,99214,Detailed office visit,$129
CLM11982,71020,Chest X-ray,$101
CLM11983,99215,Comprehensive office visit,$203
CLM11983,85025,Complete blood count,$42
CLM11984,99215,Comprehensive office visit,$217
CLM11984,80053,Comprehensive metabolic panel,$71
CLM11985,80053,Comprehensive metabolic panel,$58
CLM11985,83036,Hemoglobin A1c,$38
CLM11985,93000,EKG/ECG with interpretation,$146
CLM11986,36415,Blood draw,$35
CLM11987,71020,Chest X-ray,$120
CLM11987,80061,Lipid panel,$59
CLM11988,87880,Rapid strep test,$32
CLM11989,99214,Detailed office visit,$143
CLM11989,93000,EKG/ECG with interpretation,$167
CLM11990,85025,Complete blood count,$46
CLM11991,80061,Lipid panel,$59
CLM11992,73030,Shoulder X-ray,$122
CLM11992,99213,Office/outpatient visit,$127
CLM11992,29881,Knee arthroscopy,$5356
CLM11993,88175,Pap smear cytology,$73
CLM11993,99214,Detailed office visit,$140
CLM11994,71020,Chest X-ray,$114
CLM11994,36415,Blood draw,$27
CLM11994,99214,Detailed office visit,$151
CLM11995,80053,Comprehensive metabolic panel,$62
CLM11996,80050,General health panel,$321
CLM11997,83036,Hemoglobin A1c,$37
CLM11997,99214,Detailed office visit,$147
CLM11998,36415,Blood draw,$35
CLM11998,99214,Detailed office visit,$148
CLM11999,36415,Blood draw,$30
CLM11999,83036,Hemoglobin A1c,$46
CLM11999,99215,Comprehensive office visit,$194
CLM12000,36415,Blood draw,$27
CLM12000,87070,Bacteria culture,$79
CLM12000,99214,Detailed office visit,$149
CLM12001,71020,Chest X-ray,$109
CLM12002,11102,Skin biopsy,$164
CLM12003,93000,EKG/ECG with interpretation,$142
CLM12003,70450,CT head without contrast,$874
CLM12003,71020,Chest X-ray,$118
CLM12004,80053,Comprehensive metabolic panel,$60
CLM12005,73030,Shoulder X-ray,$126
CLM12006,71020,Chest X-ray,$110
CLM12007,80053,Comprehensive metabolic panel,$66
CLM12007,83036,Hemoglobin A1c,$45
CLM12008,99214,Detailed office visit,$119
CLM12008,94010,Spirometry,$99
CLM12009,83036,Hemoglobin A1c,$42
CLM12010,73030,Shoulder X-ray,$121
CLM12010,99213,Office/outpatient visit,$108
CLM12011,99214,Detailed office visit,$118
CLM12011,36415,Blood draw,$34
CLM12011,83036,Hemoglobin A1c,$38
CLM12012,93458,Cardiac catheterization,$4776
CLM12012,99214,Detailed office visit,$144
CLM12013,80061,Lipid panel,$57
CLM12014,87880,Rapid strep test,$33
CLM12015,76805,Obstetric ultrasound,$454
CLM12016,87070,Bacteria culture,$86
CLM12017,93000,EKG/ECG with interpretation,$147
CLM12017,71020,Chest X-ray,$114
CLM12018,93000,EKG/ECG with interpretation,$161
CLM12019,83036,Hemoglobin A1c,$45
CLM12020,90460,Immunization administration,$36
CLM12021,93306,Echocardiogram complete,$1401
CLM12021,99214,Detailed office visit,$147
CLM12022,87070,Bacteria culture,$74
CLM12023,85025,Complete blood count,$46
CLM12024,71020,Chest X-ray,$114
CLM12024,99283,ED visit moderate severity,$491
CLM12025,94640,Nebulizer treatment,$55
CLM12025,71020,Chest X-ray,$121
CLM12026,93015,Cardiac stress test,$784
CLM12026,99214,Detailed office visit,$126
CLM12027,99214,Detailed office visit,$132
CLM12027,93015,Cardiac stress test,$834
CLM12028,90707,MMR vaccine,$83
CLM12028,87880,Rapid strep test,$37
CLM12029,99214,Detailed office visit,$139
CLM12030,36415,Blood draw,$29
CLM12031,73030,Shoulder X-ray,$109
CLM12032,90460,Immunization administration,$44
CLM12033,71020,Chest X-ray,$113
CLM12034,87070,Bacteria culture,$79
CLM12034,80050,General health panel,$273
CLM12035,36415,Blood draw,$28
CLM12036,11102,Skin biopsy,$181
CLM12037,71020,Chest X-ray,$107
CLM12037,99213,Office/outpatient visit,$109
CLM12038,99214,Detailed office visit,$152
CLM12038,93015,Cardiac stress test,$969
CLM12039,93458,Cardiac catheterization,$5011
CLM12040,80050,General health panel,$313
CLM12041,99214,Detailed office visit,$146
CLM12041,90834,Psychotherapy 45 minutes,$130
CLM12042,88175,Pap smear cytology,$79
CLM12043,85025,Complete blood count,$53
CLM12043,80061,Lipid panel,$55
CLM12044,93015,Cardiac stress test,$781
CLM12044,93000,EKG/ECG with interpretation,$162
CLM12045,93000,EKG/ECG with interpretation,$171
CLM12045,70450,CT head without contrast,$1009
CLM12046,99215,Comprehensive office visit,$235
CLM12046,93000,EKG/ECG with interpretation,$150
CLM12047,93000,EKG/ECG with interpretation,$171
CLM12048,87070,Bacteria culture,$82
CLM12048,36415,Blood draw,$31
CLM12049,90834,Psychotherapy 45 minutes,$144
CLM12049,90791,Psychiatric diagnostic evaluation,$271
CLM12050,36415,Blood draw,$30
CLM12051,99283,ED visit moderate severity,$480
CLM12051,71020,Chest X-ray,$105
CLM12052,94640,Nebulizer treatment,$57
CLM12053,83036,Hemoglobin A1c,$43
CLM12054,36415,Blood draw,$28
CLM12055,80053,Comprehensive metabolic panel,$58
CLM12055,83036,Hemoglobin A1c,$47
CLM12055,99215,Comprehensive office visit,$243
CLM12056,99213,Office/outpatient visit,$136
CLM12056,20610,Major joint injection,$258
CLM12057,87880,Rapid strep test,$37
CLM12058,71020,Chest X-ray,$120
CLM12058,36415,Blood draw,$32
CLM12058,87070,Bacteria culture,$73
CLM12059,80050,General health panel,$304
CLM12059,80053,Comprehensive metabolic panel,$61
CLM12060,36415,Blood draw,$33
CLM12061,93000,EKG/ECG with interpretation,$162
CLM12062,80050,General health panel,$341
CLM12062,83036,Hemoglobin A1c,$41
CLM12063,93000,EKG/ECG with interpretation,$136
CLM12063,99214,Detailed office visit,$153
CLM12064,83036,Hemoglobin A1c,$44
CLM12064,36415,Blood draw,$28
CLM12065,80061,Lipid panel,$61
CLM12065,36415,Blood draw,$28
CLM12066,77385,IMRT radiation treatment,$2618
CLM12066,99215,Comprehensive office visit,$244
CLM12067,99213,Office/outpatient visit,$134
CLM12068,99214,Detailed office visit,$146
CLM12069,83036,Hemoglobin A1c,$46
CLM12069,99214,Detailed office visit,$150
CLM12070,87880,Rapid strep test,$34
CLM12070,90707,MMR vaccine,$91
CLM12071,36415,Blood draw,$31
CLM12071,85025,Complete blood count,$43
CLM12072,36415,Blood draw,$35
CLM12072,85025,Complete blood count,$49
CLM12072,80050,General health panel,$272
CLM12073,85025,Complete blood count,$53
CLM12073,99213,Office/outpatient visit,$134
CLM12074,73030,Shoulder X-ray,$118
CLM12074,20610,Major joint injection,$265
CLM12074,73721,MRI knee,$1414
CLM12075,84443,TSH test,$57
CLM12076,99214,Detailed office visit,$145
CLM12077,85025,Complete blood count,$51
CLM12077,71020,Chest X-ray,$106
CLM12078,83036,Hemoglobin A1c,$38
CLM12078,99215,Comprehensive office visit,$195
CLM12079,99213,Office/outpatient visit,$117
CLM12080,93000,EKG/ECG with interpretation,$170
CLM12080,71020,Chest X-ray,$123
CLM12080,99283,ED visit moderate severity,$429
CLM12081,93000,EKG/ECG with interpretation,$142
CLM12081,80053,Comprehensive metabolic panel,$62
CLM12082,87880,Rapid strep test,$38
CLM12083,83036,Hemoglobin A1c,$37
CLM12083,84443,TSH test,$58
CLM12084,99214,Detailed office visit,$147
CLM12084,90791,Psychiatric diagnostic evaluation,$242
CLM12084,90837,Psychotherapy 60 minutes,$164
CLM12085,96910,Phototherapy treatment,$186
CLM12085,17000,Destruction of skin lesion,$130
CLM12086,11102,Skin biopsy,$202
CLM12086,17000,Destruction of skin lesion,$119
CLM12086,96910,Phototherapy treatment,$177
CLM12087,87070,Bacteria culture,$76
CLM12087,99213,Office/outpatient visit,$112
CLM12087,36415,Blood draw,$35
CLM12088,93000,EKG/ECG with interpretation,$164
CLM12089,93000,EKG/ECG with interpretation,$176
CLM12089,71020,Chest X-ray,$112
CLM12090,93000,EKG/ECG with interpretation,$148
CLM12091,90707,MMR vaccine,$100
CLM12092,99213,Office/outpatient visit,$131
CLM12093,73030,Shoulder X-ray,$109
CLM12094,93015,Cardiac stress test,$807
CLM12095,96415,Chemotherapy infusion additional hour,$373
CLM12095,99215,Comprehensive office visit,$195
CLM12096,87880,Rapid strep test,$41
CLM12097,93015,Cardiac stress test,$766
CLM12097,99214,Detailed office visit,$152
CLM12098,80050,General health panel,$323
CLM12099,99392,Preventive visit age 1-4,$176
CLM12099,90460,Immunization administration,$41
CLM12099,87880,Rapid strep test,$35
CLM12100,99214,Detailed office visit,$130
CLM12101,80053,Comprehensive metabolic panel,$68
CLM12102,83036,Hemoglobin A1c,$37
CLM12102,36415,Blood draw,$30
CLM12102,93000,EKG/ECG with interpretation,$177
CLM12103,20610,Major joint injection,$229
CLM12103,99213,Office/outpatient visit,$124
CLM12104,36415,Blood draw,$30
CLM12104,99213,Office/outpatient visit,$113
CLM12105,80061,Lipid panel,$57
CLM12106,99214,Detailed office visit,$133
CLM12107,80061,Lipid panel,$56
CLM12108,80053,Comprehensive metabolic panel,$63
CLM12109,99392,Preventive visit age 1-4,$185
CLM12110,99285,ED visit high severity,$1285
CLM12110,93000,EKG/ECG with interpretation,$140
CLM12111,87880,Rapid strep test,$32
CLM12112,82947,Glucose test,$26
CLM12112,36415,Blood draw,$30
CLM12113,73030,Shoulder X-ray,$120
CLM12114,85025,Complete blood count,$48
CLM12115,93000,EKG/ECG with interpretation,$138
CLM12115,99214,Detailed office visit,$147
CLM12116,93306,Echocardiogram complete,$1185
CLM12117,99214,Detailed office visit,$138
CLM12118,71020,Chest X-ray,$113
CLM12119,99213,Office/outpatient visit,$133
CLM12119,80061,Lipid panel,$52
CLM12120,99214,Detailed office visit,$134
CLM12120,94640,Nebulizer treatment,$58
CLM12120,71020,Chest X-ray,$111
CLM12121,99214,Detailed office visit,$126
CLM12122,36415,Blood draw,$32
CLM12123,36415,Blood draw,$34
CLM12123,82947,Glucose test,$24
CLM12123,84443,TSH test,$65
CLM12124,99215,Comprehensive office visit,$199
CLM12124,83036,Hemoglobin A1c,$37
CLM12124,99214,Detailed office visit,$127
CLM12125,71020,Chest X-ray,$114
CLM12125,36415,Blood draw,$30
CLM12126,99213,Office/outpatient visit,$112
CLM12127,99213,Office/outpatient visit,$118
CLM12127,73030,Shoulder X-ray,$141
CLM12128,83036,Hemoglobin A1c,$41
CLM12129,80050,General health panel,$290
CLM12129,85025,Complete blood count,$49
CLM12130,83036,Hemoglobin A1c,$37
CLM12130,36415,Blood draw,$33
CLM12131,96413,Chemotherapy infusion first hour,$1007
CLM12132,93015,Cardiac stress test,$962
CLM12133,83036,Hemoglobin A1c,$44
CLM12134,99213,Office/outpatient visit,$125
CLM12135,83036,Hemoglobin A1c,$46
CLM12136,87070,Bacteria culture,$88
CLM12136,36415,Blood draw,$33
CLM12137,93000,EKG/ECG with interpretation,$173
CLM12138,73030,Shoulder X-ray,$108
CLM12138,29881,Knee arthroscopy,$5070
CLM12138,20610,Major joint injection,$280
CLM12139,36415,Blood draw,$29
CLM12140,90707,MMR vaccine,$101
CLM12140,90460,Immunization administration,$38
CLM12140,87880,Rapid strep test,$37
CLM12141,99213,Office/outpatient visit,$122
CLM12141,36415,Blood draw,$31
CLM12141,71020,Chest X-ray,$104
CLM12142,99214,Detailed office visit,$153
CLM12143,36415,Blood draw,$31
CLM12143,85025,Complete blood count,$51
CLM12144,83036,Hemoglobin A1c,$44
CLM12145,96415,Chemotherapy infusion additional hour,$400
CLM12145,85025,Complete blood count,$45
CLM12145,99215,Comprehensive office visit,$223
CLM12146,85025,Complete blood count,$48
CLM12146,36415,Blood draw,$32
CLM12146,80050,General health panel,$281
CLM12147,99215,Comprehensive office visit,$200
CLM12148,93000,EKG/ECG with interpretation,$161
CLM12149,93015,Cardiac stress test,$829
CLM12149,99214,Detailed office visit,$140
CLM12150,93306,Echocardiogram complete,$1099
CLM12150,99214,Detailed office visit,$124
CLM12150,93458,Cardiac catheterization,$4633
CLM12151,85025,Complete blood count,$53
CLM12152,99214,Detailed office visit,$126
CLM12153,90460,Immunization administration,$37
CLM12154,99214,Detailed office visit,$132
CLM12155,83036,Hemoglobin A1c,$45
CLM12156,94640,Nebulizer treatment,$52
CLM12156,95810,Sleep study,$1352
CLM12156,94010,Spirometry,$81
CLM12157,85025,Complete blood count,$53
CLM12158,87070,Bacteria culture,$83
CLM12159,36415,Blood draw,$31
CLM12159,93000,EKG/ECG with interpretation,$175
CLM12160,36415,Blood draw,$29
CLM12161,11102,Skin biopsy,$199
CLM12162,88175,Pap smear cytology,$73
CLM12162,99214,Detailed office visit,$122
CLM12163,90707,MMR vaccine,$102
CLM12164,90707,MMR vaccine,$89
CLM12165,85025,Complete blood count,$52
CLM12166,90837,Psychotherapy 60 minutes,$186
CLM12166,99214,Detailed office visit,$146
CLM12167,83036,Hemoglobin A1c,$45
CLM12168,80053,Comprehensive metabolic panel,$65
CLM12169,71020,Chest X-ray,$101
CLM12170,93000,EKG/ECG with interpretation,$153
CLM12170,71020,Chest X-ray,$127
CLM12171,80061,Lipid panel,$54
CLM12172,80061,Lipid panel,$57
CLM12173,99214,Detailed office visit,$140
CLM12174,96413,Chemotherapy infusion first hour,$1258
CLM12174,77385,IMRT radiation treatment,$2831
CLM12175,93000,EKG/ECG with interpretation,$151
CLM12175,99214,Detailed office visit,$137
CLM12175,93015,Cardiac stress test,$940
CLM12176,73030,Shoulder X-ray,$115
CLM12176,20610,Major joint injection,$291
CLM12177,71020,Chest X-ray,$106
CLM12178,99213,Office/outpatient visit,$133
CLM12178,11102,Skin biopsy,$182
CLM12179,99215,Comprehensive office visit,$196
CLM12179,83036,Hemoglobin A1c,$42
CLM12180,80050,General health panel,$315
CLM12181,90460,Immunization administration,$39
CLM12181,87880,Rapid strep test,$35
CLM12181,99213,Office/outpatient visit,$113
CLM12182,93000,EKG/ECG with interpretation,$140
CLM12182,99214,Detailed office visit,$120
CLM12183,99214,Detailed office visit,$151
CLM12184,71020,Chest X-ray,$116
CLM12184,93000,EKG/ECG with interpretation,$172
CLM12184,99283,ED visit moderate severity,$451
CLM12185,85025,Complete blood count,$45
CLM12185,99215,Comprehensive office visit,$207
CLM12186,36415,Blood draw,$27
CLM12186,99214,Detailed office visit,$152
CLM12186,83036,Hemoglobin A1c,$43
CLM12187,96413,Chemotherapy infusion first hour,$1198
CLM12188,20610,Major joint injection,$289
CLM12188,99213,Office/outpatient visit,$131
CLM12188,73030,Shoulder X-ray,$108
CLM12189,99214,Detailed office visit,$122
CLM12190,93000,EKG/ECG with interpretation,$144
CLM12190,99214,Detailed office visit,$139
CLM12191,93306,Echocardiogram complete,$1396
CLM12191,93000,EKG/ECG with interpretation,$140
CLM12192,99214,Detailed office visit,$118
CLM12192,93000,EKG/ECG with interpretation,$162
CLM12193,93000,EKG/ECG with interpretation,$137
CLM12194,36415,Blood draw,$31
CLM12194,83036,Hemoglobin A1c,$46
CLM12195,85025,Complete blood count,$51
CLM12196,99214,Detailed office visit,$131
CLM12196,85025,Complete blood count,$46
CLM12197,99215,Comprehensive office visit,$214
CLM12198,36415,Blood draw,$32
CLM12198,85025,Complete blood count,$50
CLM12198,99213,Office/outpatient visit,$129
CLM12199,36415,Blood draw,$34
CLM12200,36415,Blood draw,$33
CLM12201,80050,General health panel,$284
CLM12202,36415,Blood draw,$30
CLM12203,99214,Detailed office visit,$129
CLM12203,93306,Echocardiogram complete,$1124
CLM12204,80050,General health panel,$275
CLM12204,80061,Lipid panel,$56
CLM12204,36415,Blood draw,$31
CLM12205,76805,Obstetric ultrasound,$394
CLM12206,80053,Comprehensive metabolic panel,$68
CLM12207,80053,Comprehensive metabolic panel,$55
CLM12207,99215,Comprehensive office visit,$211
CLM12208,99213,Office/outpatient visit,$120
CLM12209,36415,Blood draw,$35
CLM12209,80061,Lipid panel,$62
CLM12210,20610,Major joint injection,$272
CLM12211,99213,Office/outpatient visit,$136
CLM12212,99214,Detailed office visit,$145
CLM12212,93015,Cardiac stress test,$944
CLM12213,85025,Complete blood count,$42
CLM12214,80061,Lipid panel,$57
CLM12214,36415,Blood draw,$31
CLM12215,80050,General health panel,$321
CLM12216,96910,Phototherapy treatment,$187
CLM12217,87880,Rapid strep test,$40
CLM12218,99213,Office/outpatient visit,$125
CLM12219,99214,Detailed office visit,$153
CLM12219,80050,General health panel,$305
CLM12219,36415,Blood draw,$28
CLM12220,80061,Lipid panel,$60
CLM12220,99213,Office/outpatient visit,$112
CLM12220,87070,Bacteria culture,$94
CLM12221,96415,Chemotherapy infusion additional hour,$342
CLM12221,85025,Complete blood count,$48
CLM12221,99215,Comprehensive office visit,$195
CLM12222,99213,Office/outpatient visit,$132
CLM12222,80061,Lipid panel,$55
CLM12223,94010,Spirometry,$100
CLM12223,99214,Detailed office visit,$135
CLM12224,71020,Chest X-ray,$105
CLM12225,80061,Lipid panel,$62
CLM12225,85025,Complete blood count,$48
CLM12226,90834,Psychotherapy 45 minutes,$131
CLM12227,80061,Lipid panel,$53
CLM12228,93000,EKG/ECG with interpretation,$164
CLM12229,83036,Hemoglobin A1c,$37
CLM12229,36415,Blood draw,$34
CLM12230,83036,Hemoglobin A1c,$37
CLM12230,80050,General health panel,$316
CLM12230,80053,Comprehensive metabolic panel,$70
CLM12231,80061,Lipid panel,$61
CLM12232,87070,Bacteria culture,$81
CLM12232,36415,Blood draw,$35
CLM12233,71020,Chest X-ray,$124
CLM12233,94010,Spirometry,$97
CLM12234,80061,Lipid panel,$57
CLM12234,36415,Blood draw,$35
CLM12235,99214,Detailed office visit,$131
CLM12236,90707,MMR vaccine,$85
CLM12236,90460,Immunization administration,$39
CLM12237,99214,Detailed office visit,$137
CLM12237,93306,Echocardiogram complete,$1080
CLM12238,73030,Shoulder X-ray,$132
CLM12238,20610,Major joint injection,$228
CLM12239,99214,Detailed office visit,$144
CLM12239,36415,Blood draw,$33
CLM12240,99283,ED visit moderate severity,$446
CLM12241,85025,Complete blood count,$49
CLM12242,90460,Immunization administration,$37
CLM12243,94640,Nebulizer treatment,$58
CLM12244,36415,Blood draw,$30
CLM12245,88175,Pap smear cytology,$67
CLM12245,76805,Obstetric ultrasound,$381
CLM12246,93000,EKG/ECG with interpretation,$159
CLM12246,93015,Cardiac stress test,$798
CLM12246,99214,Detailed office visit,$139
CLM12247,90460,Immunization administration,$43
CLM12248,85025,Complete blood count,$48
CLM12249,99213,Office/outpatient visit,$125
CLM12250,93000,EKG/ECG with interpretation,$165
CLM12251,87070,Bacteria culture,$88
CLM12251,80061,Lipid panel,$51
CLM12252,83036,Hemoglobin A1c,$43
CLM12252,99214,Detailed office visit,$147
CLM12253,90791,Psychiatric diagnostic evaluation,$257
CLM12254,36415,Blood draw,$31
CLM12255,99214,Detailed office visit,$124
CLM12256,71020,Chest X-ray,$115
CLM12256,93000,EKG/ECG with interpretation,$148
CLM12257,88175,Pap smear cytology,$81
CLM12257,76805,Obstetric ultrasound,$407
CLM12257,59400,Routine obstetric care,$4034
CLM12258,77385,IMRT radiation treatment,$2679
CLM12258,85025,Complete blood count,$47
CLM12259,99214,Detailed office visit,$141
CLM12259,36415,Blood draw,$35
CLM12259,83036,Hemoglobin A1c,$38
CLM12260,99214,Detailed office visit,$153
CLM12261,20610,Major joint injection,$229
CLM12262,36415,Blood draw,$34
CLM12263,99285,ED visit high severity,$1376
CLM12264,90791,Psychiatric diagnostic evaluation,$291
CLM12264,90837,Psychotherapy 60 minutes,$188
CLM12265,83036,Hemoglobin A1c,$46
CLM12265,82947,Glucose test,$29
CLM12265,36415,Blood draw,$28
CLM12266,20610,Major joint injection,$258
CLM12267,99214,Detailed office visit,$120
CLM12267,93000,EKG/ECG with interpretation,$158
CLM12268,93000,EKG/ECG with interpretation,$156
CLM12268,83036,Hemoglobin A1c,$40
CLM12269,96415,Chemotherapy infusion additional hour,$335
CLM12270,93015,Cardiac stress test,$890
CLM12271,99214,Detailed office visit,$134
CLM12271,93458,Cardiac catheterization,$4478
CLM12272,90707,MMR vaccine,$87
CLM12273,96910,Phototherapy treatment,$171
CLM12274,99213,Office/outpatient visit,$126
CLM12274,17000,Destruction of skin lesion,$108
CLM12275,76805,Obstetric ultrasound,$405
CLM12275,88175,Pap smear cytology,$71
CLM12275,59400,Routine obstetric care,$3645
CLM12276,99214,Detailed office visit,$118
CLM12276,93458,Cardiac catheterization,$5135
CLM12277,36415,Blood draw,$33
CLM12278,36415,Blood draw,$28
CLM12279,93458,Cardiac catheterization,$4537
CLM12279,93306,Echocardiogram complete,$1097
CLM12280,83036,Hemoglobin A1c,$37
CLM12280,36415,Blood draw,$34
CLM12281,83036,Hemoglobin A1c,$47
CLM12282,94640,Nebulizer treatment,$45
CLM12283,99214,Detailed office visit,$134
CLM12284,70450,CT head without contrast,$937
CLM12284,93000,EKG/ECG with interpretation,$155
CLM12285,99214,Detailed office visit,$128
CLM12285,99213,Office/outpatient visit,$126
CLM12285,87070,Bacteria culture,$80
CLM12286,84443,TSH test,$61
CLM12287,88175,Pap smear cytology,$79
CLM12288,99214,Detailed office visit,$139
CLM12289,84443,TSH test,$53
CLM12290,36415,Blood draw,$29
CLM12291,93000,EKG/ECG with interpretation,$142
CLM12291,80053,Comprehensive metabolic panel,$57
CLM12292,99214,Detailed office visit,$142
CLM12293,83036,Hemoglobin A1c,$45
CLM12293,80050,General health panel,$310
CLM12293,80053,Comprehensive metabolic panel,$56
CLM12294,93000,EKG/ECG with interpretation,$136
CLM12294,99214,Detailed office visit,$140
CLM12295,36415,Blood draw,$35
CLM12295,99214,Detailed office visit,$143
CLM12295,93000,EKG/ECG with interpretation,$163
CLM12296,93306,Echocardiogram complete,$1255
CLM12297,73030,Shoulder X-ray,$128
CLM12297,20610,Major joint injection,$238
CLM12298,90791,Psychiatric diagnostic evaluation,$266
CLM12299,36415,Blood draw,$34
CLM12300,20610,Major joint injection,$242
CLM12301,99214,Detailed office visit,$127
CLM12302,70450,CT head without contrast,$916
CLM12303,36415,Blood draw,$32
CLM12303,99213,Office/outpatient visit,$138
CLM12304,87070,Bacteria culture,$85
CLM12304,99214,Detailed office visit,$141
CLM12305,85025,Complete blood count,$44
CLM12306,99213,Office/outpatient visit,$135
CLM12306,73030,Shoulder X-ray,$111
CLM12307,85025,Complete blood count,$49
CLM12307,71020,Chest X-ray,$113
CLM12308,17000,Destruction of skin lesion,$138
CLM12309,99214,Detailed office visit,$130
CLM12310,80053,Comprehensive metabolic panel,$69
CLM12311,94640,Nebulizer treatment,$59
CLM12311,94010,Spirometry,$92
CLM12312,93306,Echocardiogram complete,$1089
CLM12313,90707,MMR vaccine,$104
CLM12314,87880,Rapid strep test,$33
CLM12314,90460,Immunization administration,$41
CLM12314,99213,Office/outpatient visit,$135
CLM12315,80050,General health panel,$314
CLM12316,99283,ED visit moderate severity,$528
CLM12317,83036,Hemoglobin A1c,$41
CLM12317,36415,Blood draw,$32
CLM12318,99214,Detailed office visit,$128
CLM12319,71020,Chest X-ray,$117
CLM12320,93000,EKG/ECG with interpretation,$165
CLM12321,99214,Detailed office visit,$133
CLM12321,80050,General health panel,$294
CLM12322,80053,Comprehensive metabolic panel,$55
CLM12322,83036,Hemoglobin A1c,$47
CLM12323,93000,EKG/ECG with interpretation,$145
CLM12324,36415,Blood draw,$31
CLM12325,99214,Detailed office visit,$132
CLM12326,93000,EKG/ECG with interpretation,$155
CLM12326,99214,Detailed office visit,$142
CLM12326,93306,Echocardiogram complete,$1369
CLM12327,80050,General health panel,$274
CLM12327,99214,Detailed office visit,$119
CLM12328,73721,MRI knee,$1462
CLM12329,99214,Detailed office visit,$144
CLM12330,99213,Office/outpatient visit,$120
CLM12331,93000,EKG/ECG with interpretation,$164
CLM12331,99214,Detailed office visit,$122
CLM12332,96910,Phototherapy treatment,$171
CLM12333,17000,Destruction of skin lesion,$109
CLM12333,99213,Office/outpatient visit,$136
CLM12334,99213,Office/outpatient visit,$121
CLM12335,11102,Skin biopsy,$184
CLM12335,99213,Office/outpatient visit,$121
CLM12335,17000,Destruction of skin lesion,$139
CLM12336,99214,Detailed office visit,$130
CLM12336,90791,Psychiatric diagnostic evaluation,$266
CLM12336,90834,Psychotherapy 45 minutes,$140
CLM12337,36415,Blood draw,$34
CLM12338,87880,Rapid strep test,$32
CLM12339,77385,IMRT radiation treatment,$2241
CLM12339,85025,Complete blood count,$47
CLM12340,73030,Shoulder X-ray,$134
CLM12341,71020,Chest X-ray,$107
CLM12341,85025,Complete blood count,$50
CLM12341,99213,Office/outpatient visit,$137
CLM12342,99214,Detailed office visit,$147
CLM12343,87070,Bacteria culture,$79
CLM12343,99213,Office/outpatient visit,$139
CLM12344,93015,Cardiac stress test,$910
CLM12344,99214,Detailed office visit,$153
CLM12344,93000,EKG/ECG with interpretation,$140
CLM12345,36415,Blood draw,$33
CLM12346,36415,Blood draw,$27
CLM12347,99214,Detailed office visit,$120
CLM12347,93000,EKG/ECG with interpretation,$161
CLM12348,99215,Comprehensive office visit,$194
CLM12349,71020,Chest X-ray,$124
CLM12349,80061,Lipid panel,$59
CLM12350,85025,Complete blood count,$48
CLM12351,99214,Detailed office visit,$120
CLM12352,99214,Detailed office visit,$140
CLM12353,87070,Bacteria culture,$78
CLM12354,90837,Psychotherapy 60 minutes,$201
CLM12355,73721,MRI knee,$1492
CLM12355,29881,Knee arthroscopy,$5015
CLM12356,96910,Phototherapy treatment,$154
CLM12357,99285,ED visit high severity,$1157
CLM12357,71020,Chest X-ray,$125
CLM12358,80053,Comprehensive metabolic panel,$61
CLM12358,36415,Blood draw,$33
CLM12359,94640,Nebulizer treatment,$47
CLM12360,90834,Psychotherapy 45 minutes,$146
CLM12360,99214,Detailed office visit,$125
CLM12361,36415,Blood draw,$28
CLM12362,87070,Bacteria culture,$77
CLM12362,36415,Blood draw,$30
CLM12362,99214,Detailed office visit,$129
CLM12363,80061,Lipid panel,$56
CLM12364,99214,Detailed office visit,$140
CLM12364,93015,Cardiac stress test,$882
CLM12365,80061,Lipid panel,$58
CLM12365,85025,Complete blood count,$50
CLM12366,96910,Phototherapy treatment,$178
CLM12366,17000,Destruction of skin lesion,$123
CLM12366,11102,Skin biopsy,$210
CLM12367,87070,Bacteria culture,$94
CLM12367,80061,Lipid panel,$59
CLM12368,93000,EKG/ECG with interpretation,$175
CLM12368,71020,Chest X-ray,$129
CLM12368,99283,ED visit moderate severity,$515
CLM12369,99213,Office/outpatient visit,$120
CLM12370,87070,Bacteria culture,$81
CLM12371,99214,Detailed office visit,$136
CLM12371,93015,Cardiac stress test,$976
CLM12371,93000,EKG/ECG with interpretation,$168
CLM12372,36415,Blood draw,$27
CLM12372,80061,Lipid panel,$62
CLM12373,99213,Office/outpatient visit,$134
CLM12373,73030,Shoulder X-ray,$111
CLM12373,20610,Major joint injection,$292
CLM12374,90707,MMR vaccine,$89
CLM12375,99214,Detailed office visit,$136
CLM12375,36415,Blood draw,$34
CLM12376,70450,CT head without contrast,$1052
CLM12377,85025,Complete blood count,$47
CLM12378,93000,EKG/ECG with interpretation,$139
CLM12379,99214,Detailed office visit,$153
CLM12380,90460,Immunization administration,$40
CLM12380,87880,Rapid strep test,$32
CLM12381,99215,Comprehensive office visit,$217
CLM12382,36415,Blood draw,$33
CLM12383,20610,Major joint injection,$231
CLM12383,73030,Shoulder X-ray,$131
CLM12384,73030,Shoulder X-ray,$141
CLM12385,36415,Blood draw,$30
CLM12385,83036,Hemoglobin A1c,$44
CLM12386,99213,Office/outpatient visit,$122
CLM12387,99214,Detailed office visit,$117
CLM12388,99215,Comprehensive office visit,$205
CLM12389,80050,General health panel,$326
CLM12389,99214,Detailed office visit,$147
CLM12390,83036,Hemoglobin A1c,$47
CLM12391,99213,Office/outpatient visit,$124
CLM12392,99214,Detailed office visit,$149
CLM12392,88175,Pap smear cytology,$68
CLM12393,84443,TSH test,$52
CLM12393,36415,Blood draw,$31
CLM12394,93015,Cardiac stress test,$789
CLM12395,93000,EKG/ECG with interpretation,$142
CLM12396,80061,Lipid panel,$52
CLM12397,71020,Chest X-ray,$113
CLM12398,90460,Immunization administration,$38
CLM12398,90707,MMR vaccine,$91
CLM12398,99392,Preventive visit age 1-4,$208
CLM12399,36415,Blood draw,$32
CLM12400,93000,EKG/ECG with interpretation,$168
CLM12401,36415,Blood draw,$33
CLM12401,71020,Chest X-ray,$118
CLM12402,87070,Bacteria culture,$75
CLM12403,80061,Lipid panel,$50
CLM12403,71020,Chest X-ray,$102
CLM12404,99213,Office/outpatient visit,$109
CLM12405,99392,Preventive visit age 1-4,$187
CLM12406,11102,Skin biopsy,$204
CLM12407,93000,EKG/ECG with interpretation,$166
CLM12407,99214,Detailed office visit,$149
CLM12408,80061,Lipid panel,$62
CLM12409,94010,Spirometry,$105
CLM12410,99213,Office/outpatient visit,$130
CLM12411,71020,Chest X-ray,$115
CLM12411,87070,Bacteria culture,$92
CLM12412,96415,Chemotherapy infusion additional hour,$317
CLM12413,99214,Detailed office visit,$118
CLM12414,93000,EKG/ECG with interpretation,$137
CLM12415,85025,Complete blood count,$47
CLM12416,99214,Detailed office visit,$136
CLM12417,11102,Skin biopsy,$172
CLM12417,96910,Phototherapy treatment,$151
CLM12418,99214,Detailed office visit,$128
CLM12418,90837,Psychotherapy 60 minutes,$193
CLM12418,90834,Psychotherapy 45 minutes,$148
CLM12419,99213,Office/outpatient visit,$141
CLM12420,99213,Office/outpatient visit,$111
CLM12421,99213,Office/outpatient visit,$112
CLM12422,17000,Destruction of skin lesion,$124
CLM12422,11102,Skin biopsy,$199
CLM12423,99214,Detailed office visit,$140
CLM12423,85025,Complete blood count,$51
CLM12424,71020,Chest X-ray,$116
CLM12424,93000,EKG/ECG with interpretation,$167
CLM12425,70450,CT head without contrast,$831
CLM12426,36415,Blood draw,$28
CLM12426,71020,Chest X-ray,$109
CLM12427,93000,EKG/ECG with interpretation,$156
CLM12428,88175,Pap smear cytology,$82
CLM12429,82947,Glucose test,$26
CLM12429,83036,Hemoglobin A1c,$39
CLM12429,36415,Blood draw,$27
CLM12430,99213,Office/outpatient visit,$116
CLM12431,90791,Psychiatric diagnostic evaluation,$227
CLM12431,90834,Psychotherapy 45 minutes,$161
CLM12432,99214,Detailed office visit,$138
CLM12432,93015,Cardiac stress test,$997
CLM12433,93000,EKG/ECG with interpretation,$163
CLM12434,87070,Bacteria culture,$86
CLM12435,73030,Shoulder X-ray,$124
CLM12435,29881,Knee arthroscopy,$5780
CLM12435,99213,Office/outpatient visit,$140
CLM12436,80050,General health panel,$306
CLM12437,99215,Comprehensive office visit,$206
CLM12438,73030,Shoulder X-ray,$133
CLM12439,93000,EKG/ECG with interpretation,$136
CLM12440,11102,Skin biopsy,$187
CLM12440,99213,Office/outpatient visit,$115
CLM12441,99213,Office/outpatient visit,$114
CLM12442,36415,Blood draw,$27
CLM12442,80053,Comprehensive metabolic panel,$69
CLM12443,36415,Blood draw,$33
CLM12443,80061,Lipid panel,$59
CLM12443,87070,Bacteria culture,$80
CLM12444,99215,Comprehensive office visit,$191
CLM12445,99214,Detailed office visit,$137
CLM12445,94640,Nebulizer treatment,$53
CLM12445,94010,Spirometry,$102
CLM12446,99214,Detailed office visit,$132
CLM12447,87880,Rapid strep test,$34
CLM12447,90707,MMR vaccine,$83
CLM12448,70450,CT head without contrast,$957
CLM12449,99213,Office/outpatient visit,$130
CLM12450,99214,Detailed office visit,$123
CLM12451,90460,Immunization administration,$36
CLM12452,96415,Chemotherapy infusion additional hour,$319
CLM12452,77385,IMRT radiation treatment,$2737
CLM12452,85025,Complete blood count,$52
CLM12453,73030,Shoulder X-ray,$124
CLM12453,99213,Office/outpatient visit,$134
CLM12453,20610,Major joint injection,$287
CLM12454,93000,EKG/ECG with interpretation,$156
CLM12455,71020,Chest X-ray,$119
CLM12456,96413,Chemotherapy infusion first hour,$1051
CLM12456,99215,Comprehensive office visit,$189
CLM12456,96415,Chemotherapy infusion additional hour,$362
CLM12457,99213,Office/outpatient visit,$135
CLM12457,87880,Rapid strep test,$36
CLM12458,85025,Complete blood count,$48
CLM12459,99285,ED visit high severity,$1407
CLM12460,71020,Chest X-ray,$114
CLM12461,94010,Spirometry,$105
CLM12462,90707,MMR vaccine,$92
CLM12462,87880,Rapid strep test,$38
CLM12463,99214,Detailed office visit,$141
CLM12464,99214,Detailed office visit,$126
CLM12464,90837,Psychotherapy 60 minutes,$197
CLM12465,90834,Psychotherapy 45 minutes,$140
CLM12465,90837,Psychotherapy 60 minutes,$210
CLM12466,17000,Destruction of skin lesion,$134
CLM12466,99213,Office/outpatient visit,$138
CLM12467,36415,Blood draw,$33
CLM12467,87070,Bacteria culture,$90
CLM12468,70450,CT head without contrast,$967
CLM12468,71020,Chest X-ray,$121
CLM12469,99213,Office/outpatient visit,$108
CLM12470,93000,EKG/ECG with interpretation,$141
CLM12471,99214,Detailed office visit,$123
CLM12472,36415,Blood draw,$34
CLM12473,87070,Bacteria culture,$76
CLM12473,80061,Lipid panel,$58
CLM12474,36415,Blood draw,$28
CLM12474,80061,Lipid panel,$50
CLM12475,93000,EKG/ECG with interpretation,$140
CLM12475,83036,Hemoglobin A1c,$44
CLM12475,80050,General health panel,$292
CLM12476,85025,Complete blood count,$49
CLM12477,85025,Complete blood count,$48
CLM12478,93015,Cardiac stress test,$891
CLM12479,17000,Destruction of skin lesion,$134
CLM12480,17000,Destruction of skin lesion,$131
CLM12481,99214,Detailed office visit,$125
CLM12481,93000,EKG/ECG with interpretation,$139
CLM12482,96910,Phototherapy treatment,$154
CLM12482,17000,Destruction of skin lesion,$131
CLM12483,93306,Echocardiogram complete,$1277
CLM12483,93015,Cardiac stress test,$948
CLM12484,93000,EKG/ECG with interpretation,$158
CLM12485,90834,Psychotherapy 45 minutes,$154
CLM12486,93000,EKG/ECG with interpretation,$169
CLM12486,99214,Detailed office visit,$120
CLM12487,36415,Blood draw,$30
CLM12487,83036,Hemoglobin A1c,$38
CLM12487,99214,Detailed office visit,$132
CLM12488,36415,Blood draw,$31
CLM12489,93000,EKG/ECG with interpretation,$168
CLM12489,71020,Chest X-ray,$129
CLM12490,36415,Blood draw,$27
CLM12491,80053,Comprehensive metabolic panel,$65
CLM12491,99215,Comprehensive office visit,$205
CLM12492,99213,Office/outpatient visit,$128
CLM12492,87880,Rapid strep test,$39
CLM12493,76805,Obstetric ultrasound,$362
CLM12493,99214,Detailed office visit,$125
CLM12494,71020,Chest X-ray,$109
CLM12495,99213,Office/outpatient visit,$120
CLM12496,80061,Lipid panel,$50
CLM12496,36415,Blood draw,$35
CLM12497,36415,Blood draw,$32
CLM12497,80053,Comprehensive metabolic panel,$61
CLM12497,93000,EKG/ECG with interpretation,$141
CLM12498,99214,Detailed office visit,$140
CLM12499,71020,Chest X-ray,$129
CLM12499,80061,Lipid panel,$56
CLM12500,99214,Detailed office visit,$141
CLM12500,83036,Hemoglobin A1c,$43
CLM12501,90791,Psychiatric diagnostic evaluation,$274
CLM12502,99285,ED visit high severity,$1311
CLM12503,85025,Complete blood count,$51
CLM12504,87070,Bacteria culture,$75
CLM12505,36415,Blood draw,$31
CLM12505,71020,Chest X-ray,$113
CLM12506,99214,Detailed office visit,$134
CLM12507,99283,ED visit moderate severity,$524
CLM12508,80053,Comprehensive metabolic panel,$58
CLM12509,99214,Detailed office visit,$135
CLM12510,84443,TSH test,$51
CLM12511,99213,Office/outpatient visit,$116
CLM12511,73030,Shoulder X-ray,$127
CLM12512,83036,Hemoglobin A1c,$47
CLM12512,99214,Detailed office visit,$134
CLM12513,90837,Psychotherapy 60 minutes,$210
CLM12513,90834,Psychotherapy 45 minutes,$157
CLM12514,99213,Office/outpatient visit,$122
CLM12515,99214,Detailed office visit,$120
CLM12516,36415,Blood draw,$28
CLM12517,90837,Psychotherapy 60 minutes,$206
CLM12518,93000,EKG/ECG with interpretation,$176
CLM12519,93000,EKG/ECG with interpretation,$167
CLM12520,80061,Lipid panel,$55
CLM12521,70450,CT head without contrast,$828
CLM12522,99213,Office/outpatient visit,$111
CLM12522,87070,Bacteria culture,$87
CLM12523,80053,Comprehensive metabolic panel,$69
CLM12524,90460,Immunization administration,$38
CLM12525,99214,Detailed office visit,$147
CLM12526,80061,Lipid panel,$61
CLM12526,85025,Complete blood count,$48
CLM12527,93000,EKG/ECG with interpretation,$156
CLM12528,71020,Chest X-ray,$106
CLM12528,99283,ED visit moderate severity,$520
CLM12528,93000,EKG/ECG with interpretation,$157
CLM12529,99213,Office/outpatient visit,$118
CLM12530,99213,Office/outpatient visit,$111
CLM12531,71020,Chest X-ray,$105
CLM12531,36415,Blood draw,$30
CLM12532,99214,Detailed office visit,$142
CLM12532,99213,Office/outpatient visit,$141
CLM12533,80050,General health panel,$279
CLM12533,85025,Complete blood count,$52
CLM12533,99213,Office/outpatient visit,$118
CLM12534,73721,MRI knee,$1708
CLM12534,99213,Office/outpatient visit,$130
CLM12535,99215,Comprehensive office visit,$218
CLM12536,20610,Major joint injection,$265
CLM12536,73030,Shoulder X-ray,$130
CLM12537,80050,General health panel,$346
CLM12537,36415,Blood draw,$32
CLM12538,99213,Office/outpatient visit,$110
CLM12539,87880,Rapid strep test,$36
CLM12539,90707,MMR vaccine,$83
CLM12540,90834,Psychotherapy 45 minutes,$148
CLM12541,73721,MRI knee,$1393
CLM12542,99214,Detailed office visit,$120
CLM12543,93000,EKG/ECG with interpretation,$156
CLM12544,99213,Office/outpatient visit,$111
CLM12545,93000,EKG/ECG with interpretation,$150
CLM12545,99214,Detailed office visit,$124
CLM12545,93015,Cardiac stress test,$921
CLM12546,99213,Office/outpatient visit,$137
CLM12546,73030,Shoulder X-ray,$138
CLM12547,99214,Detailed office visit,$128
CLM12548,36415,Blood draw,$30
CLM12549,36415,Blood draw,$35
CLM12549,85025,Complete blood count,$48
CLM12550,94010,Spirometry,$92
CLM12550,94640,Nebulizer treatment,$53
CLM12551,99283,ED visit moderate severity,$497
CLM12551,99285,ED visit high severity,$1120
CLM12552,36415,Blood draw,$35
CLM12552,93000,EKG/ECG with interpretation,$152
CLM12553,90834,Psychotherapy 45 minutes,$142
CLM12553,90791,Psychiatric diagnostic evaluation,$259
CLM12553,90837,Psychotherapy 60 minutes,$168
CLM12554,99283,ED visit moderate severity,$503
CLM12554,93000,EKG/ECG with interpretation,$145
CLM12555,76805,Obstetric ultrasound,$375
CLM12556,80053,Comprehensive metabolic panel,$61
CLM12556,83036,Hemoglobin A1c,$44
CLM12556,36415,Blood draw,$35
CLM12557,90707,MMR vaccine,$84
CLM12558,20610,Major joint injection,$258
CLM12559,99214,Detailed office visit,$142
CLM12559,93000,EKG/ECG with interpretation,$162
CLM12560,96910,Phototherapy treatment,$172
CLM12561,36415,Blood draw,$32
CLM12561,80050,General health panel,$313
CLM12562,70450,CT head without contrast,$826
CLM12563,83036,Hemoglobin A1c,$43
CLM12563,84443,TSH test,$54
CLM12563,36415,Blood draw,$32
CLM12564,88175,Pap smear cytology,$77
CLM12565,83036,Hemoglobin A1c,$44
CLM12565,82947,Glucose test,$24
CLM12566,96910,Phototherapy treatment,$167
CLM12566,99213,Office/outpatient visit,$123
CLM12567,90707,MMR vaccine,$81
CLM12568,90791,Psychiatric diagnostic evaluation,$268
CLM12568,90837,Psychotherapy 60 minutes,$205
CLM12569,29881,Knee arthroscopy,$5760
CLM12569,20610,Major joint injection,$268
CLM12570,17000,Destruction of skin lesion,$131
CLM12571,70450,CT head without contrast,$872
CLM12572,87070,Bacteria culture,$77
CLM12573,93015,Cardiac stress test,$846
CLM12574,36415,Blood draw,$33
CLM12575,99215,Comprehensive office visit,$236
CLM12576,20610,Major joint injection,$245
CLM12576,99213,Office/outpatient visit,$112
CLM12577,36415,Blood draw,$28
CLM12577,82947,Glucose test,$25
CLM12578,71020,Chest X-ray,$104
CLM12579,99283,ED visit moderate severity,$443
CLM12579,71020,Chest X-ray,$104
CLM12580,83036,Hemoglobin A1c,$37
CLM12580,36415,Blood draw,$29
CLM12580,80053,Comprehensive metabolic panel,$62
CLM12581,80061,Lipid panel,$50
CLM12581,36415,Blood draw,$29
CLM12581,87070,Bacteria culture,$76
CLM12582,99214,Detailed office visit,$139
CLM12582,83036,Hemoglobin A1c,$43
CLM12582,80050,General health panel,$289
CLM12583,90460,Immunization administration,$40
CLM12584,93000,EKG/ECG with interpretation,$149
CLM12585,99213,Office/outpatient visit,$129
CLM12586,77385,IMRT radiation treatment,$2745
CLM12587,96415,Chemotherapy infusion additional hour,$353
CLM12588,99214,Detailed office visit,$153
CLM12588,36415,Blood draw,$33
CLM12589,36415,Blood draw,$31
CLM12589,85025,Complete blood count,$48
CLM12590,99214,Detailed office visit,$136
CLM12590,93000,EKG/ECG with interpretation,$175
CLM12591,11102,Skin biopsy,$202
CLM12591,17000,Destruction of skin lesion,$118
CLM12592,99215,Comprehensive office visit,$209
CLM12592,80053,Comprehensive metabolic panel,$66
CLM12593,99213,Office/outpatient visit,$109
CLM12594,11102,Skin biopsy,$191
CLM12595,99214,Detailed office visit,$148
CLM12596,94640,Nebulizer treatment,$46
CLM12597,73030,Shoulder X-ray,$129
CLM12597,20610,Major joint injection,$239
CLM12598,93000,EKG/ECG with interpretation,$145
CLM12599,99214,Detailed office visit,$151
CLM12600,83036,Hemoglobin A1c,$45
CLM12600,80053,Comprehensive metabolic panel,$62
CLM12601,87070,Bacteria culture,$88
CLM12602,36415,Blood draw,$32
CLM12602,80053,Comprehensive metabolic panel,$59
CLM12603,99214,Detailed office visit,$149
CLM12603,93015,Cardiac stress test,$965
CLM12604,85025,Complete blood count,$49
CLM12604,71020,Chest X-ray,$124
CLM12604,99214,Detailed office visit,$130
CLM12605,99213,Office/outpatient visit,$117
CLM12605,11102,Skin biopsy,$172
CLM12606,99214,Detailed office visit,$127
CLM12607,93000,EKG/ECG with interpretation,$157
CLM12607,99214,Detailed office visit,$144
CLM12607,93306,Echocardiogram complete,$1352
CLM12608,36415,Blood draw,$35
CLM12608,87070,Bacteria culture,$91
CLM12609,71020,Chest X-ray,$106
CLM12610,80061,Lipid panel,$54
CLM12611,80050,General health panel,$329
CLM12611,93000,EKG/ECG with interpretation,$147
CLM12611,83036,Hemoglobin A1c,$36
CLM12612,85025,Complete blood count,$48
CLM12612,77385,IMRT radiation treatment,$2699
CLM12613,99213,Office/outpatient visit,$109
CLM12614,11102,Skin biopsy,$162
CLM12614,99213,Office/outpatient visit,$127
CLM12615,93015,Cardiac stress test,$967
CLM12615,93306,Echocardiogram complete,$1248
CLM12615,99214,Detailed office visit,$133
CLM12616,71020,Chest X-ray,$110
CLM12617,99283,ED visit moderate severity,$514
CLM12618,99213,Office/outpatient visit,$109
CLM12618,11102,Skin biopsy,$207
CLM12619,83036,Hemoglobin A1c,$46
CLM12619,36415,Blood draw,$35
CLM12619,99214,Detailed office visit,$127
CLM12620,90791,Psychiatric diagnostic evaluation,$290
CLM12620,90834,Psychotherapy 45 minutes,$151
CLM12621,96415,Chemotherapy infusion additional hour,$333
CLM12622,99214,Detailed office visit,$146
CLM12623,99214,Detailed office visit,$147
CLM12624,87070,Bacteria culture,$88
CLM12624,80061,Lipid panel,$57
CLM12625,99215,Comprehensive office visit,$245
CLM12626,80061,Lipid panel,$55
CLM12627,99213,Office/outpatient visit,$134
CLM12628,90460,Immunization administration,$45
CLM12628,87880,Rapid strep test,$34
CLM12628,90707,MMR vaccine,$101
CLM12629,71020,Chest X-ray,$126
CLM12629,99214,Detailed office visit,$145
CLM12629,85025,Complete blood count,$43
CLM12630,99214,Detailed office visit,$139
CLM12630,93000,EKG/ECG with interpretation,$144
CLM12631,99214,Detailed office visit,$139
CLM12631,36415,Blood draw,$33
CLM12631,87070,Bacteria culture,$94
CLM12632,94010,Spirometry,$83
CLM12632,99214,Detailed office visit,$121
CLM12633,99214,Detailed office visit,$137
CLM12634,85025,Complete blood count,$52
CLM12634,96415,Chemotherapy infusion additional hour,$369
CLM12635,94640,Nebulizer treatment,$45
CLM12636,36415,Blood draw,$27
CLM12636,99213,Office/outpatient visit,$115
CLM12637,36415,Blood draw,$27
CLM12638,93000,EKG/ECG with interpretation,$166
CLM12638,70450,CT head without contrast,$908
CLM12638,99285,ED visit high severity,$1308
CLM12639,93015,Cardiac stress test,$894
CLM12639,93306,Echocardiogram complete,$1266
CLM12640,82947,Glucose test,$27
CLM12641,93000,EKG/ECG with interpretation,$142
CLM12642,90837,Psychotherapy 60 minutes,$168
CLM12643,99215,Comprehensive office visit,$225
CLM12643,96415,Chemotherapy infusion additional hour,$332
CLM12643,85025,Complete blood count,$52
CLM12644,70450,CT head without contrast,$918
CLM12644,71020,Chest X-ray,$100
CLM12645,90707,MMR vaccine,$102
CLM12646,17000,Destruction of skin lesion,$130
CLM12647,99213,Office/outpatient visit,$120
CLM12647,29881,Knee arthroscopy,$5978
CLM12648,90707,MMR vaccine,$96
CLM12649,93000,EKG/ECG with interpretation,$175
CLM12650,90834,Psychotherapy 45 minutes,$127
CLM12651,83036,Hemoglobin A1c,$38
CLM12651,36415,Blood draw,$27
CLM12652,71020,Chest X-ray,$122
CLM12653,99214,Detailed office visit,$149
CLM12654,87880,Rapid strep test,$34
CLM12654,90460,Immunization administration,$44
CLM12655,85025,Complete blood count,$52
CLM12656,11102,Skin biopsy,$173
CLM12657,87880,Rapid strep test,$33
CLM12658,80061,Lipid panel,$51
CLM12658,85025,Complete blood count,$46
CLM12659,99214,Detailed office visit,$119
CLM12659,90791,Psychiatric diagnostic evaluation,$254
CLM12659,90834,Psychotherapy 45 minutes,$149
CLM12660,99213,Office/outpatient visit,$140
CLM12660,90707,MMR vaccine,$98
CLM12661,80053,Comprehensive metabolic panel,$68
CLM12662,90834,Psychotherapy 45 minutes,$157
CLM12663,80053,Comprehensive metabolic panel,$67
CLM12664,93000,EKG/ECG with interpretation,$161
CLM12665,87880,Rapid strep test,$33
CLM12666,87070,Bacteria culture,$93
CLM12666,85025,Complete blood count,$44
CLM12667,70450,CT head without contrast,$856
CLM12668,87880,Rapid strep test,$34
CLM12668,99392,Preventive visit age 1-4,$170
CLM12669,80061,Lipid panel,$60
CLM12670,83036,Hemoglobin A1c,$45
CLM12671,99214,Detailed office visit,$128
CLM12671,90834,Psychotherapy 45 minutes,$141
CLM12671,90837,Psychotherapy 60 minutes,$177
CLM12672,85025,Complete blood count,$48
CLM12673,90791,Psychiatric diagnostic evaluation,$269
CLM12673,90837,Psychotherapy 60 minutes,$175
CLM12674,87070,Bacteria culture,$75
CLM12675,73721,MRI knee,$1416
CLM12676,99213,Office/outpatient visit,$129
CLM12677,20610,Major joint injection,$266
CLM12678,90460,Immunization administration,$44
CLM12679,71020,Chest X-ray,$118
CLM12680,85025,Complete blood count,$45
CLM12680,96415,Chemotherapy infusion additional hour,$349
CLM12681,83036,Hemoglobin A1c,$38
CLM12681,93000,EKG/ECG with interpretation,$136
CLM12682,36415,Blood draw,$29
CLM12682,85025,Complete blood count,$47
CLM12682,71020,Chest X-ray,$108
CLM12683,93306,Echocardiogram complete,$1219
CLM12684,73030,Shoulder X-ray,$139
CLM12684,73721,MRI knee,$1515
CLM12684,99213,Office/outpatient visit,$136
CLM12685,71020,Chest X-ray,$128
CLM12686,99214,Detailed office visit,$132
CLM12686,83036,Hemoglobin A1c,$36
CLM12687,99214,Detailed office visit,$120
CLM12688,99285,ED visit high severity,$1413
CLM12688,93000,EKG/ECG with interpretation,$149
CLM12688,99283,ED visit moderate severity,$463
CLM12689,93000,EKG/ECG with interpretation,$164
CLM12690,87070,Bacteria culture,$81
CLM12691,99213,Office/outpatient visit,$130
CLM12692,99213,Office/outpatient visit,$141
CLM12693,99213,Office/outpatient visit,$138
CLM12694,90791,Psychiatric diagnostic evaluation,$277
CLM12695,73030,Shoulder X-ray,$115
CLM12695,99213,Office/outpatient visit,$132
CLM12695,20610,Major joint injection,$247
CLM12696,88175,Pap smear cytology,$74
CLM12697,83036,Hemoglobin A1c,$37
CLM12698,93000,EKG/ECG with interpretation,$169
CLM12699,83036,Hemoglobin A1c,$46
CLM12699,93000,EKG/ECG with interpretation,$176
CLM12700,99213,Office/outpatient visit,$134
CLM12701,99214,Detailed office visit,$134
CLM12702,96910,Phototherapy treatment,$163
CLM12703,93000,EKG/ECG with interpretation,$168
CLM12704,99213,Office/outpatient visit,$135
CLM12705,36415,Blood draw,$29
CLM12706,80053,Comprehensive metabolic panel,$64
CLM12707,93000,EKG/ECG with interpretation,$138
CLM12707,83036,Hemoglobin A1c,$43
CLM12708,90460,Immunization administration,$44
CLM12708,87880,Rapid strep test,$33
CLM12709,71020,Chest X-ray,$117
CLM12709,93000,EKG/ECG with interpretation,$169
CLM12710,82947,Glucose test,$24
CLM12711,90791,Psychiatric diagnostic evaluation,$259
CLM12712,99213,Office/outpatient visit,$117
CLM12712,85025,Complete blood count,$49
CLM12713,36415,Blood draw,$28
CLM12713,83036,Hemoglobin A1c,$45
CLM12713,82947,Glucose test,$28
CLM12714,36415,Blood draw,$28
CLM12715,85025,Complete blood count,$52
CLM12716,95810,Sleep study,$1420
CLM12716,94010,Spirometry,$101
CLM12717,80053,Comprehensive metabolic panel,$66
CLM12718,99214,Detailed office visit,$148
CLM12718,93458,Cardiac catheterization,$4372
CLM12719,93000,EKG/ECG with interpretation,$138
CLM12720,99213,Office/outpatient visit,$128
CLM12721,93458,Cardiac catheterization,$4111
CLM12721,93306,Echocardiogram complete,$1206
CLM12721,93000,EKG/ECG with interpretation,$146
CLM12722,99214,Detailed office visit,$128
CLM12723,80053,Comprehensive metabolic panel,$70
CLM12723,93000,EKG/ECG with interpretation,$143
CLM12723,83036,Hemoglobin A1c,$40
CLM12724,36415,Blood draw,$30
CLM12724,83036,Hemoglobin A1c,$42
CLM12725,99214,Detailed office visit,$123
CLM12726,80053,Comprehensive metabolic panel,$70
CLM12727,96415,Chemotherapy infusion additional hour,$405
CLM12727,85025,Complete blood count,$51
CLM12727,77385,IMRT radiation treatment,$2342
CLM12728,93000,EKG/ECG with interpretation,$167
CLM12729,93000,EKG/ECG with interpretation,$157
CLM12729,99215,Comprehensive office visit,$227
CLM12730,83036,Hemoglobin A1c,$37
CLM12731,93000,EKG/ECG with interpretation,$158
CLM12731,99214,Detailed office visit,$151
CLM12732,93015,Cardiac stress test,$817
CLM12733,87070,Bacteria culture,$74
CLM12733,36415,Blood draw,$28
CLM12733,80061,Lipid panel,$55
CLM12734,99215,Comprehensive office visit,$207
CLM12734,85025,Complete blood count,$46
CLM12735,36415,Blood draw,$30
CLM12736,36415,Blood draw,$35
CLM12737,17000,Destruction of skin lesion,$113
CLM12737,11102,Skin biopsy,$178
CLM12737,99213,Office/outpatient visit,$130
CLM12738,80053,Comprehensive metabolic panel,$69
CLM12738,36415,Blood draw,$34
CLM12739,99214,Detailed office visit,$144
CLM12739,93306,Echocardiogram complete,$1162
CLM12740,71020,Chest X-ray,$112
CLM12740,87070,Bacteria culture,$88
CLM12740,99213,Office/outpatient visit,$126
CLM12741,17000,Destruction of skin lesion,$111
CLM12741,11102,Skin biopsy,$166
CLM12742,99214,Detailed office visit,$128
CLM12742,93000,EKG/ECG with interpretation,$158
CLM12743,94640,Nebulizer treatment,$52
CLM12744,80050,General health panel,$330
CLM12745,99214,Detailed office visit,$135
CLM12745,80061,Lipid panel,$62
CLM12746,99213,Office/outpatient visit,$116
CLM12746,80061,Lipid panel,$56
CLM12747,99213,Office/outpatient visit,$128
CLM12747,96910,Phototherapy treatment,$165
CLM12748,87070,Bacteria culture,$89
CLM12749,80061,Lipid panel,$61
CLM12750,80061,Lipid panel,$61
CLM12750,85025,Complete blood count,$51
CLM12750,99213,Office/outpatient visit,$128
CLM12751,36415,Blood draw,$32
CLM12752,70450,CT head without contrast,$888
CLM12752,93000,EKG/ECG with interpretation,$158
CLM12753,36415,Blood draw,$34
CLM12754,85025,Complete blood count,$48
CLM12754,99213,Office/outpatient visit,$136
CLM12755,99283,ED visit moderate severity,$445
CLM12756,85025,Complete blood count,$41
CLM12757,96910,Phototherapy treatment,$167
CLM12758,99215,Comprehensive office visit,$238
CLM12759,99213,Office/outpatient visit,$112
CLM12760,99213,Office/outpatient visit,$115
CLM12761,36415,Blood draw,$34
CLM12762,99214,Detailed office visit,$153
CLM12763,93000,EKG/ECG with interpretation,$151
CLM12764,90791,Psychiatric diagnostic evaluation,$247
CLM12765,93000,EKG/ECG with interpretation,$145
CLM12766,80053,Comprehensive metabolic panel,$69
CLM12766,83036,Hemoglobin A1c,$42
CLM12767,99214,Detailed office visit,$119
CLM12768,93000,EKG/ECG with interpretation,$142
CLM12769,93306,Echocardiogram complete,$1196
CLM12770,82947,Glucose test,$26
CLM12771,80061,Lipid panel,$59
CLM12772,96413,Chemotherapy infusion first hour,$1173
CLM12773,20610,Major joint injection,$288
CLM12774,94640,Nebulizer treatment,$56
CLM12774,71020,Chest X-ray,$105
CLM12775,93000,EKG/ECG with interpretation,$165
CLM12775,71020,Chest X-ray,$103
CLM12776,96415,Chemotherapy infusion additional hour,$372
CLM12777,99283,ED visit moderate severity,$423
CLM12778,93458,Cardiac catheterization,$4580
CLM12778,93000,EKG/ECG with interpretation,$149
CLM12778,99214,Detailed office visit,$133
CLM12779,17000,Destruction of skin lesion,$120
CLM12780,36415,Blood draw,$35
CLM12781,80061,Lipid panel,$60
CLM12781,85025,Complete blood count,$44
CLM12782,71020,Chest X-ray,$106
CLM12783,71020,Chest X-ray,$100
CLM12783,94640,Nebulizer treatment,$54
CLM12783,94010,Spirometry,$92
CLM12784,93000,EKG/ECG with interpretation,$137
CLM12784,99285,ED visit high severity,$1264
CLM12785,80053,Comprehensive metabolic panel,$66
CLM12786,17000,Destruction of skin lesion,$118
CLM12787,84443,TSH test,$62
CLM12788,99214,Detailed office visit,$118
CLM12789,17000,Destruction of skin lesion,$140
CLM12789,96910,Phototherapy treatment,$164
CLM12790,36415,Blood draw,$32
CLM12791,87070,Bacteria culture,$75
CLM12792,99214,Detailed office visit,$121
CLM12793,36415,Blood draw,$29
CLM12793,99214,Detailed office visit,$124
CLM12793,83036,Hemoglobin A1c,$36
CLM12794,80053,Comprehensive metabolic panel,$69
CLM12794,83036,Hemoglobin A1c,$46
CLM12795,87880,Rapid strep test,$33
CLM12796,93306,Echocardiogram complete,$1244
CLM12797,90791,Psychiatric diagnostic evaluation,$227
CLM12798,99285,ED visit high severity,$1377
CLM12799,71020,Chest X-ray,$110
CLM12799,87070,Bacteria culture,$86
CLM12799,80061,Lipid panel,$59
CLM12800,77385,IMRT radiation treatment,$2211
CLM12801,36415,Blood draw,$30
CLM12802,99213,Office/outpatient visit,$140
CLM12803,83036,Hemoglobin A1c,$45
CLM12803,82947,Glucose test,$29
CLM12804,80050,General health panel,$289
CLM12805,99214,Detailed office visit,$148
CLM12806,17000,Destruction of skin lesion,$117
CLM12807,99214,Detailed office visit,$138
CLM12808,94640,Nebulizer treatment,$47
CLM12809,90460,Immunization administration,$41
CLM12810,71020,Chest X-ray,$106
CLM12811,99213,Office/outpatient visit,$138
CLM12811,73721,MRI knee,$1364
CLM12812,80053,Comprehensive metabolic panel,$71
CLM12812,93000,EKG/ECG with interpretation,$148
CLM12813,71020,Chest X-ray,$120
CLM12813,94640,Nebulizer treatment,$59
CLM12814,36415,Blood draw,$30
CLM12814,99214,Detailed office visit,$144
CLM12815,99213,Office/outpatient visit,$110
CLM12816,99215,Comprehensive office visit,$201
CLM12816,85025,Complete blood count,$53
CLM12817,93458,Cardiac catheterization,$4518
CLM12818,88175,Pap smear cytology,$70
CLM12819,99392,Preventive visit age 1-4,$205
CLM12819,87880,Rapid strep test,$34
CLM12820,99213,Office/outpatient visit,$140
CLM12820,87880,Rapid strep test,$37
CLM12820,99392,Preventive visit age 1-4,$205
CLM12821,71020,Chest X-ray,$112
CLM12821,36415,Blood draw,$32
CLM12822,93000,EKG/ECG with interpretation,$139
CLM12823,90791,Psychiatric diagnostic evaluation,$285
CLM12823,90837,Psychotherapy 60 minutes,$181
CLM12824,93000,EKG/ECG with interpretation,$170
CLM12825,71020,Chest X-ray,$114
CLM12826,71020,Chest X-ray,$119
CLM12827,87880,Rapid strep test,$37
CLM12828,93015,Cardiac stress test,$890
CLM12829,99214,Detailed office visit,$118
CLM12830,85025,Complete blood count,$49
CLM12830,99215,Comprehensive office visit,$224
CLM12831,83036,Hemoglobin A1c,$45
CLM12831,82947,Glucose test,$29
CLM12832,93458,Cardiac catheterization,$4531
CLM12832,99214,Detailed office visit,$121
CLM12832,93000,EKG/ECG with interpretation,$137
CLM12833,94640,Nebulizer treatment,$56
CLM12834,20610,Major joint injection,$278
CLM12834,99213,Office/outpatient visit,$139
CLM12835,80061,Lipid panel,$65
CLM12835,36415,Blood draw,$30
CLM12836,94640,Nebulizer treatment,$59
CLM12836,94010,Spirometry,$94
CLM12836,95810,Sleep study,$1441
CLM12837,90837,Psychotherapy 60 minutes,$191
CLM12837,99214,Detailed office visit,$133
CLM12838,36415,Blood draw,$31
CLM12839,36415,Blood draw,$27
CLM12839,99213,Office/outpatient visit,$141
CLM12840,85025,Complete blood count,$42
CLM12841,36415,Blood draw,$31
CLM12841,80053,Comprehensive metabolic panel,$57
CLM12841,83036,Hemoglobin A1c,$38
CLM12842,99214,Detailed office visit,$127
CLM12843,90460,Immunization administration,$41
CLM12844,93000,EKG/ECG with interpretation,$145
CLM12844,99214,Detailed office visit,$153
CLM12845,71020,Chest X-ray,$106
CLM12846,73721,MRI knee,$1724
CLM12846,73030,Shoulder X-ray,$137
CLM12847,93000,EKG/ECG with interpretation,$170
CLM12848,93000,EKG/ECG with interpretation,$176
CLM12848,70450,CT head without contrast,$972
CLM12848,99283,ED visit moderate severity,$508
CLM12849,36415,Blood draw,$28
CLM12849,80053,Comprehensive metabolic panel,$61
CLM12850,85025,Complete blood count,$46
CLM12850,80061,Lipid panel,$53
CLM12850,99213,Office/outpatient visit,$119
CLM12851,82947,Glucose test,$24
CLM12851,84443,TSH test,$52
CLM12852,36415,Blood draw,$34
CLM12852,99214,Detailed office visit,$135
CLM12853,93000,EKG/ECG with interpretation,$163
CLM12853,99214,Detailed office visit,$120
CLM12854,99283,ED visit moderate severity,$486
CLM12854,71020,Chest X-ray,$110
CLM12855,90834,Psychotherapy 45 minutes,$146
CLM12856,99392,Preventive visit age 1-4,$197
CLM12856,87880,Rapid strep test,$35
CLM12856,90460,Immunization administration,$38
CLM12857,90834,Psychotherapy 45 minutes,$158
CLM12857,99214,Detailed office visit,$151
CLM12857,90837,Psychotherapy 60 minutes,$196
CLM12858,80053,Comprehensive metabolic panel,$67
CLM12859,99214,Detailed office visit,$142
CLM12860,99213,Office/outpatient visit,$132
CLM12860,87880,Rapid strep test,$32
CLM12861,99215,Comprehensive office visit,$202
CLM12861,36415,Blood draw,$32
CLM12861,99214,Detailed office visit,$143
CLM12862,85025,Complete blood count,$41
CLM12863,99213,Office/outpatient visit,$117
CLM12864,99214,Detailed office visit,$139
CLM12865,71020,Chest X-ray,$127
CLM12866,99214,Detailed office visit,$121
CLM12867,36415,Blood draw,$33
CLM12867,99214,Detailed office visit,$119
CLM12868,99214,Detailed office visit,$119
CLM12869,94010,Spirometry,$83
CLM12869,71020,Chest X-ray,$116
CLM12869,99214,Detailed office visit,$143
CLM12870,99214,Detailed office visit,$145
CLM12871,96910,Phototherapy treatment,$147
CLM12871,99213,Office/outpatient visit,$139
CLM12871,11102,Skin biopsy,$167
CLM12872,99214,Detailed office visit,$133
CLM12873,94640,Nebulizer treatment,$49
CLM12873,99214,Detailed office visit,$132
CLM12874,99214,Detailed office visit,$133
CLM12875,85025,Complete blood count,$48
CLM12876,99214,Detailed office visit,$120
CLM12877,71020,Chest X-ray,$102
CLM12877,93000,EKG/ECG with interpretation,$158
CLM12877,99283,ED visit moderate severity,$482
CLM12878,99215,Comprehensive office visit,$231
CLM12879,99213,Office/outpatient visit,$110
CLM12879,11102,Skin biopsy,$188
CLM12880,85025,Complete blood count,$48
CLM12881,36415,Blood draw,$35
CLM12881,99214,Detailed office visit,$151
CLM12881,80061,Lipid panel,$54
CLM12882,36415,Blood draw,$29
CLM12882,83036,Hemoglobin A1c,$46
CLM12882,99215,Comprehensive office visit,$218
CLM12883,83036,Hemoglobin A1c,$39
CLM12883,99214,Detailed office visit,$125
CLM12883,80053,Comprehensive metabolic panel,$55
CLM12884,99214,Detailed office visit,$129
CLM12885,99215,Comprehensive office visit,$193
CLM12885,96415,Chemotherapy infusion additional hour,$357
CLM12886,96413,Chemotherapy infusion first hour,$1071
CLM12886,96415,Chemotherapy infusion additional hour,$370
CLM12887,93000,EKG/ECG with interpretation,$138
CLM12888,85025,Complete blood count,$51
CLM12889,85025,Complete blood count,$44
CLM12890,99214,Detailed office visit,$138
CLM12891,85025,Complete blood count,$42
CLM12891,36415,Blood draw,$27
CLM12892,36415,Blood draw,$32
CLM12893,36415,Blood draw,$34
CLM12893,85025,Complete blood count,$46
CLM12893,87070,Bacteria culture,$78
CLM12894,99285,ED visit high severity,$1276
CLM12894,71020,Chest X-ray,$108
CLM12895,90834,Psychotherapy 45 minutes,$142
CLM12896,90834,Psychotherapy 45 minutes,$156
CLM12896,90837,Psychotherapy 60 minutes,$204
CLM12897,90791,Psychiatric diagnostic evaluation,$241
CLM12897,99214,Detailed office visit,$136
CLM12897,90837,Psychotherapy 60 minutes,$176
CLM12898,85025,Complete blood count,$45
CLM12898,96415,Chemotherapy infusion additional hour,$374
CLM12899,11102,Skin biopsy,$210
CLM12900,90791,Psychiatric diagnostic evaluation,$288
CLM12901,80053,Comprehensive metabolic panel,$58
CLM12901,93000,EKG/ECG with interpretation,$166
CLM12902,85025,Complete blood count,$49
CLM12902,99215,Comprehensive office visit,$194
CLM12903,93000,EKG/ECG with interpretation,$170
CLM12903,93458,Cardiac catheterization,$4609
CLM12904,93000,EKG/ECG with interpretation,$176
CLM12905,80061,Lipid panel,$54
CLM12905,71020,Chest X-ray,$112
CLM12906,99215,Comprehensive office visit,$219
CLM12907,90837,Psychotherapy 60 minutes,$189
CLM12908,96415,Chemotherapy infusion additional hour,$362
CLM12909,80061,Lipid panel,$61
CLM12909,85025,Complete blood count,$46
CLM12910,99214,Detailed office visit,$147
CLM12910,93306,Echocardiogram complete,$1320
CLM12911,36415,Blood draw,$33
CLM12912,99213,Office/outpatient visit,$123
CLM12913,99213,Office/outpatient visit,$111
CLM12914,83036,Hemoglobin A1c,$43
CLM12915,93306,Echocardiogram complete,$1090
CLM12915,93000,EKG/ECG with interpretation,$171
CLM12915,93015,Cardiac stress test,$939
CLM12916,87070,Bacteria culture,$80
CLM12917,85025,Complete blood count,$44
CLM12917,99214,Detailed office visit,$121
CLM12917,71020,Chest X-ray,$116
CLM12918,71020,Chest X-ray,$123
CLM12919,99213,Office/outpatient visit,$141
CLM12919,80061,Lipid panel,$57
CLM12920,71020,Chest X-ray,$121
CLM12920,99213,Office/outpatient visit,$122
CLM12920,87070,Bacteria culture,$91
CLM12921,94010,Spirometry,$84
CLM12922,99213,Office/outpatient visit,$139
CLM12923,99214,Detailed office visit,$150
CLM12923,88175,Pap smear cytology,$82
CLM12923,76805,Obstetric ultrasound,$454
CLM12924,83036,Hemoglobin A1c,$40
CLM12925,83036,Hemoglobin A1c,$43
CLM12925,84443,TSH test,$65
CLM12926,36415,Blood draw,$30
CLM12926,85025,Complete blood count,$48
CLM12927,94640,Nebulizer treatment,$46
CLM12927,94010,Spirometry,$103
CLM12928,93000,EKG/ECG with interpretation,$159
CLM12929,20610,Major joint injection,$229
CLM12929,73030,Shoulder X-ray,$116
CLM12929,29881,Knee arthroscopy,$4733
CLM12930,36415,Blood draw,$32
CLM12930,99214,Detailed office visit,$122
CLM12930,80053,Comprehensive metabolic panel,$56
CLM12931,90837,Psychotherapy 60 minutes,$184
CLM12932,88175,Pap smear cytology,$75
CLM12933,36415,Blood draw,$34
CLM12934,80061,Lipid panel,$59
CLM12934,87070,Bacteria culture,$74
CLM12935,82947,Glucose test,$26
CLM12936,73030,Shoulder X-ray,$135
CLM12937,85025,Complete blood count,$51
CLM12938,80050,General health panel,$314
CLM12938,36415,Blood draw,$27
CLM12939,99213,Office/outpatient visit,$119
CLM12940,90837,Psychotherapy 60 minutes,$173
CLM12940,90834,Psychotherapy 45 minutes,$148
CLM12941,93306,Echocardiogram complete,$1186
CLM12942,29881,Knee arthroscopy,$5517
CLM12943,99213,Office/outpatient visit,$136
CLM12943,17000,Destruction of skin lesion,$124
CLM12944,85025,Complete blood count,$43
CLM12945,83036,Hemoglobin A1c,$42
CLM12945,80053,Comprehensive metabolic panel,$64
CLM12945,36415,Blood draw,$30
CLM12946,99214,Detailed office visit,$143
CLM12946,90834,Psychotherapy 45 minutes,$137
CLM12947,84443,TSH test,$51
CLM12948,99214,Detailed office visit,$136
CLM12948,36415,Blood draw,$30
CLM12948,80053,Comprehensive metabolic panel,$65
CLM12949,80053,Comprehensive metabolic panel,$62
CLM12949,93000,EKG/ECG with interpretation,$135
CLM12950,90707,MMR vaccine,$104
CLM12950,90460,Immunization administration,$46
CLM12951,80061,Lipid panel,$60
CLM12952,29881,Knee arthroscopy,$5615
CLM12953,99214,Detailed office visit,$142
CLM12954,96415,Chemotherapy infusion additional hour,$326
CLM12955,99213,Office/outpatient visit,$123
CLM12955,96910,Phototherapy treatment,$166
CLM12956,99214,Detailed office visit,$127
CLM12956,93015,Cardiac stress test,$856
CLM12957,73030,Shoulder X-ray,$125
CLM12958,99213,Office/outpatient visit,$124
CLM12958,80061,Lipid panel,$64
CLM12958,85025,Complete blood count,$42
CLM12959,85025,Complete blood count,$46
CLM12960,99215,Comprehensive office visit,$190
CLM12960,85025,Complete blood count,$43
CLM12961,99214,Detailed office visit,$139
CLM12962,99283,ED visit moderate severity,$455
CLM12962,93000,EKG/ECG with interpretation,$170
CLM12962,71020,Chest X-ray,$108
CLM12963,88175,Pap smear cytology,$72
CLM12964,90707,MMR vaccine,$82
CLM12964,90460,Immunization administration,$40
CLM12964,87880,Rapid strep test,$41
CLM12965,99213,Office/outpatient visit,$116
CLM12966,93000,EKG/ECG with interpretation,$165
CLM12966,80053,Comprehensive metabolic panel,$67
CLM12967,80061,Lipid panel,$50
CLM12967,85025,Complete blood count,$42
CLM12968,85025,Complete blood count,$42
CLM12968,99215,Comprehensive office visit,$204
CLM12969,94640,Nebulizer treatment,$48
CLM12969,94010,Spirometry,$99
CLM12969,71020,Chest X-ray,$112
CLM12970,96413,Chemotherapy infusion first hour,$1251
CLM12970,99215,Comprehensive office visit,$233
CLM12971,93000,EKG/ECG with interpretation,$166
CLM12971,71020,Chest X-ray,$128
CLM12972,90834,Psychotherapy 45 minutes,$157
CLM12972,90791,Psychiatric diagnostic evaluation,$263
CLM12973,11102,Skin biopsy,$172
CLM12974,94010,Spirometry,$82
CLM12975,36415,Blood draw,$34
CLM12976,99215,Comprehensive office visit,$243
CLM12976,93000,EKG/ECG with interpretation,$165
CLM12977,99213,Office/outpatient visit,$125
CLM12977,73030,Shoulder X-ray,$140
CLM12977,29881,Knee arthroscopy,$4758
CLM12978,93000,EKG/ECG with interpretation,$169
CLM12978,93458,Cardiac catheterization,$4163
CLM12979,94640,Nebulizer treatment,$48
CLM12980,99214,Detailed office visit,$120
CLM12980,93000,EKG/ECG with interpretation,$167
CLM12981,80050,General health panel,$275
CLM12982,73030,Shoulder X-ray,$139
CLM12983,90837,Psychotherapy 60 minutes,$177
CLM12984,99213,Office/outpatient visit,$113
CLM12985,99215,Comprehensive office visit,$231
CLM12986,93000,EKG/ECG with interpretation,$141
CLM12986,70450,CT head without contrast,$923
CLM12986,71020,Chest X-ray,$109
CLM12987,93000,EKG/ECG with interpretation,$172
CLM12988,93015,Cardiac stress test,$772
CLM12989,90834,Psychotherapy 45 minutes,$157
CLM12990,36415,Blood draw,$28
CLM12990,99215,Comprehensive office visit,$222
CLM12991,83036,Hemoglobin A1c,$40
CLM12991,93000,EKG/ECG with interpretation,$175
CLM12991,80050,General health panel,$326
CLM12992,99215,Comprehensive office visit,$223
CLM12992,96415,Chemotherapy infusion additional hour,$408
CLM12993,71020,Chest X-ray,$116
CLM12993,94640,Nebulizer treatment,$52
CLM12993,95810,Sleep study,$1447
CLM12994,36415,Blood draw,$29
CLM12995,87880,Rapid strep test,$41
CLM12996,80061,Lipid panel,$64
CLM12997,93000,EKG/ECG with interpretation,$153
CLM12997,93306,Echocardiogram complete,$1326
CLM12998,83036,Hemoglobin A1c,$46
CLM12998,36415,Blood draw,$29
CLM12999,73030,Shoulder X-ray,$123
CLM13000,83036,Hemoglobin A1c,$40
CLM13001,71020,Chest X-ray,$112
CLM13002,99213,Office/outpatient visit,$120
CLM13003,99214,Detailed office visit,$137
CLM13003,93015,Cardiac stress test,$934
CLM13003,93000,EKG/ECG with interpretation,$142
CLM13004,99214,Detailed office visit,$144
CLM13004,90834,Psychotherapy 45 minutes,$145
CLM13005,85025,Complete blood count,$41
CLM13005,80061,Lipid panel,$50
CLM13006,93000,EKG/ECG with interpretation,$139
CLM13007,93015,Cardiac stress test,$910
CLM13007,93000,EKG/ECG with interpretation,$153
CLM13007,99214,Detailed office visit,$141
CLM13008,99213,Office/outpatient visit,$139
CLM13008,17000,Destruction of skin lesion,$133
CLM13009,80053,Comprehensive metabolic panel,$63
CLM13010,85025,Complete blood count,$50
CLM13011,36415,Blood draw,$33
CLM13011,99214,Detailed office visit,$121
CLM13012,83036,Hemoglobin A1c,$45
CLM13012,99215,Comprehensive office visit,$207
CLM13013,87880,Rapid strep test,$39
CLM13014,83036,Hemoglobin A1c,$37
CLM13015,99214,Detailed office visit,$148
CLM13016,94640,Nebulizer treatment,$46
CLM13016,99214,Detailed office visit,$119
CLM13016,94010,Spirometry,$82
CLM13017,99213,Office/outpatient visit,$109
CLM13018,85025,Complete blood count,$41
CLM13019,83036,Hemoglobin A1c,$41
CLM13020,90460,Immunization administration,$47
CLM13021,99215,Comprehensive office visit,$227
CLM13022,71020,Chest X-ray,$113
CLM13022,93000,EKG/ECG with interpretation,$169
CLM13023,17000,Destruction of skin lesion,$116
CLM13024,87070,Bacteria culture,$91
CLM13024,80061,Lipid panel,$56
CLM13024,85025,Complete blood count,$49
CLM13025,99214,Detailed office visit,$127
CLM13026,90834,Psychotherapy 45 minutes,$162
CLM13026,99214,Detailed office visit,$119
CLM13027,36415,Blood draw,$32
CLM13028,93000,EKG/ECG with interpretation,$145
CLM13029,59400,Routine obstetric care,$3343
CLM13029,99214,Detailed office visit,$125
CLM13030,96413,Chemotherapy infusion first hour,$1087
CLM13030,85025,Complete blood count,$41
CLM13031,94640,Nebulizer treatment,$47
CLM13031,71020,Chest X-ray,$100
CLM13031,99214,Detailed office visit,$144
CLM13032,71020,Chest X-ray,$123
CLM13033,94010,Spirometry,$81
CLM13033,99214,Detailed office visit,$145
CLM13034,80050,General health panel,$296
CLM13034,36415,Blood draw,$31
CLM13034,99214,Detailed office visit,$132
CLM13035,93000,EKG/ECG with interpretation,$161
CLM13036,99214,Detailed office visit,$143
CLM13037,82947,Glucose test,$26
CLM13037,83036,Hemoglobin A1c,$42
CLM13037,99214,Detailed office visit,$138
CLM13038,99214,Detailed office visit,$141
CLM13038,36415,Blood draw,$35
CLM13039,73030,Shoulder X-ray,$122
CLM13040,99214,Detailed office visit,$127
CLM13040,36415,Blood draw,$35
CLM13041,80053,Comprehensive metabolic panel,$66
CLM13042,93000,EKG/ECG with interpretation,$168
CLM13042,99214,Detailed office visit,$135
CLM13043,99213,Office/outpatient visit,$120
CLM13043,90707,MMR vaccine,$94
CLM13044,82947,Glucose test,$24
CLM13044,99214,Detailed office visit,$117
CLM13044,83036,Hemoglobin A1c,$36
CLM13045,36415,Blood draw,$34
CLM13045,80050,General health panel,$303
CLM13046,90460,Immunization administration,$38
CLM13046,99392,Preventive visit age 1-4,$193
CLM13046,99213,Office/outpatient visit,$135
CLM13047,73721,MRI knee,$1642
CLM13048,94010,Spirometry,$106
CLM13049,93000,EKG/ECG with interpretation,$153
CLM13049,99214,Detailed office visit,$118
CLM13050,94010,Spirometry,$82
CLM13050,99214,Detailed office visit,$129
CLM13051,71020,Chest X-ray,$117
CLM13051,70450,CT head without contrast,$857
CLM13051,93000,EKG/ECG with interpretation,$161
CLM13052,93000,EKG/ECG with interpretation,$142
CLM13053,84443,TSH test,$50
CLM13053,36415,Blood draw,$32
CLM13054,87070,Bacteria culture,$76
CLM13055,11102,Skin biopsy,$203
CLM13055,99213,Office/outpatient visit,$123
CLM13055,96910,Phototherapy treatment,$182
CLM13056,96910,Phototherapy treatment,$180
CLM13057,73030,Shoulder X-ray,$112
CLM13058,80061,Lipid panel,$55
CLM13059,93000,EKG/ECG with interpretation,$138
CLM13060,80053,Comprehensive metabolic panel,$59
CLM13061,83036,Hemoglobin A1c,$47
CLM13061,36415,Blood draw,$34
CLM13062,36415,Blood draw,$27
CLM13063,90834,Psychotherapy 45 minutes,$134
CLM13063,90837,Psychotherapy 60 minutes,$197
CLM13064,99214,Detailed office visit,$150
CLM13065,99214,Detailed office visit,$118
CLM13066,99214,Detailed office visit,$148
CLM13067,93458,Cardiac catheterization,$4530
CLM13068,94640,Nebulizer treatment,$49
CLM13069,99213,Office/outpatient visit,$120
CLM13070,96910,Phototherapy treatment,$158
CLM13071,93000,EKG/ECG with interpretation,$167
CLM13071,99214,Detailed office visit,$133
CLM13072,96910,Phototherapy treatment,$147
CLM13073,83036,Hemoglobin A1c,$43
CLM13074,73030,Shoulder X-ray,$133
CLM13074,20610,Major joint injection,$262
CLM13074,99213,Office/outpatient visit,$127
CLM13075,36415,Blood draw,$28
CLM13075,99213,Office/outpatient visit,$137
CLM13076,99283,ED visit moderate severity,$525
CLM13077,82947,Glucose test,$28
CLM13077,83036,Hemoglobin A1c,$47
CLM13078,80053,Comprehensive metabolic panel,$60
CLM13078,80050,General health panel,$349
CLM13079,83036,Hemoglobin A1c,$38
CLM13079,36415,Blood draw,$35
CLM13080,71020,Chest X-ray,$126
CLM13081,83036,Hemoglobin A1c,$41
CLM13082,85025,Complete blood count,$46
CLM13082,96415,Chemotherapy infusion additional hour,$331
CLM13082,77385,IMRT radiation treatment,$2173
CLM13083,93000,EKG/ECG with interpretation,$157
CLM13083,99214,Detailed office visit,$135
CLM13084,29881,Knee arthroscopy,$5272
CLM13085,93306,Echocardiogram complete,$1126
CLM13085,93000,EKG/ECG with interpretation,$176
CLM13085,99214,Detailed office visit,$121
CLM13086,83036,Hemoglobin A1c,$44
CLM13087,80061,Lipid panel,$57
CLM13088,80053,Comprehensive metabolic panel,$71
CLM13088,83036,Hemoglobin A1c,$37
CLM13089,99214,Detailed office visit,$129
CLM13089,94010,Spirometry,$100
CLM13089,94640,Nebulizer treatment,$47
CLM13090,93000,EKG/ECG with interpretation,$157
CLM13091,99213,Office/outpatient visit,$141
CLM13091,71020,Chest X-ray,$120
CLM13092,85025,Complete blood count,$46
CLM13093,95810,Sleep study,$1434
CLM13093,99214,Detailed office visit,$132
CLM13094,99213,Office/outpatient visit,$128
CLM13094,85025,Complete blood count,$52
CLM13095,93000,EKG/ECG with interpretation,$154
CLM13095,99214,Detailed office visit,$138
CLM13095,93015,Cardiac stress test,$878
CLM13096,96910,Phototherapy treatment,$177
CLM13096,17000,Destruction of skin lesion,$128
CLM13097,80061,Lipid panel,$55
CLM13097,85025,Complete blood count,$49
CLM13098,90791,Psychiatric diagnostic evaluation,$262
CLM13098,90834,Psychotherapy 45 minutes,$138
CLM13099,96910,Phototherapy treatment,$164
CLM13100,71020,Chest X-ray,$112
CLM13100,94010,Spirometry,$91
CLM13101,90460,Immunization administration,$45
CLM13101,87880,Rapid strep test,$41
CLM13101,90707,MMR vaccine,$85
CLM13102,94640,Nebulizer treatment,$47
CLM13103,73030,Shoulder X-ray,$129
CLM13104,70450,CT head without contrast,$848
CLM13104,71020,Chest X-ray,$112
CLM13105,90460,Immunization administration,$38
CLM13106,87880,Rapid strep test,$37
CLM13106,90707,MMR vaccine,$99
CLM13106,99213,Office/outpatient visit,$137
CLM13107,20610,Major joint injection,$253
CLM13108,85025,Complete blood count,$44
CLM13109,99213,Office/outpatient visit,$135
CLM13109,73030,Shoulder X-ray,$131
CLM13110,73030,Shoulder X-ray,$119
CLM13111,83036,Hemoglobin A1c,$39
CLM13112,93000,EKG/ECG with interpretation,$138
CLM13113,83036,Hemoglobin A1c,$44
CLM13113,99214,Detailed office visit,$149
CLM13114,93015,Cardiac stress test,$773
CLM13114,93000,EKG/ECG with interpretation,$156
CLM13115,93000,EKG/ECG with interpretation,$166
CLM13116,85025,Complete blood count,$46
CLM13116,99213,Office/outpatient visit,$139
CLM13117,96413,Chemotherapy infusion first hour,$1175
CLM13118,99215,Comprehensive office visit,$205
CLM13118,83036,Hemoglobin A1c,$39
CLM13118,80053,Comprehensive metabolic panel,$70
CLM13119,90460,Immunization administration,$37
CLM13120,73030,Shoulder X-ray,$124
CLM13120,29881,Knee arthroscopy,$5169
CLM13121,80050,General health panel,$353
CLM13121,36415,Blood draw,$32
CLM13122,70450,CT head without contrast,$976
CLM13123,76805,Obstetric ultrasound,$461
CLM13123,88175,Pap smear cytology,$63
CLM13123,99214,Detailed office visit,$137
CLM13124,93306,Echocardiogram complete,$1299
CLM13125,80053,Comprehensive metabolic panel,$59
CLM13126,99214,Detailed office visit,$153
CLM13126,93015,Cardiac stress test,$895
CLM13127,90707,MMR vaccine,$91
CLM13128,20610,Major joint injection,$266
CLM13129,85025,Complete blood count,$48
CLM13130,96415,Chemotherapy infusion additional hour,$387
CLM13131,20610,Major joint injection,$261
CLM13131,29881,Knee arthroscopy,$5309
CLM13132,93000,EKG/ECG with interpretation,$168
CLM13133,36415,Blood draw,$30
CLM13134,36415,Blood draw,$33
CLM13135,87070,Bacteria culture,$72
CLM13135,80061,Lipid panel,$51
CLM13136,36415,Blood draw,$35
CLM13136,93000,EKG/ECG with interpretation,$139
CLM13137,17000,Destruction of skin lesion,$121
CLM13138,96415,Chemotherapy infusion additional hour,$389
CLM13139,36415,Blood draw,$33
CLM13139,80061,Lipid panel,$53
CLM13140,93015,Cardiac stress test,$826
CLM13141,36415,Blood draw,$28
CLM13141,93000,EKG/ECG with interpretation,$147
CLM13142,99214,Detailed office visit,$128
CLM13143,90837,Psychotherapy 60 minutes,$210
CLM13144,99214,Detailed office visit,$143
CLM13145,36415,Blood draw,$32
CLM13146,85025,Complete blood count,$52
CLM13146,36415,Blood draw,$32
CLM13147,90460,Immunization administration,$40
CLM13148,36415,Blood draw,$35
CLM13148,99213,Office/outpatient visit,$139
CLM13149,96910,Phototherapy treatment,$184
CLM13150,90837,Psychotherapy 60 minutes,$212
CLM13151,80061,Lipid panel,$60
CLM13151,85025,Complete blood count,$50
CLM13152,99213,Office/outpatient visit,$125
CLM13152,96910,Phototherapy treatment,$173
CLM13153,90707,MMR vaccine,$82
CLM13154,73030,Shoulder X-ray,$115
CLM13154,99213,Office/outpatient visit,$126
CLM13154,73721,MRI knee,$1717
CLM13155,36415,Blood draw,$32
CLM13155,80050,General health panel,$312
CLM13156,85025,Complete blood count,$47
CLM13156,99215,Comprehensive office visit,$240
CLM13157,11102,Skin biopsy,$189
CLM13157,99213,Office/outpatient visit,$119
CLM13158,36415,Blood draw,$35
CLM13158,80061,Lipid panel,$64
CLM13158,87070,Bacteria culture,$83
CLM13159,99214,Detailed office visit,$126
CLM13160,85025,Complete blood count,$50
CLM13161,85025,Complete blood count,$48
CLM13161,99214,Detailed office visit,$123
CLM13162,99214,Detailed office visit,$152
CLM13162,93000,EKG/ECG with interpretation,$140
CLM13163,93015,Cardiac stress test,$944
CLM13164,85025,Complete blood count,$50
CLM13164,96413,Chemotherapy infusion first hour,$1096
CLM13165,80050,General health panel,$274
CLM13165,99214,Detailed office visit,$152
CLM13166,76805,Obstetric ultrasound,$402
CLM13167,71020,Chest X-ray,$107
CLM13168,99214,Detailed office visit,$151
CLM13168,83036,Hemoglobin A1c,$44
CLM13169,71020,Chest X-ray,$109
CLM13169,93000,EKG/ECG with interpretation,$138
CLM13170,99214,Detailed office visit,$126
CLM13170,90834,Psychotherapy 45 minutes,$156
CLM13171,83036,Hemoglobin A1c,$40
CLM13171,84443,TSH test,$63
CLM13172,36415,Blood draw,$34
CLM13172,80050,General health panel,$271
CLM13173,17000,Destruction of skin lesion,$132
CLM13173,99213,Office/outpatient visit,$135
CLM13173,96910,Phototherapy treatment,$154
CLM13174,36415,Blood draw,$35
CLM13175,99213,Office/outpatient visit,$118
CLM13176,99214,Detailed office visit,$149
CLM13177,36415,Blood draw,$33
CLM13177,85025,Complete blood count,$48
CLM13178,99214,Detailed office visit,$128
CLM13178,80050,General health panel,$300
CLM13179,99213,Office/outpatient visit,$118
CLM13179,90460,Immunization administration,$41
CLM13180,99214,Detailed office visit,$132
CLM13180,93000,EKG/ECG with interpretation,$148
CLM13180,93306,Echocardiogram complete,$1329
CLM13181,99214,Detailed office visit,$120
CLM13182,36415,Blood draw,$29
CLM13182,83036,Hemoglobin A1c,$47
CLM13182,99215,Comprehensive office visit,$203
CLM13183,94640,Nebulizer treatment,$54
CLM13184,20610,Major joint injection,$289
CLM13185,87880,Rapid strep test,$40
CLM13186,93000,EKG/ECG with interpretation,$163
CLM13187,36415,Blood draw,$34
CLM13188,85025,Complete blood count,$50
CLM13189,85025,Complete blood count,$46
CLM13189,99215,Comprehensive office visit,$245
CLM13190,96910,Phototherapy treatment,$164
CLM13191,17000,Destruction of skin lesion,$126
CLM13191,11102,Skin biopsy,$171
CLM13192,93306,Echocardiogram complete,$1324
CLM13193,99215,Comprehensive office visit,$247
CLM13194,90834,Psychotherapy 45 minutes,$145
CLM13195,90791,Psychiatric diagnostic evaluation,$252
CLM13196,93000,EKG/ECG with interpretation,$144
CLM13196,99215,Comprehensive office visit,$205
CLM13196,83036,Hemoglobin A1c,$43
CLM13197,80053,Comprehensive metabolic panel,$69
CLM13197,99214,Detailed office visit,$132
CLM13198,71020,Chest X-ray,$125
CLM13198,93000,EKG/ECG with interpretation,$170
CLM13199,71020,Chest X-ray,$128
CLM13199,94010,Spirometry,$87
CLM13200,71020,Chest X-ray,$105
CLM13200,94640,Nebulizer treatment,$58
CLM13201,36415,Blood draw,$34
CLM13202,87880,Rapid strep test,$33
CLM13202,99392,Preventive visit age 1-4,$194
CLM13203,99213,Office/outpatient visit,$127
CLM13203,73030,Shoulder X-ray,$135
CLM13204,85025,Complete blood count,$51
CLM13205,87070,Bacteria culture,$94
CLM13205,36415,Blood draw,$30
CLM13205,80061,Lipid panel,$56
CLM13206,99214,Detailed office visit,$121
CLM13207,71020,Chest X-ray,$120
CLM13208,93000,EKG/ECG with interpretation,$138
CLM13209,99214,Detailed office visit,$151
CLM13209,90837,Psychotherapy 60 minutes,$204
CLM13210,80061,Lipid panel,$59
CLM13210,99213,Office/outpatient visit,$114
CLM13211,99215,Comprehensive office visit,$205
CLM13211,85025,Complete blood count,$48
CLM13212,99213,Office/outpatient visit,$125
CLM13212,20610,Major joint injection,$252
CLM13213,99214,Detailed office visit,$125
CLM13214,90837,Psychotherapy 60 minutes,$193
CLM13215,80050,General health panel,$278
CLM13215,80061,Lipid panel,$63
CLM13215,71020,Chest X-ray,$114
CLM13216,85025,Complete blood count,$45
CLM13217,99214,Detailed office visit,$135
CLM13218,93000,EKG/ECG with interpretation,$138
CLM13218,93015,Cardiac stress test,$856
CLM13219,99214,Detailed office visit,$124
CLM13219,88175,Pap smear cytology,$80
CLM13219,59400,Routine obstetric care,$3421
CLM13220,83036,Hemoglobin A1c,$44
CLM13221,93000,EKG/ECG with interpretation,$167
CLM13222,36415,Blood draw,$30
CLM13223,99214,Detailed office visit,$152
CLM13224,36415,Blood draw,$28
CLM13224,99214,Detailed office visit,$151
CLM13225,73721,MRI knee,$1459
CLM13226,83036,Hemoglobin A1c,$38
CLM13226,99214,Detailed office visit,$119
CLM13227,85025,Complete blood count,$51
CLM13227,87070,Bacteria culture,$78
CLM13227,36415,Blood draw,$28
CLM13228,93015,Cardiac stress test,$969
CLM13228,93306,Echocardiogram complete,$1393
CLM13229,99214,Detailed office visit,$145
CLM13230,99283,ED visit moderate severity,$414
CLM13231,93306,Echocardiogram complete,$1160
CLM13232,80053,Comprehensive metabolic panel,$58
CLM13233,99214,Detailed office visit,$152
CLM13234,83036,Hemoglobin A1c,$46
CLM13235,85025,Complete blood count,$44
CLM13236,99214,Detailed office visit,$137
CLM13237,73030,Shoulder X-ray,$117
CLM13238,36415,Blood draw,$33
CLM13239,99215,Comprehensive office visit,$196
CLM13240,99214,Detailed office visit,$127
CLM13241,90707,MMR vaccine,$101
CLM13242,93000,EKG/ECG with interpretation,$147
CLM13242,71020,Chest X-ray,$123
CLM13243,99214,Detailed office visit,$120
CLM13244,99215,Comprehensive office visit,$199
CLM13245,99214,Detailed office visit,$144
CLM13245,93015,Cardiac stress test,$935
CLM13245,93306,Echocardiogram complete,$1080
CLM13246,77385,IMRT radiation treatment,$2683
CLM13247,99214,Detailed office visit,$141
CLM13247,93000,EKG/ECG with interpretation,$152
CLM13248,99214,Detailed office visit,$147
CLM13248,71020,Chest X-ray,$130
CLM13249,36415,Blood draw,$28
CLM13249,99214,Detailed office visit,$126
CLM13250,99285,ED visit high severity,$1394
CLM13251,80061,Lipid panel,$60
CLM13251,85025,Complete blood count,$44
CLM13252,99214,Detailed office visit,$144
CLM13253,87880,Rapid strep test,$38
CLM13253,90460,Immunization administration,$43
CLM13254,99213,Office/outpatient visit,$128
CLM13255,93015,Cardiac stress test,$854
CLM13255,93000,EKG/ECG with interpretation,$163
CLM13256,73030,Shoulder X-ray,$131
CLM13256,99213,Office/outpatient visit,$114
CLM13257,87070,Bacteria culture,$91
CLM13257,71020,Chest X-ray,$122
CLM13258,83036,Hemoglobin A1c,$36
CLM13259,93000,EKG/ECG with interpretation,$175
CLM13259,80053,Comprehensive metabolic panel,$59
CLM13260,83036,Hemoglobin A1c,$44
CLM13261,87880,Rapid strep test,$34
CLM13262,36415,Blood draw,$31
CLM13262,87070,Bacteria culture,$80
CLM13262,80061,Lipid panel,$60
CLM13263,93000,EKG/ECG with interpretation,$151
CLM13264,90460,Immunization administration,$38
CLM13264,87880,Rapid strep test,$37
CLM13265,93015,Cardiac stress test,$785
CLM13265,93000,EKG/ECG with interpretation,$164
CLM13265,99214,Detailed office visit,$134
CLM13266,99283,ED visit moderate severity,$469
CLM13266,93000,EKG/ECG with interpretation,$172
CLM13266,71020,Chest X-ray,$99
CLM13267,88175,Pap smear cytology,$68
CLM13267,99214,Detailed office visit,$147
CLM13268,99283,ED visit moderate severity,$508
CLM13268,93000,EKG/ECG with interpretation,$152
CLM13269,84443,TSH test,$57
CLM13269,83036,Hemoglobin A1c,$44
CLM13270,99214,Detailed office visit,$144
CLM13270,82947,Glucose test,$29
CLM13270,36415,Blood draw,$28
CLM13271,36415,Blood draw,$33
CLM13271,84443,TSH test,$52
CLM13272,93000,EKG/ECG with interpretation,$136
CLM13273,99214,Detailed office visit,$120
CLM13273,93000,EKG/ECG with interpretation,$163
CLM13274,99214,Detailed office visit,$152
CLM13274,93000,EKG/ECG with interpretation,$144
CLM13274,93015,Cardiac stress test,$945
CLM13275,99215,Comprehensive office visit,$246
CLM13275,96415,Chemotherapy infusion additional hour,$377
CLM13276,85025,Complete blood count,$47
CLM13276,99213,Office/outpatient visit,$115
CLM13276,80061,Lipid panel,$65
CLM13277,99215,Comprehensive office visit,$232
CLM13277,83036,Hemoglobin A1c,$38
CLM13278,90707,MMR vaccine,$97
CLM13279,73030,Shoulder X-ray,$141
CLM13280,99285,ED visit high severity,$1212
CLM13281,99214,Detailed office visit,$146
CLM13281,36415,Blood draw,$31
CLM13282,90707,MMR vaccine,$102
CLM13283,85025,Complete blood count,$46
CLM13284,36415,Blood draw,$31
CLM13285,36415,Blood draw,$29
CLM13286,99215,Comprehensive office visit,$220
CLM13287,20610,Major joint injection,$251
CLM13287,99213,Office/outpatient visit,$131
CLM13288,99214,Detailed office visit,$120
CLM13288,93000,EKG/ECG with interpretation,$166
CLM13288,93306,Echocardiogram complete,$1182
CLM13289,99213,Office/outpatient visit,$135
CLM13290,36415,Blood draw,$32
CLM13291,93000,EKG/ECG with interpretation,$164
CLM13292,80050,General health panel,$324
CLM13293,70450,CT head without contrast,$868
CLM13293,93000,EKG/ECG with interpretation,$164
CLM13293,71020,Chest X-ray,$112
CLM13294,99213,Office/outpatient visit,$110
CLM13295,99213,Office/outpatient visit,$139
CLM13296,73030,Shoulder X-ray,$129
CLM13297,93000,EKG/ECG with interpretation,$149
CLM13297,93458,Cardiac catheterization,$4092
CLM13298,71020,Chest X-ray,$110
CLM13299,99213,Office/outpatient visit,$131
CLM13300,99214,Detailed office visit,$138
CLM13301,93458,Cardiac catheterization,$5215
CLM13302,71020,Chest X-ray,$111
CLM13302,99283,ED visit moderate severity,$418
CLM13303,90460,Immunization administration,$38
CLM13304,99215,Comprehensive office visit,$223
CLM13304,93000,EKG/ECG with interpretation,$165
CLM13305,83036,Hemoglobin A1c,$40
CLM13306,36415,Blood draw,$30
CLM13307,85025,Complete blood count,$41
CLM13307,99213,Office/outpatient visit,$108
CLM13308,85025,Complete blood count,$44
CLM13309,99213,Office/outpatient visit,$137
CLM13309,36415,Blood draw,$35
CLM13310,20610,Major joint injection,$262
CLM13310,99213,Office/outpatient visit,$127
CLM13311,36415,Blood draw,$31
CLM13311,83036,Hemoglobin A1c,$38
CLM13312,82947,Glucose test,$29
CLM13313,99215,Comprehensive office visit,$230
CLM13313,93000,EKG/ECG with interpretation,$144
CLM13314,36415,Blood draw,$34
CLM13315,93458,Cardiac catheterization,$4832
CLM13316,99213,Office/outpatient visit,$138
CLM13316,73721,MRI knee,$1460
CLM13316,29881,Knee arthroscopy,$5572
CLM13317,96415,Chemotherapy infusion additional hour,$323
CLM13317,85025,Complete blood count,$46
CLM13318,93458,Cardiac catheterization,$5276
CLM13319,83036,Hemoglobin A1c,$40
CLM13320,80050,General health panel,$323
CLM13321,99213,Office/outpatient visit,$129
CLM13322,36415,Blood draw,$35
CLM13323,93000,EKG/ECG with interpretation,$142
CLM13324,73030,Shoulder X-ray,$119
CLM13324,20610,Major joint injection,$287
CLM13325,96910,Phototherapy treatment,$147
CLM13325,17000,Destruction of skin lesion,$116
CLM13326,11102,Skin biopsy,$185
CLM13327,99214,Detailed office visit,$138
CLM13328,90707,MMR vaccine,$82
CLM13328,99213,Office/outpatient visit,$115
CLM13328,87880,Rapid strep test,$38
CLM13329,83036,Hemoglobin A1c,$40
CLM13329,80050,General health panel,$314
CLM13329,80053,Comprehensive metabolic panel,$68
CLM13330,99283,ED visit moderate severity,$436
CLM13331,99214,Detailed office visit,$145
CLM13332,83036,Hemoglobin A1c,$37
CLM13333,73721,MRI knee,$1404
CLM13334,71020,Chest X-ray,$107
CLM13334,99214,Detailed office visit,$121
CLM13335,80050,General health panel,$342
CLM13335,80061,Lipid panel,$64
CLM13336,93000,EKG/ECG with interpretation,$147
CLM13337,71020,Chest X-ray,$99
CLM13338,11102,Skin biopsy,$205
CLM13339,93015,Cardiac stress test,$844
CLM13340,99214,Detailed office visit,$149
CLM13341,87070,Bacteria culture,$75
CLM13342,17000,Destruction of skin lesion,$109
CLM13343,83036,Hemoglobin A1c,$38
CLM13344,99213,Office/outpatient visit,$137
CLM13345,77385,IMRT radiation treatment,$2763
CLM13346,99213,Office/outpatient visit,$140
CLM13347,36415,Blood draw,$33
CLM13348,93000,EKG/ECG with interpretation,$138
CLM13348,99214,Detailed office visit,$151
CLM13349,17000,Destruction of skin lesion,$138
CLM13350,71020,Chest X-ray,$116
CLM13351,71020,Chest X-ray,$126
CLM13352,99214,Detailed office visit,$140
CLM13352,94640,Nebulizer treatment,$55
CLM13353,99213,Office/outpatient visit,$117
CLM13354,76805,Obstetric ultrasound,$469
CLM13355,99213,Office/outpatient visit,$135
CLM13355,73721,MRI knee,$1748
CLM13356,99214,Detailed office visit,$135
CLM13357,99214,Detailed office visit,$120
CLM13358,99214,Detailed office visit,$151
CLM13358,80061,Lipid panel,$63
CLM13358,85025,Complete blood count,$41
CLM13359,99214,Detailed office visit,$141
CLM13360,87880,Rapid strep test,$40
CLM13360,90707,MMR vaccine,$96
CLM13361,36415,Blood draw,$35
CLM13361,82947,Glucose test,$27
CLM13361,84443,TSH test,$60
CLM13362,87880,Rapid strep test,$36
CLM13362,90460,Immunization administration,$36
CLM13363,36415,Blood draw,$30
CLM13363,80050,General health panel,$326
CLM13364,99283,ED visit moderate severity,$421
CLM13364,71020,Chest X-ray,$115
CLM13364,99285,ED visit high severity,$1386
CLM13365,80053,Comprehensive metabolic panel,$55
CLM13365,83036,Hemoglobin A1c,$38
CLM13366,99214,Detailed office visit,$118
CLM13366,80061,Lipid panel,$56
CLM13367,36415,Blood draw,$34
CLM13368,99214,Detailed office visit,$124
CLM13368,95810,Sleep study,$1487
CLM13368,94010,Spirometry,$99
CLM13369,80050,General health panel,$340
CLM13369,99215,Comprehensive office visit,$206
CLM13370,36415,Blood draw,$34
CLM13370,83036,Hemoglobin A1c,$38
CLM13371,90791,Psychiatric diagnostic evaluation,$262
CLM13371,90837,Psychotherapy 60 minutes,$182
CLM13371,90834,Psychotherapy 45 minutes,$147
CLM13372,99213,Office/outpatient visit,$139
CLM13372,11102,Skin biopsy,$187
CLM13373,99213,Office/outpatient visit,$131
CLM13373,85025,Complete blood count,$45
CLM13374,85025,Complete blood count,$41
CLM13374,71020,Chest X-ray,$120
CLM13374,36415,Blood draw,$32
CLM13375,87070,Bacteria culture,$94
CLM13375,36415,Blood draw,$34
CLM13375,85025,Complete blood count,$41
CLM13376,71020,Chest X-ray,$124
CLM13377,36415,Blood draw,$29
CLM13378,90707,MMR vaccine,$96
CLM13378,87880,Rapid strep test,$41
CLM13378,90460,Immunization administration,$44
CLM13379,99214,Detailed office visit,$123
CLM13380,90837,Psychotherapy 60 minutes,$183
CLM13381,20610,Major joint injection,$283
CLM13382,85025,Complete blood count,$47
CLM13383,71020,Chest X-ray,$111
CLM13384,99213,Office/outpatient visit,$120
CLM13384,17000,Destruction of skin lesion,$109
CLM13385,71020,Chest X-ray,$120
CLM13386,83036,Hemoglobin A1c,$47
CLM13386,93000,EKG/ECG with interpretation,$146
CLM13387,36415,Blood draw,$34
CLM13387,71020,Chest X-ray,$116
CLM13388,99214,Detailed office visit,$127
CLM13388,36415,Blood draw,$27
CLM13389,36415,Blood draw,$31
CLM13390,94640,Nebulizer treatment,$54
CLM13391,20610,Major joint injection,$285
CLM13391,99213,Office/outpatient visit,$110
CLM13391,73030,Shoulder X-ray,$112
CLM13392,80050,General health panel,$328
CLM13393,90707,MMR vaccine,$96
CLM13393,99392,Preventive visit age 1-4,$203
CLM13394,93000,EKG/ECG with interpretation,$157
CLM13394,80053,Comprehensive metabolic panel,$71
CLM13395,85025,Complete blood count,$45
CLM13396,71020,Chest X-ray,$121
CLM13397,36415,Blood draw,$30
CLM13398,80050,General health panel,$290
CLM13398,87070,Bacteria culture,$87
CLM13398,85025,Complete blood count,$41
CLM13399,80061,Lipid panel,$52
CLM13400,93000,EKG/ECG with interpretation,$146
CLM13401,85025,Complete blood count,$49
CLM13401,77385,IMRT radiation treatment,$2228
CLM13402,80053,Comprehensive metabolic panel,$64
CLM13402,93000,EKG/ECG with interpretation,$146
CLM13403,80050,General health panel,$326
CLM13404,80050,General health panel,$348
CLM13405,99214,Detailed office visit,$145
CLM13405,80050,General health panel,$304
CLM13406,99214,Detailed office visit,$136
CLM13407,93000,EKG/ECG with interpretation,$138
CLM13408,80061,Lipid panel,$64
CLM13408,99213,Office/outpatient visit,$138
CLM13409,83036,Hemoglobin A1c,$39
CLM13409,36415,Blood draw,$28
CLM13410,80061,Lipid panel,$57
CLM13410,36415,Blood draw,$35
CLM13411,87880,Rapid strep test,$35
CLM13411,99213,Office/outpatient visit,$128
CLM13411,90460,Immunization administration,$36
CLM13412,85025,Complete blood count,$44
CLM13412,80061,Lipid panel,$53
CLM13413,93000,EKG/ECG with interpretation,$151
CLM13413,71020,Chest X-ray,$102
CLM13413,99283,ED visit moderate severity,$406
CLM13414,80053,Comprehensive metabolic panel,$60
CLM13415,99392,Preventive visit age 1-4,$208
CLM13416,94640,Nebulizer treatment,$52
CLM13417,36415,Blood draw,$34
CLM13417,80050,General health panel,$279
CLM13417,99213,Office/outpatient visit,$120
CLM13418,36415,Blood draw,$35
CLM13419,80061,Lipid panel,$62
CLM13419,71020,Chest X-ray,$107
CLM13420,99213,Office/outpatient visit,$123
CLM13421,99215,Comprehensive office visit,$202
CLM13422,87070,Bacteria culture,$83
CLM13422,80050,General health panel,$277
CLM13423,99214,Detailed office visit,$120
CLM13423,99213,Office/outpatient visit,$134
CLM13423,85025,Complete blood count,$46
CLM13424,99214,Detailed office visit,$123
CLM13425,93000,EKG/ECG with interpretation,$155
CLM13425,99214,Detailed office visit,$118
CLM13426,93000,EKG/ECG with interpretation,$162
CLM13427,87070,Bacteria culture,$85
CLM13427,71020,Chest X-ray,$109
CLM13428,99214,Detailed office visit,$138
CLM13429,70450,CT head without contrast,$1033
CLM13430,88175,Pap smear cytology,$79
CLM13430,99214,Detailed office visit,$149
CLM13431,87070,Bacteria culture,$94
CLM13431,80061,Lipid panel,$59
CLM13431,71020,Chest X-ray,$112
CLM13432,36415,Blood draw,$34
CLM13432,84443,TSH test,$53
CLM13433,83036,Hemoglobin A1c,$45
CLM13434,73030,Shoulder X-ray,$125
CLM13435,80061,Lipid panel,$52
CLM13435,36415,Blood draw,$33
CLM13436,85025,Complete blood count,$49
CLM13436,99214,Detailed office visit,$121
CLM13437,36415,Blood draw,$32
CLM13438,99214,Detailed office visit,$126
CLM13439,93000,EKG/ECG with interpretation,$145
CLM13440,90834,Psychotherapy 45 minutes,$153
CLM13440,99214,Detailed office visit,$146
CLM13441,93000,EKG/ECG with interpretation,$160
CLM13442,36415,Blood draw,$32
CLM13443,36415,Blood draw,$30
CLM13444,85025,Complete blood count,$50
CLM13444,99215,Comprehensive office visit,$197
CLM13445,36415,Blood draw,$30
CLM13445,99214,Detailed office visit,$134
CLM13446,20610,Major joint injection,$278
CLM13447,85025,Complete blood count,$50
CLM13447,36415,Blood draw,$33
CLM13448,99214,Detailed office visit,$142
CLM13449,93000,EKG/ECG with interpretation,$177
CLM13449,93015,Cardiac stress test,$853
CLM13450,36415,Blood draw,$29
CLM13451,99214,Detailed office visit,$138
CLM13452,36415,Blood draw,$35
CLM13453,85025,Complete blood count,$46
CLM13454,17000,Destruction of skin lesion,$140
CLM13455,93000,EKG/ECG with interpretation,$151
CLM13456,71020,Chest X-ray,$113
CLM13456,36415,Blood draw,$28
CLM13457,85025,Complete blood count,$48
CLM13457,96415,Chemotherapy infusion additional hour,$352
CLM13458,36415,Blood draw,$31
CLM13458,85025,Complete blood count,$42
CLM13459,85025,Complete blood count,$49
CLM13460,17000,Destruction of skin lesion,$120
CLM13461,71020,Chest X-ray,$113
CLM13462,88175,Pap smear cytology,$72
CLM13463,80050,General health panel,$309
CLM13464,90791,Psychiatric diagnostic evaluation,$233
CLM13465,11102,Skin biopsy,$188
CLM13465,99213,Office/outpatient visit,$141
CLM13465,17000,Destruction of skin lesion,$134
CLM13466,71020,Chest X-ray,$106
CLM13467,93000,EKG/ECG with interpretation,$173
CLM13468,36415,Blood draw,$33
CLM13468,80053,Comprehensive metabolic panel,$57
CLM13469,95810,Sleep study,$1354
CLM13470,82947,Glucose test,$23
CLM13470,36415,Blood draw,$28
CLM13471,99214,Detailed office visit,$145
CLM13472,90707,MMR vaccine,$95
CLM13472,90460,Immunization administration,$40
CLM13473,85025,Complete blood count,$50
CLM13473,36415,Blood draw,$35
CLM13474,71020,Chest X-ray,$101
CLM13474,36415,Blood draw,$32
CLM13475,90834,Psychotherapy 45 minutes,$156
CLM13475,90791,Psychiatric diagnostic evaluation,$269
CLM13476,83036,Hemoglobin A1c,$46
CLM13477,93015,Cardiac stress test,$919
CLM13478,36415,Blood draw,$35
CLM13479,99213,Office/outpatient visit,$134
CLM13480,70450,CT head without contrast,$984
CLM13480,93000,EKG/ECG with interpretation,$142
CLM13481,87070,Bacteria culture,$85
CLM13482,99214,Detailed office visit,$147
CLM13483,96910,Phototherapy treatment,$164
CLM13484,80061,Lipid panel,$57
CLM13485,93000,EKG/ECG with interpretation,$176
CLM13486,93015,Cardiac stress test,$935
CLM13487,99214,Detailed office visit,$130
CLM13488,87880,Rapid strep test,$34
CLM13489,99213,Office/outpatient visit,$108
CLM13489,71020,Chest X-ray,$106
CLM13489,36415,Blood draw,$34
CLM13490,90791,Psychiatric diagnostic evaluation,$239
CLM13491,99213,Office/outpatient visit,$138
CLM13492,85025,Complete blood count,$53
CLM13493,71020,Chest X-ray,$127
CLM13494,99213,Office/outpatient visit,$140
CLM13495,90834,Psychotherapy 45 minutes,$137
CLM13495,90837,Psychotherapy 60 minutes,$178
CLM13495,99214,Detailed office visit,$151
CLM13496,83036,Hemoglobin A1c,$38
CLM13496,36415,Blood draw,$34
CLM13497,95810,Sleep study,$1587
CLM13498,93000,EKG/ECG with interpretation,$172
CLM13499,36415,Blood draw,$33
CLM13500,99213,Office/outpatient visit,$119
CLM13500,73030,Shoulder X-ray,$133
CLM13501,99213,Office/outpatient visit,$129
CLM13502,83036,Hemoglobin A1c,$42
CLM13502,80053,Comprehensive metabolic panel,$55
CLM13503,99214,Detailed office visit,$142
CLM13504,99213,Office/outpatient visit,$122
CLM13504,20610,Major joint injection,$289
CLM13505,36415,Blood draw,$33
CLM13506,36415,Blood draw,$34
CLM13506,71020,Chest X-ray,$113
CLM13507,87070,Bacteria culture,$91
CLM13508,73030,Shoulder X-ray,$113
CLM13509,99214,Detailed office visit,$120
CLM13509,87070,Bacteria culture,$87
CLM13510,99215,Comprehensive office visit,$243
CLM13511,99214,Detailed office visit,$137
CLM13511,93015,Cardiac stress test,$964
CLM13511,93000,EKG/ECG with interpretation,$159
CLM13512,90834,Psychotherapy 45 minutes,$150
CLM13512,90837,Psychotherapy 60 minutes,$194
CLM13513,87880,Rapid strep test,$34
CLM13513,90460,Immunization administration,$46
CLM13514,94640,Nebulizer treatment,$50
CLM13515,99392,Preventive visit age 1-4,$172
CLM13516,90837,Psychotherapy 60 minutes,$186
CLM13516,90791,Psychiatric diagnostic evaluation,$260
CLM13517,94640,Nebulizer treatment,$49
CLM13518,99392,Preventive visit age 1-4,$166
CLM13518,87880,Rapid strep test,$38
CLM13519,93000,EKG/ECG with interpretation,$166
CLM13519,71020,Chest X-ray,$114
CLM13520,99283,ED visit moderate severity,$430
CLM13521,99214,Detailed office visit,$142
CLM13522,36415,Blood draw,$33
CLM13522,99213,Office/outpatient visit,$110
CLM13522,87070,Bacteria culture,$84
CLM13523,87070,Bacteria culture,$77
CLM13523,80050,General health panel,$350
CLM13524,90460,Immunization administration,$40
CLM13524,99392,Preventive visit age 1-4,$205
CLM13524,87880,Rapid strep test,$35
CLM13525,90834,Psychotherapy 45 minutes,$154
CLM13526,82947,Glucose test,$26
CLM13526,83036,Hemoglobin A1c,$45
CLM13526,99214,Detailed office visit,$150
CLM13527,83036,Hemoglobin A1c,$38
CLM13527,36415,Blood draw,$30
CLM13528,80053,Comprehensive metabolic panel,$68
CLM13529,99213,Office/outpatient visit,$111
CLM13530,90707,MMR vaccine,$103
CLM13531,36415,Blood draw,$34
CLM13531,99214,Detailed office visit,$126
CLM13532,93000,EKG/ECG with interpretation,$151
CLM13533,71020,Chest X-ray,$99
CLM13533,93000,EKG/ECG with interpretation,$140
CLM13534,93000,EKG/ECG with interpretation,$167
CLM13535,36415,Blood draw,$32
CLM13535,80050,General health panel,$334
CLM13536,96910,Phototherapy treatment,$173
CLM13536,99213,Office/outpatient visit,$111
CLM13536,11102,Skin biopsy,$212
CLM13537,83036,Hemoglobin A1c,$41
CLM13537,82947,Glucose test,$23
CLM13537,36415,Blood draw,$30
CLM13538,99215,Comprehensive office visit,$204
CLM13539,99214,Detailed office visit,$119
CLM13539,90837,Psychotherapy 60 minutes,$200
CLM13540,99392,Preventive visit age 1-4,$212
CLM13540,90460,Immunization administration,$37
CLM13541,94010,Spirometry,$104
CLM13542,85025,Complete blood count,$49
CLM13543,36415,Blood draw,$30
CLM13543,80050,General health panel,$305
CLM13544,94640,Nebulizer treatment,$57
CLM13545,93000,EKG/ECG with interpretation,$171
CLM13545,36415,Blood draw,$27
CLM13546,93000,EKG/ECG with interpretation,$149
CLM13546,83036,Hemoglobin A1c,$42
CLM13547,99215,Comprehensive office visit,$194
CLM13548,99215,Comprehensive office visit,$247
CLM13548,85025,Complete blood count,$53
CLM13548,96413,Chemotherapy infusion first hour,$1026
CLM13549,36415,Blood draw,$27
CLM13550,99283,ED visit moderate severity,$418
CLM13550,93000,EKG/ECG with interpretation,$172
CLM13551,99214,Detailed office visit,$145
CLM13552,36415,Blood draw,$31
CLM13552,82947,Glucose test,$25
CLM13553,88175,Pap smear cytology,$73
CLM13553,99214,Detailed office visit,$153
CLM13554,85025,Complete blood count,$46
CLM13554,80061,Lipid panel,$50
CLM13554,80050,General health panel,$304
CLM13555,36415,Blood draw,$34
CLM13555,87070,Bacteria culture,$93
CLM13555,71020,Chest X-ray,$101
CLM13556,36415,Blood draw,$29
CLM13556,83036,Hemoglobin A1c,$41
CLM13556,80050,General health panel,$344
CLM13557,85025,Complete blood count,$51
CLM13558,83036,Hemoglobin A1c,$39
CLM13558,36415,Blood draw,$34
CLM13558,99214,Detailed office visit,$127
CLM13559,85025,Complete blood count,$52
CLM13560,94010,Spirometry,$85
CLM13560,95810,Sleep study,$1648
CLM13561,99215,Comprehensive office visit,$195
CLM13561,85025,Complete blood count,$47
CLM13562,36415,Blood draw,$34
CLM13563,80050,General health panel,$272
CLM13564,99214,Detailed office visit,$119
CLM13564,59400,Routine obstetric care,$3295
CLM13565,90834,Psychotherapy 45 minutes,$157
CLM13565,90837,Psychotherapy 60 minutes,$176
CLM13566,90837,Psychotherapy 60 minutes,$172
CLM13566,90834,Psychotherapy 45 minutes,$135
CLM13567,93000,EKG/ECG with interpretation,$150
CLM13568,99285,ED visit high severity,$1094
CLM13568,99283,ED visit moderate severity,$487
CLM13568,70450,CT head without contrast,$941
CLM13569,83036,Hemoglobin A1c,$37
CLM13570,90834,Psychotherapy 45 minutes,$127
CLM13571,99213,Office/outpatient visit,$128
CLM13571,85025,Complete blood count,$46
CLM13572,84443,TSH test,$64
CLM13573,36415,Blood draw,$33
CLM13574,96415,Chemotherapy infusion additional hour,$383
CLM13574,96413,Chemotherapy infusion first hour,$1210
CLM13575,20610,Major joint injection,$286
CLM13575,73030,Shoulder X-ray,$137
CLM13575,99213,Office/outpatient visit,$134
CLM13576,99214,Detailed office visit,$124
CLM13577,36415,Blood draw,$27
CLM13577,80050,General health panel,$319
CLM13578,85025,Complete blood count,$44
CLM13578,71020,Chest X-ray,$118
CLM13579,99392,Preventive visit age 1-4,$182
CLM13580,99214,Detailed office visit,$143
CLM13581,99214,Detailed office visit,$121
CLM13582,93306,Echocardiogram complete,$1398
CLM13582,99214,Detailed office visit,$133
CLM13583,17000,Destruction of skin lesion,$118
CLM13583,96910,Phototherapy treatment,$151
CLM13584,93000,EKG/ECG with interpretation,$143
CLM13585,96910,Phototherapy treatment,$183
CLM13586,73030,Shoulder X-ray,$114
CLM13586,99213,Office/outpatient visit,$117
CLM13587,87070,Bacteria culture,$87
CLM13587,85025,Complete blood count,$47
CLM13588,99214,Detailed office visit,$128
CLM13589,93000,EKG/ECG with interpretation,$168
CLM13590,85025,Complete blood count,$42
CLM13591,99214,Detailed office visit,$149
CLM13592,93000,EKG/ECG with interpretation,$174
CLM13592,93015,Cardiac stress test,$947
CLM13593,99285,ED visit high severity,$1088
CLM13594,99213,Office/outpatient visit,$130
CLM13594,73721,MRI knee,$1749
CLM13595,88175,Pap smear cytology,$77
CLM13595,99214,Detailed office visit,$146
CLM13596,93015,Cardiac stress test,$971
CLM13597,93015,Cardiac stress test,$790
CLM13598,36415,Blood draw,$30
CLM13599,99213,Office/outpatient visit,$118
CLM13600,73721,MRI knee,$1372
CLM13601,93000,EKG/ECG with interpretation,$135
CLM13602,36415,Blood draw,$34
CLM13603,93000,EKG/ECG with interpretation,$149
CLM13603,99214,Detailed office visit,$142
CLM13604,99213,Office/outpatient visit,$122
CLM13605,99214,Detailed office visit,$151
CLM13606,93000,EKG/ECG with interpretation,$158
CLM13606,93306,Echocardiogram complete,$1271
CLM13607,96910,Phototherapy treatment,$171
CLM13608,93458,Cardiac catheterization,$4582
CLM13608,99214,Detailed office visit,$152
CLM13608,93000,EKG/ECG with interpretation,$143
CLM13609,80061,Lipid panel,$60
CLM13609,99213,Office/outpatient visit,$122
CLM13610,85025,Complete blood count,$47
CLM13610,80061,Lipid panel,$59
CLM13611,90791,Psychiatric diagnostic evaluation,$228
CLM13611,90837,Psychotherapy 60 minutes,$211
CLM13612,93015,Cardiac stress test,$824
CLM13613,99214,Detailed office visit,$120
CLM13613,87070,Bacteria culture,$76
CLM13613,36415,Blood draw,$30
CLM13614,36415,Blood draw,$33
CLM13614,84443,TSH test,$51
CLM13614,83036,Hemoglobin A1c,$42
CLM13615,94010,Spirometry,$101
CLM13615,99214,Detailed office visit,$129
CLM13616,82947,Glucose test,$28
CLM13617,96910,Phototherapy treatment,$172
CLM13617,17000,Destruction of skin lesion,$110
CLM13618,80061,Lipid panel,$61
CLM13619,90834,Psychotherapy 45 minutes,$142
CLM13620,80050,General health panel,$339
CLM13621,73721,MRI knee,$1418
CLM13621,20610,Major joint injection,$255
CLM13622,83036,Hemoglobin A1c,$41
CLM13623,71020,Chest X-ray,$110
CLM13624,71020,Chest X-ray,$105
CLM13624,94640,Nebulizer treatment,$59
CLM13625,99214,Detailed office visit,$118
CLM13626,87880,Rapid strep test,$32
CLM13627,99213,Office/outpatient visit,$119
CLM13628,99392,Preventive visit age 1-4,$172
CLM13629,70450,CT head without contrast,$964
CLM13629,71020,Chest X-ray,$117
CLM13630,36415,Blood draw,$29
CLM13631,80061,Lipid panel,$50
CLM13632,85025,Complete blood count,$52
CLM13632,96415,Chemotherapy infusion additional hour,$373
CLM13633,90791,Psychiatric diagnostic evaluation,$254
CLM13633,90837,Psychotherapy 60 minutes,$170
CLM13633,90834,Psychotherapy 45 minutes,$151
CLM13634,80053,Comprehensive metabolic panel,$61
CLM13635,94010,Spirometry,$86
CLM13635,94640,Nebulizer treatment,$52
CLM13636,93306,Echocardiogram complete,$1135
CLM13636,99214,Detailed office visit,$149
CLM13637,90834,Psychotherapy 45 minutes,$140
CLM13638,36415,Blood draw,$34
CLM13638,93000,EKG/ECG with interpretation,$144
CLM13639,99392,Preventive visit age 1-4,$180
CLM13639,87880,Rapid strep test,$37
CLM13640,99285,ED visit high severity,$1141
CLM13641,36415,Blood draw,$31
CLM13641,80053,Comprehensive metabolic panel,$69
CLM13641,93000,EKG/ECG with interpretation,$147
CLM13642,99283,ED visit moderate severity,$456
CLM13642,93000,EKG/ECG with interpretation,$146
CLM13643,99285,ED visit high severity,$1321
CLM13643,71020,Chest X-ray,$99
CLM13644,87880,Rapid strep test,$39
CLM13645,99285,ED visit high severity,$1243
CLM13645,71020,Chest X-ray,$108
CLM13646,94640,Nebulizer treatment,$58
CLM13647,70450,CT head without contrast,$949
CLM13647,99283,ED visit moderate severity,$487
CLM13648,87880,Rapid strep test,$32
CLM13649,71020,Chest X-ray,$127
CLM13649,93000,EKG/ECG with interpretation,$171
CLM13649,99285,ED visit high severity,$1343
CLM13650,88175,Pap smear cytology,$70
CLM13650,76805,Obstetric ultrasound,$432
CLM13651,36415,Blood draw,$33
CLM13652,90791,Psychiatric diagnostic evaluation,$273
CLM13652,90837,Psychotherapy 60 minutes,$198
CLM13652,90834,Psychotherapy 45 minutes,$127
CLM13653,95810,Sleep study,$1311
CLM13653,94640,Nebulizer treatment,$58
CLM13654,36415,Blood draw,$27
CLM13654,83036,Hemoglobin A1c,$38
CLM13655,11102,Skin biopsy,$212
CLM13655,96910,Phototherapy treatment,$164
CLM13656,93000,EKG/ECG with interpretation,$167
CLM13656,80053,Comprehensive metabolic panel,$54
CLM13657,83036,Hemoglobin A1c,$47
CLM13658,93000,EKG/ECG with interpretation,$166
CLM13658,99214,Detailed office visit,$117
CLM13659,17000,Destruction of skin lesion,$132
CLM13660,99214,Detailed office visit,$150
CLM13661,36415,Blood draw,$34
CLM13661,99214,Detailed office visit,$123
CLM13662,93000,EKG/ECG with interpretation,$147
CLM13662,80050,General health panel,$348
CLM13663,99214,Detailed office visit,$135
CLM13663,85025,Complete blood count,$44
CLM13664,93000,EKG/ECG with interpretation,$165
CLM13665,88175,Pap smear cytology,$77
CLM13665,76805,Obstetric ultrasound,$449
CLM13666,71020,Chest X-ray,$108
CLM13666,99283,ED visit moderate severity,$437
CLM13667,11102,Skin biopsy,$190
CLM13667,99213,Office/outpatient visit,$136
CLM13668,71020,Chest X-ray,$125
CLM13669,93000,EKG/ECG with interpretation,$154
CLM13670,99213,Office/outpatient visit,$124
CLM13671,85025,Complete blood count,$53
CLM13671,36415,Blood draw,$29
CLM13672,99213,Office/outpatient visit,$118
CLM13673,99214,Detailed office visit,$129
CLM13674,36415,Blood draw,$33
CLM13675,99214,Detailed office visit,$144
CLM13676,36415,Blood draw,$32
CLM13677,90460,Immunization administration,$41
CLM13677,99392,Preventive visit age 1-4,$176
CLM13678,83036,Hemoglobin A1c,$37
CLM13679,94640,Nebulizer treatment,$58
CLM13680,71020,Chest X-ray,$104
CLM13681,71020,Chest X-ray,$109
CLM13681,99283,ED visit moderate severity,$481
CLM13682,99213,Office/outpatient visit,$117
CLM13683,83036,Hemoglobin A1c,$43
CLM13684,73030,Shoulder X-ray,$115
CLM13685,99392,Preventive visit age 1-4,$206
CLM13686,83036,Hemoglobin A1c,$43
CLM13687,73030,Shoulder X-ray,$135
CLM13687,20610,Major joint injection,$287
CLM13687,99213,Office/outpatient visit,$141
CLM13688,93000,EKG/ECG with interpretation,$157
CLM13689,99213,Office/outpatient visit,$132
CLM13690,71020,Chest X-ray,$106
CLM13690,87070,Bacteria culture,$78
CLM13691,85025,Complete blood count,$50
CLM13692,83036,Hemoglobin A1c,$44
CLM13693,99214,Detailed office visit,$128
CLM13694,90460,Immunization administration,$37
CLM13694,87880,Rapid strep test,$41
CLM13694,90707,MMR vaccine,$92
CLM13695,83036,Hemoglobin A1c,$36
CLM13696,80061,Lipid panel,$62
CLM13697,83036,Hemoglobin A1c,$39
CLM13698,36415,Blood draw,$32
CLM13699,96415,Chemotherapy infusion additional hour,$410
CLM13699,99215,Comprehensive office visit,$191
CLM13700,71020,Chest X-ray,$109
CLM13700,94010,Spirometry,$90
CLM13701,84443,TSH test,$65
CLM13701,36415,Blood draw,$31
CLM13702,99214,Detailed office visit,$141
CLM13703,73030,Shoulder X-ray,$119
CLM13703,99213,Office/outpatient visit,$119
CLM13704,93000,EKG/ECG with interpretation,$158
CLM13704,93306,Echocardiogram complete,$1217
CLM13705,99213,Office/outpatient visit,$120
CLM13705,73030,Shoulder X-ray,$124
CLM13706,96910,Phototherapy treatment,$164
CLM13706,17000,Destruction of skin lesion,$113
CLM13707,99214,Detailed office visit,$143
CLM13707,76805,Obstetric ultrasound,$418
CLM13707,88175,Pap smear cytology,$69
CLM13708,73030,Shoulder X-ray,$120
CLM13709,36415,Blood draw,$32
CLM13710,99214,Detailed office visit,$132
CLM13710,93000,EKG/ECG with interpretation,$143
CLM13711,94640,Nebulizer treatment,$53
CLM13712,99285,ED visit high severity,$1271
CLM13713,70450,CT head without contrast,$1000
CLM13713,99283,ED visit moderate severity,$407
CLM13714,83036,Hemoglobin A1c,$45
CLM13714,99214,Detailed office visit,$140
CLM13714,99215,Comprehensive office visit,$211
CLM13715,99214,Detailed office visit,$152
CLM13715,71020,Chest X-ray,$119
CLM13715,94010,Spirometry,$100
CLM13716,85025,Complete blood count,$52
CLM13717,99215,Comprehensive office visit,$202
CLM13717,80053,Comprehensive metabolic panel,$69
CLM13717,80050,General health panel,$302
CLM13718,80050,General health panel,$347
CLM13719,99215,Comprehensive office visit,$235
CLM13720,73030,Shoulder X-ray,$128
CLM13721,83036,Hemoglobin A1c,$39
CLM13722,73030,Shoulder X-ray,$113
CLM13722,29881,Knee arthroscopy,$4694
CLM13723,36415,Blood draw,$30
CLM13723,93000,EKG/ECG with interpretation,$155
CLM13724,85025,Complete blood count,$43
CLM13725,94010,Spirometry,$92
CLM13725,99214,Detailed office visit,$120
CLM13725,94640,Nebulizer treatment,$56
CLM13726,99214,Detailed office visit,$144
CLM13727,99214,Detailed office visit,$144
CLM13728,99214,Detailed office visit,$132
CLM13729,90460,Immunization administration,$37
CLM13730,20610,Major joint injection,$264
CLM13731,99215,Comprehensive office visit,$198
CLM13732,87070,Bacteria culture,$84
CLM13732,85025,Complete blood count,$44
CLM13733,94640,Nebulizer treatment,$54
CLM13734,36415,Blood draw,$34
CLM13734,85025,Complete blood count,$49
CLM13735,99213,Office/outpatient visit,$135
CLM13735,90707,MMR vaccine,$84
CLM13736,36415,Blood draw,$34
CLM13736,85025,Complete blood count,$43
CLM13737,96415,Chemotherapy infusion additional hour,$333
CLM13738,87880,Rapid strep test,$39
CLM13739,80061,Lipid panel,$58
CLM13740,93000,EKG/ECG with interpretation,$173
CLM13741,99392,Preventive visit age 1-4,$181
CLM13742,80050,General health panel,$305
CLM13743,99213,Office/outpatient visit,$141
CLM13743,73030,Shoulder X-ray,$126
CLM13744,93000,EKG/ECG with interpretation,$169
CLM13745,99285,ED visit high severity,$1086
CLM13745,70450,CT head without contrast,$861
CLM13746,99213,Office/outpatient visit,$134
CLM13747,85025,Complete blood count,$45
CLM13747,99214,Detailed office visit,$147
CLM13748,76805,Obstetric ultrasound,$450
CLM13748,59400,Routine obstetric care,$4025
CLM13749,99214,Detailed office visit,$148
CLM13749,93015,Cardiac stress test,$786
CLM13750,70450,CT head without contrast,$967
CLM13751,96413,Chemotherapy infusion first hour,$1113
CLM13751,77385,IMRT radiation treatment,$2352
CLM13752,94640,Nebulizer treatment,$58
CLM13753,11102,Skin biopsy,$187
CLM13754,99214,Detailed office visit,$125
CLM13754,84443,TSH test,$62
CLM13755,90791,Psychiatric diagnostic evaluation,$253
CLM13756,36415,Blood draw,$32
CLM13757,83036,Hemoglobin A1c,$44
CLM13758,94640,Nebulizer treatment,$54
CLM13758,99214,Detailed office visit,$138
CLM13759,36415,Blood draw,$33
CLM13759,80050,General health panel,$333
CLM13760,99214,Detailed office visit,$139
CLM13761,83036,Hemoglobin A1c,$41
CLM13762,85025,Complete blood count,$49
CLM13762,99215,Comprehensive office visit,$224
CLM13763,99214,Detailed office visit,$131
CLM13763,93000,EKG/ECG with interpretation,$136
CLM13763,93458,Cardiac catheterization,$4647
CLM13764,36415,Blood draw,$31
CLM13765,80061,Lipid panel,$54
CLM13765,36415,Blood draw,$34
CLM13765,71020,Chest X-ray,$123
CLM13766,99214,Detailed office visit,$140
CLM13766,93015,Cardiac stress test,$940
CLM13766,93458,Cardiac catheterization,$4661
CLM13767,71020,Chest X-ray,$124
CLM13768,93000,EKG/ECG with interpretation,$143
CLM13769,90707,MMR vaccine,$84
CLM13769,90460,Immunization administration,$41
CLM13770,99214,Detailed office visit,$130
CLM13770,93000,EKG/ECG with interpretation,$143
CLM13770,93015,Cardiac stress test,$939
CLM13771,73030,Shoulder X-ray,$138
CLM13772,93000,EKG/ECG with interpretation,$138
CLM13773,99214,Detailed office visit,$127
CLM13773,90837,Psychotherapy 60 minutes,$163
CLM13774,87880,Rapid strep test,$39
CLM13774,90707,MMR vaccine,$87
CLM13775,94010,Spirometry,$95
CLM13776,85025,Complete blood count,$52
CLM13777,94640,Nebulizer treatment,$58
CLM13778,96415,Chemotherapy infusion additional hour,$406
CLM13778,85025,Complete blood count,$53
CLM13778,96413,Chemotherapy infusion first hour,$1176
CLM13779,90460,Immunization administration,$39
CLM13779,99213,Office/outpatient visit,$137
CLM13779,90707,MMR vaccine,$93
CLM13780,90837,Psychotherapy 60 minutes,$163
CLM13781,80050,General health panel,$275
CLM13781,36415,Blood draw,$33
CLM13781,93000,EKG/ECG with interpretation,$147
CLM13782,99214,Detailed office visit,$151
CLM13783,99214,Detailed office visit,$122
CLM13783,90834,Psychotherapy 45 minutes,$145
CLM13784,36415,Blood draw,$28
CLM13785,93000,EKG/ECG with interpretation,$175
CLM13785,71020,Chest X-ray,$123
CLM13785,99283,ED visit moderate severity,$444
CLM13786,99285,ED visit high severity,$1147
CLM13787,71020,Chest X-ray,$103
CLM13787,85025,Complete blood count,$42
CLM13787,99214,Detailed office visit,$139
CLM13788,83036,Hemoglobin A1c,$37
CLM13789,90791,Psychiatric diagnostic evaluation,$230
CLM13789,90834,Psychotherapy 45 minutes,$157
CLM13789,99214,Detailed office visit,$147
CLM13790,99213,Office/outpatient visit,$134
CLM13790,85025,Complete blood count,$45
CLM13791,99213,Office/outpatient visit,$133
CLM13792,83036,Hemoglobin A1c,$40
CLM13792,82947,Glucose test,$26
CLM13793,36415,Blood draw,$30
CLM13794,85025,Complete blood count,$51
CLM13795,90834,Psychotherapy 45 minutes,$161
CLM13795,99214,Detailed office visit,$140
CLM13796,87070,Bacteria culture,$84
CLM13797,99214,Detailed office visit,$122
CLM13798,93000,EKG/ECG with interpretation,$136
CLM13799,87070,Bacteria culture,$81
CLM13799,36415,Blood draw,$33
CLM13799,99214,Detailed office visit,$118
CLM13800,36415,Blood draw,$35
CLM13801,99214,Detailed office visit,$143
CLM13802,94640,Nebulizer treatment,$51
CLM13802,94010,Spirometry,$86
CLM13803,85025,Complete blood count,$48
CLM13803,99215,Comprehensive office visit,$221
CLM13804,80053,Comprehensive metabolic panel,$59
CLM13805,70450,CT head without contrast,$1059
CLM13806,36415,Blood draw,$32
CLM13806,80061,Lipid panel,$56
CLM13807,20610,Major joint injection,$230
CLM13807,99213,Office/outpatient visit,$109
CLM13807,73030,Shoulder X-ray,$114
CLM13808,36415,Blood draw,$33
CLM13809,77385,IMRT radiation treatment,$2586
CLM13809,85025,Complete blood count,$48
CLM13809,96415,Chemotherapy infusion additional hour,$337
CLM13810,99214,Detailed office visit,$137
CLM13811,99285,ED visit high severity,$1288
CLM13812,87880,Rapid strep test,$40
CLM13813,99214,Detailed office visit,$128
CLM13814,36415,Blood draw,$35
CLM13815,36415,Blood draw,$34
CLM13816,90834,Psychotherapy 45 minutes,$154
CLM13817,87880,Rapid strep test,$38
CLM13818,83036,Hemoglobin A1c,$39
CLM13818,36415,Blood draw,$32
CLM13819,99213,Office/outpatient visit,$113
CLM13820,17000,Destruction of skin lesion,$114
CLM13821,80061,Lipid panel,$63
CLM13821,36415,Blood draw,$28
CLM13821,85025,Complete blood count,$44
CLM13822,93015,Cardiac stress test,$836
CLM13823,96910,Phototherapy treatment,$164
CLM13823,11102,Skin biopsy,$166
CLM13824,99214,Detailed office visit,$151
CLM13824,93000,EKG/ECG with interpretation,$176
CLM13824,93306,Echocardiogram complete,$1182
CLM13825,87880,Rapid strep test,$35
CLM13826,94640,Nebulizer treatment,$46
CLM13826,99214,Detailed office visit,$138
CLM13827,36415,Blood draw,$30
CLM13828,90707,MMR vaccine,$88
CLM13828,87880,Rapid strep test,$37
CLM13829,83036,Hemoglobin A1c,$44
CLM13829,36415,Blood draw,$35
CLM13829,84443,TSH test,$57
CLM13830,36415,Blood draw,$32
CLM13831,71020,Chest X-ray,$114
CLM13832,99214,Detailed office visit,$120
CLM13833,93000,EKG/ECG with interpretation,$140
CLM13834,36415,Blood draw,$34
CLM13834,85025,Complete blood count,$51
CLM13835,96910,Phototherapy treatment,$181
CLM13836,71020,Chest X-ray,$119
CLM13836,80061,Lipid panel,$62
CLM13836,99213,Office/outpatient visit,$141
CLM13837,90460,Immunization administration,$44
CLM13838,99214,Detailed office visit,$137
CLM13839,90837,Psychotherapy 60 minutes,$205
CLM13840,90460,Immunization administration,$42
CLM13841,90834,Psychotherapy 45 minutes,$138
CLM13842,73030,Shoulder X-ray,$136
CLM13842,99213,Office/outpatient visit,$116
CLM13843,88175,Pap smear cytology,$72
CLM13844,83036,Hemoglobin A1c,$44
CLM13845,93000,EKG/ECG with interpretation,$157
CLM13846,99214,Detailed office visit,$131
CLM13846,88175,Pap smear cytology,$64
CLM13847,80053,Comprehensive metabolic panel,$59
CLM13848,36415,Blood draw,$29
CLM13848,85025,Complete blood count,$48
CLM13849,93306,Echocardiogram complete,$1087
CLM13849,93000,EKG/ECG with interpretation,$174
CLM13849,99214,Detailed office visit,$141
CLM13850,83036,Hemoglobin A1c,$37
CLM13851,85025,Complete blood count,$49
CLM13852,99213,Office/outpatient visit,$117
CLM13852,29881,Knee arthroscopy,$5487
CLM13853,96910,Phototherapy treatment,$154
CLM13853,99213,Office/outpatient visit,$130
CLM13854,71020,Chest X-ray,$123
CLM13854,94640,Nebulizer treatment,$52
CLM13855,80050,General health panel,$348
CLM13856,99215,Comprehensive office visit,$235
CLM13857,83036,Hemoglobin A1c,$40
CLM13857,99214,Detailed office visit,$119
CLM13858,96415,Chemotherapy infusion additional hour,$333
CLM13859,99214,Detailed office visit,$123
CLM13859,71020,Chest X-ray,$119
CLM13859,87070,Bacteria culture,$93
CLM13860,93000,EKG/ECG with interpretation,$153
CLM13861,90707,MMR vaccine,$89
CLM13862,88175,Pap smear cytology,$72
CLM13862,99214,Detailed office visit,$123
CLM13863,76805,Obstetric ultrasound,$459
CLM13863,88175,Pap smear cytology,$72
CLM13864,99213,Office/outpatient visit,$130
CLM13865,93000,EKG/ECG with interpretation,$153
CLM13866,80050,General health panel,$272
CLM13866,83036,Hemoglobin A1c,$36
CLM13867,99213,Office/outpatient visit,$117
CLM13868,99215,Comprehensive office visit,$231
CLM13868,96415,Chemotherapy infusion additional hour,$384
CLM13869,90834,Psychotherapy 45 minutes,$145
CLM13870,85025,Complete blood count,$43
CLM13870,71020,Chest X-ray,$123
CLM13871,93000,EKG/ECG with interpretation,$165
CLM13871,93306,Echocardiogram complete,$1245
CLM13872,80053,Comprehensive metabolic panel,$62
CLM13873,93458,Cardiac catheterization,$5107
CLM13873,93000,EKG/ECG with interpretation,$157
CLM13874,83036,Hemoglobin A1c,$44
CLM13874,99215,Comprehensive office visit,$246
CLM13875,80050,General health panel,$307
CLM13875,71020,Chest X-ray,$114
CLM13875,36415,Blood draw,$34
CLM13876,80050,General health panel,$275
CLM13877,99213,Office/outpatient visit,$132
CLM13878,71020,Chest X-ray,$119
CLM13879,93000,EKG/ECG with interpretation,$142
CLM13879,99214,Detailed office visit,$134
CLM13880,71020,Chest X-ray,$126
CLM13881,73030,Shoulder X-ray,$111
CLM13881,29881,Knee arthroscopy,$4823
CLM13881,20610,Major joint injection,$251
CLM13882,80061,Lipid panel,$63
CLM13883,90834,Psychotherapy 45 minutes,$135
CLM13884,71020,Chest X-ray,$124
CLM13885,71020,Chest X-ray,$118
CLM13886,93000,EKG/ECG with interpretation,$147
CLM13887,80061,Lipid panel,$56
CLM13887,71020,Chest X-ray,$119
CLM13888,93000,EKG/ECG with interpretation,$149
CLM13888,93015,Cardiac stress test,$777
CLM13888,93458,Cardiac catheterization,$5174
CLM13889,88175,Pap smear cytology,$75
CLM13889,99214,Detailed office visit,$144
CLM13890,99214,Detailed office visit,$120
CLM13891,71020,Chest X-ray,$129
CLM13891,87070,Bacteria culture,$93
CLM13892,90460,Immunization administration,$45
CLM13893,36415,Blood draw,$29
CLM13894,73030,Shoulder X-ray,$132
CLM13895,93000,EKG/ECG with interpretation,$146
CLM13896,36415,Blood draw,$35
CLM13896,99213,Office/outpatient visit,$121
CLM13897,83036,Hemoglobin A1c,$44
CLM13898,94010,Spirometry,$104
CLM13898,95810,Sleep study,$1539
CLM13899,93000,EKG/ECG with interpretation,$177
CLM13899,99214,Detailed office visit,$139
CLM13900,71020,Chest X-ray,$129
CLM13901,83036,Hemoglobin A1c,$43
CLM13902,83036,Hemoglobin A1c,$38
CLM13903,17000,Destruction of skin lesion,$109
CLM13903,96910,Phototherapy treatment,$154
CLM13904,87070,Bacteria culture,$94
CLM13905,36415,Blood draw,$35
CLM13906,94640,Nebulizer treatment,$56
CLM13906,94010,Spirometry,$104
CLM13907,87880,Rapid strep test,$41
CLM13907,99392,Preventive visit age 1-4,$197
CLM13908,90834,Psychotherapy 45 minutes,$153
CLM13909,99214,Detailed office visit,$119
CLM13910,80061,Lipid panel,$65
CLM13910,71020,Chest X-ray,$99
CLM13911,87880,Rapid strep test,$40
CLM13911,90460,Immunization administration,$37
CLM13912,93306,Echocardiogram complete,$1294
CLM13912,93000,EKG/ECG with interpretation,$139
CLM13913,99214,Detailed office visit,$149
CLM13914,83036,Hemoglobin A1c,$42
CLM13915,80053,Comprehensive metabolic panel,$57
CLM13916,71020,Chest X-ray,$115
CLM13917,90460,Immunization administration,$43
CLM13918,80053,Comprehensive metabolic panel,$55
CLM13918,36415,Blood draw,$28
CLM13919,90834,Psychotherapy 45 minutes,$132
CLM13919,90837,Psychotherapy 60 minutes,$193
CLM13920,71020,Chest X-ray,$116
CLM13920,93000,EKG/ECG with interpretation,$151
CLM13920,99283,ED visit moderate severity,$435
CLM13921,36415,Blood draw,$30
CLM13921,83036,Hemoglobin A1c,$43
CLM13922,87070,Bacteria culture,$78
CLM13923,36415,Blood draw,$28
CLM13923,80053,Comprehensive metabolic panel,$58
CLM13924,99214,Detailed office visit,$136
CLM13924,93000,EKG/ECG with interpretation,$157
CLM13924,93015,Cardiac stress test,$881
CLM13925,82947,Glucose test,$24
CLM13926,70450,CT head without contrast,$819
CLM13927,83036,Hemoglobin A1c,$40
CLM13927,36415,Blood draw,$27
CLM13928,99214,Detailed office visit,$138
CLM13929,99214,Detailed office visit,$123
CLM13930,36415,Blood draw,$31
CLM13930,83036,Hemoglobin A1c,$42
CLM13931,36415,Blood draw,$32
CLM13931,99214,Detailed office visit,$137
CLM13931,80053,Comprehensive metabolic panel,$55
CLM13932,90460,Immunization administration,$43
CLM13933,99214,Detailed office visit,$148
CLM13933,93458,Cardiac catheterization,$4088
CLM13933,93306,Echocardiogram complete,$1229
CLM13934,80061,Lipid panel,$56
CLM13935,85025,Complete blood count,$50
CLM13936,99214,Detailed office visit,$133
CLM13936,71020,Chest X-ray,$107
CLM13937,99283,ED visit moderate severity,$504
CLM13938,93000,EKG/ECG with interpretation,$174
CLM13938,80050,General health panel,$330
CLM13939,90837,Psychotherapy 60 minutes,$199
CLM13940,80053,Comprehensive metabolic panel,$67
CLM13940,99215,Comprehensive office visit,$248
CLM13940,36415,Blood draw,$30
CLM13941,99285,ED visit high severity,$1087
CLM13942,20610,Major joint injection,$241
CLM13942,99213,Office/outpatient visit,$140
CLM13942,29881,Knee arthroscopy,$5137
CLM13943,76805,Obstetric ultrasound,$385
CLM13944,88175,Pap smear cytology,$70
CLM13945,73030,Shoulder X-ray,$113
CLM13945,99213,Office/outpatient visit,$109
CLM13945,29881,Knee arthroscopy,$5622
CLM13946,82947,Glucose test,$28
CLM13947,87070,Bacteria culture,$89
CLM13947,80061,Lipid panel,$58
CLM13947,85025,Complete blood count,$45
CLM13948,99214,Detailed office visit,$127
CLM13949,93000,EKG/ECG with interpretation,$173
CLM13950,99213,Office/outpatient visit,$118
CLM13950,11102,Skin biopsy,$195
CLM13950,17000,Destruction of skin lesion,$140
CLM13951,99214,Detailed office visit,$149
CLM13951,93000,EKG/ECG with interpretation,$136
CLM13951,93306,Echocardiogram complete,$1132
CLM13952,85025,Complete blood count,$43
CLM13953,99215,Comprehensive office visit,$201
CLM13953,96413,Chemotherapy infusion first hour,$1164
CLM13954,99214,Detailed office visit,$151
CLM13954,88175,Pap smear cytology,$80
CLM13955,99283,ED visit moderate severity,$508
CLM13956,80053,Comprehensive metabolic panel,$57
CLM13957,99213,Office/outpatient visit,$109
CLM13957,11102,Skin biopsy,$184
CLM13958,84443,TSH test,$61
CLM13959,93000,EKG/ECG with interpretation,$136
CLM13960,87070,Bacteria culture,$94
CLM13961,99214,Detailed office visit,$118
CLM13961,90837,Psychotherapy 60 minutes,$211
CLM13961,90834,Psychotherapy 45 minutes,$136
CLM13962,87880,Rapid strep test,$32
CLM13962,90460,Immunization administration,$44
CLM13962,99213,Office/outpatient visit,$133
CLM13963,83036,Hemoglobin A1c,$44
CLM13963,36415,Blood draw,$30
CLM13963,93000,EKG/ECG with interpretation,$135
CLM13964,73030,Shoulder X-ray,$137
CLM13965,90791,Psychiatric diagnostic evaluation,$274
CLM13965,90834,Psychotherapy 45 minutes,$130
CLM13966,93306,Echocardiogram complete,$1237
CLM13966,93000,EKG/ECG with interpretation,$172
CLM13967,73030,Shoulder X-ray,$133
CLM13968,99214,Detailed office visit,$134
CLM13969,36415,Blood draw,$32
CLM13970,99213,Office/outpatient visit,$122
CLM13971,99214,Detailed office visit,$143
CLM13971,99213,Office/outpatient visit,$110
CLM13972,90460,Immunization administration,$42
CLM13972,87880,Rapid strep test,$39
CLM13972,90707,MMR vaccine,$105
CLM13973,93015,Cardiac stress test,$821
CLM13973,99214,Detailed office visit,$128
CLM13974,99214,Detailed office visit,$139
CLM13975,36415,Blood draw,$28
CLM13976,93306,Echocardiogram complete,$1173
CLM13977,85025,Complete blood count,$52
CLM13978,93306,Echocardiogram complete,$1201
CLM13979,88175,Pap smear cytology,$76
CLM13980,80053,Comprehensive metabolic panel,$64
CLM13980,83036,Hemoglobin A1c,$36
CLM13980,93000,EKG/ECG with interpretation,$175
CLM13981,71020,Chest X-ray,$106
CLM13981,93000,EKG/ECG with interpretation,$139
CLM13982,99214,Detailed office visit,$141
CLM13983,99214,Detailed office visit,$130
CLM13984,99214,Detailed office visit,$143
CLM13984,93000,EKG/ECG with interpretation,$145
CLM13985,87070,Bacteria culture,$74
CLM13986,76805,Obstetric ultrasound,$436
CLM13987,85025,Complete blood count,$46
CLM13988,90837,Psychotherapy 60 minutes,$174
CLM13988,99214,Detailed office visit,$151
CLM13989,82947,Glucose test,$29
CLM13990,82947,Glucose test,$29
CLM13990,84443,TSH test,$53
CLM13991,80061,Lipid panel,$63
CLM13992,84443,TSH test,$52
CLM13993,85025,Complete blood count,$47
CLM13994,99214,Detailed office visit,$119
CLM13995,80053,Comprehensive metabolic panel,$65
CLM13995,36415,Blood draw,$28
CLM13995,93000,EKG/ECG with interpretation,$142
CLM13996,99214,Detailed office visit,$149
CLM13997,36415,Blood draw,$34
CLM13997,83036,Hemoglobin A1c,$36
CLM13997,99214,Detailed office visit,$152
CLM13998,94640,Nebulizer treatment,$50
CLM13999,99214,Detailed office visit,$130
CLM14000,83036,Hemoglobin A1c,$38
CLM14000,36415,Blood draw,$29
CLM14001,71020,Chest X-ray,$103
CLM14001,80050,General health panel,$295
CLM14001,87070,Bacteria culture,$93
CLM14002,99285,ED visit high severity,$1271
CLM14003,36415,Blood draw,$27
CLM14004,93000,EKG/ECG with interpretation,$156
CLM14005,80061,Lipid panel,$65
CLM14005,99213,Office/outpatient visit,$115
CLM14006,73030,Shoulder X-ray,$116
CLM14006,99213,Office/outpatient visit,$138
CLM14007,93000,EKG/ECG with interpretation,$136
CLM14007,99215,Comprehensive office visit,$199
CLM14008,85025,Complete blood count,$43
CLM14009,71020,Chest X-ray,$107
CLM14009,99285,ED visit high severity,$1407
CLM14010,80061,Lipid panel,$52
CLM14011,85025,Complete blood count,$50
CLM14012,99213,Office/outpatient visit,$112
CLM14012,71020,Chest X-ray,$115
CLM14013,84443,TSH test,$62
CLM14014,93000,EKG/ECG with interpretation,$139
CLM14015,11102,Skin biopsy,$178
CLM14015,99213,Office/outpatient visit,$132
CLM14016,99213,Office/outpatient visit,$139
CLM14016,17000,Destruction of skin lesion,$118
CLM14016,11102,Skin biopsy,$166
CLM14017,94640,Nebulizer treatment,$52
CLM14017,71020,Chest X-ray,$120
CLM14017,94010,Spirometry,$103
CLM14018,93458,Cardiac catheterization,$5283
CLM14018,99214,Detailed office visit,$147
CLM14019,90791,Psychiatric diagnostic evaluation,$235
CLM14019,90837,Psychotherapy 60 minutes,$168
CLM14020,36415,Blood draw,$35
CLM14020,80061,Lipid panel,$62
CLM14021,99214,Detailed office visit,$134
CLM14022,99215,Comprehensive office visit,$191
CLM14023,83036,Hemoglobin A1c,$37
CLM14023,36415,Blood draw,$28
CLM14023,80053,Comprehensive metabolic panel,$70
CLM14024,80061,Lipid panel,$52
CLM14025,83036,Hemoglobin A1c,$45
CLM14025,82947,Glucose test,$29
CLM14025,36415,Blood draw,$33
CLM14026,99214,Detailed office visit,$143
CLM14027,90834,Psychotherapy 45 minutes,$157
CLM14028,87070,Bacteria culture,$91
CLM14029,99214,Detailed office visit,$127
CLM14029,88175,Pap smear cytology,$69
CLM14030,99213,Office/outpatient visit,$125
CLM14030,73030,Shoulder X-ray,$136
CLM14031,17000,Destruction of skin lesion,$117
CLM14032,99214,Detailed office visit,$134
CLM14032,88175,Pap smear cytology,$64
CLM14033,93306,Echocardiogram complete,$1131
CLM14034,96910,Phototherapy treatment,$177
CLM14034,99213,Office/outpatient visit,$130
CLM14034,11102,Skin biopsy,$163
CLM14035,99213,Office/outpatient visit,$114
CLM14036,99214,Detailed office visit,$118
CLM14037,71020,Chest X-ray,$128
CLM14037,36415,Blood draw,$27
CLM14037,85025,Complete blood count,$45
CLM14038,93015,Cardiac stress test,$833
CLM14039,93000,EKG/ECG with interpretation,$166
CLM14040,83036,Hemoglobin A1c,$47
CLM14040,36415,Blood draw,$30
CLM14040,80053,Comprehensive metabolic panel,$56
CLM14041,99283,ED visit moderate severity,$425
CLM14042,99214,Detailed office visit,$148
CLM14043,93000,EKG/ECG with interpretation,$163
CLM14043,71020,Chest X-ray,$128
CLM14044,84443,TSH test,$55
CLM14045,80061,Lipid panel,$50
CLM14046,93000,EKG/ECG with interpretation,$141
CLM14046,99214,Detailed office visit,$133
CLM14047,87070,Bacteria culture,$93
CLM14048,99214,Detailed office visit,$122
CLM14049,99214,Detailed office visit,$148
CLM14050,96415,Chemotherapy infusion additional hour,$322
CLM14051,71020,Chest X-ray,$105
CLM14052,85025,Complete blood count,$49
CLM14052,87070,Bacteria culture,$81
CLM14053,36415,Blood draw,$28
CLM14054,99283,ED visit moderate severity,$501
CLM14054,71020,Chest X-ray,$101
CLM14055,93000,EKG/ECG with interpretation,$177
CLM14055,99214,Detailed office visit,$140
CLM14056,90460,Immunization administration,$44
CLM14057,90460,Immunization administration,$44
CLM14057,99392,Preventive visit age 1-4,$187
CLM14058,71020,Chest X-ray,$122
CLM14058,70450,CT head without contrast,$928
CLM14059,87070,Bacteria culture,$94
CLM14060,71020,Chest X-ray,$110
CLM14061,93000,EKG/ECG with interpretation,$143
CLM14062,90834,Psychotherapy 45 minutes,$162
CLM14063,99213,Office/outpatient visit,$137
CLM14064,93000,EKG/ECG with interpretation,$167
CLM14064,83036,Hemoglobin A1c,$40
CLM14065,99214,Detailed office visit,$131
CLM14065,90834,Psychotherapy 45 minutes,$129
CLM14066,99283,ED visit moderate severity,$511
CLM14067,99214,Detailed office visit,$118
CLM14068,87070,Bacteria culture,$85
CLM14069,93000,EKG/ECG with interpretation,$172
CLM14070,71020,Chest X-ray,$108
CLM14070,93000,EKG/ECG with interpretation,$165
CLM14071,99283,ED visit moderate severity,$425
CLM14072,96910,Phototherapy treatment,$169
CLM14072,99213,Office/outpatient visit,$117
CLM14073,90834,Psychotherapy 45 minutes,$127
CLM14074,80050,General health panel,$271
CLM14075,99215,Comprehensive office visit,$226
CLM14075,80050,General health panel,$327
CLM14076,99214,Detailed office visit,$147
CLM14077,17000,Destruction of skin lesion,$111
CLM14077,96910,Phototherapy treatment,$151
CLM14078,17000,Destruction of skin lesion,$120
CLM14079,87070,Bacteria culture,$84
CLM14080,99214,Detailed office visit,$146
CLM14080,93000,EKG/ECG with interpretation,$171
CLM14080,93306,Echocardiogram complete,$1141
CLM14081,90834,Psychotherapy 45 minutes,$162
CLM14082,93000,EKG/ECG with interpretation,$159
CLM14083,93000,EKG/ECG with interpretation,$138
CLM14083,99214,Detailed office visit,$121
CLM14084,93000,EKG/ECG with interpretation,$137
CLM14085,90791,Psychiatric diagnostic evaluation,$250
CLM14086,99215,Comprehensive office visit,$210
CLM14087,80061,Lipid panel,$64
CLM14088,99213,Office/outpatient visit,$128
CLM14088,90460,Immunization administration,$41
CLM14089,36415,Blood draw,$30
CLM14090,90460,Immunization administration,$39
CLM14090,99392,Preventive visit age 1-4,$200
CLM14091,73030,Shoulder X-ray,$128
CLM14092,93000,EKG/ECG with interpretation,$168
CLM14092,93015,Cardiac stress test,$1001
CLM14093,36415,Blood draw,$31
CLM14094,99214,Detailed office visit,$138
CLM14095,85025,Complete blood count,$50
CLM14095,99215,Comprehensive office visit,$237
CLM14096,71020,Chest X-ray,$103
CLM14096,70450,CT head without contrast,$904
CLM14096,99285,ED visit high severity,$1089
CLM14097,99214,Detailed office visit,$140
CLM14098,71020,Chest X-ray,$126
CLM14098,94010,Spirometry,$98
CLM14099,99214,Detailed office visit,$142
CLM14099,80050,General health panel,$347
CLM14099,83036,Hemoglobin A1c,$42
CLM14100,36415,Blood draw,$30
CLM14100,82947,Glucose test,$25
CLM14100,84443,TSH test,$64
CLM14101,99214,Detailed office visit,$133
CLM14102,80053,Comprehensive metabolic panel,$70
CLM14102,83036,Hemoglobin A1c,$44
CLM14103,99213,Office/outpatient visit,$111
CLM14104,73030,Shoulder X-ray,$114
CLM14104,99213,Office/outpatient visit,$122
CLM14105,85025,Complete blood count,$49
CLM14106,85025,Complete blood count,$42
CLM14106,96413,Chemotherapy infusion first hour,$1130
CLM14107,93000,EKG/ECG with interpretation,$158
CLM14107,80053,Comprehensive metabolic panel,$64
CLM14107,36415,Blood draw,$31
CLM14108,99215,Comprehensive office visit,$200
CLM14108,83036,Hemoglobin A1c,$44
CLM14109,36415,Blood draw,$31
CLM14110,96415,Chemotherapy infusion additional hour,$335
CLM14111,99214,Detailed office visit,$132
CLM14111,36415,Blood draw,$33
CLM14112,96910,Phototherapy treatment,$179
CLM14113,96910,Phototherapy treatment,$170
CLM14114,83036,Hemoglobin A1c,$40
CLM14114,80050,General health panel,$295
CLM14114,99214,Detailed office visit,$134
CLM14115,93000,EKG/ECG with interpretation,$168
CLM14116,90707,MMR vaccine,$84
CLM14117,85025,Complete blood count,$45
CLM14117,87070,Bacteria culture,$83
CLM14118,71020,Chest X-ray,$108
CLM14119,99214,Detailed office visit,$140
CLM14119,90837,Psychotherapy 60 minutes,$193
CLM14119,90834,Psychotherapy 45 minutes,$144
CLM14120,20610,Major joint injection,$290
CLM14121,88175,Pap smear cytology,$67
CLM14121,76805,Obstetric ultrasound,$454
CLM14122,99214,Detailed office visit,$135
CLM14123,71020,Chest X-ray,$114
CLM14123,36415,Blood draw,$28
CLM14124,87070,Bacteria culture,$84
CLM14125,87070,Bacteria culture,$80
CLM14125,99214,Detailed office visit,$151
CLM14126,99214,Detailed office visit,$130
CLM14127,99214,Detailed office visit,$128
CLM14128,99214,Detailed office visit,$130
CLM14128,90834,Psychotherapy 45 minutes,$151
CLM14128,90837,Psychotherapy 60 minutes,$179
CLM14129,85025,Complete blood count,$43
CLM14130,93000,EKG/ECG with interpretation,$164
CLM14131,99214,Detailed office visit,$121
CLM14132,71020,Chest X-ray,$112
CLM14133,36415,Blood draw,$34
CLM14133,80050,General health panel,$281
CLM14134,99213,Office/outpatient visit,$133
CLM14134,96910,Phototherapy treatment,$159
CLM14135,29881,Knee arthroscopy,$4931
CLM14135,20610,Major joint injection,$271
CLM14136,80053,Comprehensive metabolic panel,$68
CLM14136,99215,Comprehensive office visit,$221
CLM14136,36415,Blood draw,$29
CLM14137,99213,Office/outpatient visit,$123
CLM14137,17000,Destruction of skin lesion,$114
CLM14138,99213,Office/outpatient visit,$120
CLM14138,87880,Rapid strep test,$38
CLM14138,90707,MMR vaccine,$83
CLM14139,85025,Complete blood count,$47
CLM14139,99214,Detailed office visit,$144
CLM14140,87070,Bacteria culture,$80
CLM14141,85025,Complete blood count,$47
CLM14142,70450,CT head without contrast,$814
CLM14143,93306,Echocardiogram complete,$1178
CLM14143,99214,Detailed office visit,$123
CLM14144,93000,EKG/ECG with interpretation,$155
CLM14144,99214,Detailed office visit,$123
CLM14145,94010,Spirometry,$101
CLM14146,99285,ED visit high severity,$1101
CLM14146,99283,ED visit moderate severity,$454
CLM14147,93015,Cardiac stress test,$895
CLM14147,93306,Echocardiogram complete,$1318
CLM14148,87070,Bacteria culture,$87
CLM14148,85025,Complete blood count,$41
CLM14149,85025,Complete blood count,$45
CLM14149,71020,Chest X-ray,$101
CLM14150,90834,Psychotherapy 45 minutes,$155
CLM14151,71020,Chest X-ray,$118
CLM14151,70450,CT head without contrast,$927
CLM14152,94010,Spirometry,$95
CLM14153,99215,Comprehensive office visit,$247
CLM14154,93000,EKG/ECG with interpretation,$158
CLM14155,99213,Office/outpatient visit,$114
CLM14156,99215,Comprehensive office visit,$246
CLM14157,80053,Comprehensive metabolic panel,$63
CLM14157,36415,Blood draw,$34
CLM14158,80050,General health panel,$284
CLM14158,80053,Comprehensive metabolic panel,$61
CLM14159,90707,MMR vaccine,$106
CLM14160,85025,Complete blood count,$46
CLM14160,36415,Blood draw,$33
CLM14161,93000,EKG/ECG with interpretation,$165
CLM14162,85025,Complete blood count,$52
CLM14163,90707,MMR vaccine,$85
CLM14164,36415,Blood draw,$35
CLM14165,87070,Bacteria culture,$77
CLM14165,80050,General health panel,$347
CLM14165,71020,Chest X-ray,$126
CLM14166,80061,Lipid panel,$55
CLM14167,90791,Psychiatric diagnostic evaluation,$255
CLM14168,36415,Blood draw,$32
CLM14168,99214,Detailed office visit,$149
CLM14169,36415,Blood draw,$33
CLM14170,90791,Psychiatric diagnostic evaluation,$282
CLM14170,90837,Psychotherapy 60 minutes,$168
CLM14171,90837,Psychotherapy 60 minutes,$185
CLM14171,90834,Psychotherapy 45 minutes,$157
CLM14172,99214,Detailed office visit,$150
CLM14172,90834,Psychotherapy 45 minutes,$162
CLM14173,99213,Office/outpatient visit,$121
CLM14173,20610,Major joint injection,$265
CLM14174,99214,Detailed office visit,$125
CLM14175,90460,Immunization administration,$39
CLM14176,85025,Complete blood count,$41
CLM14177,80061,Lipid panel,$60
CLM14177,85025,Complete blood count,$42
CLM14177,80050,General health panel,$352
CLM14178,99213,Office/outpatient visit,$132
CLM14178,36415,Blood draw,$30
CLM14179,17000,Destruction of skin lesion,$136
CLM14180,20610,Major joint injection,$246
CLM14181,93000,EKG/ECG with interpretation,$176
CLM14182,99214,Detailed office visit,$142
CLM14182,93458,Cardiac catheterization,$5024
CLM14183,93000,EKG/ECG with interpretation,$175
CLM14184,87070,Bacteria culture,$76
CLM14185,83036,Hemoglobin A1c,$41
CLM14185,99215,Comprehensive office visit,$245
CLM14186,36415,Blood draw,$28
CLM14187,36415,Blood draw,$28
CLM14188,93000,EKG/ECG with interpretation,$143
CLM14188,99214,Detailed office visit,$146
CLM14188,93015,Cardiac stress test,$879
CLM14189,99214,Detailed office visit,$142
CLM14190,70450,CT head without contrast,$838
CLM14191,93000,EKG/ECG with interpretation,$141
CLM14191,99283,ED visit moderate severity,$502
CLM14191,71020,Chest X-ray,$108
CLM14192,90837,Psychotherapy 60 minutes,$166
CLM14193,80053,Comprehensive metabolic panel,$58
CLM14193,80050,General health panel,$346
CLM14193,99214,Detailed office visit,$124
CLM14194,36415,Blood draw,$33
CLM14194,85025,Complete blood count,$50
CLM14195,99213,Office/outpatient visit,$129
CLM14195,90460,Immunization administration,$42
CLM14196,36415,Blood draw,$27
CLM14197,71020,Chest X-ray,$126
CLM14198,11102,Skin biopsy,$200
CLM14199,90834,Psychotherapy 45 minutes,$140
CLM14199,99214,Detailed office visit,$126
CLM14200,99213,Office/outpatient visit,$116
CLM14200,73030,Shoulder X-ray,$111
CLM14201,93000,EKG/ECG with interpretation,$155
CLM14201,71020,Chest X-ray,$114
CLM14202,71020,Chest X-ray,$126
CLM14202,99214,Detailed office visit,$120
CLM14203,99214,Detailed office visit,$133
CLM14203,93000,EKG/ECG with interpretation,$161
CLM14204,85025,Complete blood count,$52
CLM14205,99214,Detailed office visit,$141
CLM14205,71020,Chest X-ray,$107
CLM14205,80061,Lipid panel,$60
CLM14206,83036,Hemoglobin A1c,$43
CLM14206,80053,Comprehensive metabolic panel,$57
CLM14207,99215,Comprehensive office visit,$248
CLM14208,87880,Rapid strep test,$32
CLM14209,73030,Shoulder X-ray,$127
CLM14210,93000,EKG/ECG with interpretation,$166
CLM14210,36415,Blood draw,$31
CLM14211,71020,Chest X-ray,$120
CLM14212,71020,Chest X-ray,$126
CLM14213,93000,EKG/ECG with interpretation,$171
CLM14213,99283,ED visit moderate severity,$461
CLM14214,99214,Detailed office visit,$138
CLM14214,36415,Blood draw,$33
CLM14215,94640,Nebulizer treatment,$51
CLM14215,94010,Spirometry,$95
CLM14216,99213,Office/outpatient visit,$126
CLM14216,87070,Bacteria culture,$91
CLM14217,88175,Pap smear cytology,$76
CLM14218,36415,Blood draw,$30
CLM14219,80061,Lipid panel,$54
CLM14220,99214,Detailed office visit,$135
CLM14220,93000,EKG/ECG with interpretation,$161
CLM14221,90791,Psychiatric diagnostic evaluation,$242
CLM14222,36415,Blood draw,$34
CLM14223,99213,Office/outpatient visit,$109
CLM14223,85025,Complete blood count,$41
CLM14223,71020,Chest X-ray,$114
CLM14224,99213,Office/outpatient visit,$125
CLM14225,99215,Comprehensive office visit,$213
CLM14226,99213,Office/outpatient visit,$110
CLM14226,73030,Shoulder X-ray,$133
CLM14227,93458,Cardiac catheterization,$5211
CLM14227,93015,Cardiac stress test,$844
CLM14227,99214,Detailed office visit,$127
CLM14228,80053,Comprehensive metabolic panel,$65
CLM14228,93000,EKG/ECG with interpretation,$146
CLM14229,73030,Shoulder X-ray,$132
CLM14230,94640,Nebulizer treatment,$50
CLM14231,36415,Blood draw,$29
CLM14231,82947,Glucose test,$27
CLM14232,59400,Routine obstetric care,$3333
CLM14233,83036,Hemoglobin A1c,$43
CLM14233,80053,Comprehensive metabolic panel,$62
CLM14234,93000,EKG/ECG with interpretation,$167
CLM14235,87070,Bacteria culture,$84
CLM14236,83036,Hemoglobin A1c,$44
CLM14236,82947,Glucose test,$24
CLM14237,76805,Obstetric ultrasound,$463
CLM14238,88175,Pap smear cytology,$75
CLM14238,99214,Detailed office visit,$140
CLM14239,80061,Lipid panel,$50
CLM14240,36415,Blood draw,$32
CLM14241,71020,Chest X-ray,$101
CLM14241,36415,Blood draw,$29
CLM14242,94010,Spirometry,$82
CLM14243,82947,Glucose test,$25
CLM14244,99213,Office/outpatient visit,$135
CLM14245,87070,Bacteria culture,$79
CLM14245,80061,Lipid panel,$56
CLM14245,71020,Chest X-ray,$108
CLM14246,36415,Blood draw,$34
CLM14247,99213,Office/outpatient visit,$127
CLM14247,71020,Chest X-ray,$100
CLM14248,99214,Detailed office visit,$142
CLM14249,36415,Blood draw,$33
CLM14250,94640,Nebulizer treatment,$51
CLM14251,85025,Complete blood count,$48
CLM14252,94010,Spirometry,$102
CLM14253,83036,Hemoglobin A1c,$43
CLM14253,36415,Blood draw,$29
CLM14254,99214,Detailed office visit,$122
CLM14254,90791,Psychiatric diagnostic evaluation,$230
CLM14255,77385,IMRT radiation treatment,$2206
CLM14256,88175,Pap smear cytology,$69
CLM14257,99214,Detailed office visit,$129
CLM14257,93000,EKG/ECG with interpretation,$138
CLM14258,82947,Glucose test,$28
CLM14259,99213,Office/outpatient visit,$140
CLM14259,99392,Preventive visit age 1-4,$173
CLM14260,99214,Detailed office visit,$136
CLM14261,90460,Immunization administration,$43
CLM14262,85025,Complete blood count,$50
CLM14263,36415,Blood draw,$29
CLM14264,93000,EKG/ECG with interpretation,$175
CLM14264,99214,Detailed office visit,$149
CLM14265,87070,Bacteria culture,$91
CLM14265,80050,General health panel,$325
CLM14266,93000,EKG/ECG with interpretation,$172
CLM14267,99285,ED visit high severity,$1245
CLM14267,93000,EKG/ECG with interpretation,$139
CLM14268,85025,Complete blood count,$49
CLM14268,71020,Chest X-ray,$122
CLM14269,99214,Detailed office visit,$129
CLM14270,99215,Comprehensive office visit,$226
CLM14270,99214,Detailed office visit,$144
CLM14271,93000,EKG/ECG with interpretation,$171
CLM14271,70450,CT head without contrast,$1008
CLM14272,20610,Major joint injection,$287
CLM14272,99213,Office/outpatient visit,$113
CLM14273,93306,Echocardiogram complete,$1382
CLM14273,93458,Cardiac catheterization,$5215
CLM14274,36415,Blood draw,$28
CLM14274,99215,Comprehensive office visit,$212
CLM14274,83036,Hemoglobin A1c,$38
CLM14275,99214,Detailed office visit,$135
CLM14276,71020,Chest X-ray,$115
CLM14277,93000,EKG/ECG with interpretation,$144
CLM14277,99283,ED visit moderate severity,$463
CLM14278,94640,Nebulizer treatment,$52
CLM14278,94010,Spirometry,$101
CLM14278,99214,Detailed office visit,$147
CLM14279,99213,Office/outpatient visit,$129
CLM14280,71020,Chest X-ray,$107
CLM14281,36415,Blood draw,$29
CLM14281,80050,General health panel,$322
CLM14282,71020,Chest X-ray,$102
CLM14282,99214,Detailed office visit,$119
CLM14283,76805,Obstetric ultrasound,$469
CLM14283,99214,Detailed office visit,$135
CLM14284,80061,Lipid panel,$56
CLM14284,85025,Complete blood count,$46
CLM14285,99214,Detailed office visit,$145
CLM14286,85025,Complete blood count,$53
CLM14286,80061,Lipid panel,$58
CLM14287,99285,ED visit high severity,$1083
CLM14288,36415,Blood draw,$27
CLM14289,36415,Blood draw,$31
CLM14290,99214,Detailed office visit,$145
CLM14290,93015,Cardiac stress test,$765
CLM14291,36415,Blood draw,$34
CLM14292,88175,Pap smear cytology,$64
CLM14293,80061,Lipid panel,$63
CLM14294,73030,Shoulder X-ray,$120
CLM14295,99283,ED visit moderate severity,$425
CLM14295,71020,Chest X-ray,$122
CLM14296,99214,Detailed office visit,$153
CLM14297,99214,Detailed office visit,$135
CLM14298,93000,EKG/ECG with interpretation,$137
CLM14299,99214,Detailed office visit,$152
CLM14300,73030,Shoulder X-ray,$124
CLM14300,99213,Office/outpatient visit,$138
CLM14301,80053,Comprehensive metabolic panel,$68
CLM14301,83036,Hemoglobin A1c,$39
CLM14301,36415,Blood draw,$30
CLM14302,93000,EKG/ECG with interpretation,$146
CLM14302,71020,Chest X-ray,$106
CLM14302,99283,ED visit moderate severity,$531
CLM14303,96910,Phototherapy treatment,$186
CLM14303,99213,Office/outpatient visit,$136
CLM14304,90707,MMR vaccine,$88
CLM14304,87880,Rapid strep test,$33
CLM14305,99214,Detailed office visit,$119
CLM14306,99214,Detailed office visit,$133
CLM14306,80053,Comprehensive metabolic panel,$54
CLM14307,11102,Skin biopsy,$171
CLM14308,99213,Office/outpatient visit,$132
CLM14309,90837,Psychotherapy 60 minutes,$204
CLM14310,83036,Hemoglobin A1c,$39
CLM14310,36415,Blood draw,$27
CLM14311,99214,Detailed office visit,$141
CLM14312,71020,Chest X-ray,$102
CLM14312,99214,Detailed office visit,$141
CLM14313,90837,Psychotherapy 60 minutes,$172
CLM14314,94010,Spirometry,$98
CLM14315,93015,Cardiac stress test,$937
CLM14315,99214,Detailed office visit,$151
CLM14315,93458,Cardiac catheterization,$4376
CLM14316,99213,Office/outpatient visit,$116
CLM14317,83036,Hemoglobin A1c,$42
CLM14317,82947,Glucose test,$28
CLM14318,36415,Blood draw,$33
CLM14319,99213,Office/outpatient visit,$125
CLM14320,36415,Blood draw,$33
CLM14320,80050,General health panel,$321
CLM14320,93000,EKG/ECG with interpretation,$175
CLM14321,99214,Detailed office visit,$119
CLM14321,93000,EKG/ECG with interpretation,$159
CLM14322,71020,Chest X-ray,$124
CLM14323,99213,Office/outpatient visit,$124
CLM14324,36415,Blood draw,$32
CLM14325,73721,MRI knee,$1438
CLM14325,99213,Office/outpatient visit,$126
CLM14325,20610,Major joint injection,$235
CLM14326,36415,Blood draw,$31
CLM14326,93000,EKG/ECG with interpretation,$141
CLM14327,90791,Psychiatric diagnostic evaluation,$240
CLM14327,99214,Detailed office visit,$119
CLM14328,99214,Detailed office visit,$145
CLM14329,85025,Complete blood count,$46
CLM14330,99213,Office/outpatient visit,$130
CLM14331,85025,Complete blood count,$49
CLM14332,71020,Chest X-ray,$113
CLM14332,99214,Detailed office visit,$118
CLM14333,90834,Psychotherapy 45 minutes,$139
CLM14333,99214,Detailed office visit,$130
CLM14334,80050,General health panel,$277
CLM14334,83036,Hemoglobin A1c,$46
CLM14335,20610,Major joint injection,$235
CLM14336,80050,General health panel,$312
CLM14336,99213,Office/outpatient visit,$115
CLM14336,85025,Complete blood count,$50
CLM14337,99285,ED visit high severity,$1255
CLM14338,71020,Chest X-ray,$120
CLM14338,99285,ED visit high severity,$1238
CLM14339,80050,General health panel,$304
CLM14340,73030,Shoulder X-ray,$120
CLM14341,11102,Skin biopsy,$172
CLM14341,99213,Office/outpatient visit,$123
CLM14341,17000,Destruction of skin lesion,$132
CLM14342,93306,Echocardiogram complete,$1359
CLM14343,99213,Office/outpatient visit,$116
CLM14344,20610,Major joint injection,$239
CLM14345,83036,Hemoglobin A1c,$41
CLM14345,80053,Comprehensive metabolic panel,$56
CLM14346,80061,Lipid panel,$57
CLM14347,99214,Detailed office visit,$152
CLM14348,71020,Chest X-ray,$110
CLM14348,70450,CT head without contrast,$822
CLM14349,87070,Bacteria culture,$84
CLM14350,80061,Lipid panel,$61
CLM14350,36415,Blood draw,$33
CLM14350,71020,Chest X-ray,$129
CLM14351,36415,Blood draw,$34
CLM14351,80050,General health panel,$336
CLM14351,83036,Hemoglobin A1c,$43
CLM14352,83036,Hemoglobin A1c,$39
CLM14353,73030,Shoulder X-ray,$122
CLM14354,99214,Detailed office visit,$132
CLM14355,85025,Complete blood count,$50
CLM14356,99213,Office/outpatient visit,$129
CLM14356,87070,Bacteria culture,$88
CLM14356,85025,Complete blood count,$41
CLM14357,99214,Detailed office visit,$140
CLM14357,88175,Pap smear cytology,$68
CLM14358,83036,Hemoglobin A1c,$42
CLM14359,85025,Complete blood count,$46
CLM14359,99214,Detailed office visit,$151
CLM14360,85025,Complete blood count,$42
CLM14361,99214,Detailed office visit,$125
CLM14362,99214,Detailed office visit,$147
CLM14363,94640,Nebulizer treatment,$52
CLM14364,71020,Chest X-ray,$120
CLM14364,87070,Bacteria culture,$90
CLM14364,36415,Blood draw,$35
CLM14365,73030,Shoulder X-ray,$119
CLM14366,93000,EKG/ECG with interpretation,$169
CLM14366,80053,Comprehensive metabolic panel,$66
CLM14367,93000,EKG/ECG with interpretation,$168
CLM14368,99214,Detailed office visit,$145
CLM14368,80053,Comprehensive metabolic panel,$66
CLM14369,94010,Spirometry,$89
CLM14370,82947,Glucose test,$23
CLM14370,36415,Blood draw,$34
CLM14370,83036,Hemoglobin A1c,$40
CLM14371,80050,General health panel,$280
CLM14372,99213,Office/outpatient visit,$128
CLM14372,80061,Lipid panel,$53
CLM14372,85025,Complete blood count,$42
CLM14373,93000,EKG/ECG with interpretation,$136
CLM14374,73030,Shoulder X-ray,$121
CLM14375,20610,Major joint injection,$260
CLM14376,36415,Blood draw,$27
CLM14377,80061,Lipid panel,$64
CLM14378,36415,Blood draw,$34
CLM14379,90791,Psychiatric diagnostic evaluation,$256
CLM14380,93000,EKG/ECG with interpretation,$173
CLM14381,73030,Shoulder X-ray,$129
CLM14381,20610,Major joint injection,$261
CLM14381,99213,Office/outpatient visit,$131
CLM14382,87070,Bacteria culture,$94
CLM14382,80050,General health panel,$327
CLM14383,87070,Bacteria culture,$77
CLM14383,80061,Lipid panel,$51
CLM14384,90834,Psychotherapy 45 minutes,$155
CLM14385,99214,Detailed office visit,$119
CLM14386,99214,Detailed office visit,$124
CLM14387,90791,Psychiatric diagnostic evaluation,$250
CLM14388,93458,Cardiac catheterization,$4768
CLM14389,80053,Comprehensive metabolic panel,$56
CLM14389,99214,Detailed office visit,$147
CLM14390,99214,Detailed office visit,$121
CLM14391,99214,Detailed office visit,$133
CLM14392,96910,Phototherapy treatment,$182
CLM14393,99213,Office/outpatient visit,$135
CLM14394,17000,Destruction of skin lesion,$140
CLM14394,99213,Office/outpatient visit,$113
CLM14395,36415,Blood draw,$32
CLM14396,85025,Complete blood count,$42
CLM14397,71020,Chest X-ray,$103
CLM14397,36415,Blood draw,$29
CLM14397,99213,Office/outpatient visit,$136
CLM14398,71020,Chest X-ray,$103
CLM14399,71020,Chest X-ray,$111
CLM14400,99392,Preventive visit age 1-4,$197
CLM14401,99213,Office/outpatient visit,$139
CLM14401,99214,Detailed office visit,$120
CLM14402,36415,Blood draw,$35
CLM14403,36415,Blood draw,$32
CLM14403,99214,Detailed office visit,$130
CLM14403,83036,Hemoglobin A1c,$42
CLM14404,71020,Chest X-ray,$110
CLM14404,93000,EKG/ECG with interpretation,$173
CLM14405,87880,Rapid strep test,$40
CLM14405,90460,Immunization administration,$47
CLM14406,87070,Bacteria culture,$93
CLM14406,99213,Office/outpatient visit,$120
CLM14407,80050,General health panel,$335
CLM14407,36415,Blood draw,$35
CLM14407,99215,Comprehensive office visit,$206
CLM14408,73030,Shoulder X-ray,$118
CLM14408,99213,Office/outpatient visit,$119
CLM14409,80053,Comprehensive metabolic panel,$70
CLM14409,99215,Comprehensive office visit,$200
CLM14410,99213,Office/outpatient visit,$135
CLM14411,99214,Detailed office visit,$147
CLM14412,99213,Office/outpatient visit,$109
CLM14413,71020,Chest X-ray,$118
CLM14413,36415,Blood draw,$33
CLM14413,99213,Office/outpatient visit,$138
CLM14414,99215,Comprehensive office visit,$222
CLM14415,71020,Chest X-ray,$123
CLM14416,82947,Glucose test,$25
CLM14416,84443,TSH test,$64
CLM14417,99214,Detailed office visit,$139
CLM14417,83036,Hemoglobin A1c,$41
CLM14417,82947,Glucose test,$27
CLM14418,99213,Office/outpatient visit,$113
CLM14419,80053,Comprehensive metabolic panel,$67
CLM14420,99214,Detailed office visit,$131
CLM14421,36415,Blood draw,$30
CLM14422,90460,Immunization administration,$41
CLM14422,99213,Office/outpatient visit,$133
CLM14423,70450,CT head without contrast,$841
CLM14424,93306,Echocardiogram complete,$1313
CLM14425,80053,Comprehensive metabolic panel,$58
CLM14426,36415,Blood draw,$30
CLM14426,85025,Complete blood count,$52
CLM14426,80061,Lipid panel,$53
CLM14427,85025,Complete blood count,$45
CLM14428,93015,Cardiac stress test,$901
CLM14428,93000,EKG/ECG with interpretation,$148
CLM14429,80061,Lipid panel,$53
CLM14430,93000,EKG/ECG with interpretation,$141
CLM14430,99214,Detailed office visit,$120
CLM14430,93015,Cardiac stress test,$1000
CLM14431,85025,Complete blood count,$49
CLM14432,87070,Bacteria culture,$80
CLM14432,71020,Chest X-ray,$114
CLM14433,99283,ED visit moderate severity,$514
CLM14433,93000,EKG/ECG with interpretation,$144
CLM14434,20610,Major joint injection,$250
CLM14435,71020,Chest X-ray,$108
CLM14435,93000,EKG/ECG with interpretation,$170
CLM14436,93000,EKG/ECG with interpretation,$172
CLM14437,87070,Bacteria culture,$77
CLM14437,85025,Complete blood count,$51
CLM14438,80050,General health panel,$297
CLM14439,93000,EKG/ECG with interpretation,$164
CLM14439,99214,Detailed office visit,$133
CLM14439,93015,Cardiac stress test,$907
CLM14440,99213,Office/outpatient visit,$137
CLM14440,36415,Blood draw,$33
CLM14441,90460,Immunization administration,$41
CLM14441,90707,MMR vaccine,$90
CLM14442,71020,Chest X-ray,$107
CLM14442,93000,EKG/ECG with interpretation,$137
CLM14443,80061,Lipid panel,$63
CLM14444,20610,Major joint injection,$231
CLM14445,90707,MMR vaccine,$83
CLM14446,90837,Psychotherapy 60 minutes,$210
CLM14447,99213,Office/outpatient visit,$110
CLM14448,90837,Psychotherapy 60 minutes,$192
CLM14449,85025,Complete blood count,$53
CLM14450,90791,Psychiatric diagnostic evaluation,$230
CLM14450,90834,Psychotherapy 45 minutes,$135
CLM14451,36415,Blood draw,$34
CLM14451,80053,Comprehensive metabolic panel,$63
CLM14452,96415,Chemotherapy infusion additional hour,$339
CLM14453,99214,Detailed office visit,$129
CLM14454,80050,General health panel,$330
CLM14454,99215,Comprehensive office visit,$222
CLM14455,71020,Chest X-ray,$126
CLM14456,88175,Pap smear cytology,$67
CLM14457,94640,Nebulizer treatment,$52
CLM14457,71020,Chest X-ray,$114
CLM14457,94010,Spirometry,$102
CLM14458,70450,CT head without contrast,$959
CLM14458,71020,Chest X-ray,$118
CLM14458,93000,EKG/ECG with interpretation,$165
CLM14459,88175,Pap smear cytology,$68
CLM14459,99214,Detailed office visit,$146
CLM14460,99213,Office/outpatient visit,$124
CLM14460,80061,Lipid panel,$53
CLM14461,99214,Detailed office visit,$135
CLM14462,99214,Detailed office visit,$120
CLM14462,71020,Chest X-ray,$102
CLM14462,87070,Bacteria culture,$77
CLM14463,85025,Complete blood count,$49
CLM14463,99215,Comprehensive office visit,$244
CLM14463,96415,Chemotherapy infusion additional hour,$385
CLM14464,71020,Chest X-ray,$101
CLM14465,17000,Destruction of skin lesion,$110
CLM14465,11102,Skin biopsy,$165
CLM14466,99213,Office/outpatient visit,$114
CLM14467,80053,Comprehensive metabolic panel,$55
CLM14468,80050,General health panel,$312
CLM14468,80053,Comprehensive metabolic panel,$66
CLM14468,83036,Hemoglobin A1c,$44
CLM14469,17000,Destruction of skin lesion,$137
CLM14470,80053,Comprehensive metabolic panel,$66
CLM14471,80061,Lipid panel,$59
CLM14471,99214,Detailed office visit,$145
CLM14471,85025,Complete blood count,$51
CLM14472,36415,Blood draw,$29
CLM14472,80061,Lipid panel,$53
CLM14472,87070,Bacteria culture,$92
CLM14473,11102,Skin biopsy,$172
CLM14473,99213,Office/outpatient visit,$128
CLM14474,87880,Rapid strep test,$34
CLM14474,99392,Preventive visit age 1-4,$190
CLM14475,90791,Psychiatric diagnostic evaluation,$232
CLM14475,99214,Detailed office visit,$150
CLM14476,80053,Comprehensive metabolic panel,$56
CLM14477,93000,EKG/ECG with interpretation,$151
CLM14478,90837,Psychotherapy 60 minutes,$203
CLM14479,70450,CT head without contrast,$881
CLM14479,71020,Chest X-ray,$116
CLM14480,20610,Major joint injection,$229
CLM14481,99214,Detailed office visit,$127
CLM14482,11102,Skin biopsy,$204
CLM14483,99214,Detailed office visit,$145
CLM14484,11102,Skin biopsy,$174
CLM14484,96910,Phototherapy treatment,$167
CLM14485,88175,Pap smear cytology,$68
CLM14485,99214,Detailed office visit,$135
CLM14486,99214,Detailed office visit,$138
CLM14487,83036,Hemoglobin A1c,$44
CLM14488,83036,Hemoglobin A1c,$37
CLM14489,80061,Lipid panel,$59
CLM14490,90460,Immunization administration,$47
CLM14491,83036,Hemoglobin A1c,$42
CLM14492,83036,Hemoglobin A1c,$44
CLM14493,73721,MRI knee,$1481
CLM14494,71020,Chest X-ray,$124
CLM14495,93000,EKG/ECG with interpretation,$137
CLM14496,99214,Detailed office visit,$138
CLM14496,80053,Comprehensive metabolic panel,$57
CLM14496,83036,Hemoglobin A1c,$42
CLM14497,93000,EKG/ECG with interpretation,$165
CLM14497,83036,Hemoglobin A1c,$41
CLM14498,85025,Complete blood count,$46
CLM14498,36415,Blood draw,$34
CLM14498,80061,Lipid panel,$58
CLM14499,17000,Destruction of skin lesion,$118
CLM14500,99214,Detailed office visit,$128
CLM14501,99214,Detailed office visit,$125
CLM14502,71020,Chest X-ray,$105
CLM14503,73030,Shoulder X-ray,$127
CLM14503,99213,Office/outpatient visit,$118
CLM14504,90707,MMR vaccine,$93
CLM14504,99213,Office/outpatient visit,$136
CLM14504,99392,Preventive visit age 1-4,$198
CLM14505,20610,Major joint injection,$264
CLM14505,73721,MRI knee,$1566
CLM14506,99285,ED visit high severity,$1131
CLM14506,93000,EKG/ECG with interpretation,$173
CLM14506,71020,Chest X-ray,$116
CLM14507,93015,Cardiac stress test,$998
CLM14507,99214,Detailed office visit,$126
CLM14507,93000,EKG/ECG with interpretation,$155
CLM14508,71020,Chest X-ray,$111
CLM14509,99214,Detailed office visit,$132
CLM14510,20610,Major joint injection,$284
CLM14510,73030,Shoulder X-ray,$138
CLM14511,99214,Detailed office visit,$134
CLM14512,93000,EKG/ECG with interpretation,$150
CLM14512,99214,Detailed office visit,$129
CLM14512,93306,Echocardiogram complete,$1359
CLM14513,90834,Psychotherapy 45 minutes,$135
CLM14513,99214,Detailed office visit,$148
CLM14514,99213,Office/outpatient visit,$108
CLM14514,73030,Shoulder X-ray,$110
CLM14515,99214,Detailed office visit,$153
CLM14515,80053,Comprehensive metabolic panel,$57
CLM14516,99213,Office/outpatient visit,$124
CLM14517,71020,Chest X-ray,$116
CLM14518,80053,Comprehensive metabolic panel,$69
CLM14519,17000,Destruction of skin lesion,$110
CLM14519,99213,Office/outpatient visit,$132
CLM14520,71020,Chest X-ray,$116
CLM14520,99213,Office/outpatient visit,$128
CLM14521,99214,Detailed office visit,$123
CLM14521,85025,Complete blood count,$49
CLM14522,17000,Destruction of skin lesion,$112
CLM14522,11102,Skin biopsy,$208
CLM14523,82947,Glucose test,$28
CLM14524,96415,Chemotherapy infusion additional hour,$360
CLM14525,20610,Major joint injection,$227
CLM14525,99213,Office/outpatient visit,$112
CLM14526,99392,Preventive visit age 1-4,$192
CLM14526,87880,Rapid strep test,$38
CLM14527,36415,Blood draw,$31
CLM14528,36415,Blood draw,$27
CLM14529,36415,Blood draw,$32
CLM14530,85025,Complete blood count,$50
CLM14531,90834,Psychotherapy 45 minutes,$127
CLM14531,90837,Psychotherapy 60 minutes,$166
CLM14531,90791,Psychiatric diagnostic evaluation,$241
CLM14532,85025,Complete blood count,$47
CLM14532,36415,Blood draw,$29
CLM14533,11102,Skin biopsy,$182
CLM14533,96910,Phototherapy treatment,$167
CLM14534,77385,IMRT radiation treatment,$2186
CLM14534,85025,Complete blood count,$52
CLM14535,36415,Blood draw,$28
CLM14536,36415,Blood draw,$35
CLM14537,93306,Echocardiogram complete,$1150
CLM14538,80061,Lipid panel,$61
CLM14539,85025,Complete blood count,$45
CLM14539,99214,Detailed office visit,$126
CLM14540,99214,Detailed office visit,$123
CLM14540,83036,Hemoglobin A1c,$46
CLM14541,96910,Phototherapy treatment,$176
CLM14541,17000,Destruction of skin lesion,$116
CLM14542,93458,Cardiac catheterization,$4845
CLM14542,99214,Detailed office visit,$138
CLM14543,85025,Complete blood count,$52
CLM14544,93000,EKG/ECG with interpretation,$143
CLM14544,99214,Detailed office visit,$119
CLM14545,99213,Office/outpatient visit,$127
CLM14546,88175,Pap smear cytology,$75
CLM14547,99214,Detailed office visit,$131
CLM14547,90834,Psychotherapy 45 minutes,$161
CLM14548,85025,Complete blood count,$49
CLM14549,93000,EKG/ECG with interpretation,$166
CLM14549,99215,Comprehensive office visit,$226
CLM14550,80053,Comprehensive metabolic panel,$69
CLM14551,83036,Hemoglobin A1c,$37
CLM14551,99214,Detailed office visit,$119
CLM14552,80061,Lipid panel,$62
CLM14553,90791,Psychiatric diagnostic evaluation,$259
CLM14554,85025,Complete blood count,$45
CLM14554,96415,Chemotherapy infusion additional hour,$383
CLM14554,99215,Comprehensive office visit,$203
CLM14555,73721,MRI knee,$1358
CLM14556,70450,CT head without contrast,$1023
CLM14556,93000,EKG/ECG with interpretation,$174
CLM14556,71020,Chest X-ray,$121
CLM14557,36415,Blood draw,$31
CLM14557,85025,Complete blood count,$53
CLM14557,80061,Lipid panel,$54
CLM14558,36415,Blood draw,$33
CLM14559,99213,Office/outpatient visit,$131
CLM14560,93000,EKG/ECG with interpretation,$144
CLM14560,99214,Detailed office visit,$125
CLM14561,90707,MMR vaccine,$101
CLM14562,17000,Destruction of skin lesion,$127
CLM14562,99213,Office/outpatient visit,$130
CLM14563,93000,EKG/ECG with interpretation,$152
CLM14563,99214,Detailed office visit,$134
CLM14564,71020,Chest X-ray,$126
CLM14565,84443,TSH test,$62
CLM14565,82947,Glucose test,$29
CLM14566,36415,Blood draw,$28
CLM14567,85025,Complete blood count,$48
CLM14567,36415,Blood draw,$32
CLM14567,80061,Lipid panel,$64
CLM14568,36415,Blood draw,$29
CLM14568,80053,Comprehensive metabolic panel,$55
CLM14568,99214,Detailed office visit,$124
CLM14569,59400,Routine obstetric care,$3750
CLM14569,99214,Detailed office visit,$144
CLM14570,71020,Chest X-ray,$105
CLM14571,99283,ED visit moderate severity,$529
CLM14572,85025,Complete blood count,$52
CLM14573,73030,Shoulder X-ray,$127
CLM14574,99214,Detailed office visit,$134
CLM14575,93000,EKG/ECG with interpretation,$158
CLM14576,93000,EKG/ECG with interpretation,$165
CLM14576,99214,Detailed office visit,$136
CLM14577,99283,ED visit moderate severity,$512
CLM14577,93000,EKG/ECG with interpretation,$155
CLM14578,87070,Bacteria culture,$85
CLM14578,71020,Chest X-ray,$127
CLM14579,99214,Detailed office visit,$145
CLM14580,36415,Blood draw,$31
CLM14580,80053,Comprehensive metabolic panel,$55
CLM14580,83036,Hemoglobin A1c,$38
CLM14581,99214,Detailed office visit,$140
CLM14582,90707,MMR vaccine,$96
CLM14582,90460,Immunization administration,$42
CLM14583,99213,Office/outpatient visit,$122
CLM14584,93000,EKG/ECG with interpretation,$138
CLM14585,85025,Complete blood count,$51
CLM14586,94640,Nebulizer treatment,$50
CLM14586,71020,Chest X-ray,$115
CLM14587,36415,Blood draw,$34
CLM14588,90707,MMR vaccine,$95
CLM14588,99392,Preventive visit age 1-4,$192
CLM14589,82947,Glucose test,$28
CLM14590,94640,Nebulizer treatment,$45
CLM14591,96415,Chemotherapy infusion additional hour,$321
CLM14591,85025,Complete blood count,$41
CLM14592,99213,Office/outpatient visit,$119
CLM14592,17000,Destruction of skin lesion,$128
CLM14593,71020,Chest X-ray,$105
CLM14593,87070,Bacteria culture,$86
CLM14594,36415,Blood draw,$33
CLM14595,87070,Bacteria culture,$80
CLM14596,80061,Lipid panel,$62
CLM14596,85025,Complete blood count,$45
CLM14597,99214,Detailed office visit,$124
CLM14597,93000,EKG/ECG with interpretation,$148
CLM14597,93015,Cardiac stress test,$880
CLM14598,85025,Complete blood count,$50
CLM14599,80053,Comprehensive metabolic panel,$61
CLM14599,83036,Hemoglobin A1c,$45
CLM14599,36415,Blood draw,$30
CLM14600,96910,Phototherapy treatment,$158
CLM14601,99285,ED visit high severity,$1126
CLM14602,36415,Blood draw,$29
CLM14603,95810,Sleep study,$1334
CLM14604,29881,Knee arthroscopy,$5387
CLM14605,99215,Comprehensive office visit,$197
CLM14606,93015,Cardiac stress test,$943
CLM14606,93306,Echocardiogram complete,$1125
CLM14607,99214,Detailed office visit,$137
CLM14608,85025,Complete blood count,$45
CLM14608,71020,Chest X-ray,$107
CLM14609,96910,Phototherapy treatment,$147
CLM14610,87070,Bacteria culture,$92
CLM14610,99214,Detailed office visit,$127
CLM14611,99214,Detailed office visit,$141
CLM14612,80061,Lipid panel,$54
CLM14613,90837,Psychotherapy 60 minutes,$198
CLM14614,94010,Spirometry,$91
CLM14614,71020,Chest X-ray,$115
CLM14615,93306,Echocardiogram complete,$1286
CLM14616,85025,Complete blood count,$46
CLM14616,99215,Comprehensive office visit,$219
CLM14617,90834,Psychotherapy 45 minutes,$128
CLM14618,90834,Psychotherapy 45 minutes,$138
CLM14619,85025,Complete blood count,$52
CLM14620,83036,Hemoglobin A1c,$39
CLM14620,93000,EKG/ECG with interpretation,$163
CLM14621,90837,Psychotherapy 60 minutes,$201
CLM14621,99214,Detailed office visit,$131
CLM14622,99215,Comprehensive office visit,$240
CLM14623,80050,General health panel,$315
CLM14623,83036,Hemoglobin A1c,$44
CLM14624,99214,Detailed office visit,$123
CLM14624,90791,Psychiatric diagnostic evaluation,$241
CLM14625,99213,Office/outpatient visit,$110
CLM14626,99214,Detailed office visit,$125
CLM14627,99214,Detailed office visit,$119
CLM14628,93458,Cardiac catheterization,$4880
CLM14629,85025,Complete blood count,$51
CLM14629,80061,Lipid panel,$52
CLM14629,87070,Bacteria culture,$93
CLM14630,83036,Hemoglobin A1c,$45
CLM14631,73030,Shoulder X-ray,$126
CLM14632,99215,Comprehensive office visit,$248
CLM14633,99214,Detailed office visit,$149
CLM14633,71020,Chest X-ray,$129
CLM14633,94010,Spirometry,$106
CLM14634,99213,Office/outpatient visit,$125
CLM14634,11102,Skin biopsy,$192
CLM14635,80061,Lipid panel,$52
CLM14636,87880,Rapid strep test,$41
CLM14636,99213,Office/outpatient visit,$129
CLM14637,70450,CT head without contrast,$833
CLM14637,93000,EKG/ECG with interpretation,$149
CLM14638,71020,Chest X-ray,$112
CLM14639,93000,EKG/ECG with interpretation,$146
CLM14639,36415,Blood draw,$31
CLM14639,99215,Comprehensive office visit,$204
CLM14640,99214,Detailed office visit,$125
CLM14640,36415,Blood draw,$32
CLM14640,87070,Bacteria culture,$94
CLM14641,87070,Bacteria culture,$84
CLM14642,99214,Detailed office visit,$151
CLM14643,73030,Shoulder X-ray,$114
CLM14643,73721,MRI knee,$1429
CLM14644,87880,Rapid strep test,$32
CLM14645,99213,Office/outpatient visit,$110
CLM14646,99213,Office/outpatient visit,$113
CLM14646,80061,Lipid panel,$63
CLM14647,93000,EKG/ECG with interpretation,$174
CLM14648,36415,Blood draw,$29
CLM14649,71020,Chest X-ray,$104
CLM14649,99214,Detailed office visit,$134
CLM14650,99214,Detailed office visit,$150
CLM14650,90834,Psychotherapy 45 minutes,$157
CLM14651,80053,Comprehensive metabolic panel,$61
CLM14651,80050,General health panel,$316
CLM14652,80050,General health panel,$337
CLM14653,87070,Bacteria culture,$89
CLM14653,80061,Lipid panel,$56
CLM14653,71020,Chest X-ray,$119
CLM14654,85025,Complete blood count,$43
CLM14654,80050,General health panel,$278
CLM14655,80053,Comprehensive metabolic panel,$70
CLM14656,99214,Detailed office visit,$147
CLM14657,93000,EKG/ECG with interpretation,$168
CLM14658,99214,Detailed office visit,$140
CLM14658,85025,Complete blood count,$43
CLM14658,80061,Lipid panel,$63
CLM14659,83036,Hemoglobin A1c,$43
CLM14659,99215,Comprehensive office visit,$210
CLM14659,36415,Blood draw,$32
CLM14660,99215,Comprehensive office visit,$214
CLM14660,85025,Complete blood count,$42
CLM14661,85025,Complete blood count,$41
CLM14661,99213,Office/outpatient visit,$120
CLM14661,36415,Blood draw,$29
CLM14662,93000,EKG/ECG with interpretation,$168
CLM14663,99214,Detailed office visit,$126
CLM14664,71020,Chest X-ray,$108
CLM14665,71020,Chest X-ray,$120
CLM14665,80050,General health panel,$323
CLM14665,99213,Office/outpatient visit,$135
CLM14666,93458,Cardiac catheterization,$4202
CLM14666,93000,EKG/ECG with interpretation,$161
CLM14667,83036,Hemoglobin A1c,$43
CLM14667,82947,Glucose test,$24
CLM14668,99214,Detailed office visit,$151
CLM14668,93015,Cardiac stress test,$830
CLM14669,93000,EKG/ECG with interpretation,$176
CLM14670,93015,Cardiac stress test,$799
CLM14671,80053,Comprehensive metabolic panel,$55
CLM14672,96910,Phototherapy treatment,$173
CLM14673,76805,Obstetric ultrasound,$439
CLM14674,99214,Detailed office visit,$148
CLM14674,90837,Psychotherapy 60 minutes,$208
CLM14675,96910,Phototherapy treatment,$178
CLM14676,80050,General health panel,$349
CLM14676,93000,EKG/ECG with interpretation,$137
CLM14677,36415,Blood draw,$32
CLM14678,99213,Office/outpatient visit,$119
CLM14679,36415,Blood draw,$29
CLM14679,85025,Complete blood count,$50
CLM14680,99213,Office/outpatient visit,$126
CLM14681,80061,Lipid panel,$54
CLM14681,99214,Detailed office visit,$140
CLM14682,83036,Hemoglobin A1c,$41
CLM14682,93000,EKG/ECG with interpretation,$154
CLM14683,73030,Shoulder X-ray,$108
CLM14683,99213,Office/outpatient visit,$114
CLM14683,20610,Major joint injection,$241
CLM14684,94640,Nebulizer treatment,$48
CLM14684,99214,Detailed office visit,$144
CLM14685,73721,MRI knee,$1564
CLM14685,73030,Shoulder X-ray,$118
CLM14686,99215,Comprehensive office visit,$218
CLM14687,36415,Blood draw,$31
CLM14687,80053,Comprehensive metabolic panel,$58
CLM14688,36415,Blood draw,$32
CLM14689,83036,Hemoglobin A1c,$43
CLM14690,36415,Blood draw,$32
CLM14690,80061,Lipid panel,$51
CLM14691,99214,Detailed office visit,$142
CLM14692,99283,ED visit moderate severity,$419
CLM14692,71020,Chest X-ray,$100
CLM14692,93000,EKG/ECG with interpretation,$136
CLM14693,99213,Office/outpatient visit,$111
CLM14694,99214,Detailed office visit,$147
CLM14695,80053,Comprehensive metabolic panel,$67
CLM14696,99214,Detailed office visit,$135
CLM14697,90460,Immunization administration,$37
CLM14698,11102,Skin biopsy,$212
CLM14698,96910,Phototherapy treatment,$175
CLM14698,99213,Office/outpatient visit,$139
CLM14699,99214,Detailed office visit,$118
CLM14700,93000,EKG/ECG with interpretation,$139
CLM14701,87880,Rapid strep test,$40
CLM14701,90460,Immunization administration,$47
CLM14701,90707,MMR vaccine,$104
CLM14702,82947,Glucose test,$23
CLM14703,99214,Detailed office visit,$123
CLM14704,93000,EKG/ECG with interpretation,$163
CLM14704,71020,Chest X-ray,$107
CLM14704,99283,ED visit moderate severity,$525
CLM14705,71020,Chest X-ray,$116
CLM14706,36415,Blood draw,$29
CLM14706,80061,Lipid panel,$54
CLM14707,99214,Detailed office visit,$151
CLM14708,80061,Lipid panel,$62
CLM14709,99214,Detailed office visit,$121
CLM14709,82947,Glucose test,$28
CLM14710,99214,Detailed office visit,$127
CLM14710,80061,Lipid panel,$55
CLM14711,36415,Blood draw,$29
CLM14711,85025,Complete blood count,$41
CLM14711,99214,Detailed office visit,$150
CLM14712,80050,General health panel,$323
CLM14713,80050,General health panel,$294
CLM14714,20610,Major joint injection,$257
CLM14715,99215,Comprehensive office visit,$211
CLM14716,93000,EKG/ECG with interpretation,$142
CLM14717,90834,Psychotherapy 45 minutes,$158
CLM14718,71020,Chest X-ray,$104
CLM14718,99283,ED visit moderate severity,$466
CLM14719,80061,Lipid panel,$52
CLM14720,93000,EKG/ECG with interpretation,$136
CLM14721,36415,Blood draw,$31
CLM14722,99215,Comprehensive office visit,$221
CLM14723,36415,Blood draw,$34
CLM14723,85025,Complete blood count,$53
CLM14724,87880,Rapid strep test,$36
CLM14724,90707,MMR vaccine,$104
CLM14725,85025,Complete blood count,$43
CLM14725,99215,Comprehensive office visit,$241
CLM14726,36415,Blood draw,$34
CLM14727,71020,Chest X-ray,$120
CLM14728,99214,Detailed office visit,$145
CLM14729,82947,Glucose test,$26
CLM14730,36415,Blood draw,$30
CLM14730,87070,Bacteria culture,$86
CLM14731,93000,EKG/ECG with interpretation,$163
CLM14731,36415,Blood draw,$30
CLM14731,83036,Hemoglobin A1c,$45
CLM14732,85025,Complete blood count,$50
CLM14732,80050,General health panel,$295
CLM14733,87070,Bacteria culture,$88
CLM14733,36415,Blood draw,$35
CLM14734,93306,Echocardiogram complete,$1388
CLM14734,99214,Detailed office visit,$151
CLM14735,36415,Blood draw,$34
CLM14735,71020,Chest X-ray,$127
CLM14736,36415,Blood draw,$31
CLM14737,87880,Rapid strep test,$34
CLM14738,73030,Shoulder X-ray,$141
CLM14738,99213,Office/outpatient visit,$115
CLM14739,90834,Psychotherapy 45 minutes,$154
CLM14739,90837,Psychotherapy 60 minutes,$168
CLM14740,71020,Chest X-ray,$119
CLM14740,99213,Office/outpatient visit,$122
CLM14741,99213,Office/outpatient visit,$120
CLM14742,99214,Detailed office visit,$135
CLM14742,36415,Blood draw,$32
CLM14743,93000,EKG/ECG with interpretation,$165
CLM14743,93015,Cardiac stress test,$872
CLM14743,93306,Echocardiogram complete,$1400
CLM14744,36415,Blood draw,$29
CLM14745,85025,Complete blood count,$44
CLM14745,99215,Comprehensive office visit,$240
CLM14746,99215,Comprehensive office visit,$197
CLM14746,99214,Detailed office visit,$144
CLM14747,93000,EKG/ECG with interpretation,$159
CLM14748,99215,Comprehensive office visit,$246
CLM14749,71020,Chest X-ray,$128
CLM14750,80050,General health panel,$351
CLM14751,80061,Lipid panel,$53
CLM14751,36415,Blood draw,$32
CLM14752,71020,Chest X-ray,$121
CLM14753,99214,Detailed office visit,$151
CLM14754,20610,Major joint injection,$274
CLM14755,99214,Detailed office visit,$140
CLM14755,80053,Comprehensive metabolic panel,$62
CLM14756,17000,Destruction of skin lesion,$133
CLM14757,99214,Detailed office visit,$125
CLM14758,73030,Shoulder X-ray,$111
CLM14758,20610,Major joint injection,$234
CLM14759,87070,Bacteria culture,$76
CLM14760,80053,Comprehensive metabolic panel,$54
CLM14760,36415,Blood draw,$30
CLM14760,99215,Comprehensive office visit,$243
CLM14761,80050,General health panel,$294
CLM14762,36415,Blood draw,$29
CLM14762,83036,Hemoglobin A1c,$40
CLM14763,99392,Preventive visit age 1-4,$211
CLM14764,99213,Office/outpatient visit,$132
CLM14764,73030,Shoulder X-ray,$136
CLM14765,93000,EKG/ECG with interpretation,$146
CLM14766,87070,Bacteria culture,$82
CLM14766,80050,General health panel,$311
CLM14766,36415,Blood draw,$29
CLM14767,93000,EKG/ECG with interpretation,$173
CLM14768,87880,Rapid strep test,$35
CLM14769,17000,Destruction of skin lesion,$135
CLM14769,11102,Skin biopsy,$199
CLM14770,85025,Complete blood count,$48
CLM14770,87070,Bacteria culture,$86
CLM14770,99214,Detailed office visit,$135
CLM14771,99214,Detailed office visit,$143
CLM14772,90460,Immunization administration,$43
CLM14772,87880,Rapid strep test,$33
CLM14773,90837,Psychotherapy 60 minutes,$164
CLM14774,17000,Destruction of skin lesion,$131
CLM14774,96910,Phototherapy treatment,$185
CLM14774,11102,Skin biopsy,$172
CLM14775,80053,Comprehensive metabolic panel,$69
CLM14776,93000,EKG/ECG with interpretation,$158
CLM14777,71020,Chest X-ray,$99
CLM14777,99283,ED visit moderate severity,$501
CLM14778,90707,MMR vaccine,$97
CLM14778,90460,Immunization administration,$38
CLM14779,36415,Blood draw,$33
CLM14780,83036,Hemoglobin A1c,$43
CLM14780,80050,General health panel,$346
CLM14781,83036,Hemoglobin A1c,$42
CLM14782,99215,Comprehensive office visit,$196
CLM14782,80053,Comprehensive metabolic panel,$67
CLM14783,85025,Complete blood count,$50
CLM14784,71020,Chest X-ray,$102
CLM14785,99214,Detailed office visit,$124
CLM14785,36415,Blood draw,$35
CLM14785,99213,Office/outpatient visit,$131
CLM14786,80050,General health panel,$279
CLM14787,36415,Blood draw,$34
CLM14787,80061,Lipid panel,$61
CLM14788,85025,Complete blood count,$53
CLM14789,80050,General health panel,$325
CLM14789,99215,Comprehensive office visit,$234
CLM14789,80053,Comprehensive metabolic panel,$58
CLM14790,99214,Detailed office visit,$152
CLM14790,71020,Chest X-ray,$125
CLM14791,99214,Detailed office visit,$131
CLM14791,93306,Echocardiogram complete,$1192
CLM14792,84443,TSH test,$61
CLM14793,36415,Blood draw,$35
CLM14793,83036,Hemoglobin A1c,$47
CLM14794,36415,Blood draw,$27
CLM14794,71020,Chest X-ray,$99
CLM14795,80050,General health panel,$304
CLM14796,71020,Chest X-ray,$118
CLM14797,36415,Blood draw,$27
CLM14797,99213,Office/outpatient visit,$135
CLM14798,71020,Chest X-ray,$112
CLM14799,93015,Cardiac stress test,$858
CLM14800,93000,EKG/ECG with interpretation,$156
CLM14800,80050,General health panel,$301
CLM14801,85025,Complete blood count,$45
CLM14801,77385,IMRT radiation treatment,$2627
CLM14801,99215,Comprehensive office visit,$218
CLM14802,99213,Office/outpatient visit,$113
CLM14802,73030,Shoulder X-ray,$112
CLM14803,93000,EKG/ECG with interpretation,$138
CLM14804,71020,Chest X-ray,$120
CLM14804,99283,ED visit moderate severity,$412
CLM14804,99285,ED visit high severity,$1108
CLM14805,20610,Major joint injection,$285
CLM14805,73030,Shoulder X-ray,$131
CLM14806,99213,Office/outpatient visit,$114
CLM14807,83036,Hemoglobin A1c,$41
CLM14808,80061,Lipid panel,$51
CLM14809,94010,Spirometry,$85
CLM14809,71020,Chest X-ray,$110
CLM14809,94640,Nebulizer treatment,$58
CLM14810,93000,EKG/ECG with interpretation,$171
CLM14811,94640,Nebulizer treatment,$47
CLM14812,36415,Blood draw,$29
CLM14813,83036,Hemoglobin A1c,$41
CLM14813,82947,Glucose test,$27
CLM14814,93306,Echocardiogram complete,$1203
CLM14814,93000,EKG/ECG with interpretation,$160
CLM14815,96910,Phototherapy treatment,$177
CLM14816,99213,Office/outpatient visit,$129
CLM14816,87070,Bacteria culture,$82
CLM14816,80061,Lipid panel,$64
CLM14817,36415,Blood draw,$32
CLM14817,83036,Hemoglobin A1c,$42
CLM14818,36415,Blood draw,$34
CLM14818,80053,Comprehensive metabolic panel,$70
CLM14818,99214,Detailed office visit,$129
CLM14819,99213,Office/outpatient visit,$109
CLM14819,87070,Bacteria culture,$79
CLM14820,70450,CT head without contrast,$854
CLM14820,93000,EKG/ECG with interpretation,$160
CLM14821,99215,Comprehensive office visit,$224
CLM14821,85025,Complete blood count,$49
CLM14822,93000,EKG/ECG with interpretation,$169
CLM14823,87070,Bacteria culture,$91
CLM14823,99214,Detailed office visit,$131
CLM14824,93015,Cardiac stress test,$863
CLM14825,71020,Chest X-ray,$105
CLM14825,93000,EKG/ECG with interpretation,$156
CLM14826,36415,Blood draw,$34
CLM14827,80053,Comprehensive metabolic panel,$61
CLM14828,80053,Comprehensive metabolic panel,$70
CLM14829,94010,Spirometry,$102
CLM14830,90837,Psychotherapy 60 minutes,$200
CLM14830,90834,Psychotherapy 45 minutes,$140
CLM14831,36415,Blood draw,$31
CLM14831,71020,Chest X-ray,$117
CLM14832,99285,ED visit high severity,$1400
CLM14833,36415,Blood draw,$29
CLM14834,99214,Detailed office visit,$140
CLM14834,90837,Psychotherapy 60 minutes,$194
CLM14834,90834,Psychotherapy 45 minutes,$154
CLM14835,99214,Detailed office visit,$125
CLM14836,80061,Lipid panel,$62
CLM14836,85025,Complete blood count,$49
CLM14837,83036,Hemoglobin A1c,$47
CLM14837,36415,Blood draw,$28
CLM14838,90460,Immunization administration,$41
CLM14839,83036,Hemoglobin A1c,$46
CLM14839,36415,Blood draw,$32
CLM14840,87070,Bacteria culture,$94
CLM14841,83036,Hemoglobin A1c,$41
CLM14841,36415,Blood draw,$35
CLM14842,71020,Chest X-ray,$108
CLM14843,99392,Preventive visit age 1-4,$197
CLM14844,73721,MRI knee,$1510
CLM14844,73030,Shoulder X-ray,$124
CLM14845,99214,Detailed office visit,$153
CLM14845,88175,Pap smear cytology,$66
CLM14846,80053,Comprehensive metabolic panel,$59
CLM14847,90834,Psychotherapy 45 minutes,$137
CLM14848,99213,Office/outpatient visit,$118
CLM14848,73030,Shoulder X-ray,$117
CLM14849,99214,Detailed office visit,$142
CLM14850,36415,Blood draw,$30
CLM14851,83036,Hemoglobin A1c,$40
CLM14852,93000,EKG/ECG with interpretation,$148
CLM14853,93000,EKG/ECG with interpretation,$164
CLM14853,71020,Chest X-ray,$105
CLM14854,93000,EKG/ECG with interpretation,$162
CLM14854,99214,Detailed office visit,$126
CLM14854,93458,Cardiac catheterization,$4500
CLM14855,99214,Detailed office visit,$126
CLM14856,73030,Shoulder X-ray,$138
CLM14857,99214,Detailed office visit,$149
CLM14858,36415,Blood draw,$33
CLM14858,83036,Hemoglobin A1c,$42
CLM14858,99215,Comprehensive office visit,$237
CLM14859,80053,Comprehensive metabolic panel,$62
CLM14859,99215,Comprehensive office visit,$213
CLM14860,83036,Hemoglobin A1c,$46
CLM14861,96910,Phototherapy treatment,$147
CLM14862,93000,EKG/ECG with interpretation,$147
CLM14863,80061,Lipid panel,$54
CLM14863,99213,Office/outpatient visit,$130
CLM14864,99215,Comprehensive office visit,$206
CLM14865,90460,Immunization administration,$43
CLM14866,99215,Comprehensive office visit,$192
CLM14866,36415,Blood draw,$33
CLM14867,99214,Detailed office visit,$134
CLM14867,93000,EKG/ECG with interpretation,$163
CLM14868,85025,Complete blood count,$43
CLM14869,71020,Chest X-ray,$126
CLM14870,90460,Immunization administration,$41
CLM14870,90707,MMR vaccine,$95
CLM14871,99214,Detailed office visit,$137
CLM14872,80053,Comprehensive metabolic panel,$62
CLM14872,36415,Blood draw,$30
CLM14873,80061,Lipid panel,$59
CLM14874,99215,Comprehensive office visit,$240
CLM14875,99214,Detailed office visit,$146
CLM14875,36415,Blood draw,$30
CLM14876,87070,Bacteria culture,$76
CLM14877,90834,Psychotherapy 45 minutes,$145
CLM14877,99214,Detailed office visit,$152
CLM14878,99214,Detailed office visit,$122
CLM14879,80061,Lipid panel,$57
CLM14880,71020,Chest X-ray,$111
CLM14880,85025,Complete blood count,$41
CLM14881,71020,Chest X-ray,$115
CLM14882,99214,Detailed office visit,$133
CLM14883,99214,Detailed office visit,$130
CLM14883,93015,Cardiac stress test,$872
CLM14884,71020,Chest X-ray,$123
CLM14885,85025,Complete blood count,$42
CLM14885,36415,Blood draw,$28
CLM14886,93000,EKG/ECG with interpretation,$144
CLM14886,93306,Echocardiogram complete,$1128
CLM14887,99214,Detailed office visit,$119
CLM14887,90837,Psychotherapy 60 minutes,$196
CLM14888,71020,Chest X-ray,$111
CLM14888,93000,EKG/ECG with interpretation,$145
CLM14889,80061,Lipid panel,$57
CLM14890,85025,Complete blood count,$45
CLM14890,87070,Bacteria culture,$93
CLM14891,87070,Bacteria culture,$78
CLM14891,80061,Lipid panel,$54
CLM14891,36415,Blood draw,$32
CLM14892,36415,Blood draw,$33
CLM14892,83036,Hemoglobin A1c,$44
CLM14893,99213,Office/outpatient visit,$141
CLM14893,73030,Shoulder X-ray,$125
CLM14894,17000,Destruction of skin lesion,$110
CLM14895,80061,Lipid panel,$59
CLM14896,85025,Complete blood count,$50
CLM14896,99215,Comprehensive office visit,$239
CLM14897,73030,Shoulder X-ray,$113
CLM14898,71020,Chest X-ray,$115
CLM14899,99214,Detailed office visit,$152
CLM14900,88175,Pap smear cytology,$79
CLM14900,76805,Obstetric ultrasound,$439
CLM14901,80061,Lipid panel,$56
CLM14901,71020,Chest X-ray,$111
CLM14902,93306,Echocardiogram complete,$1343
CLM14903,99283,ED visit moderate severity,$495
CLM14904,93000,EKG/ECG with interpretation,$147
CLM14905,87880,Rapid strep test,$40
CLM14906,93015,Cardiac stress test,$1002
CLM14906,93000,EKG/ECG with interpretation,$169
CLM14906,99214,Detailed office visit,$153
CLM14907,99215,Comprehensive office visit,$205
CLM14907,99214,Detailed office visit,$143
CLM14908,96413,Chemotherapy infusion first hour,$1082
CLM14908,85025,Complete blood count,$44
CLM14909,83036,Hemoglobin A1c,$39
CLM14910,11102,Skin biopsy,$203
CLM14910,99213,Office/outpatient visit,$122
CLM14911,83036,Hemoglobin A1c,$38
CLM14912,87070,Bacteria culture,$80
CLM14912,85025,Complete blood count,$43
CLM14913,96910,Phototherapy treatment,$174
CLM14914,85025,Complete blood count,$47
CLM14915,71020,Chest X-ray,$114
CLM14916,80050,General health panel,$276
CLM14917,83036,Hemoglobin A1c,$38
CLM14918,85025,Complete blood count,$50
CLM14919,93000,EKG/ECG with interpretation,$137
CLM14920,93000,EKG/ECG with interpretation,$155
CLM14920,99283,ED visit moderate severity,$435
CLM14921,80061,Lipid panel,$54
CLM14921,99213,Office/outpatient visit,$127
CLM14922,99214,Detailed office visit,$127
CLM14923,71020,Chest X-ray,$114
CLM14924,99215,Comprehensive office visit,$214
CLM14924,36415,Blood draw,$30
CLM14925,99214,Detailed office visit,$150
CLM14925,93306,Echocardiogram complete,$1255
CLM14926,93306,Echocardiogram complete,$1355
CLM14926,99214,Detailed office visit,$151
CLM14927,90460,Immunization administration,$42
CLM14927,87880,Rapid strep test,$40
CLM14928,83036,Hemoglobin A1c,$41
CLM14928,80053,Comprehensive metabolic panel,$62
CLM14929,84443,TSH test,$58
CLM14929,36415,Blood draw,$35
CLM14930,96415,Chemotherapy infusion additional hour,$405
CLM14931,83036,Hemoglobin A1c,$47
CLM14931,99215,Comprehensive office visit,$207
CLM14932,71020,Chest X-ray,$124
CLM14932,70450,CT head without contrast,$855
CLM14933,93000,EKG/ECG with interpretation,$164
CLM14934,83036,Hemoglobin A1c,$41
CLM14935,99215,Comprehensive office visit,$222
CLM14935,85025,Complete blood count,$43
CLM14936,96910,Phototherapy treatment,$148
CLM14937,90837,Psychotherapy 60 minutes,$191
CLM14938,80050,General health panel,$334
CLM14939,36415,Blood draw,$33
CLM14940,76805,Obstetric ultrasound,$383
CLM14941,73030,Shoulder X-ray,$109
CLM14942,90707,MMR vaccine,$82
CLM14943,93458,Cardiac catheterization,$4512
CLM14943,99214,Detailed office visit,$117
CLM14943,93000,EKG/ECG with interpretation,$155
CLM14944,93458,Cardiac catheterization,$4135
CLM14944,93000,EKG/ECG with interpretation,$147
CLM14945,85025,Complete blood count,$52
CLM14946,85025,Complete blood count,$48
CLM14947,36415,Blood draw,$34
CLM14948,85025,Complete blood count,$45
CLM14949,99214,Detailed office visit,$137
CLM14950,71020,Chest X-ray,$119
CLM14950,95810,Sleep study,$1467
CLM14950,99214,Detailed office visit,$144
CLM14951,90837,Psychotherapy 60 minutes,$209
CLM14952,93000,EKG/ECG with interpretation,$148
CLM14952,93015,Cardiac stress test,$836
CLM14953,94010,Spirometry,$95
CLM14953,71020,Chest X-ray,$121
CLM14954,76805,Obstetric ultrasound,$411
CLM14955,99215,Comprehensive office visit,$241
CLM14956,83036,Hemoglobin A1c,$38
CLM14957,99215,Comprehensive office visit,$232
CLM14958,80053,Comprehensive metabolic panel,$57
CLM14959,90707,MMR vaccine,$86
CLM14959,87880,Rapid strep test,$40
CLM14960,36415,Blood draw,$29
CLM14961,80061,Lipid panel,$53
CLM14962,99213,Office/outpatient visit,$126
CLM14962,20610,Major joint injection,$292
CLM14962,73030,Shoulder X-ray,$116
CLM14963,99213,Office/outpatient visit,$116
CLM14964,83036,Hemoglobin A1c,$41
CLM14964,80050,General health panel,$328
CLM14965,93000,EKG/ECG with interpretation,$172
CLM14966,99215,Comprehensive office visit,$230
CLM14966,85025,Complete blood count,$41
CLM14966,77385,IMRT radiation treatment,$2748
CLM14967,85025,Complete blood count,$48
CLM14967,96415,Chemotherapy infusion additional hour,$364
CLM14968,99214,Detailed office visit,$129
CLM14969,36415,Blood draw,$30
CLM14970,73030,Shoulder X-ray,$128
CLM14971,80050,General health panel,$326
CLM14971,83036,Hemoglobin A1c,$43
CLM14971,93000,EKG/ECG with interpretation,$135
CLM14972,90460,Immunization administration,$46
CLM14972,90707,MMR vaccine,$89
CLM14973,93000,EKG/ECG with interpretation,$157
CLM14974,93306,Echocardiogram complete,$1189
CLM14975,80061,Lipid panel,$52
CLM14976,36415,Blood draw,$33
CLM14977,99214,Detailed office visit,$150
CLM14978,80053,Comprehensive metabolic panel,$60
CLM14978,80050,General health panel,$345
CLM14979,80053,Comprehensive metabolic panel,$69
CLM14979,83036,Hemoglobin A1c,$46
CLM14980,99214,Detailed office visit,$153
CLM14981,80061,Lipid panel,$60
CLM14981,36415,Blood draw,$29
CLM14981,85025,Complete blood count,$52
CLM14982,99214,Detailed office visit,$147
CLM14982,80053,Comprehensive metabolic panel,$68
CLM14983,11102,Skin biopsy,$204
CLM14984,99214,Detailed office visit,$128
CLM14984,99215,Comprehensive office visit,$222
CLM14985,99214,Detailed office visit,$119
CLM14985,80050,General health panel,$330
CLM14986,93000,EKG/ECG with interpretation,$155
CLM14987,99285,ED visit high severity,$1230
CLM14988,17000,Destruction of skin lesion,$111
CLM14989,83036,Hemoglobin A1c,$42
CLM14990,88175,Pap smear cytology,$72
CLM14990,99214,Detailed office visit,$119
CLM14991,99215,Comprehensive office visit,$246
CLM14992,83036,Hemoglobin A1c,$37
CLM14993,80061,Lipid panel,$56
CLM14994,93000,EKG/ECG with interpretation,$176
CLM14994,99214,Detailed office visit,$134
CLM14995,94010,Spirometry,$90
CLM14995,94640,Nebulizer treatment,$52
CLM14995,99214,Detailed office visit,$117
CLM14996,99285,ED visit high severity,$1341
CLM14997,94640,Nebulizer treatment,$51
CLM14998,93458,Cardiac catheterization,$4913
CLM14998,93306,Echocardiogram complete,$1319
CLM14999,83036,Hemoglobin A1c,$42
CLM14999,80053,Comprehensive metabolic panel,$58
CLM15000,90837,Psychotherapy 60 minutes,$208
