member_id,first_name,last_name,birth_date,gender,plan_id,effective_date
1001,John,Doe,3/21/1980,M,PLN101,1/1/2020
1002,Jane,Smith,7/12/1990,F,PLN102,6/10/2019
1003,Paul,White,11/23/1975,M,PLN101,5/15/2018
1004,Emily,Jones,2/10/1985,F,PLN102,4/2/2020
1005,Alice,Brown,1/18/1992,F,PLN103,8/19/2019
1006,Robert,Stone,9/9/1978,M,PLN101,11/10/2020
1007,Olivia,Simms,6/4/1988,F,PLN102,3/1/2020
1008,David,Ryan,12/25/1995,M,PLN104,7/20/2021
1009,Linda,Scott,3/14/1982,F,PLN101,1/1/2019
1010,Mark,Lee,5/26/1979,M,PLN103,9/15/2020
1011,Nina,Park,10/2/1984,F,PLN102,12/10/2020
1012,Kevin,Kim,7/30/1990,M,PLN101,1/1/2021
1013,Sara,Fong,3/4/1986,F,PLN101,2/1/2021
1014,Chris,Lang,4/11/1977,M,PLN105,3/12/2021
1015,Rachel,Grant,6/22/2001,F,PLN105,5/1/2021
1016,Sarah,Kim,3/10/2015,F,PLN104,10/1/2024
1017,Robert,Gray,10/16/1991,M,PLN101,5/1/2019
1018,Elijah,Xu,10/29/2014,M,PLN104,8/30/2024
1019,Nora,Curtis,2/10/2003,F,PLN102,1/16/2024
1020,Raj,Chambers,5/20/1996,M,PLN105,7/16/2017
1021,Isabella,Kramer,3/20/2023,F,PLN105,3/1/2023
1022,Leo,Dunn,5/8/2014,M,PLN103,5/17/2023
1023,Lucas,Kerr,11/15/1946,M,PLN102,9/1/2022
1024,Lisa,Gray,1/28/1996,F,PLN102,2/1/2018
1025,Omar,Cruz,9/26/1955,M,PLN102,2/1/2018
1026,Liam,Vaughn,7/30/1979,M,PLN103,7/1/2019
1027,Daniel,Chambers,3/20/1950,M,PLN104,11/8/2019
1028,Luis,Fowler,3/12/1976,M,PLN102,9/1/2023
1029,Elijah,Gibson,1/4/1972,M,PLN101,10/4/2019
1030,Barbara,Kim,12/8/1985,F,PLN101,3/1/2023
1031,Sarah,Castillo,8/30/1964,F,PLN101,1/1/2018
1032,Richard,Murphy,5/8/1965,M,PLN104,6/3/2017
1033,Hiro,Bowen,4/25/1984,M,PLN103,1/1/2018
1034,Daniel,Daniels,10/19/1998,M,PLN105,10/1/2018
1035,Nina,Simmons,1/10/1941,F,PLN102,3/5/2024
1036,Tyler,Freeman,1/3/2006,M,PLN101,10/1/2023
1037,Isaac,Young,10/31/1941,M,PLN101,9/1/2024
1038,Ava,Hale,11/19/1980,F,PLN105,10/1/2018
1039,Robert,Emerson,10/4/2022,M,PLN101,5/1/2023
1040,Claire,Salazar,2/27/1985,F,PLN101,10/1/2022
1041,Sophia,Joshi,8/29/1967,F,PLN101,4/1/2018
1042,Miles,Torres,5/10/2008,M,PLN101,10/1/2023
1043,Thomas,Hamilton,10/5/1964,M,PLN105,4/1/2024
1044,Brian,Tate,1/31/2007,M,PLN101,10/1/2019
1045,Isabella,Evans,11/24/1981,F,PLN102,8/1/2018
1046,Leo,Ellis,5/31/2017,M,PLN105,4/24/2023
1047,Karen,Daniels,8/22/2019,F,PLN101,3/1/2022
1048,Nina,Iverson,6/11/1981,F,PLN103,4/4/2022
1049,Aaron,Ibarra,10/29/2002,M,PLN105,12/1/2023
1050,Tyler,Baker,9/14/1986,M,PLN105,5/12/2023
1051,Fatima,Walsh,6/6/1997,F,PLN101,12/1/2022
1052,Ella,Torres,9/20/1938,F,PLN103,7/1/2023
1053,Maria,Gordon,3/7/1970,F,PLN104,5/1/2020
1054,Andrew,Ramos,2/20/2009,M,PLN105,6/30/2021
1055,Hiro,Dixon,9/14/1991,M,PLN103,5/21/2018
1056,Yuki,Jimenez,6/8/1992,F,PLN102,11/3/2020
1057,Laura,Lane,10/27/1938,F,PLN101,7/1/2022
1058,Charles,Quinn,6/21/2018,M,PLN103,4/1/2023
1059,Nina,Mitchell,1/31/1971,F,PLN104,9/1/2019
1060,Joseph,Sato,10/23/1963,M,PLN104,8/20/2023
1061,John,Doyle,5/22/1945,M,PLN103,7/1/2023
1062,Zoe,Hale,11/18/1960,F,PLN102,4/1/2024
1063,Jacob,Hughes,9/23/1972,M,PLN102,6/1/2023
1064,Nina,Walker,7/16/1989,F,PLN102,1/6/2024
1065,John,Abbott,7/13/1981,M,PLN101,10/1/2022
1066,Charles,Turner,10/16/1971,M,PLN101,1/1/2023
1067,Leah,Ivanov,3/18/1998,F,PLN103,7/22/2021
1068,Chloe,Hale,2/24/1980,F,PLN105,7/1/2018
1069,Stella,Ramos,3/6/1941,F,PLN102,3/23/2018
1070,Ashley,Patel,7/16/1960,F,PLN102,8/1/2018
1071,Lily,Cruz,1/28/1995,F,PLN102,12/1/2018
1072,Caleb,Ueda,7/10/2022,M,PLN101,7/1/2022
1073,Anthony,Marshall,5/25/1963,M,PLN101,4/1/2023
1074,Sophia,Valdez,11/27/2012,F,PLN103,6/1/2022
1075,Karen,Fuller,12/9/1989,F,PLN101,10/1/2018
1076,Daniel,Ward,12/15/1986,M,PLN103,3/26/2024
1077,Aaron,Ellis,4/27/1994,M,PLN101,4/1/2017
1078,Ava,Thornton,12/19/1954,F,PLN104,1/13/2023
1079,Mary,Hendrix,9/16/1981,F,PLN102,2/1/2023
1080,Maria,Chambers,10/18/2014,F,PLN101,5/1/2024
1081,Chloe,Ward,2/14/2022,F,PLN101,2/14/2022
1082,Aisha,Reyes,11/28/1995,F,PLN105,3/1/2024
1083,Raj,Allen,3/9/2004,M,PLN102,6/6/2017
1084,Emily,Gibson,9/12/1991,F,PLN102,10/1/2024
1085,Owen,Parker,12/16/2019,M,PLN102,12/1/2019
1086,Brian,Gordon,3/4/2006,M,PLN102,11/1/2020
1087,Matthew,Hopkins,4/18/1985,M,PLN102,7/1/2020
1088,Andrew,Page,7/9/2022,M,PLN103,2/1/2024
1089,Rachel,Reyes,7/16/1979,F,PLN101,4/1/2020
1090,Miles,Nelson,5/6/1984,M,PLN105,11/1/2022
1091,Robert,Pruitt,6/28/1993,M,PLN102,7/30/2022
1092,Nancy,Ramos,8/21/1976,F,PLN101,5/4/2019
1093,Thomas,Simmons,1/14/1968,M,PLN102,5/1/2023
1094,Amanda,Bishop,6/11/1966,F,PLN101,6/6/2020
1095,Amanda,Ramos,2/26/1960,F,PLN103,4/2/2023
1096,Maria,Fleming,5/21/2012,F,PLN101,2/1/2020
1097,Maria,Gibson,9/27/2013,F,PLN101,6/1/2018
1098,Anthony,Mason,3/3/1996,M,PLN105,7/1/2017
1099,Nina,Lowe,6/19/1993,F,PLN102,6/25/2024
1100,Ruby,Garcia,1/3/1953,F,PLN103,3/8/2023
1101,David,Rojas,12/24/1964,M,PLN101,2/1/2022
1102,Brian,Dalton,6/14/1999,M,PLN102,4/10/2022
1103,Sophia,Hudson,6/13/1995,F,PLN104,11/1/2017
1104,Brian,Iyer,12/2/1942,M,PLN104,1/1/2022
1105,Jessica,Chen,2/23/2019,F,PLN104,1/1/2024
1106,Logan,Cole,2/13/1974,M,PLN102,3/25/2023
1107,Sarah,Stone,10/14/2017,F,PLN102,3/1/2023
1108,Ella,Oliver,11/4/1956,F,PLN102,9/1/2022
1109,Jacob,Turner,11/20/1961,M,PLN103,5/1/2017
1110,Andrew,Pham,1/4/1944,M,PLN101,10/1/2017
1111,Lucas,Boyd,4/24/1997,M,PLN102,3/1/2018
1112,Emma,Conrad,3/27/1979,F,PLN101,10/17/2022
1113,Tyler,Thompson,6/24/1988,M,PLN102,3/1/2023
1114,Aisha,Iverson,1/20/1968,F,PLN102,6/12/2024
1115,Michael,Reed,6/24/1983,M,PLN101,2/16/2018
1116,Karen,Ortiz,4/22/1986,F,PLN101,11/1/2024
1117,Mark,Nelson,7/18/2022,M,PLN102,5/25/2024
1118,Ethan,Holland,3/17/1998,M,PLN102,2/23/2024
1119,John,Kaplan,5/26/2011,M,PLN101,8/1/2021
1120,Michael,Yang,3/3/1954,M,PLN103,4/1/2018
1121,Noah,Iyer,5/27/1984,M,PLN101,4/1/2024
1122,Mason,Thompson,6/29/2005,M,PLN101,5/5/2021
1123,Isaac,Tanaka,1/11/2005,M,PLN102,4/15/2020
1124,Chloe,Dalton,3/17/2017,F,PLN101,12/1/2023
1125,Omar,Okafor,1/26/1997,M,PLN101,12/1/2018
1126,Olivia,Keller,7/13/1967,F,PLN101,1/1/2022
1127,Mary,Kaplan,5/24/1974,F,PLN101,2/20/2023
1128,Olivia,Perry,12/30/2020,F,PLN103,3/1/2023
1129,Rachel,Daniels,10/2/1984,F,PLN105,10/14/2018
1130,Omar,Lindqvist,2/9/2021,M,PLN101,2/1/2021
1131,Jack,Kaplan,7/28/1956,M,PLN103,5/1/2021
1132,Ana,Kelly,7/30/1986,F,PLN102,5/1/2024
1133,Priya,Khan,10/22/2017,F,PLN102,3/1/2020
1134,Jennifer,Ivanov,4/23/1973,F,PLN103,3/1/2024
1135,Lucas,Ingram,12/11/1947,M,PLN103,1/1/2021
1136,Karen,Knight,10/9/1989,F,PLN102,11/9/2023
1137,Liam,Ivanov,7/31/2002,M,PLN102,8/1/2022
1138,Elizabeth,Jenkins,12/4/1962,F,PLN101,3/19/2023
1139,Ava,Lewis,11/9/1982,F,PLN103,5/1/2023
1140,Patricia,Schmidt,11/25/2015,F,PLN102,10/1/2024
1141,Carlos,Conrad,3/8/2003,M,PLN101,1/1/2022
1142,Lucas,Johnson,3/17/1963,M,PLN104,6/21/2022
1143,Ruby,Gray,12/21/1966,F,PLN102,1/1/2023
1144,Tyler,Tanaka,12/24/1992,M,PLN105,1/1/2019
1145,Joshua,Wade,4/4/1998,M,PLN103,12/16/2023
1146,Anthony,Wright,9/7/2019,M,PLN103,3/8/2024
1147,Liam,Freeman,6/2/1965,M,PLN104,12/1/2022
1148,Aisha,Lane,7/27/1973,F,PLN101,3/1/2023
1149,Isaac,Medina,4/18/2006,M,PLN105,12/1/2017
1150,Nina,Keller,1/1/1953,F,PLN102,7/14/2017
1151,Leah,Wolfe,5/25/2015,F,PLN102,4/1/2023
1152,Priya,Mills,5/31/1969,F,PLN104,8/1/2018
1153,Natalie,Watson,11/30/1982,F,PLN102,10/1/2024
1154,Mason,Ingram,8/31/1999,M,PLN102,9/1/2024
1155,Ryan,Ford,9/3/1971,M,PLN105,6/15/2024
1156,Ashley,Rao,6/7/1979,F,PLN102,12/15/2022
1157,Aisha,Conrad,9/26/2020,F,PLN101,6/1/2023
1158,Emma,Keller,10/5/2013,F,PLN102,6/1/2020
1159,Jacob,Hamilton,9/18/1990,M,PLN104,7/1/2024
1160,Aaron,Moss,2/20/1966,M,PLN105,6/1/2023
1161,Liam,Ivanov,4/27/1939,M,PLN104,4/1/2023
1162,Emma,Reed,12/9/1978,F,PLN101,4/3/2021
1163,Lisa,Boyd,9/3/1979,F,PLN105,4/1/2023
1164,Noah,Cole,4/1/1969,M,PLN104,2/1/2019
1165,Hiro,Hudson,10/16/2021,M,PLN102,7/1/2023
1166,Anthony,Ortiz,7/5/1991,M,PLN102,3/1/2023
1167,Nina,Cruz,7/5/2000,F,PLN101,3/14/2017
1168,Megan,Hale,12/22/1960,F,PLN101,1/1/2021
1169,Jack,Kim,5/30/2005,M,PLN104,4/17/2024
1170,Jessica,Bell,11/4/2004,F,PLN101,11/1/2020
1171,Richard,Murphy,9/26/2022,M,PLN102,4/1/2024
1172,Leah,Lindqvist,9/10/1943,F,PLN103,8/1/2024
1173,Amanda,Elliott,1/18/2018,F,PLN103,7/1/2020
1174,Steven,Kerr,4/17/1959,M,PLN101,2/1/2021
1175,Lily,Pruitt,10/28/1994,F,PLN103,1/27/2021
1176,Miles,Morgan,5/15/1963,M,PLN103,5/1/2018
1177,Megan,Flores,11/20/1988,F,PLN101,2/1/2023
1178,Ryan,Hart,6/4/2018,M,PLN104,8/1/2021
1179,Ryan,Rojas,7/17/1973,M,PLN102,10/1/2023
1180,Brian,Ramos,8/28/2014,M,PLN103,10/15/2023
1181,Michael,Boyd,8/14/2023,M,PLN101,8/1/2023
1182,Liam,Palmer,1/11/2004,M,PLN101,4/1/2020
1183,Leo,Rao,11/8/1961,M,PLN101,3/1/2024
1184,Nora,Lambert,3/11/1951,F,PLN105,4/1/2023
1185,Luis,Walker,8/17/1971,M,PLN101,11/1/2017
1186,Jacob,Walker,9/20/1961,M,PLN101,12/1/2022
1187,Mei,Conrad,2/27/1988,F,PLN105,5/1/2024
1188,Lily,Ibarra,8/2/2009,F,PLN104,6/20/2018
1189,Daniel,Fowler,12/17/1998,M,PLN104,7/12/2024
1190,Richard,Nichols,10/23/1981,M,PLN104,12/1/2017
1191,Claire,Ellis,7/28/2003,F,PLN101,4/1/2020
1192,Mason,Nichols,7/25/1956,M,PLN103,12/1/2023
1193,Yuki,Rhodes,10/12/2020,F,PLN102,10/1/2020
1194,Robert,Johnson,5/11/1967,M,PLN103,11/1/2018
1195,Ethan,Nguyen,11/10/1963,M,PLN104,7/25/2020
1196,Linda,Fleming,3/29/1973,F,PLN101,7/25/2023
1197,Yuki,Powell,1/23/1981,F,PLN102,5/29/2018
1198,Ethan,Mills,6/29/1972,M,PLN101,8/12/2020
1199,Robert,Valdez,8/3/1976,M,PLN105,1/1/2017
1200,Emma,Alvarez,4/27/1944,F,PLN105,11/19/2023
1201,Matthew,Kaplan,8/20/1978,M,PLN101,12/1/2023
1202,Karen,Hamilton,3/7/1954,F,PLN103,3/1/2019
1203,Thomas,Jensen,12/17/1968,M,PLN103,5/21/2024
1204,Amanda,Daniels,4/1/2011,F,PLN101,4/6/2024
1205,Steven,Young,4/30/1940,M,PLN101,10/3/2024
1206,Jacob,Thompson,7/24/2018,M,PLN103,9/19/2022
1207,Nina,Mills,6/23/2014,F,PLN103,8/1/2022
1208,Wei,Dalton,9/8/1975,M,PLN102,8/1/2018
1209,Steven,Xu,3/31/2001,M,PLN105,4/1/2023
1210,Ryan,Hughes,12/5/1973,M,PLN101,1/21/2022
1211,Joshua,Brooks,2/3/1978,M,PLN101,3/23/2024
1212,Caleb,Medina,2/7/2022,M,PLN105,2/1/2022
1213,Robert,Sanders,6/12/2011,M,PLN101,5/1/2024
1214,David,Doyle,4/29/1974,M,PLN104,5/1/2024
1215,Michael,Evans,9/27/1948,M,PLN101,7/1/2018
1216,Jennifer,Moss,3/17/1983,F,PLN103,3/1/2018
1217,Raj,Estrada,12/6/2019,M,PLN103,10/14/2024
1218,Claire,Gray,4/15/2009,F,PLN104,8/1/2017
1219,Yuki,Ibarra,11/21/2002,F,PLN104,1/1/2017
1220,Emily,Fox,7/8/1975,F,PLN102,1/1/2021
1221,Ethan,Vaughn,6/26/2022,M,PLN102,4/1/2023
1222,Amanda,Kim,5/14/1991,F,PLN104,3/1/2023
1223,Aaron,Quinn,7/20/1979,M,PLN101,12/7/2019
1224,Elizabeth,Mitchell,3/15/1979,F,PLN101,6/1/2017
1225,Lisa,Keller,3/9/1957,F,PLN104,2/21/2024
1226,Raj,Turner,11/12/2016,M,PLN101,12/1/2020
1227,Elizabeth,Dawson,5/13/2024,F,PLN102,5/13/2024
1228,Logan,Kerr,8/21/1979,M,PLN101,11/16/2019
1229,Michelle,Vargas,4/17/2023,F,PLN105,4/1/2023
1230,Leah,Alvarez,4/22/2010,F,PLN101,6/1/2021
1231,Steven,Tanaka,4/19/1977,M,PLN101,1/29/2022
1232,Chloe,Jacobs,1/18/1999,F,PLN101,3/1/2019
1233,Ella,Holland,4/22/2021,F,PLN103,4/1/2021
1234,Rachel,Nash,8/9/2018,F,PLN102,8/1/2018
1235,Joshua,Xu,4/26/1988,M,PLN102,8/1/2023
1236,Michelle,Clark,7/1/1989,F,PLN102,5/10/2022
1237,Joseph,Moss,3/15/2006,M,PLN102,9/21/2022
1238,Jack,Sutton,12/23/1947,M,PLN105,8/1/2019
1239,Raj,Lindqvist,10/8/2019,M,PLN104,3/1/2023
1240,Linda,Chambers,2/1/1979,F,PLN103,2/1/2020
1241,David,Bowen,11/18/1992,M,PLN104,6/12/2023
1242,Jennifer,Pham,2/25/1997,F,PLN105,12/1/2017
1243,Ella,Tillman,1/19/1948,F,PLN102,6/1/2018
1244,Steven,Carter,6/14/2014,M,PLN103,3/30/2017
1245,Amanda,Ellis,9/8/1960,F,PLN104,5/1/2020
1246,Stella,Pierce,3/30/1979,F,PLN103,11/1/2023
1247,Emily,Alvarez,9/15/1989,F,PLN102,10/1/2022
1248,Zoe,Doyle,4/29/1942,F,PLN104,10/1/2024
1249,Yuki,Mason,3/11/1976,F,PLN101,6/1/2021
1250,Hannah,Webb,4/7/1972,F,PLN102,5/1/2024
1251,Natalie,Tucker,6/21/1967,F,PLN101,5/26/2020
1252,Mei,Lindqvist,1/20/1939,F,PLN102,10/1/2024
1253,Jessica,Nichols,11/26/2014,F,PLN101,4/1/2019
1254,Elizabeth,Nash,6/22/2007,F,PLN101,11/3/2019
1255,Rachel,Zimmerman,10/7/1952,F,PLN102,1/1/2024
1256,Steven,Brooks,1/15/1976,M,PLN101,8/1/2024
1257,Grace,Owens,1/26/1969,F,PLN101,12/1/2023
1258,Ruby,Vu,12/7/1984,F,PLN101,1/8/2022
1259,Richard,Iverson,1/28/1968,M,PLN104,6/1/2023
1260,Samuel,Pierce,7/4/1971,M,PLN104,5/6/2019
1261,Mark,Reed,1/9/2020,M,PLN102,11/29/2024
1262,Leo,Wright,1/22/2003,M,PLN101,8/1/2022
1263,Matthew,Dixon,6/25/1972,M,PLN101,9/1/2024
1264,Joshua,Doyle,10/9/1979,M,PLN105,11/1/2023
1265,Lily,Kerr,9/29/2007,F,PLN101,11/1/2024
1266,Hannah,Jensen,11/8/2000,F,PLN101,8/29/2018
1267,Jessica,Conrad,1/25/1997,F,PLN101,2/1/2022
1268,Mark,Conrad,10/28/2003,M,PLN105,4/1/2022
1269,Ruby,Sato,3/2/2017,F,PLN103,10/1/2017
1270,Joshua,Rosen,2/15/1943,M,PLN103,8/1/2023
1271,Robert,Spencer,9/27/2006,M,PLN102,7/27/2017
1272,Aiden,Powell,4/6/1990,M,PLN101,7/1/2021
1273,Robert,Jensen,7/6/1982,M,PLN103,2/1/2021
1274,Steven,Valdez,7/17/1964,M,PLN103,11/25/2024
1275,Megan,Chambers,12/7/1967,F,PLN104,12/1/2023
1276,Laura,Jensen,12/15/1967,F,PLN101,10/1/2024
1277,Hannah,Foster,9/15/1969,F,PLN102,8/1/2019
1278,Caleb,Gilbert,9/26/1953,M,PLN102,11/1/2018
1279,Grace,Carter,3/20/1994,F,PLN102,7/1/2023
1280,Miles,Mason,8/31/1962,M,PLN105,1/1/2020
1281,Ana,Delgado,2/22/1966,F,PLN105,12/1/2023
1282,Samuel,Bell,2/21/1984,M,PLN102,1/3/2024
1283,Barbara,Flores,9/3/2023,F,PLN104,9/1/2023
1284,Luis,Johnson,6/2/2024,M,PLN103,6/1/2024
1285,Jessica,Chambers,8/29/1980,F,PLN102,4/1/2023
1286,Ryan,Iyer,11/12/1976,M,PLN103,6/1/2024
1287,Patricia,Wolfe,11/11/1952,F,PLN102,9/1/2020
1288,Brian,Navarro,9/27/2022,M,PLN103,9/1/2022
1289,Ana,Bell,11/11/1961,F,PLN101,3/1/2021
1290,Ryan,Curtis,2/13/2009,M,PLN102,10/28/2021
1291,John,Fisher,12/11/1951,M,PLN102,8/1/2023
1292,Aiden,Diaz,12/1/2008,M,PLN101,12/1/2022
1293,Leo,Murphy,8/15/1968,M,PLN104,11/1/2023
1294,Stella,Kowalski,1/6/1969,F,PLN101,2/4/2020
1295,Aiden,Turner,10/6/2008,M,PLN103,7/1/2024
1296,Olivia,Kim,5/5/1969,F,PLN102,1/25/2020
1297,Kevin,Hayes,9/22/1960,M,PLN105,8/1/2019
1298,Andrew,Alvarez,5/26/1975,M,PLN102,4/1/2023
1299,Logan,Joshi,3/18/1993,M,PLN101,11/1/2020
1300,John,Medina,3/5/1956,M,PLN102,4/5/2018
1301,Ashley,Lambert,6/15/2013,F,PLN102,2/20/2024
1302,David,Kramer,7/26/2002,M,PLN102,1/1/2019
1303,Joseph,Bauer,10/13/1980,M,PLN101,3/1/2018
1304,Jennifer,Perry,6/12/1989,F,PLN101,6/1/2020
1305,John,Baker,12/15/1938,M,PLN101,7/1/2019
1306,Daniel,Webb,11/8/2008,M,PLN102,4/18/2021
1307,Daniel,Jenkins,4/4/2023,M,PLN101,4/1/2023
1308,Claire,Rojas,7/15/1991,F,PLN101,3/1/2023
1309,Sarah,Pierce,10/20/1973,F,PLN102,12/22/2020
1310,Chloe,Hughes,11/4/1991,F,PLN102,8/1/2023
1311,Laura,Chen,12/23/2002,F,PLN103,7/1/2018
1312,Olivia,Reed,11/5/1987,F,PLN102,8/1/2024
1313,Leah,Jensen,1/19/2016,F,PLN103,7/7/2020
1314,Emily,Estrada,11/24/1963,F,PLN103,7/1/2019
1315,Ava,Jordan,3/1/2002,F,PLN105,7/1/2023
1316,Zoe,Curtis,1/8/2024,F,PLN101,1/8/2024
1317,Thomas,Dixon,12/26/1976,M,PLN101,6/1/2022
1318,Lily,Walsh,11/28/1959,F,PLN104,6/1/2022
1319,Megan,Stevens,2/22/1973,F,PLN104,3/1/2022
1320,Leah,Wallace,6/17/2017,F,PLN103,2/11/2020
1321,Ruby,Lucas,2/26/1995,F,PLN104,2/14/2017
1322,Raj,Shah,12/27/1991,M,PLN102,11/1/2019
1323,Raj,Vance,1/10/2000,M,PLN101,11/1/2023
1324,Henry,Garcia,12/21/2000,M,PLN101,2/1/2022
1325,Matthew,Watson,4/19/1950,M,PLN102,5/1/2024
1326,Rachel,Fox,4/26/1946,F,PLN105,5/1/2021
1327,Mia,Tillman,7/21/2012,F,PLN104,12/17/2019
1328,Lucas,Nguyen,10/29/1956,M,PLN101,1/1/2018
1329,Laura,Meyer,10/26/2023,F,PLN102,10/1/2023
1330,Raj,Cole,5/31/2020,M,PLN101,1/26/2021
1331,Omar,Nakamura,12/7/2010,M,PLN101,9/1/2024
1332,Lily,Delgado,10/16/1969,F,PLN102,5/1/2017
1333,Ella,Harper,1/14/1985,F,PLN101,12/1/2023
1334,Caleb,Marshall,5/7/2014,M,PLN101,2/13/2018
1335,John,Fowler,10/8/1953,M,PLN102,4/29/2022
1336,Omar,Stevens,12/28/1967,M,PLN101,12/27/2022
1337,Caleb,Young,11/29/1995,M,PLN101,3/1/2021
1338,Maria,Cole,12/2/2007,F,PLN101,11/1/2024
1339,Jennifer,Ferguson,4/29/1985,F,PLN103,7/1/2020
1340,Mia,Clark,2/9/2019,F,PLN102,4/27/2020
1341,Ana,Davis,1/20/2020,F,PLN102,3/9/2024
1342,Natalie,Davis,9/6/2007,F,PLN104,5/1/2023
1343,Aisha,Cole,8/16/2007,F,PLN101,11/1/2023
1344,Mary,Doyle,10/25/2013,F,PLN104,5/30/2020
1345,Leah,Palmer,7/2/2010,F,PLN103,2/1/2023
1346,Ruby,Ueda,10/15/1965,F,PLN103,6/1/2018
1347,Miles,Tate,10/13/2017,M,PLN101,8/1/2019
1348,Grace,Robbins,10/10/2020,F,PLN101,5/1/2022
1349,Steven,Daniels,12/26/1983,M,PLN104,4/1/2023
1350,Karen,Lindqvist,11/20/1988,F,PLN104,5/1/2023
1351,Rachel,Lam,8/5/2005,F,PLN101,2/1/2024
1352,Owen,Hendrix,11/14/2012,M,PLN101,6/1/2023
1353,Mary,Flores,4/5/1967,F,PLN101,6/1/2023
1354,Thomas,Baker,9/12/1952,M,PLN104,12/1/2021
1355,Mason,Jacobs,3/23/2019,M,PLN102,8/9/2023
1356,David,Valdez,5/14/2016,M,PLN102,8/1/2024
1357,Luis,Holt,10/17/2011,M,PLN105,12/1/2021
1358,Steven,Emerson,7/2/1967,M,PLN103,12/13/2022
1359,Anthony,Fleming,8/7/1992,M,PLN103,6/16/2023
1360,Isabella,Meyer,3/3/2000,F,PLN102,8/1/2021
1361,Zoe,Perry,6/25/1980,F,PLN104,2/1/2019
1362,Caleb,Navarro,6/29/1994,M,PLN103,10/1/2017
1363,Thomas,Griffin,7/11/1948,M,PLN101,9/1/2017
1364,Sophia,Foster,7/17/1999,F,PLN103,6/25/2024
1365,Lily,Rhodes,11/10/1959,F,PLN101,8/1/2023
1366,Chloe,Oliver,7/30/1982,F,PLN102,4/17/2017
1367,Noah,Torres,1/14/1975,M,PLN103,9/1/2018
1368,James,Vu,2/7/1962,M,PLN101,1/18/2023
1369,Lisa,Rhodes,4/14/1968,F,PLN104,1/1/2023
1370,Mark,Olsen,3/10/2012,M,PLN103,12/1/2021
1371,Linda,Nguyen,12/16/1964,F,PLN105,8/12/2021
1372,Carlos,Ortiz,2/4/2009,M,PLN102,5/1/2023
1373,Thomas,Hendrix,2/18/1940,M,PLN101,4/1/2024
1374,Caleb,Hudson,6/4/1980,M,PLN101,1/1/2021
1375,Emily,Simmons,11/7/2013,F,PLN103,10/19/2024
1376,Elizabeth,Cruz,2/18/1998,F,PLN103,8/1/2018
1377,Anthony,Davis,7/9/2008,M,PLN101,4/1/2018
1378,Ethan,Hudson,9/30/2013,M,PLN101,11/10/2018
1379,Aaron,Lane,5/22/1941,M,PLN105,3/1/2023
1380,Omar,Richards,11/9/2003,M,PLN101,11/11/2021
1381,Anthony,Stevens,10/27/1961,M,PLN104,11/1/2017
1382,Linda,Kim,9/22/1972,F,PLN104,12/1/2022
1383,Isabella,Yang,9/14/1964,F,PLN102,2/1/2022
1384,Ava,Kaplan,9/26/1985,F,PLN101,1/1/2019
1385,Mark,Dixon,1/14/1978,M,PLN101,6/22/2023
1386,Mason,Nakamura,1/30/2017,M,PLN101,9/1/2019
1387,Aiden,Xu,9/22/1973,M,PLN101,6/17/2019
1388,Amanda,Davis,2/25/2018,F,PLN104,4/1/2023
1389,Daniel,Dalton,12/1/2004,M,PLN102,3/1/2024
1390,Thomas,Dalton,1/9/1993,M,PLN102,10/1/2023
1391,Claire,Fuller,10/28/1981,F,PLN103,7/1/2023
1392,Karen,Jordan,7/20/1995,F,PLN101,1/1/2017
1393,Linda,Ellis,4/12/1939,F,PLN103,2/14/2024
1394,Steven,Torres,9/29/2021,M,PLN101,7/1/2023
1395,Thomas,Kerr,5/4/1984,M,PLN103,4/1/2018
1396,Aaron,Pierce,4/27/1990,M,PLN102,12/1/2023
1397,Leo,Kerr,8/6/1999,M,PLN103,1/1/2024
1398,Luis,Shah,8/28/1995,M,PLN103,7/1/2024
1399,Ashley,Clark,2/5/2021,F,PLN102,2/1/2021
1400,Owen,Hale,11/28/1994,M,PLN101,4/1/2023
1401,Nina,Tucker,5/15/2023,F,PLN101,5/1/2023
1402,Patricia,Sutton,8/22/1973,F,PLN102,12/1/2020
1403,Lisa,Alvarez,4/4/1969,F,PLN103,7/1/2020
1404,Charles,Young,9/27/1967,M,PLN101,8/12/2020
1405,Natalie,Nichols,7/5/1995,F,PLN102,9/1/2018
1406,Raj,Tanaka,10/15/1966,M,PLN103,12/1/2019
1407,Ella,Hughes,1/16/1969,F,PLN105,4/1/2018
1408,Kevin,Jensen,11/29/1971,M,PLN101,7/1/2022
1409,Jessica,Cruz,11/4/2012,F,PLN103,12/1/2023
1410,Nina,Bell,9/20/2019,F,PLN104,9/1/2023
1411,Thomas,Castillo,12/11/1989,M,PLN103,7/14/2024
1412,Luis,Ward,11/15/1954,M,PLN102,5/14/2018
1413,Lisa,Clark,12/5/2001,F,PLN101,6/1/2018
1414,Joshua,Vance,5/1/2013,M,PLN102,8/1/2023
1415,Brian,Wright,9/24/1939,M,PLN102,5/1/2018
1416,Ashley,Norris,1/17/2015,F,PLN103,1/5/2023
1417,Andrew,Dunn,12/7/2001,M,PLN101,9/1/2020
1418,Samuel,Tucker,8/29/1965,M,PLN101,3/1/2021
1419,Grace,Powell,9/18/2000,F,PLN104,12/1/2023
1420,Claire,Wallace,9/17/1972,F,PLN101,8/1/2019
1421,Patricia,Jacobs,4/5/1964,F,PLN104,5/1/2023
1422,Owen,Estrada,1/29/2002,M,PLN101,6/1/2023
1423,Megan,Khan,9/23/1999,F,PLN102,3/1/2023
1424,Zoe,Kim,8/5/2014,F,PLN103,10/24/2018
1425,Liam,Powell,2/1/1999,M,PLN101,1/1/2019
1426,Miles,Joshi,8/28/1976,M,PLN105,5/1/2023
1427,Robert,Ibarra,9/1/1950,M,PLN102,9/29/2018
1428,Amanda,Ferguson,11/22/1978,F,PLN101,8/1/2024
1429,Ashley,Fox,9/4/2010,F,PLN103,9/23/2018
1430,Jessica,Tate,4/27/1957,F,PLN103,2/1/2024
1431,Noah,Schmidt,12/1/1994,M,PLN105,4/1/2017
1432,Jack,Torres,2/20/2002,M,PLN101,3/1/2022
1433,Patricia,Owens,10/3/1989,F,PLN102,7/29/2022
1434,Ruby,Gibson,7/8/2010,F,PLN102,11/1/2019
1435,Mary,Tucker,1/5/1953,F,PLN103,8/1/2022
1436,Luis,Ivanov,11/10/1985,M,PLN101,5/16/2024
1437,Robert,Olsen,7/12/2000,M,PLN103,1/1/2024
1438,James,Nelson,1/18/1983,M,PLN101,9/1/2024
1439,Mei,Tillman,3/26/1983,F,PLN101,8/1/2023
1440,Matthew,Gilbert,7/8/2018,M,PLN102,2/1/2023
1441,John,Chen,12/3/1980,M,PLN101,9/1/2019
1442,Mark,Khan,1/26/2018,M,PLN101,11/1/2019
1443,James,Dawson,3/4/1985,M,PLN101,10/1/2023
1444,Thomas,Navarro,5/23/1991,M,PLN102,11/1/2018
1445,Luis,Fleming,11/4/2003,M,PLN104,5/17/2017
1446,Aisha,Rosen,7/5/2017,F,PLN102,3/1/2024
1447,Owen,Powell,5/11/1941,M,PLN104,12/10/2023
1448,Isaac,Wade,10/3/1960,M,PLN105,5/5/2023
1449,Mark,Fuller,11/22/1963,M,PLN102,4/1/2020
1450,Michelle,Ibarra,3/21/1961,F,PLN102,12/1/2022
1451,Elizabeth,Mendez,2/20/2011,F,PLN101,3/1/2024
1452,Thomas,Owens,10/21/1959,M,PLN102,1/1/2019
1453,Jack,Emerson,2/23/1946,M,PLN105,4/1/2017
1454,Aiden,Hart,3/19/1968,M,PLN103,6/1/2018
1455,Nina,Lindqvist,10/20/1983,F,PLN101,1/1/2023
1456,Ashley,Coleman,1/9/2011,F,PLN105,10/1/2024
1457,Priya,Lindqvist,3/19/1990,F,PLN105,7/1/2024
1458,Susan,Norris,6/16/1975,F,PLN101,12/1/2021
1459,Stella,Morgan,10/6/1988,F,PLN103,4/30/2021
1460,Karen,Lane,11/2/1973,F,PLN102,7/1/2017
1461,Jack,Lam,11/18/1979,M,PLN101,6/1/2019
1462,Mei,Ellis,5/17/2020,F,PLN101,1/1/2024
1463,Jessica,Chen,11/27/1998,F,PLN105,5/1/2023
1464,Michael,Zimmerman,9/26/1996,M,PLN105,9/17/2021
1465,Priya,Knight,6/27/1981,F,PLN101,11/1/2023
1466,Fatima,Adams,6/4/2016,F,PLN105,4/1/2023
1467,Hiro,Wallace,11/1/1983,M,PLN101,9/1/2019
1468,Aisha,Douglas,1/24/1976,F,PLN101,2/1/2018
1469,Elizabeth,Lam,1/13/1973,F,PLN101,11/1/2017
1470,Ana,Jensen,7/30/2009,F,PLN101,4/1/2018
1471,Miles,Coleman,3/28/1952,M,PLN103,9/1/2024
1472,Brian,Reed,1/14/1989,M,PLN101,2/28/2022
1473,Mark,Foster,1/12/2009,M,PLN102,3/1/2024
1474,Jessica,Morgan,5/31/1991,F,PLN101,10/1/2019
1475,Miles,Johnson,3/19/2003,M,PLN105,7/1/2018
1476,Anthony,Jimenez,10/8/1976,M,PLN104,8/1/2023
1477,Amanda,Clark,10/3/1997,F,PLN103,1/1/2023
1478,Hannah,Osei,9/25/1977,F,PLN102,1/1/2021
1479,Robert,Cole,12/9/1988,M,PLN102,8/1/2023
1480,Jack,Keller,11/19/2001,M,PLN101,12/1/2020
1481,Owen,Sanders,6/30/1993,M,PLN103,3/1/2023
1482,Natalie,Nguyen,10/5/1967,F,PLN102,5/1/2024
1483,Ashley,Nichols,12/4/1966,F,PLN102,1/1/2023
1484,Claire,Bishop,3/18/2015,F,PLN101,9/1/2024
1485,Lily,Curtis,1/17/2015,F,PLN101,4/1/2021
1486,Carlos,Ellis,11/13/2022,M,PLN101,11/1/2022
1487,Maria,Osei,11/9/2017,F,PLN101,10/1/2018
1488,Brian,Xu,1/4/1969,M,PLN104,2/1/2023
1489,Tyler,Salazar,9/4/1962,M,PLN102,6/1/2017
1490,Ella,Schmidt,10/17/2020,F,PLN102,9/1/2024
1491,Hiro,Gibson,7/4/2018,M,PLN104,3/5/2021
1492,Priya,Salazar,4/9/1983,F,PLN103,12/1/2023
1493,Logan,Lucas,10/2/2008,M,PLN101,7/1/2020
1494,Linda,Baker,4/4/2023,F,PLN101,1/10/2024
1495,Ashley,Kramer,6/14/1968,F,PLN102,8/1/2017
1496,Zoe,Nakamura,12/15/1963,F,PLN101,6/24/2024
1497,Omar,Reed,7/11/2014,M,PLN105,3/1/2023
1498,Linda,Powell,2/1/1983,F,PLN103,6/1/2022
1499,Ella,Vaughn,7/15/1969,F,PLN103,4/1/2024
1500,Fatima,Johnson,6/30/2019,F,PLN101,5/9/2023
1501,Elijah,Bishop,3/5/2019,M,PLN101,8/1/2020
1502,Daniel,Jimenez,9/5/1943,M,PLN102,10/1/2019
1503,Maria,Parker,7/8/1984,F,PLN102,2/1/2020
1504,Yuki,Reyes,4/26/1939,F,PLN104,11/1/2023
1505,Aisha,Valdez,5/19/1960,F,PLN103,2/1/2021
1506,Nina,Fuller,8/10/1981,F,PLN102,10/17/2023
1507,Lily,Freeman,2/28/2009,F,PLN103,7/1/2021
1508,Mei,Price,3/2/2014,F,PLN103,2/1/2019
1509,Caleb,Pierce,10/9/1969,M,PLN101,6/28/2018
1510,Omar,Owens,8/4/2017,M,PLN102,3/1/2022
1511,Thomas,Thompson,5/24/1999,M,PLN104,9/1/2024
1512,Elizabeth,Jensen,1/27/1983,F,PLN102,1/1/2023
1513,Liam,Lam,10/21/1967,M,PLN103,5/1/2024
1514,Isaac,Vargas,12/3/2000,M,PLN103,9/1/2017
1515,Ethan,Holt,4/14/1987,M,PLN101,6/6/2023
1516,Noah,Daniels,5/19/2016,M,PLN101,11/1/2024
1517,Natalie,Stevens,7/16/2002,F,PLN104,2/1/2023
1518,Richard,Keller,12/2/1967,M,PLN102,10/2/2018
1519,David,Cruz,8/13/1967,M,PLN101,6/1/2024
1520,Isabella,Banks,12/31/2009,F,PLN105,7/27/2024
1521,Robert,Elliott,4/9/1998,M,PLN104,4/1/2020
1522,Priya,Daniels,8/10/1963,F,PLN102,3/1/2017
1523,Mei,Castillo,9/1/1996,F,PLN101,4/1/2017
1524,Zoe,Ramos,7/7/2018,F,PLN104,12/1/2019
1525,Daniel,Hayes,2/10/1990,M,PLN101,4/13/2017
1526,Nora,Tucker,8/5/1962,F,PLN103,1/2/2020
1527,Andrew,Oliver,7/18/1951,M,PLN105,11/1/2019
1528,Nora,Nguyen,6/7/1964,F,PLN102,8/1/2024
1529,William,Pierce,7/8/1976,M,PLN103,8/20/2024
1530,Samuel,Stevens,7/5/2020,M,PLN105,4/20/2023
1531,Leah,Keller,5/24/1967,F,PLN101,3/1/2022
1532,Jack,Gray,8/2/2023,M,PLN101,11/26/2024
1533,Anthony,Holland,9/5/1963,M,PLN101,12/1/2022
1534,Kevin,Joshi,6/12/1993,M,PLN101,2/1/2022
1535,Patricia,Holland,8/14/1976,F,PLN104,6/1/2019
1536,Steven,Foster,3/2/2010,M,PLN104,7/1/2022
1537,Sarah,Walker,5/22/2012,F,PLN101,2/1/2022
1538,Mason,Johnson,8/25/1984,M,PLN103,9/1/2023
1539,Barbara,Daniels,6/11/2021,F,PLN101,1/1/2024
1540,Zoe,Hendrix,4/6/1950,F,PLN101,11/1/2022
1541,Aiden,Cruz,6/5/1999,M,PLN101,7/1/2021
1542,Caleb,Osei,7/6/1996,M,PLN102,5/1/2017
1543,James,Grant,3/16/1973,M,PLN101,7/1/2018
1544,Elijah,Parker,9/19/2021,M,PLN104,3/1/2023
1545,Luis,Kaplan,3/18/1963,M,PLN101,4/1/2021
1546,Ryan,Lewis,5/7/1959,M,PLN105,4/1/2024
1547,Lily,Jacobs,6/28/1990,F,PLN102,5/1/2024
1548,Kevin,Pruitt,7/12/1979,M,PLN104,3/1/2019
1549,Grace,Johnson,5/15/1978,F,PLN101,7/1/2023
1550,Isaac,Nakamura,1/10/1993,M,PLN102,9/1/2021
1551,Stella,Emerson,8/28/2018,F,PLN104,1/1/2021
1552,Michael,Fox,8/6/1972,M,PLN101,6/1/2018
1553,Raj,Medina,6/14/1994,M,PLN101,11/1/2017
1554,Ethan,Shah,7/15/1994,M,PLN102,11/1/2021
1555,Linda,Allen,6/23/1970,F,PLN101,1/24/2018
1556,Jessica,Stone,4/28/1980,F,PLN105,12/1/2021
1557,Olivia,Jensen,10/14/1988,F,PLN103,6/1/2023
1558,Robert,Mitchell,1/11/1976,M,PLN103,3/1/2017
1559,Charles,Pierce,11/4/2022,M,PLN101,4/1/2024
1560,Samuel,Lam,9/20/2003,M,PLN103,12/1/2023
1561,Ruby,Meyer,5/21/2009,F,PLN105,7/1/2024
1562,Anthony,Fleming,2/28/2008,M,PLN102,5/1/2021
1563,Natalie,Mitchell,8/12/1941,F,PLN103,4/1/2023
1564,Liam,Lam,10/6/1989,M,PLN104,3/1/2022
1565,Sarah,Kaplan,6/1/1996,F,PLN102,9/1/2022
1566,Hiro,Chen,12/21/1969,M,PLN101,9/3/2024
1567,Isabella,Turner,10/5/1980,F,PLN102,4/27/2024
1568,Samuel,Zimmerman,5/25/1953,M,PLN102,1/1/2020
1569,Carlos,Harper,4/7/1983,M,PLN101,5/24/2023
1570,Ella,Gupta,2/19/2019,F,PLN103,7/1/2023
1571,Isabella,Dalton,4/24/2018,F,PLN101,4/1/2022
1572,Elijah,Irwin,2/14/2015,M,PLN102,2/25/2024
1573,Susan,Elliott,6/1/2009,F,PLN101,2/23/2020
1574,Nora,Fowler,12/21/1970,F,PLN102,10/1/2023
1575,Joseph,Dunn,11/17/1982,M,PLN101,1/5/2024
1576,John,Powell,7/28/2019,M,PLN103,7/1/2019
1577,Jack,Coleman,4/3/1962,M,PLN104,6/13/2020
1578,Isaac,Khan,6/28/2002,M,PLN102,4/1/2024
1579,Anthony,Emerson,5/25/1988,M,PLN103,5/5/2021
1580,Lisa,Schmidt,2/21/1979,F,PLN102,6/24/2023
1581,Natalie,Moss,6/29/2011,F,PLN102,2/1/2023
1582,Nancy,Clark,6/29/1960,F,PLN101,11/1/2024
1583,Priya,Jensen,12/2/1965,F,PLN102,4/1/2023
1584,Ryan,Lewis,3/27/1991,M,PLN105,2/10/2024
1585,Michael,Morgan,6/28/1962,M,PLN102,11/22/2017
1586,Susan,Weiss,6/8/1989,F,PLN102,10/1/2022
1587,Karen,Reed,4/8/1998,F,PLN101,7/3/2017
1588,Raj,Jenkins,6/19/1970,M,PLN105,12/20/2023
1589,Nancy,Mason,6/12/2012,F,PLN101,1/1/2024
1590,Natalie,Kramer,1/23/2004,F,PLN102,2/14/2022
1591,Daniel,Barnes,7/27/2002,M,PLN105,4/1/2024
1592,Maria,Hendrix,2/21/1962,F,PLN105,10/1/2023
1593,Nina,Jacobs,4/5/1961,F,PLN105,1/1/2018
1594,Mary,Page,2/3/1966,F,PLN101,11/1/2023
1595,Andrew,Gupta,8/27/2016,M,PLN101,9/1/2017
1596,Fatima,Fisher,12/31/2022,F,PLN105,12/1/2022
1597,William,Banks,6/25/1995,M,PLN102,7/1/2023
1598,James,Tucker,2/16/1960,M,PLN105,5/1/2023
1599,Jennifer,Hamilton,7/28/2019,F,PLN104,5/1/2024
1600,Michael,Gray,6/26/2011,M,PLN103,6/7/2017
1601,Michelle,Flores,7/31/1987,F,PLN102,9/21/2023
1602,Tyler,Larsen,7/25/1972,M,PLN101,6/28/2023
1603,Mia,Doyle,1/7/1997,F,PLN105,11/1/2023
1604,Ryan,Tran,1/2/1946,M,PLN105,2/1/2024
1605,Amanda,Knight,9/22/1990,F,PLN101,2/11/2023
1606,Jacob,Lopez,8/2/2002,M,PLN102,6/13/2023
1607,Barbara,Sato,1/26/1971,F,PLN103,12/11/2017
1608,Michelle,Evans,12/22/1966,F,PLN102,10/1/2020
1609,Kevin,Kramer,4/1/2019,M,PLN102,7/1/2023
1610,Laura,Rao,5/11/1957,F,PLN103,1/11/2023
1611,Steven,Page,2/21/2019,M,PLN103,3/1/2023
1612,Jacob,Mason,1/7/1943,M,PLN102,8/18/2019
1613,Owen,Evans,7/16/1946,M,PLN102,1/1/2021
1614,Megan,Bell,8/9/1978,F,PLN102,11/1/2023
1615,Emma,Murphy,6/7/1997,F,PLN102,9/1/2023
1616,Luis,Kramer,2/24/1965,M,PLN103,4/1/2019
1617,Hannah,Mason,7/19/1985,F,PLN102,12/1/2017
1618,Chloe,Douglas,10/26/1947,F,PLN102,10/1/2023
1619,Anthony,Knight,11/30/1971,M,PLN105,2/21/2018
1620,Luis,Reyes,10/6/2005,M,PLN102,1/1/2023
1621,Aisha,Fox,8/1/1999,F,PLN105,12/1/2017
1622,Stella,Owens,3/29/1980,F,PLN101,8/1/2020
1623,Ava,Benson,1/13/1963,F,PLN102,6/1/2019
1624,Daniel,Price,2/16/1955,M,PLN102,7/1/2017
1625,Andrew,Allen,2/13/1966,M,PLN102,5/1/2020
1626,Daniel,Reyes,7/13/2007,M,PLN105,2/1/2023
1627,Laura,Pruitt,1/22/1965,F,PLN101,3/1/2024
1628,Robert,Schmidt,8/20/2022,M,PLN103,2/1/2024
1629,Liam,Curtis,9/1/1966,M,PLN103,7/1/2024
1630,Aisha,Stevens,7/30/1943,F,PLN103,9/1/2023
1631,Hannah,Underwood,4/11/1995,F,PLN105,1/6/2018
1632,Mark,Sato,10/24/1959,M,PLN101,3/26/2024
1633,Mason,Lindqvist,3/17/1987,M,PLN103,7/30/2020
1634,Fatima,Garcia,2/13/1947,F,PLN101,3/25/2023
1635,Mia,Lambert,3/2/1997,F,PLN102,5/1/2023
1636,Elizabeth,Kaplan,10/6/2001,F,PLN102,8/1/2021
1637,Leo,Keller,6/30/1962,M,PLN104,5/8/2024
1638,Anthony,Nguyen,6/3/2007,M,PLN105,1/1/2017
1639,Nancy,Sutton,12/21/1975,F,PLN105,10/1/2023
1640,Aisha,Lynch,8/30/1991,F,PLN101,11/1/2021
1641,Grace,Ward,9/4/2005,F,PLN102,10/1/2022
1642,Patricia,Patel,11/26/1979,F,PLN103,8/1/2017
1643,Nancy,Hayes,1/16/2010,F,PLN103,9/1/2017
1644,Elizabeth,Rojas,2/4/2021,F,PLN102,2/4/2021
1645,Elijah,Hughes,3/3/1953,M,PLN102,4/1/2018
1646,Barbara,Brooks,1/21/2003,F,PLN102,1/1/2018
1647,Jennifer,Tucker,6/26/1987,F,PLN102,5/1/2024
1648,Ashley,Banks,2/6/1955,F,PLN104,3/22/2023
1649,Isaac,Pierce,4/15/1965,M,PLN102,8/1/2018
1650,Mia,Schmidt,11/18/1985,F,PLN102,11/1/2019
1651,James,Diaz,2/21/1991,M,PLN101,2/1/2023
1652,Amanda,Dixon,9/21/1990,F,PLN101,7/1/2024
1653,Yuki,Rosen,12/3/1958,F,PLN102,3/17/2022
1654,Michelle,Irwin,7/25/1959,F,PLN101,10/1/2017
1655,Omar,Alvarez,3/1/1987,M,PLN103,5/1/2024
1656,Caleb,Jimenez,4/15/1972,M,PLN104,1/26/2024
1657,Hannah,Gray,5/17/2018,F,PLN104,4/1/2023
1658,Lily,Dunn,1/3/2023,F,PLN103,1/1/2023
1659,Zoe,Fleming,8/14/2008,F,PLN102,11/1/2024
1660,Nancy,Jacobs,7/3/1996,F,PLN102,7/1/2018
1661,Luis,Cole,3/12/1978,M,PLN103,9/25/2022
1662,Raj,Iverson,8/16/1958,M,PLN101,8/1/2020
1663,Patricia,Conrad,7/9/1959,F,PLN103,2/1/2024
1664,Raj,Thompson,5/5/2021,M,PLN101,5/1/2021
1665,David,Meyer,5/28/2001,M,PLN104,5/1/2018
1666,Aiden,Lambert,7/19/1962,M,PLN102,5/31/2020
1667,Laura,Mason,7/11/1978,F,PLN103,8/1/2020
1668,Natalie,Norris,8/8/1949,F,PLN102,4/8/2021
1669,Isaac,Ford,3/4/1991,M,PLN105,3/1/2024
1670,Caleb,Lowe,6/2/1963,M,PLN103,10/1/2023
1671,Hiro,Boyd,4/28/1957,M,PLN101,10/1/2024
1672,Mason,Garcia,12/18/2020,M,PLN105,3/1/2024
1673,Linda,Foster,7/28/1945,F,PLN104,11/1/2019
1674,John,Newman,5/16/1996,M,PLN104,10/1/2023
1675,Jessica,Ferguson,10/9/2023,F,PLN102,10/9/2023
1676,Fatima,Lane,11/30/1994,F,PLN102,5/1/2023
1677,Priya,Douglas,10/31/2020,F,PLN101,5/1/2022
1678,Owen,Coleman,12/8/1991,M,PLN105,8/1/2018
1679,Jessica,Lynch,3/26/1962,F,PLN104,11/1/2017
1680,Mia,Bauer,7/18/2017,F,PLN101,4/29/2023
1681,Claire,Abbott,11/3/1991,F,PLN102,11/16/2017
1682,Ryan,Robbins,12/21/2012,M,PLN101,3/1/2023
1683,William,Harper,4/8/2008,M,PLN101,5/31/2024
1684,Emma,Delgado,5/1/1986,F,PLN105,12/1/2018
1685,Mary,Barnes,3/16/1969,F,PLN104,6/1/2021
1686,Luis,Stevens,5/7/2022,M,PLN103,5/1/2022
1687,Noah,Erickson,7/2/1968,M,PLN101,10/1/2024
1688,Wei,Erickson,5/27/1995,M,PLN103,6/6/2023
1689,Aaron,Daniels,2/17/1965,M,PLN101,3/1/2019
1690,Daniel,Holt,12/30/1989,M,PLN102,5/1/2024
1691,Priya,Garner,2/23/1940,F,PLN103,1/1/2017
1692,Tyler,Dixon,2/14/1985,M,PLN102,4/1/2019
1693,Emily,Rao,5/1/1993,F,PLN101,8/11/2021
1694,Matthew,Lambert,3/25/1940,M,PLN102,7/28/2021
1695,Aisha,Rojas,12/5/1988,F,PLN103,5/1/2021
1696,Grace,Lambert,5/15/1965,F,PLN103,8/1/2020
1697,Yuki,Garcia,11/16/1982,F,PLN101,2/1/2017
1698,Jacob,Meyer,10/13/1967,M,PLN102,4/1/2019
1699,John,Irwin,3/1/1997,M,PLN102,12/1/2021
1700,Leah,Marshall,1/10/1980,F,PLN105,3/1/2020
1701,Mary,Walsh,8/16/1966,F,PLN105,7/1/2022
1702,Natalie,Jensen,5/31/1999,F,PLN105,7/1/2023
1703,Ana,Daniels,4/14/2022,F,PLN101,4/14/2022
1704,Henry,Nakamura,12/5/1976,M,PLN101,4/1/2023
1705,Olivia,Perry,11/16/1989,F,PLN105,9/26/2024
1706,Aiden,Webb,6/18/1969,M,PLN105,11/1/2024
1707,Lily,Shah,9/19/1984,F,PLN102,9/19/2024
1708,Omar,Wade,4/26/1973,M,PLN101,5/1/2024
1709,Hiro,Palmer,12/17/1957,M,PLN103,5/30/2022
1710,Chloe,Norris,10/20/2012,F,PLN101,12/1/2023
1711,Olivia,Pruitt,6/1/1967,F,PLN103,7/1/2018
1712,Michelle,Tillman,1/8/2009,F,PLN101,5/30/2023
1713,Nina,Castillo,10/21/1975,F,PLN102,8/1/2022
1714,Nina,Johnson,9/13/2012,F,PLN101,8/1/2022
1715,Grace,Alvarez,11/3/1938,F,PLN104,1/6/2021
1716,Patricia,Larsen,6/14/1988,F,PLN101,3/1/2017
1717,Lisa,Tillman,4/5/2019,F,PLN103,6/1/2020
1718,Lucas,Lam,12/4/1992,M,PLN102,9/1/2023
1719,Tyler,Abbott,4/11/1999,M,PLN104,8/1/2024
1720,Thomas,Knight,8/6/1995,M,PLN103,9/1/2017
1721,Richard,Cole,12/20/1966,M,PLN102,10/1/2023
1722,Elizabeth,Navarro,4/12/1942,F,PLN101,7/1/2024
1723,Priya,Newman,11/28/1953,F,PLN101,2/2/2022
1724,William,Mason,10/1/1951,M,PLN103,7/1/2018
1725,James,Reed,4/1/2020,M,PLN102,4/1/2020
1726,Omar,Dalton,6/3/1966,M,PLN102,7/1/2021
1727,Lisa,Medina,7/7/1987,F,PLN102,6/1/2023
1728,Jessica,Freeman,6/15/1954,F,PLN102,4/1/2019
1729,Aaron,Alvarez,10/22/1964,M,PLN103,8/1/2023
1730,Barbara,Nichols,6/27/2000,F,PLN103,1/23/2024
1731,Isabella,Tate,11/21/1953,F,PLN101,5/1/2023
1732,Laura,Cole,3/1/1972,F,PLN103,8/1/2020
1733,Wei,Walker,1/16/2008,M,PLN101,8/1/2020
1734,Noah,Benson,4/25/1974,M,PLN101,6/1/2020
1735,Tyler,Reyes,8/17/1978,M,PLN102,3/1/2017
1736,Hiro,Kaplan,8/22/1962,M,PLN102,3/1/2017
1737,John,Turner,12/19/1942,M,PLN103,9/1/2022
1738,Steven,Harper,3/26/2013,M,PLN101,5/1/2024
1739,Henry,Holt,4/25/1964,M,PLN103,2/1/2023
1740,Olivia,Ellis,2/13/2017,F,PLN105,3/1/2024
1741,Joshua,Ferguson,9/19/1940,M,PLN102,11/1/2024
1742,Claire,Chambers,6/2/1996,F,PLN101,1/1/2022
1743,Sophia,Allen,9/14/2009,F,PLN101,4/1/2023
1744,Charles,Zimmerman,6/5/1990,M,PLN105,2/1/2021
1745,Matthew,Russell,10/21/1970,M,PLN103,3/1/2024
1746,Isaac,Valdez,10/16/1956,M,PLN101,11/1/2017
1747,Yuki,Norris,2/7/2012,F,PLN101,1/1/2023
1748,Grace,Brooks,1/31/1942,F,PLN105,6/1/2022
1749,Ruby,Jenkins,11/2/1954,F,PLN105,10/24/2024
1750,Mason,Kramer,2/26/1983,M,PLN102,10/1/2017
1751,Leah,Tate,6/24/1971,F,PLN103,3/19/2021
1752,Megan,Hayes,4/11/1987,F,PLN102,1/5/2017
1753,Yuki,Bowen,5/26/1954,F,PLN103,6/1/2019
1754,Emma,Thompson,5/10/1991,F,PLN102,5/1/2020
1755,Natalie,Yang,6/22/2008,F,PLN101,10/1/2023
1756,Claire,Hopkins,8/6/1973,F,PLN105,10/3/2023
1757,Yuki,Ingram,12/6/1971,F,PLN103,9/1/2024
1758,Zoe,Lewis,8/24/2001,F,PLN101,3/1/2023
1759,Lucas,Spencer,9/10/2009,M,PLN103,6/19/2023
1760,Charles,Torres,8/10/1963,M,PLN102,8/1/2022
1761,David,Gibson,6/27/2023,M,PLN105,6/1/2023
1762,Jacob,Kowalski,4/10/1970,M,PLN103,3/1/2021
1763,Megan,Ramos,5/2/1954,F,PLN102,5/13/2021
1764,Logan,Hughes,7/27/1986,M,PLN102,4/5/2021
1765,Olivia,Delgado,7/29/1959,F,PLN102,9/23/2024
1766,Nancy,Nichols,5/3/2005,F,PLN103,9/1/2018
1767,Amanda,Oliver,8/8/1959,F,PLN105,7/1/2017
1768,Lily,Keller,9/28/2018,F,PLN101,9/1/2018
1769,Lucas,Ibarra,12/12/1970,M,PLN103,11/1/2022
1770,Nora,Kim,10/24/1957,F,PLN101,3/1/2024
1771,Emma,Palmer,5/21/1993,F,PLN104,7/1/2022
1772,Ana,Robbins,8/27/1956,F,PLN102,6/1/2022
1773,Charles,Bowen,10/18/2005,M,PLN102,7/1/2020
1774,Emma,Owens,9/29/1949,F,PLN104,4/1/2024
1775,Jennifer,Morgan,7/20/1994,F,PLN101,9/13/2021
1776,Emily,Price,5/8/1979,F,PLN105,5/21/2018
1777,Aiden,Hayes,10/1/1972,M,PLN102,3/28/2019
1778,Stella,Young,12/31/2017,F,PLN103,5/1/2019
1779,Susan,Simmons,11/23/1963,F,PLN101,6/1/2023
1780,Olivia,Ferguson,11/21/1945,F,PLN102,8/8/2022
1781,Andrew,Page,11/2/1979,M,PLN102,3/25/2019
1782,Jack,Pierce,12/2/1989,M,PLN102,8/1/2017
1783,Jack,Okafor,10/3/1985,M,PLN101,1/1/2023
1784,Omar,Ibarra,7/24/1996,M,PLN103,4/25/2018
1785,Barbara,Salazar,3/14/1939,F,PLN102,11/1/2018
1786,Karen,Schmidt,7/12/1982,F,PLN104,3/1/2017
1787,Leo,Mendez,9/23/1978,M,PLN103,11/1/2019
1788,John,Ortiz,5/28/2019,M,PLN103,10/1/2023
1789,Mason,Thompson,10/3/1974,M,PLN105,11/1/2017
1790,Ruby,Evans,5/21/1969,F,PLN101,1/17/2021
1791,Jessica,Graham,8/9/1992,F,PLN101,11/20/2022
1792,Andrew,Kelly,3/30/1992,M,PLN102,3/20/2024
1793,Isaac,Zimmerman,8/29/2012,M,PLN103,11/1/2018
1794,Elijah,Adams,2/18/1991,M,PLN102,11/1/2023
1795,Zoe,Oliver,11/19/1979,F,PLN104,4/29/2023
1796,Jack,Elliott,7/19/1961,M,PLN101,2/1/2021
1797,Ashley,Bell,6/11/1981,F,PLN105,7/24/2017
1798,Luis,Nelson,12/7/1991,M,PLN105,11/1/2024
1799,Patricia,Bowen,2/6/1986,F,PLN101,7/1/2024
1800,Samuel,Boyd,5/15/2016,M,PLN105,10/1/2023
1801,Tyler,Flores,12/30/2006,M,PLN102,2/25/2023
1802,Priya,Iverson,4/10/1968,F,PLN102,12/1/2020
1803,Noah,Thornton,9/15/1993,M,PLN102,2/1/2017
1804,Tyler,Richards,12/4/2009,M,PLN105,8/1/2024
1805,Isaac,Valdez,12/16/2018,M,PLN102,8/3/2022
1806,Aiden,Sato,7/31/2021,M,PLN103,1/1/2023
1807,Logan,Schmidt,12/26/1953,M,PLN105,2/1/2022
1808,Noah,Wright,7/2/2023,M,PLN105,7/1/2023
1809,Joshua,Russell,4/2/1978,M,PLN101,5/1/2024
1810,Carlos,Brooks,9/8/1980,M,PLN101,3/1/2023
1811,Matthew,Dalton,12/21/1997,M,PLN103,12/1/2023
1812,Aisha,Rosen,4/12/1974,F,PLN101,9/1/2021
1813,Aisha,Marshall,4/29/1954,F,PLN102,6/1/2018
1814,Ruby,Morgan,7/20/1945,F,PLN101,10/24/2021
1815,Liam,Cruz,5/23/1979,M,PLN102,3/1/2019
1816,Caleb,Holt,6/22/1968,M,PLN101,2/23/2020
1817,Isabella,Morgan,6/9/1989,F,PLN105,6/1/2019
1818,Ashley,Jenkins,11/5/1959,F,PLN103,7/1/2018
1819,Wei,Quinn,2/11/2003,M,PLN103,2/11/2021
1820,Leo,Holland,8/24/2012,M,PLN102,7/1/2023
1821,Natalie,Clark,6/5/2018,F,PLN101,11/1/2019
1822,Lucas,Young,4/17/1980,M,PLN102,12/1/2018
1823,Nancy,Carter,2/1/1940,F,PLN102,9/1/2017
1824,Sarah,Norris,7/29/1994,F,PLN102,11/1/2024
1825,Priya,Knight,6/18/2019,F,PLN103,9/1/2023
1826,Barbara,Reed,4/24/1963,F,PLN101,4/6/2023
1827,Caleb,Kelly,5/30/2017,M,PLN101,12/1/2021
1828,Mary,Ramos,12/19/1992,F,PLN101,12/1/2017
1829,Lucas,Walsh,12/7/2017,M,PLN101,12/1/2017
1830,Fatima,Tillman,2/17/2023,F,PLN104,2/1/2023
1831,Patricia,Underwood,1/21/1987,F,PLN102,10/1/2024
1832,William,Hopkins,7/16/1991,M,PLN104,7/1/2021
1833,Amanda,Richards,10/8/2016,F,PLN104,5/1/2024
1834,Yuki,Sato,9/11/1991,F,PLN101,7/1/2024
1835,Daniel,Jimenez,6/26/1975,M,PLN102,8/1/2017
1836,Emma,Palmer,7/19/2007,F,PLN103,3/1/2023
1837,Hiro,Keller,6/26/1943,M,PLN101,6/1/2023
1838,Nora,Torres,1/27/1975,F,PLN102,8/18/2023
1839,Natalie,Ellis,11/30/1990,F,PLN101,8/1/2020
1840,Joseph,Fowler,9/18/2000,M,PLN104,1/17/2023
1841,Ella,Ortiz,2/23/1939,F,PLN105,8/8/2023
1842,Samuel,Ward,7/4/1963,M,PLN101,9/7/2024
1843,Nora,Keller,12/5/2023,F,PLN103,12/1/2023
1844,Luis,Davis,2/22/2014,M,PLN104,4/14/2023
1845,Hannah,Pierce,4/22/1985,F,PLN101,11/1/2017
1846,Zoe,Sutton,12/9/2023,F,PLN101,12/9/2023
1847,Logan,Kim,1/1/2004,M,PLN104,11/20/2020
1848,James,Hart,11/23/1959,M,PLN103,1/12/2018
1849,Leo,Mason,3/27/2022,M,PLN103,2/1/2024
1850,Rachel,Pham,12/6/2020,F,PLN101,12/1/2020
1851,Jessica,Pham,10/14/1951,F,PLN101,6/8/2018
1852,Ryan,Ivanov,9/19/1992,M,PLN104,8/1/2019
1853,Karen,Banks,6/4/2016,F,PLN105,1/1/2019
1854,Hiro,Jordan,6/26/1997,M,PLN101,4/9/2023
1855,Elijah,Rosen,5/12/2014,M,PLN103,9/14/2017
1856,Tyler,Hayes,4/7/2008,M,PLN102,10/1/2018
1857,Elijah,Grant,11/11/2020,M,PLN102,11/1/2020
1858,Raj,Medina,10/11/2001,M,PLN104,6/23/2022
1859,Kevin,Schmidt,4/22/2022,M,PLN102,10/1/2024
1860,Grace,Vargas,12/30/1969,F,PLN105,7/1/2023
1861,Kevin,Underwood,9/4/2002,M,PLN103,10/1/2024
1862,Nora,Pham,11/2/2021,F,PLN103,1/1/2023
1863,Lucas,Perry,6/9/1945,M,PLN102,7/29/2023
1864,Priya,Lewis,11/21/1952,F,PLN104,6/13/2022
1865,Grace,Stone,12/24/2005,F,PLN101,7/3/2022
1866,Isabella,Thompson,8/4/2018,F,PLN101,8/1/2018
1867,Aiden,Davis,11/2/1950,M,PLN104,5/1/2019
1868,Claire,Hudson,4/22/1946,F,PLN102,1/24/2023
1869,Claire,Griffin,3/3/2001,F,PLN102,2/1/2024
1870,Karen,Garner,2/24/2022,F,PLN102,7/1/2024
1871,Andrew,Foster,6/26/2009,M,PLN102,7/23/2017
1872,Grace,Walker,5/31/1992,F,PLN102,6/1/2023
1873,Emma,Doyle,3/31/1998,F,PLN102,5/16/2024
1874,Karen,Tate,10/5/1995,F,PLN101,12/1/2019
1875,Natalie,Brooks,4/4/1963,F,PLN105,11/1/2024
1876,Caleb,Walker,6/18/1972,M,PLN101,3/1/2023
1877,Hannah,Stevens,7/23/1992,F,PLN103,11/16/2017
1878,Daniel,Noble,6/11/1987,M,PLN102,3/1/2019
1879,Amanda,Iverson,5/3/1994,F,PLN104,8/1/2017
1880,Michelle,Chambers,7/25/1990,F,PLN101,9/1/2020
1881,Ashley,Lynch,7/15/1955,F,PLN101,12/1/2022
1882,Samuel,Robbins,4/9/1951,M,PLN103,6/11/2024
1883,Maria,Rao,11/11/1993,F,PLN101,7/1/2018
1884,Mason,Robbins,10/2/1955,M,PLN103,9/1/2019
1885,Isaac,Vargas,9/22/1943,M,PLN103,4/1/2019
1886,Mary,Baker,5/13/2007,F,PLN101,11/1/2022
1887,Mei,Benson,3/27/1979,F,PLN105,5/5/2019
1888,Logan,Valdez,5/22/1973,M,PLN101,7/1/2024
1889,Noah,Sanders,7/20/1995,M,PLN102,9/13/2023
1890,Lisa,Spencer,2/21/2008,F,PLN105,1/1/2024
1891,Ryan,Norris,4/30/2011,M,PLN104,4/14/2021
1892,Henry,Hayes,10/17/1960,M,PLN101,8/8/2020
1893,Jennifer,Spencer,6/13/1981,F,PLN102,1/1/2018
1894,Owen,Cruz,9/12/1950,M,PLN101,3/1/2021
1895,Emma,Bishop,8/18/1968,F,PLN102,3/1/2019
1896,Mary,Conrad,9/27/1967,F,PLN101,6/1/2023
1897,Lily,Curtis,5/16/1963,F,PLN103,3/1/2023
1898,Richard,Curtis,12/26/2010,M,PLN102,2/1/2023
1899,Jennifer,Ingram,9/11/1988,F,PLN101,1/1/2024
1900,Jennifer,Erickson,7/1/2001,F,PLN104,10/1/2023
1901,Patricia,Keller,5/1/1966,F,PLN101,8/1/2023
1902,Aiden,Vance,6/20/1994,M,PLN104,7/30/2021
1903,Laura,Iyer,5/9/1960,F,PLN101,11/1/2024
1904,Miles,Hale,7/12/2001,M,PLN105,12/1/2023
1905,Grace,Gray,2/1/1960,F,PLN103,8/1/2024
1906,Aisha,Hamilton,4/24/1979,F,PLN103,4/1/2024
1907,Isabella,Johnson,8/9/1964,F,PLN105,11/1/2020
1908,Nancy,Lowe,11/10/1962,F,PLN102,1/1/2024
1909,Michael,Ford,4/4/2019,M,PLN101,11/5/2023
1910,Chloe,Hudson,8/6/1993,F,PLN102,7/1/2023
1911,Jessica,Cole,2/6/1972,F,PLN102,9/1/2018
1912,Nancy,Garcia,5/28/1967,F,PLN103,3/1/2020
1913,Sarah,Vu,4/24/1983,F,PLN103,4/1/2023
1914,Karen,Lane,5/5/2014,F,PLN102,2/1/2017
1915,Nora,Russell,12/13/1943,F,PLN101,9/1/2023
1916,Aisha,Yang,11/24/1938,F,PLN101,10/5/2023
1917,Logan,Murphy,1/31/1957,M,PLN101,5/1/2023
1918,Ana,Vaughn,1/14/2009,F,PLN101,5/1/2021
1919,Sophia,Lindqvist,2/3/1940,F,PLN103,3/1/2019
1920,Jack,Underwood,5/25/1993,M,PLN102,1/20/2020
1921,Nancy,Vaughn,8/31/1948,F,PLN101,9/1/2023
1922,Yuki,Valdez,6/22/1981,F,PLN102,8/1/2020
1923,Raj,Thompson,6/21/1975,M,PLN103,8/1/2017
1924,Olivia,Tillman,12/19/2015,F,PLN101,2/1/2023
1925,Lily,Gilbert,6/23/2019,F,PLN102,12/4/2020
1926,Robert,Wallace,4/8/2022,M,PLN104,4/1/2022
1927,Megan,Turner,7/2/1975,F,PLN103,4/1/2023
1928,Claire,Hopkins,10/25/1992,F,PLN103,5/1/2021
1929,Thomas,Griffin,5/6/2002,M,PLN103,1/1/2024
1930,Leah,Emerson,5/10/2000,F,PLN101,1/1/2017
1931,Fatima,Ford,5/8/1962,F,PLN103,3/1/2021
1932,Leah,Lambert,3/2/1980,F,PLN103,11/1/2020
1933,Aaron,Thornton,7/4/1955,M,PLN102,3/1/2023
1934,Ryan,Curtis,3/14/1979,M,PLN102,4/25/2023
1935,Aaron,Bell,2/20/1981,M,PLN103,7/22/2021
1936,Linda,Hudson,12/14/1939,F,PLN102,7/15/2023
1937,Lucas,Garner,5/20/1991,M,PLN101,10/1/2023
1938,Elijah,Johnson,1/1/1942,M,PLN103,7/1/2017
1939,Thomas,Gibson,4/2/1992,M,PLN101,7/1/2019
1940,Jennifer,Bishop,1/28/2024,F,PLN104,6/12/2024
1941,Aiden,Spencer,11/6/2022,M,PLN101,11/1/2022
1942,Natalie,Grant,3/10/1980,F,PLN103,2/1/2024
1943,Nancy,Freeman,2/8/1952,F,PLN101,1/1/2018
1944,Patricia,Hughes,5/16/1989,F,PLN103,2/8/2024
1945,Rachel,Valdez,8/1/1956,F,PLN102,5/1/2022
1946,Maria,Fowler,12/29/1991,F,PLN102,4/17/2022
1947,Ashley,Patel,2/5/1960,F,PLN102,7/6/2017
1948,Fatima,Hopkins,9/6/1970,F,PLN103,4/1/2024
1949,Liam,Walsh,11/25/2021,M,PLN101,11/25/2021
1950,Daniel,Hayes,9/11/1968,M,PLN101,2/1/2017
1951,Ava,Hughes,4/20/1988,F,PLN104,8/1/2024
1952,Ryan,Schmidt,2/28/2017,M,PLN102,10/1/2022
1953,Mary,Lindqvist,10/20/1983,F,PLN102,9/1/2019
1954,Henry,Webb,10/22/1992,M,PLN101,5/11/2024
1955,James,Ward,9/8/1968,M,PLN102,4/1/2018
1956,Karen,Hopkins,9/30/2015,F,PLN101,6/1/2023
1957,Joseph,Mason,5/1/1989,M,PLN105,1/1/2020
1958,Robert,Emerson,3/2/1968,M,PLN103,4/1/2023
1959,Aaron,Ivanov,10/29/1971,M,PLN101,3/1/2022
1960,Lisa,Evans,4/4/1955,F,PLN102,6/1/2024
1961,Claire,Webb,7/26/2005,F,PLN105,7/31/2024
1962,Raj,Vu,11/17/2000,M,PLN101,2/1/2024
1963,Rachel,Rao,4/9/1946,F,PLN102,7/1/2018
1964,Mason,Diaz,12/12/1981,M,PLN103,7/1/2020
1965,Elijah,Wright,9/13/2020,M,PLN101,1/1/2021
1966,Owen,Price,11/18/1964,M,PLN101,6/1/2022
1967,Mason,Chen,4/20/1966,M,PLN102,4/17/2020
1968,Laura,Robbins,6/7/2013,F,PLN101,9/1/2019
1969,Isabella,Pham,11/4/2005,F,PLN101,9/1/2020
1970,Fatima,Alvarez,12/25/2013,F,PLN101,5/1/2024
1971,William,Freeman,9/29/1971,M,PLN102,11/2/2024
1972,Andrew,Dawson,2/10/2016,M,PLN102,2/1/2019
1973,Joseph,Joshi,1/11/2024,M,PLN105,1/1/2024
1974,Kevin,Bauer,6/24/1998,M,PLN103,4/7/2017
1975,Elizabeth,Olsen,7/24/2015,F,PLN101,9/16/2018
1976,Karen,Weiss,12/18/1962,F,PLN105,2/8/2024
1977,Elizabeth,Doyle,3/8/1982,F,PLN103,3/1/2020
1978,Carlos,Douglas,7/14/1993,M,PLN103,11/1/2024
1979,Michael,Benson,8/9/2009,M,PLN102,9/29/2023
1980,Ella,Nash,5/29/1947,F,PLN102,10/1/2023
1981,Elizabeth,Baker,10/23/2016,F,PLN103,6/1/2024
1982,Fatima,Ueda,5/15/1957,F,PLN101,4/1/2024
1983,Megan,Hopkins,12/16/2012,F,PLN105,3/1/2024
1984,Michael,Shah,1/28/1970,M,PLN102,10/1/2024
1985,Emily,Curtis,1/23/1983,F,PLN102,10/14/2018
1986,Mary,Johnson,6/24/1992,F,PLN101,6/1/2017
1987,William,Norris,3/20/2019,M,PLN104,9/1/2023
1988,Mia,Noble,10/22/1972,F,PLN102,3/1/2019
1989,Isaac,Clark,5/30/2012,M,PLN105,5/1/2017
1990,Ethan,Bauer,3/18/1997,M,PLN101,12/1/2023
1991,Aisha,Sato,9/16/2017,F,PLN101,10/29/2024
1992,Ruby,Ward,4/4/2007,F,PLN101,6/1/2023
1993,Fatima,Parker,3/21/2014,F,PLN102,4/1/2017
1994,Logan,Holt,11/18/2014,M,PLN101,10/1/2018
1995,Claire,Elliott,8/8/1977,F,PLN102,8/1/2021
1996,Yuki,Davis,9/28/2000,F,PLN103,1/1/2017
1997,Lily,Walsh,6/14/2024,F,PLN103,6/14/2024
1998,Priya,Weiss,1/23/2016,F,PLN102,5/1/2017
1999,Samuel,Vu,6/5/1966,M,PLN101,1/1/2018
2000,Mark,Coleman,7/9/1974,M,PLN104,4/1/2017
2001,Claire,Gordon,4/29/1962,F,PLN105,8/1/2023
2002,Olivia,Sanders,8/30/1979,F,PLN104,10/1/2018
2003,Mark,Diaz,3/15/1975,M,PLN102,2/1/2019
2004,Hiro,Boyd,9/18/1966,M,PLN105,11/1/2023
2005,Sarah,Ferguson,6/10/1993,F,PLN103,6/1/2024
2006,Jennifer,Emerson,9/7/1946,F,PLN104,6/1/2023
2007,Zoe,Barnes,4/27/1971,F,PLN105,10/1/2017
2008,Lily,Meyer,2/6/1984,F,PLN101,11/4/2022
2009,Grace,Lucas,2/9/2001,F,PLN104,2/27/2018
2010,Emma,Ford,12/20/1955,F,PLN104,2/1/2024
2011,Fatima,Kramer,7/12/2005,F,PLN104,1/1/2022
2012,Joshua,Stone,4/8/1974,M,PLN103,11/1/2023
2013,Priya,Valdez,9/20/2016,F,PLN102,1/1/2021
2014,Rachel,Ueda,12/13/2022,F,PLN102,12/13/2022
2015,Samuel,Yang,1/2/1968,M,PLN101,9/7/2020
2016,Nina,Webb,12/21/2008,F,PLN103,4/1/2024
2017,Mason,Elliott,10/18/1950,M,PLN103,7/1/2024
2018,Noah,Lucas,7/2/1977,M,PLN101,11/1/2020
2019,Patricia,Osei,10/30/1997,F,PLN101,7/3/2017
2020,Joseph,Conrad,1/13/1999,M,PLN101,3/1/2023
2021,Maria,Bell,12/21/1998,F,PLN102,12/22/2022
2022,Jack,Dalton,7/21/1978,M,PLN101,4/8/2020
2023,John,Lindqvist,3/17/1966,M,PLN101,3/9/2018
2024,Liam,Simmons,5/12/1961,M,PLN102,1/1/2023
2025,Caleb,Grant,2/17/1994,M,PLN101,2/6/2024
2026,Kevin,Kaplan,4/27/1955,M,PLN101,11/4/2022
2027,Priya,Kim,4/5/1958,F,PLN102,10/1/2020
2028,Leah,Thompson,9/11/1972,F,PLN101,4/1/2024
2029,Jennifer,Hughes,8/2/1968,F,PLN104,7/5/2017
2030,Lucas,Gordon,10/19/2022,M,PLN105,2/1/2023
2031,Leah,Underwood,3/4/1949,F,PLN102,10/1/2023
2032,Elizabeth,Ortiz,4/2/1963,F,PLN102,12/1/2017
2033,Nina,Mason,7/28/2014,F,PLN102,8/20/2021
2034,Hannah,Murphy,4/14/2015,F,PLN102,7/26/2022
2035,Jack,Nichols,7/21/1984,M,PLN102,12/1/2023
2036,Carlos,Rao,1/14/1953,M,PLN104,5/1/2020
2037,Ava,Tate,10/5/1985,F,PLN102,3/1/2023
2038,Noah,Jenkins,11/10/1946,M,PLN103,4/1/2023
2039,Aaron,Perry,3/13/1985,M,PLN104,11/1/2019
2040,Fatima,Pruitt,1/1/2018,F,PLN101,9/19/2023
2041,Samuel,Kerr,6/15/1977,M,PLN104,4/1/2019
2042,Elijah,Dawson,7/6/1994,M,PLN104,12/1/2023
2043,Jennifer,Marshall,4/5/1953,F,PLN105,3/1/2024
2044,Nora,Jenkins,8/16/1964,F,PLN102,7/1/2024
2045,Michelle,Tucker,3/3/1979,F,PLN101,11/1/2023
2046,Amanda,Ortiz,11/21/1985,F,PLN101,4/3/2023
2047,Rachel,Sato,11/5/2014,F,PLN103,8/13/2017
2048,Ashley,Harper,11/23/1976,F,PLN104,8/1/2017
2049,Megan,Erickson,10/21/1967,F,PLN102,3/28/2022
2050,Owen,Vargas,12/31/2011,M,PLN104,11/25/2023
2051,Caleb,Olsen,6/27/2019,M,PLN103,1/1/2024
2052,Priya,Elliott,2/27/2009,F,PLN101,9/1/2020
2053,Nina,Davis,8/11/2023,F,PLN103,8/11/2023
2054,Fatima,Lowe,3/10/2022,F,PLN102,5/1/2024
2055,Jacob,Kaplan,7/29/1951,M,PLN102,9/26/2021
2056,Nina,Hudson,6/16/2019,F,PLN103,6/1/2019
2057,Thomas,Noble,3/4/1949,M,PLN104,5/1/2022
2058,Karen,Fleming,12/1/1998,F,PLN102,7/1/2024
2059,Ashley,Lindqvist,5/24/1952,F,PLN103,11/1/2023
2060,Jacob,Ibarra,10/13/1938,M,PLN105,6/1/2021
2061,Jessica,Grant,2/16/2007,F,PLN104,5/1/2020
2062,Leo,Doyle,2/3/2010,M,PLN101,1/1/2024
2063,Ashley,Freeman,6/16/1996,F,PLN103,3/1/2021
2064,Hiro,Lewis,4/27/2012,M,PLN103,2/1/2018
2065,Priya,Tucker,1/14/1961,F,PLN101,4/1/2017
2066,Steven,Robbins,4/1/1962,M,PLN101,6/1/2024
2067,Laura,Zimmerman,1/21/1972,F,PLN103,1/1/2020
2068,Maria,Jordan,9/6/1974,F,PLN101,1/1/2021
2069,Samuel,Graham,5/28/2017,M,PLN101,2/6/2023
2070,Isabella,Walker,6/13/1999,F,PLN101,5/1/2018
2071,Rachel,Allen,8/12/1940,F,PLN101,5/19/2018
2072,Joshua,Reed,4/18/2000,M,PLN101,4/1/2024
2073,Samuel,Fuller,2/17/2002,M,PLN101,11/1/2019
2074,Mei,Walker,3/2/1974,F,PLN102,4/4/2024
2075,Nora,Page,8/26/1984,F,PLN101,4/1/2024
2076,Ashley,Turner,5/11/1982,F,PLN102,6/30/2023
2077,Noah,Pruitt,5/2/1985,M,PLN102,10/5/2024
2078,Mia,Salazar,1/4/1966,F,PLN102,10/1/2019
2079,Leah,Doyle,11/20/1938,F,PLN101,4/30/2020
2080,Karen,Tate,12/25/2018,F,PLN102,12/1/2023
2081,Ava,Dixon,1/25/1960,F,PLN102,9/1/2018
2082,Liam,Curtis,2/17/2009,M,PLN101,4/1/2021
2083,Stella,Jacobs,12/19/1989,F,PLN104,5/7/2023
2084,Amanda,Chen,10/12/2021,F,PLN104,9/7/2024
2085,Barbara,Watson,12/4/1996,F,PLN102,8/1/2024
2086,Nora,Castillo,12/3/1974,F,PLN101,10/29/2023
2087,Nina,Douglas,5/17/2006,F,PLN102,8/1/2022
2088,Stella,Nash,5/2/1982,F,PLN103,1/23/2024
2089,Steven,Lambert,11/1/1942,M,PLN102,9/1/2019
2090,Susan,Moss,5/5/1971,F,PLN102,4/18/2018
2091,Linda,Lane,6/12/2000,F,PLN102,8/1/2023
2092,Ava,Kaplan,11/17/2002,F,PLN101,9/1/2022
2093,Grace,Gray,11/11/2020,F,PLN103,4/1/2021
2094,Fatima,Emerson,7/20/1990,F,PLN101,1/1/2021
2095,Laura,Bauer,12/13/1960,F,PLN101,3/1/2023
2096,Ella,Hale,5/28/1994,F,PLN103,4/1/2019
2097,Sophia,Tran,7/14/2001,F,PLN101,4/1/2024
2098,Mei,Lane,4/26/1998,F,PLN101,3/1/2023
2099,Emily,Page,12/25/1939,F,PLN101,6/1/2022
2100,Michelle,Thornton,12/26/1964,F,PLN101,9/1/2017
2101,Raj,Cruz,6/27/2018,M,PLN101,1/25/2023
2102,Thomas,Garcia,12/11/1953,M,PLN103,8/1/2024
2103,Ella,Benson,8/10/1972,F,PLN103,10/1/2024
2104,Sophia,Tran,1/6/2009,F,PLN105,3/1/2024
2105,Emma,Price,11/30/2000,F,PLN103,3/1/2023
2106,Luis,Tanaka,8/12/2019,M,PLN101,5/1/2021
2107,Thomas,Dawson,7/12/1959,M,PLN101,3/31/2023
2108,Steven,Lam,1/13/2004,M,PLN101,1/1/2024
2109,Luis,Wright,8/31/2003,M,PLN105,5/17/2024
2110,Robert,Griffin,8/2/1968,M,PLN104,11/4/2023
2111,Richard,Ward,5/6/1972,M,PLN102,10/1/2019
2112,Matthew,Pham,10/25/2022,M,PLN102,10/1/2022
2113,Andrew,Navarro,6/10/1991,M,PLN103,9/1/2018
2114,Mason,Valdez,5/7/2001,M,PLN101,9/1/2022
2115,Andrew,Richards,3/31/2020,M,PLN101,8/1/2020
2116,Natalie,Kramer,3/16/1981,F,PLN102,1/1/2022
2117,Zoe,Hudson,3/17/1966,F,PLN104,11/7/2020
2118,Nora,Iverson,12/4/1953,F,PLN102,1/1/2017
2119,Logan,Freeman,6/29/2004,M,PLN102,1/1/2023
2120,Amanda,Bauer,5/27/1983,F,PLN103,2/24/2021
2121,Nora,Thornton,12/6/2012,F,PLN101,3/1/2017
2122,Chloe,Carter,3/23/2020,F,PLN102,3/6/2021
2123,Jennifer,Kaplan,1/29/2023,F,PLN105,1/1/2023
2124,Liam,Nichols,11/16/2003,M,PLN101,4/1/2022
2125,Claire,Kaplan,10/7/2015,F,PLN101,8/9/2019
2126,Jennifer,Gibson,3/4/1998,F,PLN102,11/1/2020
2127,Lucas,Lucas,1/18/2019,M,PLN102,1/1/2019
2128,Yuki,Tillman,1/20/1961,F,PLN101,4/15/2023
2129,Mason,Iverson,12/6/1960,M,PLN101,3/1/2019
2130,Susan,Mills,11/9/1977,F,PLN103,8/11/2021
2131,Leo,Cole,2/21/2015,M,PLN105,4/1/2024
2132,John,Bishop,3/31/1970,M,PLN103,2/1/2020
2133,Lisa,Yang,10/7/1997,F,PLN101,4/1/2017
2134,Rachel,Gibson,9/20/1941,F,PLN101,3/16/2019
2135,James,Nichols,10/26/1981,M,PLN103,10/1/2023
2136,Owen,Clark,3/7/1976,M,PLN101,5/1/2019
2137,John,Noble,9/22/1959,M,PLN103,8/1/2024
2138,William,Oliver,1/9/1939,M,PLN101,6/1/2023
2139,Michael,Page,1/10/2017,M,PLN102,12/1/2022
2140,Liam,Russell,3/13/1990,M,PLN101,12/3/2019
2141,Ashley,Webb,10/26/1990,F,PLN102,9/1/2023
2142,Daniel,Sanders,12/24/2012,M,PLN104,9/1/2024
2143,Fatima,Ward,9/14/2014,F,PLN101,5/1/2021
2144,Chloe,Wolfe,3/1/2013,F,PLN103,10/1/2023
2145,Raj,Hendrix,6/19/2017,M,PLN102,8/1/2024
2146,Raj,Bishop,3/15/1974,M,PLN101,2/1/2022
2147,Thomas,Thompson,10/1/1993,M,PLN105,2/20/2024
2148,Michelle,Nakamura,6/19/2010,F,PLN102,4/1/2024
2149,Samuel,Wolfe,12/2/1975,M,PLN101,4/1/2018
2150,Sophia,Meyer,7/22/1987,F,PLN104,4/14/2019
2151,David,Benson,9/17/2007,M,PLN101,3/1/2023
2152,David,Wade,6/2/1975,M,PLN101,2/1/2022
2153,Richard,Curtis,7/23/1984,M,PLN105,4/1/2024
2154,Charles,Fuller,4/15/1988,M,PLN104,5/1/2018
2155,Chloe,Allen,12/30/1973,F,PLN101,6/1/2017
2156,Hannah,Ortiz,12/3/1972,F,PLN101,7/1/2019
2157,Lily,Johnson,2/7/2009,F,PLN102,11/1/2024
2158,Ashley,Fisher,3/5/1945,F,PLN102,11/1/2023
2159,Ana,Hendrix,5/2/2006,F,PLN102,9/1/2022
2160,Ava,Vance,7/15/1976,F,PLN101,3/1/2018
2161,Priya,Vance,12/23/2000,F,PLN104,8/1/2024
2162,Aaron,Russell,6/16/1985,M,PLN102,9/1/2017
2163,Linda,Ferguson,11/16/2022,F,PLN103,9/3/2023
2164,Ashley,Hopkins,12/12/1979,F,PLN102,7/1/2020
2165,Jennifer,Ramos,9/5/1976,F,PLN105,9/1/2023
2166,Megan,Tate,6/7/1962,F,PLN102,6/22/2020
2167,Ashley,Chambers,11/16/1998,F,PLN102,6/1/2024
2168,Maria,Emerson,3/21/1988,F,PLN101,7/1/2023
2169,Ethan,Erickson,6/28/1969,M,PLN102,7/1/2021
2170,Joshua,Evans,8/13/2008,M,PLN101,1/1/2017
2171,Leah,Patel,2/24/1979,F,PLN101,1/1/2023
2172,Nina,Vargas,6/11/2007,F,PLN101,4/1/2024
2173,Andrew,Thompson,7/30/1961,M,PLN102,6/1/2024
2174,Aiden,Hendrix,8/13/1983,M,PLN103,10/1/2024
2175,Wei,Nguyen,6/13/1960,M,PLN101,8/1/2023
2176,Raj,Quinn,6/14/2012,M,PLN101,10/1/2017
2177,Sophia,Garner,9/22/1961,F,PLN102,1/12/2023
2178,Carlos,Wade,4/14/1993,M,PLN102,1/1/2018
2179,Nancy,Harper,2/5/2000,F,PLN105,1/1/2024
2180,Leah,Okafor,9/1/1984,F,PLN101,9/1/2023
2181,Karen,Ingram,12/28/1987,F,PLN103,9/1/2023
2182,Jennifer,Delgado,9/27/1946,F,PLN104,11/20/2018
2183,David,Joshi,12/15/1976,M,PLN101,10/1/2021
2184,Andrew,Harper,2/28/1981,M,PLN103,9/1/2019
2185,Fatima,Gibson,4/28/1947,F,PLN104,8/1/2024
2186,Stella,Kowalski,11/5/1987,F,PLN101,6/3/2024
2187,Hiro,Olsen,6/3/1970,M,PLN103,8/1/2024
2188,Susan,Freeman,1/5/1941,F,PLN101,9/1/2023
2189,Jacob,Hopkins,9/12/2018,M,PLN102,8/1/2019
2190,Caleb,Bishop,12/7/1973,M,PLN102,7/15/2021
2191,Charles,Pham,2/2/1986,M,PLN102,3/1/2023
2192,Grace,Rojas,6/1/2000,F,PLN101,8/1/2017
2193,Mia,Mason,6/15/1993,F,PLN101,3/1/2018
2194,Elizabeth,Mills,12/31/1987,F,PLN101,2/1/2022
2195,Aaron,Moss,11/19/1983,M,PLN101,2/14/2019
2196,Joseph,Jacobs,10/31/1981,M,PLN102,9/24/2022
2197,Robert,Russell,7/26/1978,M,PLN101,4/1/2018
2198,Michelle,Webb,12/8/1989,F,PLN104,1/1/2019
2199,Carlos,Doyle,3/16/1998,M,PLN104,1/1/2024
2200,Linda,Murphy,1/24/1967,F,PLN102,8/1/2020
2201,Raj,Mendez,9/26/1949,M,PLN102,5/6/2020
2202,Kevin,Lambert,5/20/1975,M,PLN101,12/1/2018
2203,Nora,Powell,8/31/1986,F,PLN105,1/31/2023
2204,Ryan,Fisher,4/15/1941,M,PLN103,8/15/2023
2205,Samuel,Gibson,9/14/2004,M,PLN102,6/1/2018
2206,Noah,Tate,10/4/1976,M,PLN103,11/1/2017
2207,Maria,Parker,6/29/1988,F,PLN101,2/1/2017
2208,Aisha,Daniels,10/13/1976,F,PLN101,6/1/2017
2209,Fatima,Garcia,5/8/1980,F,PLN101,12/24/2020
2210,Liam,Parker,10/9/1984,M,PLN102,12/3/2023
2211,Nina,Valdez,12/2/1982,F,PLN102,5/4/2017
2212,Thomas,Hughes,11/9/1981,M,PLN101,3/26/2021
2213,Fatima,Vargas,9/14/2023,F,PLN105,9/1/2023
2214,Jacob,Dalton,6/9/1976,M,PLN102,7/22/2023
2215,Michelle,Iyer,5/23/1998,F,PLN102,7/1/2024
2216,Carlos,Fuller,1/5/2016,M,PLN101,12/1/2020
2217,Kevin,Doyle,11/12/2002,M,PLN105,6/14/2024
2218,Ana,Gordon,1/6/1989,F,PLN103,12/28/2018
2219,Jennifer,Pierce,1/1/1993,F,PLN102,8/1/2023
2220,Fatima,Freeman,1/9/1987,F,PLN102,1/29/2017
2221,Maria,Ivanov,9/12/1957,F,PLN104,9/1/2024
2222,Nora,Cruz,3/23/1978,F,PLN102,8/1/2024
2223,Raj,Meyer,7/21/1961,M,PLN101,2/24/2017
2224,Raj,Pham,11/14/1985,M,PLN102,10/2/2019
2225,David,Gibson,12/31/1955,M,PLN102,1/1/2018
2226,Aisha,Keller,9/7/1970,F,PLN103,1/29/2023
2227,Anthony,Hudson,10/28/1942,M,PLN103,8/26/2023
2228,Karen,Barnes,2/1/2017,F,PLN104,3/1/2018
2229,Jacob,Holt,6/26/1988,M,PLN102,8/1/2024
2230,Jack,Barnes,5/2/1993,M,PLN102,1/1/2022
2231,Caleb,Simmons,7/3/2003,M,PLN102,5/1/2023
2232,Daniel,Rosen,5/25/1989,M,PLN103,7/1/2017
2233,Grace,Ivanov,11/18/2008,F,PLN101,9/1/2024
2234,Susan,Hamilton,4/28/2000,F,PLN105,11/1/2023
2235,Ryan,Spencer,3/10/2008,M,PLN105,3/1/2020
2236,Stella,Fleming,3/28/2001,F,PLN101,5/1/2022
2237,James,Garcia,12/15/1967,M,PLN102,6/1/2023
2238,Nina,Gibson,10/6/1971,F,PLN104,6/1/2024
2239,Liam,Freeman,12/15/2004,M,PLN104,4/1/2019
2240,Mei,Walsh,12/17/1964,F,PLN103,3/1/2020
2241,Hannah,Tanaka,7/25/1960,F,PLN101,11/1/2024
2242,Carlos,Ramos,7/9/2016,M,PLN105,6/1/2018
2243,Henry,Kowalski,5/17/2023,M,PLN101,11/1/2024
2244,Elizabeth,Gupta,1/14/1964,F,PLN103,8/1/2019
2245,Jessica,Watson,1/21/1985,F,PLN104,8/8/2024
2246,Liam,Pham,5/29/2007,M,PLN104,11/1/2021
2247,Linda,Thompson,9/28/1998,F,PLN101,5/1/2023
2248,Karen,Mendez,9/28/1987,F,PLN101,10/17/2022
2249,Priya,Palmer,11/1/2011,F,PLN101,11/1/2023
2250,James,Murphy,6/9/1946,M,PLN103,9/1/2019
2251,Charles,Wade,2/25/2000,M,PLN103,2/1/2023
2252,Caleb,Diaz,1/7/1970,M,PLN101,12/1/2023
2253,Steven,Owens,10/22/1947,M,PLN101,6/1/2023
2254,Fatima,Daniels,4/13/2002,F,PLN101,4/1/2019
2255,Leah,Boyd,4/30/1983,F,PLN103,4/1/2020
2256,Sophia,Lynch,2/18/2001,F,PLN105,3/1/2020
2257,Noah,Tanaka,1/10/1973,M,PLN105,7/1/2018
2258,Hiro,Bowen,2/11/2001,M,PLN103,12/1/2022
2259,Jack,Salazar,5/6/1990,M,PLN101,11/1/2022
2260,Jessica,Benson,1/31/1986,F,PLN103,5/1/2017
2261,Nina,Jacobs,9/30/1962,F,PLN102,6/1/2024
2262,Priya,Webb,6/29/2007,F,PLN101,5/1/2023
2263,Ruby,Underwood,9/29/2014,F,PLN102,3/19/2021
2264,Mason,Dawson,2/5/1967,M,PLN102,6/22/2024
2265,Logan,Sanders,11/7/1998,M,PLN103,5/1/2024
2266,David,Spencer,11/8/1984,M,PLN102,6/1/2020
2267,Emily,Gibson,7/2/2012,F,PLN103,7/25/2019
2268,David,Olsen,1/4/1976,M,PLN102,9/8/2022
2269,Michelle,Alvarez,11/27/2021,F,PLN105,11/27/2021
2270,Anthony,Ward,2/1/2019,M,PLN105,3/1/2023
2271,Mason,Zimmerman,5/18/2007,M,PLN103,11/1/2023
2272,Richard,Chen,10/22/1990,M,PLN104,12/1/2023
2273,Aisha,Mitchell,1/21/1970,F,PLN101,1/7/2021
2274,Daniel,Delgado,8/17/1999,M,PLN102,12/1/2020
2275,Nancy,Vargas,4/12/1996,F,PLN101,7/28/2017
2276,Elizabeth,Freeman,3/6/1972,F,PLN104,8/1/2022
2277,Natalie,Gray,10/7/1997,F,PLN103,5/1/2024
2278,Karen,Hayes,9/21/2003,F,PLN102,6/9/2019
2279,William,Dixon,8/8/1980,M,PLN102,10/1/2018
2280,Aaron,Sutton,5/22/2010,M,PLN102,8/1/2017
2281,Richard,Hart,9/24/1987,M,PLN104,4/1/2017
2282,Ethan,Navarro,7/4/1986,M,PLN104,8/5/2020
2283,Tyler,Dawson,7/13/1988,M,PLN101,1/1/2017
2284,Ella,Nguyen,12/20/1973,F,PLN105,8/1/2017
2285,Karen,Rosen,6/3/1963,F,PLN102,12/1/2020
2286,Karen,Douglas,2/26/1984,F,PLN103,2/1/2018
2287,Ana,Allen,12/26/1959,F,PLN101,10/1/2017
2288,Robert,Garcia,10/2/2002,M,PLN105,12/1/2023
2289,Brian,Richards,1/23/2002,M,PLN105,10/1/2021
2290,Raj,Ingram,4/3/1960,M,PLN102,3/25/2017
2291,Lily,Abbott,11/3/1975,F,PLN101,4/1/2022
2292,Susan,Morgan,2/4/1965,F,PLN103,3/5/2019
2293,Thomas,Iverson,1/14/2004,M,PLN101,8/29/2024
2294,Michelle,Medina,4/21/1964,F,PLN101,9/1/2018
2295,Hannah,Wolfe,6/27/1985,F,PLN105,5/22/2024
2296,Susan,Weiss,3/10/2013,F,PLN101,1/1/2020
2297,Claire,Thornton,12/30/1992,F,PLN101,3/19/2024
2298,Sarah,Sutton,7/12/2016,F,PLN102,2/1/2023
2299,Lily,Cole,2/23/1980,F,PLN102,8/1/2023
2300,Mei,Curtis,1/19/1984,F,PLN102,8/1/2018
2301,Isaac,Gupta,9/7/1947,M,PLN104,10/1/2018
2302,Elijah,Mason,8/13/1974,M,PLN101,12/1/2023
2303,Charles,Pham,11/25/1972,M,PLN102,1/1/2022
2304,Omar,Boyd,3/29/2022,M,PLN105,6/1/2024
2305,Raj,Fisher,10/28/1989,M,PLN102,7/1/2019
2306,Laura,Reed,4/7/1997,F,PLN102,9/27/2023
2307,Mia,Tanaka,11/20/1974,F,PLN101,5/1/2019
2308,Miles,Hale,11/11/2001,M,PLN103,5/2/2019
2309,Ryan,Tate,5/14/2004,M,PLN102,11/1/2019
2310,James,Freeman,8/30/1965,M,PLN105,10/1/2024
2311,Miles,Nichols,4/24/1944,M,PLN101,6/1/2024
2312,Miles,Lewis,11/23/1983,M,PLN102,9/1/2018
2313,Lily,Adams,12/16/1960,F,PLN104,10/1/2022
2314,Tyler,Thompson,10/5/2020,M,PLN102,10/1/2020
2315,Ella,Lopez,2/3/1987,F,PLN103,7/1/2019
2316,Ethan,Fox,12/12/1963,M,PLN102,9/1/2023
2317,Nina,Bauer,4/14/1966,F,PLN103,4/1/2019
2318,Brian,Fox,2/28/1986,M,PLN101,10/1/2021
2319,David,Erickson,5/18/2004,M,PLN102,9/1/2022
2320,Thomas,Lucas,8/23/2009,M,PLN103,3/1/2024
2321,Barbara,Walker,11/27/2021,F,PLN104,8/1/2022
2322,Ashley,Diaz,8/27/1961,F,PLN102,6/4/2019
2323,Richard,Jordan,4/9/1987,M,PLN102,4/5/2024
2324,Ava,Quinn,2/11/2012,F,PLN101,12/1/2021
2325,Carlos,Daniels,6/11/1955,M,PLN101,4/1/2023
2326,Barbara,Nichols,11/7/1954,F,PLN103,11/1/2023
2327,Thomas,Dawson,10/7/2012,M,PLN102,7/8/2021
2328,Thomas,Brooks,1/19/1960,M,PLN102,1/22/2017
2329,James,Lopez,12/9/1994,M,PLN102,5/8/2022
2330,Fatima,Tucker,8/12/2012,F,PLN102,10/1/2024
2331,Grace,Iverson,6/12/1975,F,PLN103,9/1/2023
2332,Thomas,Mills,3/7/1965,M,PLN101,6/1/2021
2333,Omar,Ellis,6/3/1953,M,PLN101,12/11/2017
2334,Nora,Nguyen,12/30/2014,F,PLN102,6/10/2019
2335,Mary,Lambert,11/15/2004,F,PLN102,12/1/2017
2336,Sarah,Nichols,10/18/1976,F,PLN103,7/30/2023
2337,Karen,Gordon,3/1/1992,F,PLN101,5/1/2020
2338,Stella,Olsen,7/19/1940,F,PLN103,2/2/2024
2339,Liam,Castillo,2/28/2006,M,PLN105,5/1/2018
2340,Priya,Keller,6/29/2023,F,PLN102,6/1/2023
2341,Michelle,Abbott,6/28/2016,F,PLN101,10/1/2018
2342,Samuel,Webb,4/12/1943,M,PLN101,4/6/2024
2343,Nancy,Salazar,3/15/1999,F,PLN104,11/1/2018
2344,Barbara,Conrad,5/11/2021,F,PLN104,5/1/2021
2345,Natalie,Zimmerman,8/13/1960,F,PLN102,9/14/2024
2346,Aaron,Vance,11/22/2018,M,PLN102,11/1/2018
2347,Elijah,Parker,12/3/1972,M,PLN103,10/1/2020
2348,Patricia,Fox,4/23/1963,F,PLN101,7/1/2024
2349,Jacob,Dawson,7/15/1988,M,PLN104,1/30/2022
2350,Rachel,Bauer,6/21/1958,F,PLN101,10/1/2017
2351,Charles,Kerr,6/16/2023,M,PLN101,6/1/2023
2352,Barbara,Ivanov,11/10/1999,F,PLN101,5/30/2018
2353,Emma,Foster,5/4/1943,F,PLN102,2/1/2020
2354,Elijah,Ellis,8/7/1979,M,PLN102,9/1/2023
2355,Noah,Walker,4/17/1966,M,PLN101,8/18/2017
2356,Ava,Dunn,5/12/2008,F,PLN101,10/1/2023
2357,Zoe,Abbott,6/17/1978,F,PLN101,11/1/2019
2358,Lily,Holland,12/19/1961,F,PLN101,11/1/2017
2359,Wei,Rao,2/24/1994,M,PLN101,3/28/2024
2360,Andrew,Evans,5/15/1951,M,PLN101,1/1/2019
2361,Stella,Harper,11/12/1959,F,PLN103,8/1/2019
2362,Elizabeth,Sutton,6/22/1998,F,PLN101,3/1/2023
2363,Rachel,Nash,3/3/1964,F,PLN101,1/23/2020
2364,Andrew,Ibarra,6/22/1968,M,PLN103,3/1/2020
2365,David,Underwood,1/15/1962,M,PLN102,6/13/2017
2366,Lily,Carter,5/27/1954,F,PLN101,3/1/2023
2367,Nancy,Khan,3/28/1980,F,PLN105,9/3/2018
2368,Jennifer,Freeman,11/23/1947,F,PLN104,8/1/2024
2369,John,Vargas,5/24/1988,M,PLN101,11/11/2017
2370,Michelle,Lowe,9/2/1971,F,PLN102,10/15/2023
2371,Anthony,Fowler,7/21/1988,M,PLN102,10/17/2022
2372,Luis,Dixon,12/5/2013,M,PLN102,10/1/2021
2373,Megan,Russell,4/19/1990,F,PLN105,5/1/2018
2374,James,Ingram,4/6/1998,M,PLN101,3/6/2024
2375,Barbara,Mendez,11/20/1959,F,PLN103,1/22/2024
2376,Jennifer,Navarro,7/9/1997,F,PLN103,4/26/2023
2377,David,Johnson,12/28/1975,M,PLN101,11/6/2017
2378,Brian,Palmer,8/15/1960,M,PLN101,8/3/2017
2379,Matthew,Hendrix,3/7/1956,M,PLN102,12/1/2023
2380,Maria,Iverson,9/26/1994,F,PLN104,2/1/2024
2381,Fatima,Wright,8/19/2000,F,PLN101,12/1/2022
2382,Lucas,Chambers,5/5/1977,M,PLN102,12/1/2018
2383,Steven,Boyd,12/12/2007,M,PLN102,4/1/2018
2384,Joseph,Davis,12/2/2004,M,PLN101,7/1/2017
2385,Samuel,Jenkins,8/30/2006,M,PLN101,2/1/2024
2386,Priya,Kramer,11/11/2007,F,PLN104,2/1/2020
2387,Aisha,Rao,6/1/2009,F,PLN103,9/1/2024
2388,Sophia,Elliott,2/20/1985,F,PLN103,10/1/2024
2389,Hannah,Tanaka,10/24/1963,F,PLN102,8/1/2019
2390,Maria,Khan,8/23/1952,F,PLN102,8/1/2022
2391,Ava,Pham,2/15/1971,F,PLN102,3/1/2024
2392,Amanda,Lynch,10/5/1995,F,PLN101,4/1/2022
2393,Megan,Lucas,12/24/1973,F,PLN101,1/8/2023
2394,Mason,Olsen,10/27/1949,M,PLN101,7/1/2023
2395,Carlos,Richards,10/12/2001,M,PLN101,8/1/2021
2396,Logan,Joshi,1/30/1947,M,PLN102,3/1/2023
2397,Mei,Nichols,6/28/1993,F,PLN104,7/18/2024
2398,Mark,Fowler,2/19/1977,M,PLN102,6/1/2019
2399,Patricia,Pham,10/9/1972,F,PLN103,3/1/2019
2400,Barbara,Stone,2/10/2024,F,PLN102,2/10/2024
2401,Matthew,Lane,6/27/2014,M,PLN104,2/1/2024
2402,Noah,Mills,4/24/1984,M,PLN101,12/1/2017
2403,Megan,Newman,11/6/1950,F,PLN101,5/1/2022
2404,Jessica,Clark,1/31/2023,F,PLN105,1/1/2023
2405,Lily,Ortiz,12/11/1955,F,PLN103,9/1/2024
2406,Joseph,Flores,11/8/1996,M,PLN101,8/1/2023
2407,Chloe,Gray,9/27/1994,F,PLN101,9/1/2023
2408,Ella,Curtis,12/13/1989,F,PLN102,8/20/2023
2409,Chloe,Powell,12/13/1987,F,PLN102,8/1/2023
2410,Natalie,Conrad,1/7/1994,F,PLN104,2/1/2022
2411,Henry,Sato,1/27/2014,M,PLN102,7/1/2024
2412,Leah,Ramos,9/1/1959,F,PLN103,11/1/2024
2413,Kevin,Hopkins,2/15/1955,M,PLN103,12/5/2023
2414,Brian,Navarro,3/10/1985,M,PLN101,2/1/2017
2415,Laura,Ford,5/6/1973,F,PLN102,7/7/2023
2416,Elijah,Jimenez,5/23/1980,M,PLN102,5/1/2021
2417,Joshua,Reed,2/23/1999,M,PLN101,11/23/2023
2418,Omar,Tran,7/30/1940,M,PLN104,11/2/2024
2419,Isabella,Page,11/17/1984,F,PLN101,10/1/2018
2420,Yuki,Clark,3/21/1996,F,PLN102,1/1/2024
2421,Aisha,Gray,11/17/1961,F,PLN101,4/1/2024
2422,Natalie,Erickson,7/8/1943,F,PLN102,11/20/2021
2423,Leo,Tillman,12/14/1941,M,PLN102,12/1/2021
2424,Liam,Lane,2/8/2008,M,PLN105,7/1/2021
2425,Hannah,Schmidt,6/9/1968,F,PLN102,2/1/2021
2426,Jacob,Tucker,12/5/1996,M,PLN103,12/1/2019
2427,Joshua,Noble,3/17/2006,M,PLN103,2/1/2018
2428,Leo,Lowe,9/22/1995,M,PLN105,7/1/2022
2429,Lisa,Lindqvist,12/26/1975,F,PLN102,5/1/2018
2430,Nora,Price,12/22/2015,F,PLN102,2/1/2022
2431,Anthony,Chen,1/3/1973,M,PLN101,8/1/2022
2432,Ruby,Kerr,4/18/1981,F,PLN101,5/1/2021
2433,Nora,Zimmerman,6/17/1979,F,PLN105,7/8/2024
2434,Olivia,Castillo,3/15/1985,F,PLN103,6/1/2022
2435,Rachel,Weiss,12/27/1986,F,PLN102,3/13/2024
2436,Elizabeth,Flores,4/9/1975,F,PLN101,1/1/2022
2437,Mason,Vance,1/15/1992,M,PLN101,6/27/2017
2438,Lily,Carter,9/8/2001,F,PLN103,5/1/2024
2439,Rachel,Keller,4/7/2015,F,PLN105,8/1/2023
2440,Zoe,Larsen,9/2/2015,F,PLN104,6/1/2024
2441,Lisa,Navarro,3/16/2004,F,PLN101,8/1/2023
2442,Hiro,Hale,6/18/1942,M,PLN104,10/1/2023
2443,Steven,Flores,11/25/1966,M,PLN103,3/1/2018
2444,Leah,Stone,11/27/2006,F,PLN103,12/1/2021
2445,Aiden,Iverson,6/11/1979,M,PLN105,6/1/2023
2446,Henry,Chambers,7/11/1965,M,PLN103,1/1/2024
2447,Linda,Iyer,4/19/1975,F,PLN105,1/12/2024
2448,Owen,Jenkins,7/3/2007,M,PLN103,10/1/2020
2449,Sarah,Yang,2/21/1992,F,PLN102,8/1/2017
2450,Ella,Walker,1/11/1951,F,PLN105,10/1/2017
2451,Lily,Castillo,12/17/1953,F,PLN102,10/30/2019
2452,Ryan,Chen,7/30/2001,M,PLN103,9/1/2022
2453,Fatima,Xu,2/10/1945,F,PLN101,1/1/2019
2454,Michelle,Curtis,8/22/1970,F,PLN102,6/1/2017
2455,Barbara,Abbott,10/11/1960,F,PLN102,10/1/2018
2456,Andrew,Sato,3/26/1939,M,PLN105,1/1/2023
2457,Elizabeth,Lewis,2/25/2015,F,PLN102,9/1/2019
2458,Elijah,Ueda,7/15/1940,M,PLN105,10/1/2024
2459,Andrew,Kowalski,5/2/2002,M,PLN102,3/1/2024
2460,Zoe,Medina,9/24/1959,F,PLN103,3/1/2020
2461,Robert,Lucas,7/13/1967,M,PLN103,6/1/2023
2462,Thomas,Gupta,4/11/1963,M,PLN102,10/1/2024
2463,Ana,Benson,7/24/2023,F,PLN103,7/1/2023
2464,Caleb,Castillo,10/21/2000,M,PLN101,10/1/2023
2465,Ryan,Tate,10/13/1995,M,PLN104,4/27/2024
2466,Robert,Holland,3/31/1961,M,PLN103,5/1/2023
2467,Joseph,Curtis,6/30/1967,M,PLN102,5/26/2024
2468,Linda,Robbins,8/5/2000,F,PLN103,6/1/2020
2469,Aiden,Torres,11/8/2023,M,PLN101,11/8/2023
2470,Steven,Oliver,12/3/1976,M,PLN104,11/1/2023
2471,Mia,Holland,2/26/1983,F,PLN101,1/22/2021
2472,Michelle,Kelly,8/18/1940,F,PLN102,7/14/2023
2473,Lisa,Jensen,8/3/2003,F,PLN101,9/1/2024
2474,Nina,Young,5/12/1939,F,PLN103,3/1/2024
2475,Aiden,Patel,3/14/2004,M,PLN103,10/23/2018
2476,Nora,Lewis,5/22/2013,F,PLN105,4/1/2018
2477,Emily,Dalton,9/5/1938,F,PLN105,6/29/2024
2478,Aiden,Gilbert,3/18/2007,M,PLN102,7/1/2017
2479,Jennifer,Thornton,1/26/2015,F,PLN105,1/1/2022
2480,Grace,Mendez,6/21/1985,F,PLN105,12/1/2020
2481,Miles,Douglas,5/10/2000,M,PLN101,6/1/2023
2482,Elizabeth,Allen,1/13/1973,F,PLN103,9/23/2021
2483,Anthony,Coleman,4/4/1971,M,PLN101,6/1/2022
2484,Sarah,Gilbert,2/20/1944,F,PLN101,1/27/2024
2485,Natalie,Curtis,2/27/2017,F,PLN101,12/1/2018
2486,Aaron,Wade,4/26/2013,M,PLN105,8/30/2020
2487,Hiro,Jimenez,10/31/1962,M,PLN104,10/1/2019
2488,Isaac,Underwood,5/10/1989,M,PLN103,8/1/2023
2489,Fatima,Doyle,2/26/2003,F,PLN101,8/1/2024
2490,Logan,Ferguson,8/16/2008,M,PLN103,12/1/2022
2491,Matthew,Garner,11/8/2012,M,PLN101,11/24/2019
2492,William,Kerr,11/28/2000,M,PLN101,9/1/2022
2493,Fatima,Jimenez,1/12/1943,F,PLN103,4/28/2021
2494,Lisa,Nash,9/25/2021,F,PLN101,9/25/2021
2495,Yuki,Spencer,5/21/1948,F,PLN101,4/1/2024
2496,Thomas,Thompson,7/5/1970,M,PLN103,5/6/2023
2497,Thomas,Vaughn,9/26/2012,M,PLN103,8/1/2023
2498,Wei,Meyer,9/19/2010,M,PLN101,9/11/2022
2499,Karen,Bishop,9/10/1973,F,PLN102,1/11/2020
2500,Maria,Rosen,9/30/1966,F,PLN101,2/24/2019
2501,Henry,Keller,12/27/1940,M,PLN102,10/24/2021
2502,Michael,Mendez,10/28/1991,M,PLN101,5/1/2023
2503,Noah,Banks,7/1/1999,M,PLN101,7/1/2023
2504,Nina,Reyes,10/23/1962,F,PLN104,2/1/2024
2505,Ava,Gordon,5/13/1971,F,PLN103,6/29/2024
2506,Brian,Jenkins,2/26/1976,M,PLN103,2/1/2023
2507,Linda,Barnes,2/25/1993,F,PLN101,1/1/2023
2508,Owen,Moss,3/26/1944,M,PLN102,2/1/2020
2509,Hannah,Valdez,5/30/1972,F,PLN102,8/4/2017
2510,Sophia,Allen,6/20/2000,F,PLN101,7/1/2020
2511,Robert,Garner,6/1/2009,M,PLN101,1/1/2018
2512,Nancy,Xu,1/25/1986,F,PLN101,8/1/2024
2513,Charles,Lynch,7/2/1999,M,PLN101,11/1/2017
2514,Sophia,Iverson,2/4/1948,F,PLN105,8/1/2024
2515,Raj,Lucas,3/7/2021,M,PLN103,8/1/2021
2516,Rachel,Pierce,7/21/1983,F,PLN102,12/1/2022
2517,Natalie,Torres,3/2/2021,F,PLN102,2/1/2024
2518,David,Moss,6/28/2011,M,PLN103,10/1/2023
2519,Brian,Lindqvist,5/6/1961,M,PLN104,6/1/2023
2520,Ethan,Griffin,2/2/1979,M,PLN101,11/1/2023
2521,Brian,Hopkins,12/21/1957,M,PLN101,2/1/2017
2522,Rachel,Gordon,3/31/2021,F,PLN104,10/1/2021
2523,Ethan,Pham,6/13/1986,M,PLN102,8/1/2023
2524,Jessica,Nguyen,8/14/2011,F,PLN104,2/1/2023
2525,Wei,Ferguson,1/1/1971,M,PLN103,4/8/2021
2526,John,Hale,3/18/1975,M,PLN104,1/18/2023
2527,Ana,Thornton,6/26/1983,F,PLN102,8/1/2024
2528,Sarah,Navarro,7/28/2023,F,PLN101,8/1/2023
2529,Elizabeth,Alvarez,3/23/1993,F,PLN101,9/1/2022
2530,Susan,Bowen,9/14/1949,F,PLN104,9/1/2023
2531,Amanda,Ramos,1/25/1974,F,PLN103,3/1/2021
2532,Priya,Bowen,8/19/2008,F,PLN102,1/27/2022
2533,Jennifer,Bishop,6/9/2010,F,PLN102,12/25/2023
2534,Elizabeth,Fuller,7/23/1970,F,PLN104,12/29/2023
2535,Ella,Jensen,12/26/1982,F,PLN103,11/1/2022
2536,Chloe,Kaplan,11/13/1984,F,PLN102,1/1/2023
2537,Ana,Pruitt,10/18/1965,F,PLN104,7/1/2017
2538,Steven,Zimmerman,5/19/1963,M,PLN101,2/1/2018
2539,Ana,Morgan,8/6/1975,F,PLN102,3/1/2024
2540,Ana,Garner,3/25/1966,F,PLN101,10/1/2019
2541,Caleb,Richards,8/16/2007,M,PLN102,3/7/2020
2542,Ryan,Erickson,12/4/1974,M,PLN101,12/10/2023
2543,Thomas,Marshall,10/7/1965,M,PLN101,12/1/2023
2544,Jennifer,Ingram,11/6/1947,F,PLN105,4/1/2017
2545,Elizabeth,Iyer,3/24/2018,F,PLN104,11/1/2024
2546,Logan,Hayes,9/13/2007,M,PLN102,9/16/2017
2547,Joshua,Stevens,3/2/2020,M,PLN104,1/1/2021
2548,Kevin,Carter,5/22/2009,M,PLN104,5/1/2020
2549,Laura,Vaughn,7/18/2017,F,PLN102,11/1/2021
2550,John,Palmer,8/19/1968,M,PLN101,8/1/2022
2551,Logan,Thornton,7/3/2008,M,PLN103,4/12/2024
2552,Michelle,Nash,3/12/1963,F,PLN101,8/1/2018
2553,Nina,Parker,7/2/1969,F,PLN103,1/1/2020
2554,Steven,Wright,4/10/1946,M,PLN103,7/1/2018
2555,Claire,Lowe,8/29/1977,F,PLN105,10/21/2021
2556,Ruby,Pham,4/6/2009,F,PLN101,7/10/2021
2557,Daniel,Nelson,8/31/2015,M,PLN101,1/7/2018
2558,Ethan,Bishop,7/2/2015,M,PLN101,3/1/2017
2559,Aisha,Ueda,5/4/2007,F,PLN101,7/9/2024
2560,Laura,Irwin,1/7/2019,F,PLN103,8/13/2022
2561,Brian,Spencer,10/26/1948,M,PLN105,2/1/2018
2562,John,Lopez,4/6/2001,M,PLN103,6/1/2023
2563,Isaac,Jordan,2/3/1990,M,PLN101,6/1/2021
2564,Hiro,Pham,1/13/1961,M,PLN101,12/17/2018
2565,Steven,Davis,1/10/1960,M,PLN101,2/1/2021
2566,Lisa,Nichols,6/10/2001,F,PLN102,5/1/2023
2567,Jessica,Pruitt,10/18/1994,F,PLN103,9/1/2018
2568,Henry,Wolfe,7/7/1995,M,PLN103,1/5/2021
2569,Mia,Vargas,10/19/1974,F,PLN101,5/1/2020
2570,Ella,Daniels,7/6/1997,F,PLN101,9/1/2022
2571,Owen,Murphy,10/24/2019,M,PLN101,6/1/2020
2572,Aiden,Price,2/24/2000,M,PLN105,5/31/2023
2573,Matthew,Keller,11/26/2013,M,PLN101,4/25/2024
2574,Daniel,Dunn,6/7/1978,M,PLN102,7/1/2024
2575,Susan,Jordan,1/18/1977,F,PLN102,3/1/2018
2576,Chloe,Chambers,4/5/1979,F,PLN101,7/7/2024
2577,Aaron,Xu,7/18/1948,M,PLN101,9/10/2020
2578,Yuki,Hudson,2/7/1997,F,PLN105,7/1/2022
2579,Luis,Rhodes,1/2/1964,M,PLN102,1/1/2019
2580,Mei,Morgan,11/26/2019,F,PLN101,4/1/2022
2581,Thomas,Abbott,2/8/1989,M,PLN101,3/12/2020
2582,David,Shah,6/12/2019,M,PLN102,3/1/2023
2583,Maria,Owens,8/13/1957,F,PLN101,6/1/2019
2584,Wei,Kowalski,1/8/1947,M,PLN105,10/1/2023
2585,Rachel,Richards,9/26/2020,F,PLN101,2/1/2024
2586,Jessica,Reyes,11/21/1970,F,PLN103,3/1/2023
2587,Barbara,Vargas,1/18/1995,F,PLN105,7/20/2023
2588,Elizabeth,Kerr,6/2/2016,F,PLN101,2/1/2024
2589,Chloe,Alvarez,7/13/1984,F,PLN102,9/6/2023
2590,Yuki,Marshall,11/16/1988,F,PLN101,3/1/2022
2591,Nora,Bowen,10/11/1989,F,PLN101,7/1/2024
2592,Joshua,Perry,12/29/1961,M,PLN103,1/19/2020
2593,Robert,Murphy,4/25/1976,M,PLN101,3/1/2023
2594,David,Robbins,10/10/2011,M,PLN101,4/1/2020
2595,Michael,Newman,11/15/1987,M,PLN102,6/1/2023
2596,Mason,Richards,12/12/1991,M,PLN103,11/1/2017
2597,Patricia,Nash,8/16/2008,F,PLN103,8/1/2023
2598,Mark,Lynch,9/28/1965,M,PLN101,5/1/2021
2599,Grace,Zimmerman,6/6/1965,F,PLN102,6/1/2018
2600,Michael,Iyer,9/20/2016,M,PLN103,12/1/2023
2601,Jessica,Rosen,3/2/2013,F,PLN104,8/24/2020
2602,Mei,Keller,5/5/1973,F,PLN101,5/1/2023
2603,Miles,Newman,3/22/1963,M,PLN101,3/1/2020
2604,Laura,Olsen,12/18/1986,F,PLN105,1/1/2023
2605,Anthony,Oliver,8/12/2008,M,PLN103,12/18/2017
2606,Ella,Sanders,2/7/2014,F,PLN103,9/1/2024
2607,Isaac,Kramer,4/5/1990,M,PLN103,1/1/2023
2608,Sophia,Curtis,6/16/1976,F,PLN104,12/5/2023
2609,Mary,Hart,12/24/1980,F,PLN102,4/8/2024
2610,Brian,Iverson,9/21/1959,M,PLN102,8/1/2023
2611,Chloe,Kim,11/9/2012,F,PLN102,1/1/2018
2612,Liam,Thornton,11/9/1984,M,PLN103,10/1/2019
2613,Robert,Abbott,1/14/1998,M,PLN104,1/1/2020
2614,James,Ford,8/7/2021,M,PLN101,8/1/2021
2615,Natalie,Ellis,4/4/2022,F,PLN101,4/1/2022
2616,Chloe,Young,6/20/1965,F,PLN102,5/13/2024
2617,Sarah,Cole,4/11/2016,F,PLN105,10/1/2024
2618,Sophia,Hughes,1/20/2010,F,PLN102,4/1/2017
2619,Ana,Allen,3/3/2004,F,PLN101,7/7/2019
2620,Nina,Estrada,12/30/1966,F,PLN104,10/31/2023
2621,David,Meyer,9/8/2009,M,PLN103,5/28/2021
2622,Leah,Walker,11/26/2010,F,PLN105,7/1/2022
2623,Sarah,Conrad,12/12/1960,F,PLN101,10/23/2023
2624,Nina,Ellis,5/17/1952,F,PLN102,10/1/2023
2625,David,Tanaka,1/3/1996,M,PLN103,9/1/2022
2626,Nora,Joshi,4/4/1960,F,PLN103,3/1/2017
2627,Megan,Osei,8/13/1957,F,PLN103,8/1/2017
2628,Amanda,Tucker,6/4/2022,F,PLN104,6/1/2022
2629,Michelle,Pham,6/17/1984,F,PLN103,12/1/2017
2630,Leo,Ellis,3/5/2014,M,PLN101,11/1/2021
2631,Ruby,Bishop,2/28/1974,F,PLN101,8/1/2024
2632,Emma,Gray,4/3/1958,F,PLN103,11/20/2018
2633,Mason,Richards,10/3/1995,M,PLN101,3/1/2021
2634,James,Young,10/25/2016,M,PLN103,5/1/2020
2635,Ella,Douglas,2/25/1971,F,PLN104,2/2/2024
2636,Amanda,Bauer,12/30/1974,F,PLN102,7/28/2023
2637,Isabella,Vaughn,9/19/2017,F,PLN101,11/1/2022
2638,Raj,Bowen,7/24/2001,M,PLN101,5/1/2017
2639,Nora,Richards,7/24/1946,F,PLN102,8/1/2023
2640,Luis,Ferguson,9/6/1956,M,PLN102,9/1/2021
2641,Wei,Oliver,10/30/1986,M,PLN105,4/1/2018
2642,Raj,Wright,10/30/1972,M,PLN103,11/5/2024
2643,Stella,Parker,9/27/2021,F,PLN101,9/27/2021
2644,Lisa,Ferguson,9/27/2003,F,PLN102,2/22/2018
2645,Carlos,Powell,3/3/1967,M,PLN105,11/9/2023
2646,Sophia,Gordon,10/19/1986,F,PLN102,1/1/2020
2647,Olivia,Perry,1/5/2002,F,PLN102,3/1/2017
2648,Isabella,Nguyen,3/15/1993,F,PLN103,8/1/2017
2649,Yuki,Griffin,10/24/1985,F,PLN105,1/1/2023
2650,Matthew,Wade,6/29/2006,M,PLN103,5/1/2019
2651,Elijah,Newman,2/22/1979,M,PLN105,7/1/2018
2652,Ella,Nguyen,3/9/1943,F,PLN105,2/1/2017
2653,Stella,Pham,8/28/2013,F,PLN101,5/12/2023
2654,Owen,Fowler,9/6/1958,M,PLN104,1/1/2019
2655,Raj,Medina,2/19/2002,M,PLN101,3/13/2019
2656,Wei,Spencer,10/20/2023,M,PLN102,10/1/2023
2657,Mia,Dixon,9/25/1940,F,PLN101,10/1/2022
2658,Carlos,Schmidt,12/22/1971,M,PLN102,7/1/2023
2659,John,Keller,5/16/1961,M,PLN103,2/4/2021
2660,Jack,Fleming,12/23/2008,M,PLN101,2/22/2024
2661,Joseph,Osei,10/6/1979,M,PLN101,2/1/2024
2662,Thomas,Mills,10/12/1966,M,PLN103,5/28/2020
2663,Steven,Delgado,1/15/2012,M,PLN102,1/1/2023
2664,Priya,Rosen,11/8/1990,F,PLN105,12/1/2023
2665,Sophia,Xu,7/6/2014,F,PLN101,2/1/2022
2666,Stella,Walker,5/28/1957,F,PLN101,1/20/2024
2667,James,Thompson,6/17/1992,M,PLN101,11/20/2021
2668,Jacob,Griffin,12/25/2014,M,PLN105,7/1/2024
2669,Owen,Freeman,8/2/1959,M,PLN105,5/3/2023
2670,Miles,Zimmerman,4/27/2016,M,PLN105,4/1/2023
2671,Jennifer,Wade,10/9/1962,F,PLN102,1/1/2021
2672,Michael,Gupta,12/10/1966,M,PLN101,7/1/2019
2673,Elijah,Fisher,6/4/2001,M,PLN102,10/17/2023
2674,Grace,Norris,11/30/1962,F,PLN103,9/1/2024
2675,Stella,Lewis,4/11/1978,F,PLN102,12/1/2020
2676,Susan,Lucas,6/5/2017,F,PLN103,7/1/2023
2677,Tyler,Young,2/27/2003,M,PLN101,8/1/2017
2678,Michelle,Emerson,11/25/1974,F,PLN101,12/1/2022
2679,Chloe,Flores,4/10/1969,F,PLN101,1/18/2019
2680,Karen,Davis,7/3/2019,F,PLN102,7/1/2019
2681,Emily,Gibson,5/13/1960,F,PLN102,11/1/2021
2682,Jennifer,Walsh,5/27/2020,F,PLN103,5/1/2020
2683,Olivia,Hart,8/6/1983,F,PLN103,11/1/2022
2684,Ava,Iverson,7/31/1990,F,PLN101,7/1/2024
2685,Mark,Palmer,5/18/2015,M,PLN103,6/15/2024
2686,Liam,Kramer,1/31/2019,M,PLN103,11/1/2024
2687,Ethan,Abbott,5/27/2010,M,PLN105,1/1/2023
2688,Isaac,Gilbert,7/2/1949,M,PLN101,11/1/2019
2689,Ruby,Nash,6/4/2001,F,PLN103,8/1/2017
2690,Samuel,Meyer,4/1/1963,M,PLN101,7/9/2024
2691,Amanda,Chambers,9/27/2002,F,PLN101,6/16/2024
2692,Joshua,Benson,9/12/1954,M,PLN103,12/25/2023
2693,Ethan,Holt,8/18/1984,M,PLN105,6/2/2023
2694,Maria,Lam,12/31/2015,F,PLN103,1/1/2024
2695,Nancy,Cruz,10/15/1969,F,PLN104,1/12/2018
2696,Jacob,Meyer,8/15/2008,M,PLN101,9/1/2018
2697,Nina,Torres,5/29/1991,F,PLN101,4/1/2024
2698,Aaron,Parker,10/11/2019,M,PLN104,10/1/2019
2699,Susan,Holland,11/8/1998,F,PLN102,4/1/2022
2700,Miles,Fox,1/4/1982,M,PLN101,11/1/2018
2701,Mia,Wolfe,1/4/1970,F,PLN101,7/1/2017
2702,Nancy,Iverson,2/28/1997,F,PLN105,11/1/2024
2703,Liam,Mason,1/5/1968,M,PLN101,4/1/2023
2704,Robert,Alvarez,2/20/1943,M,PLN103,1/10/2023
2705,Patricia,Webb,10/6/1948,F,PLN102,3/1/2021
2706,Liam,Richards,11/7/1971,M,PLN103,12/1/2018
2707,William,Noble,4/18/2021,M,PLN103,2/1/2022
2708,William,Nelson,3/7/1946,M,PLN103,3/1/2024
2709,Isabella,Bowen,10/13/2005,F,PLN101,4/1/2020
2710,James,Torres,5/11/2003,M,PLN102,11/1/2024
2711,Brian,Estrada,2/12/1977,M,PLN105,9/1/2023
2712,Isaac,Wallace,8/21/1984,M,PLN103,3/1/2023
2713,Charles,Irwin,10/25/2003,M,PLN103,12/1/2023
2714,Aisha,Cole,10/10/1938,F,PLN104,9/1/2017
2715,Jack,Clark,5/13/1983,M,PLN104,8/1/2020
2716,Ava,Quinn,10/17/1969,F,PLN104,4/1/2023
2717,Richard,Garner,6/12/1968,M,PLN103,8/1/2022
2718,David,Tillman,1/8/1995,M,PLN102,11/1/2020
2719,Chloe,Stone,7/30/2003,F,PLN103,7/1/2023
2720,Charles,Douglas,11/7/2001,M,PLN101,6/28/2022
2721,Laura,Vu,11/19/1988,F,PLN104,10/22/2024
2722,Natalie,Torres,10/4/1971,F,PLN103,2/1/2023
2723,Leah,Jacobs,9/24/2000,F,PLN102,4/1/2024
2724,Matthew,Turner,5/10/1965,M,PLN101,12/2/2018
2725,Stella,Joshi,11/26/1955,F,PLN105,10/1/2024
2726,Chloe,Clark,2/20/2008,F,PLN102,3/1/2024
2727,Jessica,Garcia,4/5/1979,F,PLN103,6/1/2023
2728,Sophia,Fuller,5/1/1991,F,PLN101,7/1/2019
2729,Sophia,Newman,11/29/1961,F,PLN105,2/1/2023
2730,Claire,Palmer,6/20/1972,F,PLN101,4/1/2022
2731,Priya,Fisher,2/28/2008,F,PLN103,1/1/2024
2732,Samuel,Zimmerman,11/25/1968,M,PLN102,3/1/2022
2733,Ava,Lambert,1/11/1998,F,PLN101,4/1/2024
2734,Matthew,Castillo,4/27/1996,M,PLN101,2/7/2023
2735,Emma,Cole,11/10/1963,F,PLN102,4/1/2022
2736,Owen,Curtis,10/31/1970,M,PLN103,10/1/2024
2737,Elijah,Hopkins,6/24/1988,M,PLN101,9/1/2020
2738,Maria,Dalton,7/4/1944,F,PLN102,3/1/2023
2739,Steven,Zimmerman,10/5/1976,M,PLN101,11/1/2024
2740,Susan,Jensen,4/11/2014,F,PLN102,11/1/2023
2741,Wei,Graham,7/26/1977,M,PLN101,8/1/2019
2742,James,Stevens,12/20/1973,M,PLN101,5/21/2024
2743,Anthony,Conrad,5/20/1982,M,PLN102,1/1/2024
2744,Rachel,Kerr,12/16/1970,F,PLN105,6/6/2023
2745,Caleb,Yang,2/13/1956,M,PLN101,8/1/2024
2746,Carlos,Fleming,1/11/2012,M,PLN103,10/1/2024
2747,Ella,Hart,4/25/2018,F,PLN101,1/12/2024
2748,Ruby,Ramos,6/11/1960,F,PLN101,9/26/2024
2749,Charles,Mills,7/6/2016,M,PLN101,11/22/2023
2750,Ava,Norris,4/26/2024,F,PLN103,10/1/2024
2751,Mason,Foster,2/17/2001,M,PLN101,5/1/2023
2752,Carlos,Emerson,6/7/1963,M,PLN103,12/26/2021
2753,Ethan,Clark,2/7/2019,M,PLN101,10/1/2021
2754,Claire,Gordon,7/30/2014,F,PLN105,5/1/2020
2755,Hiro,Banks,7/2/2002,M,PLN105,10/1/2021
2756,Raj,Brooks,6/10/2009,M,PLN102,1/1/2020
2757,Anthony,Nguyen,10/16/1983,M,PLN102,11/1/2023
2758,Laura,Wolfe,10/28/1998,F,PLN101,2/6/2017
2759,Matthew,Adams,7/22/2014,M,PLN102,7/1/2024
2760,Tyler,Iyer,7/31/1980,M,PLN101,12/1/2019
2761,Mei,Simmons,5/23/1957,F,PLN105,6/1/2021
2762,Caleb,Newman,7/17/1940,M,PLN102,6/4/2017
2763,Mary,Newman,12/19/2007,F,PLN101,9/17/2021
2764,Ava,Fisher,4/11/1985,F,PLN102,2/1/2024
2765,Leah,Jimenez,4/17/1958,F,PLN105,4/1/2023
2766,Emily,Vargas,8/10/2022,F,PLN103,8/1/2022
2767,Jennifer,Powell,10/12/1983,F,PLN102,3/1/2023
2768,Ana,Baker,1/16/1948,F,PLN102,11/9/2024
2769,Carlos,Graham,9/25/2010,M,PLN103,6/1/2023
2770,Raj,Emerson,12/22/1999,M,PLN103,2/29/2024
2771,Michael,Gordon,4/29/1984,M,PLN101,4/16/2020
2772,Elizabeth,Thornton,11/19/1992,F,PLN102,4/1/2023
2773,Nancy,Cole,12/14/1973,F,PLN101,12/2/2017
2774,Ruby,Vance,12/10/1971,F,PLN101,12/1/2023
2775,Chloe,Lopez,2/26/1973,F,PLN101,11/1/2018
2776,Wei,Kramer,2/9/1970,M,PLN102,5/10/2023
2777,Hiro,Yang,6/7/1987,M,PLN103,1/1/2017
2778,Barbara,Hayes,4/25/2011,F,PLN105,9/1/2023
2779,Owen,Walsh,1/8/1988,M,PLN101,12/1/2018
2780,Aiden,Knight,5/24/1991,M,PLN101,1/8/2017
2781,Hiro,Ivanov,1/13/2016,M,PLN101,3/1/2024
2782,Andrew,Elliott,6/26/2017,M,PLN102,5/1/2022
2783,Mei,Davis,5/30/1955,F,PLN102,3/23/2018
2784,Ryan,Navarro,6/19/2006,M,PLN101,2/14/2020
2785,Claire,Adams,9/12/1966,F,PLN105,3/11/2018
2786,Chloe,Chambers,7/14/1950,F,PLN101,1/14/2023
2787,Elizabeth,Flores,3/25/2021,F,PLN104,3/1/2021
2788,Charles,Dunn,1/9/1976,M,PLN101,10/1/2020
2789,Olivia,Moss,1/7/1962,F,PLN102,9/1/2019
2790,Emily,Conrad,8/5/1946,F,PLN105,7/1/2020
2791,Owen,Emerson,5/21/1960,M,PLN101,2/1/2023
2792,Aiden,Turner,9/17/1994,M,PLN103,10/22/2023
2793,Tyler,Brooks,3/3/1949,M,PLN103,10/1/2021
2794,Aisha,Lynch,11/10/1979,F,PLN101,5/1/2020
2795,Ruby,Foster,2/27/1970,F,PLN103,7/1/2021
2796,Anthony,Barnes,7/13/1965,M,PLN103,5/1/2024
2797,Matthew,Kowalski,10/2/2023,M,PLN101,1/1/2024
2798,Michelle,Dawson,2/24/2023,F,PLN101,2/1/2023
2799,Joseph,Rojas,2/22/1999,M,PLN101,7/26/2019
2800,Jennifer,Grant,2/28/1988,F,PLN102,1/1/2019
2801,Andrew,Dalton,3/6/1981,M,PLN101,10/1/2024
2802,Priya,Russell,9/13/1999,F,PLN104,10/1/2020
2803,Joshua,Benson,11/21/1969,M,PLN103,9/1/2020
2804,Aisha,Mason,9/7/2014,F,PLN102,4/22/2023
2805,Michael,Dixon,7/15/1965,M,PLN101,5/1/2024
2806,Chloe,Dalton,8/28/1984,F,PLN102,11/1/2023
2807,Lily,Yang,10/6/1978,F,PLN102,3/1/2023
2808,Hannah,Wade,3/10/2012,F,PLN103,9/1/2023
2809,Noah,Erickson,9/14/1950,M,PLN103,4/1/2022
2810,Omar,Reyes,3/18/1960,M,PLN105,4/1/2021
2811,Samuel,Bell,4/17/1967,M,PLN101,10/26/2017
2812,Lucas,Joshi,1/10/2003,M,PLN101,9/3/2017
2813,Ella,Schmidt,12/19/1941,F,PLN102,3/1/2024
2814,Matthew,Davis,12/31/2006,M,PLN104,2/1/2024
2815,Liam,Curtis,6/29/2017,M,PLN105,11/1/2022
2816,Jessica,Murphy,12/7/2009,F,PLN105,4/1/2021
2817,Mason,Wade,10/25/2008,M,PLN101,11/1/2019
2818,Joseph,Garcia,5/16/2015,M,PLN101,3/1/2021
2819,Zoe,Brooks,12/11/1945,F,PLN101,6/1/2023
2820,Linda,Vaughn,11/10/1977,F,PLN102,10/16/2023
2821,Rachel,Joshi,4/26/1941,F,PLN104,12/1/2020
2822,Nora,Garner,10/17/1948,F,PLN102,12/1/2017
2823,Michelle,Holland,3/21/2023,F,PLN102,3/21/2023
2824,Logan,Schmidt,11/28/2020,M,PLN102,4/1/2023
2825,Daniel,Delgado,1/23/1973,M,PLN101,11/1/2019
2826,Yuki,Kelly,4/26/1991,F,PLN103,7/1/2022
2827,Henry,Young,10/6/1967,M,PLN102,9/1/2018
2828,Miles,Ueda,9/4/1977,M,PLN101,4/30/2021
2829,Elijah,Kelly,5/11/1984,M,PLN102,6/5/2023
2830,Leah,Mendez,9/1/1973,F,PLN103,12/1/2023
2831,Joshua,Douglas,12/14/1987,M,PLN102,2/27/2021
2832,Miles,Jacobs,2/25/2017,M,PLN102,10/1/2024
2833,Mei,Wallace,12/10/2018,F,PLN103,4/1/2022
2834,Claire,Doyle,1/13/1996,F,PLN102,9/1/2022
2835,Rachel,Newman,6/13/1979,F,PLN102,12/1/2023
2836,Richard,Delgado,8/17/1990,M,PLN104,6/1/2022
2837,Daniel,Delgado,1/15/2020,M,PLN105,1/15/2020
2838,Nancy,Bishop,1/4/2012,F,PLN101,12/31/2021
2839,Robert,Knight,3/26/1949,M,PLN104,3/13/2019
2840,Logan,Parker,5/21/1956,M,PLN104,5/1/2023
2841,Rachel,Sato,7/17/1966,F,PLN102,2/1/2024
2842,Isabella,Reyes,5/12/1968,F,PLN102,1/1/2024
2843,Ryan,Jacobs,8/13/1987,M,PLN102,4/8/2023
2844,Mary,Parker,12/28/1986,F,PLN105,9/17/2021
2845,Joshua,Parker,6/23/2004,M,PLN101,10/1/2020
2846,Aisha,Lopez,3/28/1971,F,PLN105,9/1/2024
2847,Zoe,Griffin,12/30/1978,F,PLN103,6/23/2024
2848,Andrew,Cruz,1/1/1958,M,PLN102,11/1/2017
2849,Steven,Bowen,12/15/1974,M,PLN102,5/1/2024
2850,Susan,Hayes,7/11/1955,F,PLN102,9/12/2022
2851,Sophia,Noble,8/29/1968,F,PLN105,1/1/2023
2852,Aisha,Vaughn,6/4/1954,F,PLN103,10/1/2019
2853,Kevin,Ramos,10/25/1939,M,PLN105,12/1/2023
2854,Emma,Benson,5/31/1986,F,PLN101,2/1/2023
2855,Chloe,Ramos,4/8/1996,F,PLN104,10/1/2017
2856,Wei,Sanders,12/14/1953,M,PLN105,11/1/2024
2857,Ryan,Knight,1/31/1960,M,PLN105,8/26/2020
2858,Kevin,Fisher,3/19/1986,M,PLN101,11/10/2018
2859,Maria,Hamilton,10/31/1966,F,PLN102,11/1/2024
2860,Stella,Stevens,3/12/1986,F,PLN101,3/1/2017
2861,Caleb,Kim,4/8/2013,M,PLN101,2/1/2023
2862,Caleb,Torres,9/25/1984,M,PLN101,8/28/2024
2863,Ryan,Moss,6/7/1986,M,PLN102,5/1/2017
2864,Claire,Baker,1/25/1974,F,PLN103,5/20/2023
2865,Jack,Harper,10/23/1990,M,PLN101,11/1/2022
2866,Sophia,Joshi,7/24/1989,F,PLN105,3/1/2023
2867,Anthony,Vaughn,12/17/1960,M,PLN101,12/1/2023
2868,Miles,Vu,12/12/2000,M,PLN104,8/28/2024
2869,James,Valdez,8/6/2020,M,PLN105,12/1/2023
2870,Wei,Lindqvist,1/4/1971,M,PLN105,8/1/2019
2871,Stella,Irwin,9/21/1944,F,PLN102,12/20/2017
2872,Ava,Reyes,5/20/1989,F,PLN104,6/1/2019
2873,Lucas,Reed,3/8/2024,M,PLN102,3/1/2024
2874,Barbara,Wright,2/3/1944,F,PLN101,1/1/2021
2875,Robert,Hopkins,9/11/1959,M,PLN102,11/1/2018
2876,Noah,Johnson,1/11/1999,M,PLN105,5/1/2020
2877,Joshua,Ingram,1/23/1998,M,PLN101,8/1/2023
2878,Nora,Larsen,4/10/1974,F,PLN101,8/17/2024
2879,Richard,Fuller,4/11/1964,M,PLN103,5/1/2024
2880,Rachel,Clark,12/2/2012,F,PLN103,11/8/2024
2881,Rachel,Hopkins,1/23/1981,F,PLN104,3/1/2017
2882,Isaac,Shah,6/15/1961,M,PLN102,10/1/2020
2883,Zoe,Diaz,5/27/1981,F,PLN101,5/1/2019
2884,Patricia,Conrad,9/1/2003,F,PLN104,11/1/2018
2885,Amanda,Irwin,12/8/2015,F,PLN104,8/1/2021
2886,Ruby,Olsen,7/9/2001,F,PLN102,4/1/2024
2887,Ruby,Garcia,4/22/2008,F,PLN103,4/1/2021
2888,Rachel,Pham,8/17/1969,F,PLN102,2/1/2019
2889,Robert,Parker,5/15/1961,M,PLN101,1/1/2024
2890,Nancy,Perry,12/11/2000,F,PLN103,12/1/2019
2891,Aisha,Holt,11/23/1989,F,PLN103,4/1/2021
2892,Joseph,Cole,7/31/1979,M,PLN101,6/1/2018
2893,Wei,Vance,12/16/1952,M,PLN104,9/1/2023
2894,Jacob,Ferguson,4/6/1983,M,PLN101,6/9/2022
2895,Leo,Joshi,11/9/1977,M,PLN103,10/1/2017
2896,Aisha,Brooks,7/12/1998,F,PLN101,8/1/2018
2897,Karen,Fox,8/17/2005,F,PLN102,1/1/2023
2898,Aaron,Nakamura,12/1/1988,M,PLN102,9/1/2018
2899,Rachel,Lopez,5/16/1999,F,PLN103,4/1/2024
2900,Joshua,Fisher,9/13/1989,M,PLN102,4/1/2024
2901,Michelle,Estrada,2/3/1991,F,PLN101,1/1/2017
2902,Barbara,Knight,12/22/1962,F,PLN101,11/16/2017
2903,Liam,Norris,11/11/1954,M,PLN102,7/1/2019
2904,Mei,Simmons,4/14/2016,F,PLN105,8/1/2023
2905,Anthony,Schmidt,2/3/2015,M,PLN104,5/25/2018
2906,Andrew,Larsen,8/18/1993,M,PLN101,6/1/2021
2907,Jennifer,Barnes,3/26/2007,F,PLN101,3/1/2024
2908,Miles,Hart,2/18/1974,M,PLN103,10/4/2021
2909,Michael,Ueda,11/21/1956,M,PLN103,8/1/2022
2910,Ana,Nichols,3/19/1962,F,PLN105,5/1/2023
2911,Joseph,Yang,6/23/1964,M,PLN102,5/1/2017
2912,Ryan,Palmer,9/3/1970,M,PLN104,9/26/2024
2913,Ashley,Medina,6/4/1999,F,PLN101,11/1/2023
2914,Emily,Curtis,3/20/1965,F,PLN105,2/1/2022
2915,Lisa,Salazar,3/18/1975,F,PLN102,3/1/2019
2916,Rachel,Patel,9/9/2012,F,PLN102,7/1/2023
2917,Claire,Thompson,3/25/1946,F,PLN101,4/30/2020
2918,Fatima,Norris,9/30/1988,F,PLN105,10/1/2023
2919,Noah,Parker,6/19/1963,M,PLN101,11/1/2024
2920,Emma,Grant,3/4/2003,F,PLN105,10/1/2017
2921,Patricia,Watson,9/30/2003,F,PLN101,5/28/2017
2922,Priya,Benson,6/10/1987,F,PLN102,7/1/2024
2923,Laura,Russell,9/14/2021,F,PLN101,5/1/2024
2924,Carlos,Delgado,7/25/1968,M,PLN103,11/1/2018
2925,Aiden,Clark,3/16/1966,M,PLN102,8/1/2020
2926,Lily,Vu,4/1/2004,F,PLN102,6/1/2023
2927,Miles,Hendrix,5/6/2022,M,PLN101,5/1/2022
2928,Ryan,Irwin,10/3/2004,M,PLN101,11/21/2017
2929,Nancy,Okafor,12/18/1968,F,PLN103,5/15/2024
2930,Logan,Lane,2/27/1983,M,PLN101,1/1/2023
2931,Laura,Reed,5/19/2006,F,PLN104,12/1/2018
2932,Thomas,Palmer,5/21/2017,M,PLN103,9/8/2024
2933,Laura,Jenkins,10/22/1964,F,PLN105,7/1/2023
2934,Andrew,Russell,3/2/1979,M,PLN104,12/28/2021
2935,Aiden,Hopkins,10/15/1996,M,PLN102,8/1/2017
2936,Joshua,Ibarra,8/14/1982,M,PLN105,10/1/2024
2937,Carlos,Salazar,8/21/1961,M,PLN102,3/1/2024
2938,Mary,Elliott,7/15/1960,F,PLN103,1/1/2020
2939,Steven,Chen,4/2/1993,M,PLN103,1/1/2021
2940,Lily,Watson,5/18/1999,F,PLN102,4/12/2020
2941,Tyler,Gray,2/1/1963,M,PLN101,5/1/2022
2942,Sarah,Tillman,3/17/1972,F,PLN102,3/8/2023
2943,Lisa,Curtis,8/21/1956,F,PLN103,10/1/2024
2944,Charles,Dixon,9/17/2016,M,PLN102,11/1/2023
2945,Jack,Emerson,5/3/2004,M,PLN103,8/1/2024
2946,David,Adams,5/19/1998,M,PLN102,2/25/2020
2947,Ashley,Torres,6/25/1978,F,PLN102,3/1/2022
2948,Lisa,Douglas,3/16/1995,F,PLN101,2/1/2017
2949,Elijah,Nguyen,11/17/1964,M,PLN105,1/5/2023
2950,Chloe,Kowalski,8/23/1953,F,PLN101,1/30/2018
2951,Joshua,Robbins,6/27/2002,M,PLN102,1/1/2024
2952,Megan,Fisher,11/5/2011,F,PLN103,2/5/2024
2953,Elizabeth,Ferguson,6/2/1973,F,PLN102,2/1/2020
2954,Hannah,Murphy,12/8/1962,F,PLN101,10/1/2021
2955,Fatima,Mitchell,8/3/1963,F,PLN102,7/1/2019
2956,Ashley,Thornton,5/17/2024,F,PLN104,5/1/2024
2957,Yuki,Vaughn,12/20/1990,F,PLN104,7/1/2024
2958,Claire,Webb,6/18/1974,F,PLN103,8/1/2017
2959,Mary,Reyes,4/12/2020,F,PLN103,4/1/2020
2960,Andrew,Dixon,12/25/1963,M,PLN101,6/1/2020
2961,Rachel,Valdez,2/14/1957,F,PLN103,10/18/2023
2962,Stella,Jimenez,6/25/1962,F,PLN101,10/1/2023
2963,Karen,Sanders,6/12/1952,F,PLN103,7/1/2024
2964,Joshua,Gibson,1/23/2007,M,PLN105,6/1/2022
2965,Sarah,Garcia,5/31/1952,F,PLN103,2/12/2024
2966,Samuel,Sutton,3/16/1954,M,PLN102,4/1/2019
2967,Lily,Holt,2/4/1988,F,PLN101,7/1/2024
2968,Claire,Johnson,12/9/2022,F,PLN104,12/1/2022
2969,Joseph,Medina,9/9/1976,M,PLN101,4/1/2020
2970,Jacob,Brooks,10/22/2020,M,PLN102,4/1/2023
2971,Yuki,Sato,7/12/1977,F,PLN101,11/1/2019
2972,Chloe,Stevens,7/9/1972,F,PLN103,10/1/2023
2973,Isabella,Ward,8/26/1938,F,PLN103,7/16/2023
2974,Jack,Lucas,1/4/1962,M,PLN103,2/1/2024
2975,Noah,Rhodes,4/5/1960,M,PLN102,11/1/2023
2976,Isaac,Doyle,2/12/1973,M,PLN105,4/9/2024
2977,Megan,Graham,2/19/1971,F,PLN102,6/1/2024
2978,Wei,Page,4/10/1984,M,PLN103,8/1/2023
2979,Jessica,Harper,5/29/2006,F,PLN104,12/1/2018
2980,Jacob,Navarro,4/1/1975,M,PLN102,1/20/2024
2981,Grace,Gupta,3/12/2024,F,PLN102,3/12/2024
2982,Linda,Moss,6/29/2001,F,PLN101,1/1/2022
2983,Lucas,Flores,12/31/2006,M,PLN102,4/1/2021
2984,Ethan,Marshall,1/1/1999,M,PLN103,3/1/2024
2985,Barbara,Palmer,6/23/2017,F,PLN101,9/1/2023
2986,Elizabeth,Pierce,8/30/1997,F,PLN101,11/21/2018
2987,Mary,Jimenez,12/1/2002,F,PLN102,3/7/2021
2988,Hiro,Thornton,11/8/1969,M,PLN101,2/6/2023
2989,Leah,Fuller,11/26/1971,F,PLN104,2/1/2022
2990,Joshua,Zimmerman,9/15/1938,M,PLN102,4/1/2024
2991,Chloe,Gray,10/15/1963,F,PLN102,12/1/2023
2992,Natalie,Dalton,7/27/1986,F,PLN103,5/1/2022
2993,Richard,Joshi,2/13/2013,M,PLN104,12/1/2023
2994,Stella,Ortiz,8/18/1990,F,PLN101,10/9/2023
2995,Mia,Hopkins,5/9/1962,F,PLN104,3/1/2020
2996,Kevin,Doyle,10/12/1952,M,PLN102,7/21/2021
2997,Chloe,Valdez,3/13/1945,F,PLN103,12/1/2018
2998,Andrew,Johnson,12/1/1990,M,PLN102,6/27/2021
2999,Nina,Valdez,12/6/1975,F,PLN104,6/1/2018
3000,Fatima,Clark,12/4/2013,F,PLN102,2/16/2017
3001,David,Griffin,8/25/2021,M,PLN101,8/1/2021
3002,Claire,Navarro,3/30/1991,F,PLN103,3/11/2023
3003,Ryan,Estrada,9/30/1966,M,PLN102,5/1/2018
3004,Patricia,Schmidt,7/17/1990,F,PLN103,7/1/2021
3005,Caleb,Wallace,9/7/2009,M,PLN101,8/1/2024
3006,Joseph,Valdez,12/30/1950,M,PLN105,5/18/2024
3007,Jack,Allen,3/1/1968,M,PLN103,1/31/2021
3008,Tyler,Meyer,10/8/2017,M,PLN103,8/1/2020
3009,Ryan,Lopez,5/5/1959,M,PLN103,1/2/2017
3010,Fatima,Keller,2/3/2019,F,PLN103,7/9/2024
3011,Aisha,Simmons,3/20/1971,F,PLN104,11/1/2023
3012,Aaron,Marshall,4/1/2013,M,PLN104,12/1/2022
3013,Patricia,Walker,9/22/1964,F,PLN105,5/23/2018
3014,Nancy,Hopkins,1/19/1947,F,PLN102,6/1/2024
3015,Mia,Fisher,7/20/2012,F,PLN105,2/10/2022
3016,Patricia,Jenkins,3/16/1994,F,PLN102,10/1/2018
3017,Isabella,Ford,3/11/1979,F,PLN102,10/25/2023
3018,Nina,Fox,6/19/2020,F,PLN102,3/14/2024
3019,Barbara,Holt,7/24/1999,F,PLN104,10/14/2018
3020,Natalie,Oliver,8/17/2014,F,PLN102,7/1/2024
3021,Nora,Ellis,2/27/1959,F,PLN101,6/1/2024
3022,Charles,Patel,1/4/2002,M,PLN105,4/1/2023
3023,Nancy,Yang,8/29/1970,F,PLN105,5/5/2023
3024,Emma,Fuller,5/25/1979,F,PLN101,10/1/2019
3025,Nora,Jensen,4/26/1988,F,PLN104,8/1/2021
3026,Lisa,Lewis,11/12/1992,F,PLN101,9/24/2021
3027,Natalie,Nakamura,1/18/2022,F,PLN101,6/7/2022
3028,Ashley,Walker,11/2/1972,F,PLN103,6/9/2023
3029,Linda,Quinn,4/11/1978,F,PLN102,8/1/2020
3030,Steven,Lambert,8/9/1982,M,PLN101,1/17/2017
3031,Sophia,Delgado,2/27/1971,F,PLN103,8/20/2021
3032,Carlos,Zimmerman,5/7/1976,M,PLN101,10/19/2024
3033,Ashley,Gordon,12/5/1970,F,PLN102,5/17/2020
3034,Hannah,Dixon,4/12/2022,F,PLN101,4/1/2022
3035,Lisa,Brooks,10/16/2017,F,PLN103,9/1/2021
3036,Elizabeth,Cole,9/21/1938,F,PLN104,11/21/2024
3037,Logan,Valdez,9/23/2020,M,PLN101,9/1/2020
3038,Thomas,Dixon,8/7/1989,M,PLN101,11/1/2018
3039,Miles,Gupta,12/6/1991,M,PLN105,6/1/2023
3040,Sophia,Hamilton,11/4/1990,F,PLN101,10/1/2024
3041,Sarah,Ramos,2/15/1993,F,PLN103,7/1/2023
3042,Lisa,Powell,1/4/2013,F,PLN102,1/5/2017
3043,Leah,Tucker,4/2/1987,F,PLN104,4/27/2023
3044,Raj,Marshall,6/9/1988,M,PLN104,6/1/2018
3045,Omar,Ellis,7/31/1994,M,PLN103,7/16/2023
3046,Chloe,Valdez,5/28/2013,F,PLN101,11/1/2023
3047,Jacob,Kerr,11/22/1968,M,PLN101,4/1/2017
3048,Ruby,Conrad,4/16/1966,F,PLN102,9/1/2020
3049,Owen,Kim,9/19/1994,M,PLN105,7/1/2019
3050,Ana,Barnes,1/5/1993,F,PLN101,1/1/2021
3051,Ana,Lindqvist,5/24/1989,F,PLN104,3/5/2024
3052,Steven,Lowe,3/15/2006,M,PLN105,9/30/2017
3053,Jack,Benson,1/3/1994,M,PLN101,4/1/2019
3054,Luis,Lewis,11/25/2018,M,PLN103,8/1/2023
3055,Hannah,Hudson,9/4/1996,F,PLN103,10/1/2021
3056,Lisa,Gray,1/13/1979,F,PLN102,1/1/2023
3057,Ruby,Jimenez,2/23/1974,F,PLN104,1/1/2024
3058,Mason,Joshi,2/4/1982,M,PLN102,9/1/2021
3059,Linda,Rao,1/26/2006,F,PLN103,10/1/2018
3060,Caleb,Newman,8/21/1998,M,PLN101,10/6/2023
3061,Mia,Sutton,4/19/1960,F,PLN101,5/1/2023
3062,Maria,Hudson,10/6/1974,F,PLN101,2/1/2023
3063,Omar,Olsen,10/9/1965,M,PLN102,3/1/2023
3064,Emily,Gray,11/7/2008,F,PLN105,2/1/2023
3065,Logan,Fleming,3/25/1965,M,PLN103,10/1/2024
3066,Laura,Garcia,4/7/1994,F,PLN105,7/8/2023
3067,Liam,Gray,12/6/1974,M,PLN104,5/17/2024
3068,Kevin,Ford,10/18/1967,M,PLN104,5/1/2022
3069,Chloe,Grant,3/9/1949,F,PLN103,5/1/2023
3070,Emma,Flores,8/23/1978,F,PLN101,10/1/2024
3071,Carlos,Hopkins,12/20/2005,M,PLN101,8/1/2017
3072,Ashley,Kowalski,7/18/1985,F,PLN101,5/1/2024
3073,Liam,Palmer,2/25/1951,M,PLN101,4/3/2018
3074,Maria,Baker,10/31/1996,F,PLN101,6/1/2023
3075,Laura,Gray,6/26/2013,F,PLN103,9/1/2024
3076,Patricia,Zimmerman,11/18/1945,F,PLN103,12/1/2022
3077,Susan,Rojas,8/23/1994,F,PLN102,9/1/2023
3078,William,Mason,6/19/2013,M,PLN102,8/23/2023
3079,Lily,Jensen,2/17/2016,F,PLN101,4/10/2018
3080,Yuki,Jimenez,10/4/1960,F,PLN105,1/1/2021
3081,Karen,Nakamura,10/13/2016,F,PLN102,9/1/2023
3082,Raj,Lucas,12/6/1992,M,PLN102,11/6/2020
3083,Luis,Young,5/21/1971,M,PLN104,5/24/2023
3084,Grace,Thornton,7/4/1943,F,PLN103,3/1/2017
3085,Ava,Ramos,12/24/1984,F,PLN101,2/1/2022
3086,James,Doyle,7/25/1973,M,PLN104,9/1/2024
3087,James,Boyd,10/27/1976,M,PLN101,9/1/2018
3088,Aisha,Doyle,7/13/1993,F,PLN105,11/15/2017
3089,David,Kelly,8/9/1962,M,PLN103,11/1/2017
3090,Ashley,Griffin,11/23/2011,F,PLN104,9/1/2024
3091,Miles,Watson,11/8/2005,M,PLN101,9/1/2020
3092,Jacob,Daniels,11/15/1979,M,PLN101,4/1/2023
3093,Luis,Alvarez,6/18/1962,M,PLN101,6/1/2023
3094,Elijah,Fox,2/13/1975,M,PLN104,12/1/2019
3095,Robert,Lane,8/26/2006,M,PLN102,11/14/2022
3096,Omar,Jimenez,8/13/2012,M,PLN103,6/1/2022
3097,Brian,Jordan,2/21/1996,M,PLN103,4/1/2023
3098,Nora,Ueda,2/3/1981,F,PLN104,3/1/2017
3099,Omar,Osei,11/2/2010,M,PLN101,2/1/2023
3100,Emily,Emerson,2/22/1960,F,PLN102,10/1/2020
3101,Jack,Pierce,5/2/1966,M,PLN104,12/22/2021
3102,Steven,Norris,1/28/1979,M,PLN102,12/1/2023
3103,Joseph,Pruitt,6/1/1962,M,PLN104,7/4/2019
3104,Omar,Doyle,11/27/1971,M,PLN101,9/1/2024
3105,Isaac,Moss,9/28/1987,M,PLN103,4/1/2024
3106,Liam,Davis,1/5/1972,M,PLN103,10/18/2018
3107,Natalie,Gupta,11/13/1979,F,PLN105,3/1/2024
3108,Patricia,Thornton,3/29/1963,F,PLN102,7/1/2024
3109,Nina,Estrada,1/4/1966,F,PLN104,10/1/2021
3110,Barbara,Iverson,7/4/1974,F,PLN104,11/15/2023
3111,Liam,Sato,10/12/1962,M,PLN102,4/1/2017
3112,Robert,Jordan,11/7/2011,M,PLN101,1/17/2017
3113,Isabella,Lindqvist,3/8/1985,F,PLN104,8/17/2024
3114,John,Carter,5/16/1971,M,PLN102,1/5/2017
3115,William,Fox,6/6/2014,M,PLN102,1/1/2024
3116,Ana,Gordon,2/19/1985,F,PLN101,7/1/2024
3117,John,Hamilton,5/29/1940,M,PLN105,4/11/2023
3118,Chloe,Chambers,11/6/1989,F,PLN102,6/1/2022
3119,Matthew,Navarro,11/15/1950,M,PLN104,7/1/2020
3120,Emily,Pierce,4/26/1961,F,PLN101,3/20/2023
3121,Aaron,Osei,5/24/2013,M,PLN101,10/1/2020
3122,Logan,Carter,3/20/1985,M,PLN101,8/1/2024
3123,Miles,Hendrix,7/31/1983,M,PLN105,5/1/2017
3124,Thomas,Walsh,12/10/1983,M,PLN101,6/1/2022
3125,Isaac,Griffin,3/25/1974,M,PLN101,10/1/2017
3126,Mei,Webb,12/9/1984,F,PLN102,3/1/2024
3127,Natalie,Doyle,3/20/1981,F,PLN103,2/27/2020
3128,Susan,Kelly,12/9/1958,F,PLN101,9/1/2017
3129,Aiden,Fowler,4/3/1979,M,PLN101,5/1/2024
3130,James,Khan,5/14/1968,M,PLN103,8/1/2024
3131,Claire,Khan,4/2/1969,F,PLN101,3/30/2024
3132,Aiden,Shah,10/26/1945,M,PLN102,4/23/2019
3133,Samuel,Pham,6/25/1983,M,PLN101,4/1/2020
3134,Jessica,Shah,9/13/1996,F,PLN105,6/1/2017
3135,Yuki,Curtis,1/12/1968,F,PLN103,2/1/2024
3136,Linda,Simmons,12/13/2019,F,PLN104,5/1/2024
3137,Claire,Hale,5/1/1981,F,PLN102,1/1/2021
3138,Linda,Wade,12/1/2023,F,PLN102,2/1/2024
3139,Hannah,Hopkins,12/14/1941,F,PLN101,5/1/2021
3140,Elijah,Price,10/24/1967,M,PLN101,12/17/2017
3141,Steven,Jacobs,1/16/1953,M,PLN103,9/13/2018
3142,Nora,Jenkins,9/5/2008,F,PLN102,12/2/2023
3143,Mary,Knight,10/31/1990,F,PLN102,12/1/2018
3144,Chloe,Lindqvist,3/18/2006,F,PLN103,9/1/2024
3145,Noah,Ivanov,6/1/2014,M,PLN103,2/1/2020
3146,Joseph,Davis,6/25/1986,M,PLN104,11/1/2024
3147,Miles,Tate,3/5/1976,M,PLN104,8/1/2022
3148,Ethan,Bowen,9/21/1962,M,PLN101,7/1/2017
3149,Ethan,Underwood,8/14/2014,M,PLN102,7/1/2020
3150,Sophia,Gilbert,1/2/1980,F,PLN103,7/7/2022
3151,Zoe,Medina,3/25/2006,F,PLN105,8/1/2020
3152,Jennifer,Ortiz,12/22/1982,F,PLN104,1/1/2019
3153,Leah,Rojas,1/18/1975,F,PLN105,2/1/2021
3154,Linda,Chambers,2/20/1981,F,PLN101,8/1/2023
3155,Raj,Jimenez,4/29/1963,M,PLN101,11/1/2024
3156,Rachel,Lucas,10/18/2014,F,PLN102,3/19/2018
3157,Carlos,Davis,7/26/2006,M,PLN101,1/1/2021
3158,Isabella,Vaughn,10/3/1938,F,PLN105,11/1/2018
3159,James,Pham,8/4/1944,M,PLN103,3/1/2024
3160,Hannah,Pham,6/13/1985,F,PLN105,10/1/2022
3161,Liam,Meyer,4/24/1967,M,PLN103,4/1/2020
3162,Leah,Kaplan,11/24/1961,F,PLN105,4/1/2024
3163,Barbara,Cole,11/30/1982,F,PLN104,4/1/2024
3164,Ava,Ueda,6/28/2006,F,PLN102,5/1/2018
3165,Luis,Lambert,8/30/1976,M,PLN103,7/21/2023
3166,Emily,Pruitt,2/11/1995,F,PLN101,12/1/2023
3167,Susan,Simmons,7/16/1966,F,PLN103,7/22/2021
3168,Patricia,Kerr,1/26/1998,F,PLN101,6/1/2018
3169,Ruby,Pierce,6/26/1975,F,PLN101,9/12/2017
3170,Linda,Richards,8/4/1942,F,PLN103,1/1/2024
3171,Rachel,Ellis,5/17/1966,F,PLN102,1/1/2020
3172,Stella,Sutton,5/9/1975,F,PLN102,6/26/2017
3173,Joseph,Bauer,11/3/1938,M,PLN105,6/26/2021
3174,Carlos,Jensen,5/3/1945,M,PLN104,1/1/2018
3175,Stella,Moss,11/27/1987,F,PLN101,3/1/2023
3176,Mia,Page,3/20/1952,F,PLN101,3/1/2019
3177,Chloe,Hamilton,10/22/1947,F,PLN103,9/1/2022
3178,Daniel,Tillman,6/4/1967,M,PLN103,12/1/2017
3179,Megan,Emerson,2/21/2007,F,PLN104,3/1/2018
3180,Steven,Tanaka,7/26/2002,M,PLN102,3/1/2018
3181,Miles,Ford,4/4/1993,M,PLN101,10/8/2023
3182,Wei,Harper,6/1/2009,M,PLN102,12/1/2020
3183,Michelle,Gibson,7/8/2023,F,PLN103,7/1/2023
3184,Mia,Tate,8/27/2005,F,PLN104,3/1/2023
3185,Jennifer,Ferguson,9/26/2011,F,PLN102,4/29/2021
3186,Emma,Simmons,12/19/2004,F,PLN103,7/1/2020
3187,Emma,Vance,11/6/1994,F,PLN105,3/24/2023
3188,Aaron,Delgado,9/24/1955,M,PLN105,6/25/2020
3189,Hannah,Rosen,4/3/1983,F,PLN105,7/1/2021
3190,Stella,Cruz,2/26/1954,F,PLN102,7/1/2017
3191,Owen,Murphy,3/16/1966,M,PLN101,3/1/2024
3192,Ashley,Ellis,11/24/1994,F,PLN102,11/1/2024
3193,Maria,Davis,1/27/1944,F,PLN101,1/1/2020
3194,Aisha,Diaz,6/1/1955,F,PLN105,4/1/2023
3195,Priya,Elliott,7/6/1983,F,PLN101,5/27/2024
3196,Hiro,Pham,11/20/1976,M,PLN105,2/24/2024
3197,Matthew,Stevens,4/16/1995,M,PLN103,7/23/2023
3198,Barbara,Sato,4/11/1995,F,PLN101,7/12/2024
3199,Laura,Daniels,5/5/1965,F,PLN102,7/1/2021
3200,Zoe,Gupta,11/2/1973,F,PLN102,9/1/2019
3201,Thomas,Bell,12/26/2017,M,PLN101,9/1/2023
3202,Fatima,Delgado,8/10/1993,F,PLN101,9/1/2023
3203,Jessica,Oliver,2/11/1972,F,PLN101,11/1/2021
3204,Amanda,Xu,1/14/1961,F,PLN102,7/1/2023
3205,Andrew,Diaz,9/8/1949,M,PLN101,11/12/2022
3206,Lily,Rosen,9/2/1973,F,PLN103,8/1/2017
3207,Joseph,Sanders,10/29/1979,M,PLN103,10/1/2018
3208,Amanda,Banks,7/27/2000,F,PLN102,6/1/2023
3209,Anthony,Joshi,7/7/1978,M,PLN102,1/1/2020
3210,Aaron,Vance,10/19/1989,M,PLN102,4/1/2023
3211,Nora,Stevens,3/23/1965,F,PLN101,7/1/2017
3212,Maria,Dixon,12/20/1979,F,PLN105,3/1/2020
3213,Jack,Hamilton,10/24/2000,M,PLN104,7/1/2017
3214,Lisa,Parker,7/24/1965,F,PLN101,4/1/2023
3215,Claire,Jenkins,4/8/1968,F,PLN102,1/1/2023
3216,Zoe,Cruz,12/25/1976,F,PLN101,10/1/2024
3217,Jacob,Wade,7/6/1959,M,PLN102,10/1/2020
3218,Rachel,Perry,1/1/1978,F,PLN101,3/1/2021
3219,Charles,Curtis,2/4/1990,M,PLN101,7/1/2024
3220,John,Fowler,2/5/2020,M,PLN101,2/1/2020
3221,Steven,Iyer,7/6/1997,M,PLN105,2/1/2020
3222,Brian,Kaplan,8/27/1990,M,PLN101,1/18/2024
3223,Chloe,Richards,5/3/1964,F,PLN105,10/1/2023
3224,Robert,Graham,1/27/1997,M,PLN104,8/1/2017
3225,Ryan,Ueda,9/18/1980,M,PLN104,10/1/2024
3226,Kevin,Alvarez,10/22/1972,M,PLN104,5/21/2020
3227,William,Torres,2/3/1987,M,PLN101,1/1/2024
3228,Mary,Ford,12/31/1987,F,PLN102,4/1/2021
3229,Ava,Ferguson,4/28/1965,F,PLN104,7/1/2023
3230,Ruby,Hayes,4/3/1973,F,PLN104,1/1/2019
3231,Leo,Delgado,9/7/1988,M,PLN102,7/7/2024
3232,Chloe,Cruz,6/7/1939,F,PLN104,9/1/2024
3233,Noah,Nakamura,3/4/1955,M,PLN105,1/1/2024
3234,Aiden,Kramer,7/26/1973,M,PLN105,3/1/2024
3235,Patricia,Morgan,8/13/2017,F,PLN104,7/1/2024
3236,Carlos,Iyer,6/9/1951,M,PLN102,4/30/2020
3237,Sarah,Oliver,8/9/1979,F,PLN101,9/1/2024
3238,Matthew,Page,8/15/1974,M,PLN101,1/1/2022
3239,Samuel,Spencer,7/7/2017,M,PLN102,8/1/2023
3240,Lily,Garner,8/28/2020,F,PLN105,12/1/2023
3241,Mia,Shah,8/17/1948,F,PLN105,2/11/2024
3242,Ava,Lewis,10/10/1975,F,PLN105,8/1/2023
3243,Aaron,Ellis,12/15/2016,M,PLN101,6/25/2018
3244,Noah,Gray,7/11/1976,M,PLN101,1/18/2023
3245,Natalie,Fowler,2/18/2010,F,PLN104,3/1/2023
3246,Claire,Thornton,9/22/2019,F,PLN101,2/1/2023
3247,Jack,Holt,6/30/1942,M,PLN101,8/1/2017
3248,Claire,Harper,1/25/2019,F,PLN101,12/1/2022
3249,Samuel,Gupta,5/4/1979,M,PLN102,6/24/2020
3250,Jessica,Stevens,12/13/1981,F,PLN101,8/11/2020
3251,Liam,Kim,5/22/1988,M,PLN104,8/1/2017
3252,Nina,Tate,11/22/1991,F,PLN101,5/10/2020
3253,Nina,Ueda,9/8/1981,F,PLN104,11/1/2024
3254,Sophia,Dixon,5/8/1991,F,PLN102,11/1/2020
3255,Andrew,Khan,6/21/1972,M,PLN101,11/1/2018
3256,Sarah,Nash,12/23/1990,F,PLN101,3/20/2023
3257,Barbara,Bell,8/28/1976,F,PLN102,9/16/2020
3258,Elizabeth,Zimmerman,3/27/1978,F,PLN104,3/1/2024
3259,Brian,Hendrix,3/27/1986,M,PLN104,6/1/2024
3260,Isabella,Kowalski,1/19/1994,F,PLN102,12/9/2019
3261,Lucas,Wallace,5/5/2006,M,PLN105,8/1/2023
3262,Mason,Kramer,12/3/1995,M,PLN102,11/1/2023
3263,Leo,Chambers,12/22/2004,M,PLN102,2/1/2018
3264,Mary,Thompson,6/18/2012,F,PLN102,3/5/2023
3265,Ava,Dunn,12/16/2008,F,PLN101,4/1/2023
3266,Mark,Pham,10/19/1985,M,PLN101,8/1/2021
3267,Ryan,Rojas,1/5/1984,M,PLN104,9/1/2024
3268,Joseph,Evans,2/22/1999,M,PLN103,3/1/2024
3269,Nora,Carter,1/4/2002,F,PLN102,4/1/2021
3270,Joshua,Nash,7/6/1952,M,PLN101,10/1/2021
3271,Chloe,Jensen,5/7/2020,F,PLN102,11/10/2024
3272,Leo,Kelly,3/23/1976,M,PLN103,12/1/2023
3273,Daniel,Turner,1/20/2002,M,PLN104,2/1/2020
3274,Raj,Wallace,3/8/1961,M,PLN101,6/28/2020
3275,Ethan,Lam,3/23/1949,M,PLN101,6/20/2019
3276,Lisa,Webb,7/17/1980,F,PLN104,1/16/2024
3277,Elizabeth,Emerson,11/26/2009,F,PLN104,9/9/2022
3278,James,Kowalski,3/9/1969,M,PLN105,10/10/2020
3279,Noah,Gray,9/3/1939,M,PLN105,11/29/2019
3280,Andrew,Jimenez,11/11/2003,M,PLN105,2/19/2019
3281,Mason,Ellis,7/20/1994,M,PLN102,5/1/2017
3282,Aisha,Hamilton,4/27/1966,F,PLN104,7/1/2024
3283,Isabella,Rhodes,12/12/1970,F,PLN103,12/1/2022
3284,Isaac,Marshall,5/25/1979,M,PLN101,9/1/2021
3285,Aisha,Kerr,8/31/1965,F,PLN104,2/1/2023
3286,Noah,Quinn,5/11/1956,M,PLN101,1/1/2023
3287,Brian,Griffin,4/30/1975,M,PLN101,9/21/2019
3288,Luis,Underwood,4/3/1969,M,PLN102,2/17/2024
3289,Stella,Navarro,11/11/2009,F,PLN103,10/1/2017
3290,Henry,Patel,3/6/1974,M,PLN103,7/1/2022
3291,Leah,Robbins,8/4/1961,F,PLN102,4/7/2023
3292,Ashley,Wallace,1/19/1964,F,PLN103,5/1/2023
3293,Susan,Newman,8/24/1959,F,PLN103,12/1/2021
3294,Owen,Nelson,5/26/1975,M,PLN101,12/11/2019
3295,Rachel,Price,9/4/2008,F,PLN102,5/11/2023
3296,Charles,Spencer,6/18/2021,M,PLN101,3/1/2024
3297,Henry,Larsen,6/30/1993,M,PLN105,10/1/2022
3298,Laura,Sutton,7/13/2005,F,PLN103,12/1/2023
3299,Lucas,Bauer,7/28/2022,M,PLN102,7/1/2022
3300,Aiden,Ellis,10/12/1959,M,PLN101,11/1/2022
3301,Tyler,Douglas,8/28/2010,M,PLN103,1/1/2024
3302,Joseph,Harper,1/4/2014,M,PLN102,5/1/2020
3303,Daniel,Gordon,2/15/1995,M,PLN101,5/20/2023
3304,Joseph,Cole,12/25/1999,M,PLN101,11/1/2024
3305,Joseph,Nichols,11/26/2021,M,PLN102,3/1/2023
3306,Elijah,Gibson,3/16/1994,M,PLN103,12/1/2019
3307,Patricia,Simmons,8/4/1987,F,PLN101,4/1/2022
3308,Carlos,Mills,8/15/1992,M,PLN105,10/1/2021
3309,Jennifer,Vance,9/25/1988,F,PLN102,8/1/2023
3310,Rachel,Jensen,10/3/1994,F,PLN102,2/1/2024
3311,Jack,Nash,1/25/1971,M,PLN105,6/1/2017
3312,Aisha,Dalton,8/15/1997,F,PLN103,7/17/2022
3313,Laura,Gordon,1/5/1997,F,PLN104,5/1/2023
3314,Owen,Kowalski,9/12/2011,M,PLN104,4/27/2024
3315,Mia,Kelly,3/8/1966,F,PLN102,3/1/2023
3316,Brian,Kramer,5/29/1966,M,PLN104,4/1/2024
3317,Ava,Brooks,10/19/1938,F,PLN103,3/1/2023
3318,Jack,Noble,8/3/2023,M,PLN101,7/1/2024
3319,Wei,Young,11/20/1987,M,PLN105,10/1/2024
3320,Lily,Tillman,6/5/2015,F,PLN105,7/1/2017
3321,Tyler,Evans,12/7/2020,M,PLN101,3/1/2023
3322,Nina,Navarro,3/22/1983,F,PLN102,6/19/2022
3323,Mary,Ford,3/7/1984,F,PLN101,2/1/2022
3324,James,Kelly,6/25/1978,M,PLN103,3/1/2023
3325,Ashley,Castillo,7/3/1951,F,PLN101,3/1/2024
3326,Patricia,Foster,3/22/1960,F,PLN105,11/1/2024
3327,Thomas,Torres,7/8/1998,M,PLN101,4/1/2024
3328,James,Richards,3/14/2023,M,PLN101,3/14/2023
3329,Claire,Tanaka,4/11/2003,F,PLN104,3/4/2021
3330,Daniel,Jacobs,8/8/1963,M,PLN101,9/1/2021
3331,Amanda,Dixon,2/28/2005,F,PLN105,8/30/2018
3332,Patricia,Cruz,3/21/1979,F,PLN102,6/1/2020
3333,Richard,Doyle,10/29/2013,M,PLN102,6/1/2023
3334,Elizabeth,Ivanov,5/18/1970,F,PLN103,4/1/2024
3335,Caleb,Ford,7/23/2004,M,PLN105,11/11/2024
3336,Priya,Nash,8/30/1999,F,PLN101,12/1/2017
3337,Jessica,Bell,4/17/2007,F,PLN103,11/18/2024
3338,Liam,Lindqvist,5/1/2008,M,PLN101,1/1/2023
3339,Wei,Oliver,10/10/1977,M,PLN101,4/1/2022
3340,Isaac,Dunn,12/9/1993,M,PLN103,2/18/2023
3341,Priya,Navarro,1/17/1989,F,PLN103,6/1/2023
3342,Ashley,Mitchell,2/20/2011,F,PLN103,3/13/2024
3343,Owen,Lam,10/23/1987,M,PLN102,3/1/2020
3344,Andrew,Hayes,9/1/1956,M,PLN103,2/1/2023
3345,Natalie,Spencer,12/1/2008,F,PLN101,4/17/2020
3346,Ella,Estrada,10/4/1975,F,PLN103,12/1/2023
3347,Tyler,Nguyen,2/13/1972,M,PLN101,4/1/2022
3348,Ethan,Gibson,11/7/1975,M,PLN102,10/1/2023
3349,Nancy,Rhodes,9/5/1980,F,PLN104,10/24/2020
3350,Emily,Erickson,11/26/2009,F,PLN102,5/1/2024
3351,Emily,Davis,4/30/1989,F,PLN102,6/1/2024
3352,Anthony,Larsen,11/15/1942,M,PLN101,6/11/2023
3353,Joseph,Gupta,6/10/2012,M,PLN105,1/5/2024
3354,Aisha,Price,3/16/1979,F,PLN102,9/1/2024
3355,Anthony,Bowen,7/31/2020,M,PLN101,9/8/2024
3356,Ryan,Diaz,8/20/1967,M,PLN101,5/1/2018
3357,Mia,Richards,2/3/2024,F,PLN104,11/1/2024
3358,Liam,Underwood,9/13/2022,M,PLN102,9/1/2022
3359,Anthony,Osei,12/22/1959,M,PLN102,11/1/2019
3360,Ruby,Reed,9/13/1983,F,PLN103,3/27/2023
3361,Samuel,Weiss,7/14/1946,M,PLN102,8/1/2021
3362,Maria,Jenkins,3/20/1974,F,PLN103,9/1/2023
3363,Laura,Allen,10/9/1994,F,PLN102,10/1/2021
3364,Carlos,Kaplan,6/5/1956,M,PLN103,11/9/2020
3365,Maria,Torres,5/21/1967,F,PLN102,6/1/2024
3366,Laura,Knight,12/23/1942,F,PLN101,6/1/2023
3367,Emily,Evans,10/26/1957,F,PLN104,2/1/2024
3368,Liam,Irwin,8/28/1945,M,PLN102,10/3/2023
3369,Ethan,Cole,8/14/1989,M,PLN102,6/1/2023
3370,Noah,Kelly,2/27/1961,M,PLN101,11/1/2023
3371,Megan,Shah,1/30/2009,F,PLN102,1/1/2024
3372,Joshua,Zimmerman,11/13/1976,M,PLN102,5/1/2019
3373,Claire,Jacobs,2/12/1985,F,PLN105,10/1/2020
3374,Karen,Chen,9/22/2012,F,PLN102,10/31/2023
3375,Raj,Fowler,2/20/2006,M,PLN101,1/1/2017
3376,Matthew,Kowalski,9/17/2021,M,PLN102,1/1/2024
3377,Steven,Ford,3/24/1997,M,PLN105,7/1/2024
3378,Isabella,Bell,3/23/1980,F,PLN103,5/17/2018
3379,Ashley,Marshall,1/15/2014,F,PLN102,1/12/2019
3380,Fatima,Estrada,10/24/1957,F,PLN102,1/1/2024
3381,Logan,Ford,11/24/2002,M,PLN103,10/1/2018
3382,Lily,Jacobs,8/24/2008,F,PLN101,1/1/2024
3383,Leah,Robbins,1/21/1962,F,PLN101,1/1/2023
3384,Liam,Khan,4/9/1982,M,PLN102,5/13/2023
3385,Jack,Jensen,5/15/1970,M,PLN102,11/1/2022
3386,Mei,Reyes,3/6/1994,F,PLN105,9/1/2023
3387,Chloe,Banks,5/30/2000,F,PLN102,7/4/2021
3388,Sarah,Kowalski,2/12/2007,F,PLN105,1/1/2017
3389,Mia,Kerr,9/20/1981,F,PLN103,5/1/2020
3390,Isaac,Richards,4/10/1994,M,PLN103,9/1/2023
3391,Ava,Rhodes,12/27/1983,F,PLN103,4/8/2024
3392,Jacob,Ellis,8/8/2008,M,PLN101,1/1/2020
3393,Maria,Knight,12/14/1958,F,PLN102,3/1/2017
3394,Olivia,Vargas,7/8/1948,F,PLN105,8/1/2017
3395,Patricia,Knight,9/15/2000,F,PLN102,2/8/2021
3396,Karen,Freeman,4/4/1983,F,PLN105,9/1/2024
3397,Priya,Young,6/20/1961,F,PLN105,12/1/2019
3398,Jacob,Rojas,11/11/2018,M,PLN101,10/26/2019
3399,Aisha,Norris,2/18/1954,F,PLN104,11/1/2017
3400,Lisa,Richards,8/29/1978,F,PLN102,6/6/2024
3401,Mason,Jenkins,3/19/1995,M,PLN102,4/24/2019
3402,Nina,Rhodes,11/4/2020,F,PLN103,11/4/2020
3403,Ana,Irwin,12/11/1947,F,PLN101,11/20/2021
3404,Barbara,Watson,7/15/1949,F,PLN101,3/1/2019
3405,Liam,Kramer,12/20/1984,M,PLN102,8/1/2017
3406,Jacob,Moss,5/2/2004,M,PLN102,11/1/2017
3407,Laura,Wade,10/25/1990,F,PLN105,4/1/2019
3408,Susan,Vaughn,7/27/2016,F,PLN104,8/3/2017
3409,Karen,Fuller,2/4/2013,F,PLN104,4/1/2021
3410,Jennifer,Banks,9/24/1991,F,PLN101,1/1/2019
3411,Robert,Meyer,12/28/1970,M,PLN104,7/1/2019
3412,Hannah,Garcia,5/18/1942,F,PLN102,1/24/2024
3413,Sarah,Jacobs,1/17/1992,F,PLN102,12/1/2017
3414,Noah,Young,8/30/1993,M,PLN101,11/17/2020
3415,Carlos,Perry,11/11/1958,M,PLN105,4/1/2024
3416,Henry,Marshall,7/2/2000,M,PLN104,2/26/2020
3417,James,Lane,5/29/2006,M,PLN101,5/1/2024
3418,Matthew,Shah,11/21/1980,M,PLN104,4/1/2024
3419,Mary,Tucker,10/29/2008,F,PLN102,2/1/2024
3420,Rachel,Gibson,7/6/1988,F,PLN105,5/1/2023
3421,Emily,Russell,5/25/2003,F,PLN102,3/1/2023
3422,Robert,Graham,12/1/1964,M,PLN104,5/1/2024
3423,Kevin,Walsh,10/16/1959,M,PLN102,3/1/2022
3424,Jacob,Moss,1/26/1973,M,PLN102,8/1/2024
3425,Aiden,Fuller,3/12/1974,M,PLN105,8/1/2022
3426,Jessica,Torres,8/28/2015,F,PLN101,6/1/2020
3427,John,Lambert,5/14/1965,M,PLN102,6/1/2023
3428,Robert,Kim,5/21/1983,M,PLN104,9/1/2020
3429,Priya,Tucker,2/1/2019,F,PLN102,2/1/2019
3430,Amanda,Hendrix,12/17/1956,F,PLN105,4/1/2022
3431,Joseph,Hale,12/16/1975,M,PLN101,6/1/2018
3432,Emily,Evans,12/4/1965,F,PLN101,2/17/2020
3433,William,Irwin,9/25/1986,M,PLN104,11/1/2023
3434,Emma,Nash,8/17/1954,F,PLN101,10/13/2023
3435,Caleb,Ortiz,1/13/1999,M,PLN101,5/1/2019
3436,Mark,Douglas,4/29/1965,M,PLN103,8/26/2023
3437,Chloe,Brooks,3/22/1952,F,PLN104,8/1/2024
3438,Michelle,Hopkins,12/14/1973,F,PLN101,2/1/2024
3439,Andrew,Olsen,5/29/1998,M,PLN103,6/1/2023
3440,Jacob,Garner,2/3/1962,M,PLN102,12/4/2023
3441,Laura,Mason,2/16/1992,F,PLN101,12/22/2021
3442,Miles,Valdez,11/15/1973,M,PLN105,3/1/2017
3443,Mark,Shah,3/11/1945,M,PLN103,9/1/2023
3444,Megan,Schmidt,2/17/1989,F,PLN104,5/1/2024
3445,Claire,Hudson,7/9/1996,F,PLN103,10/1/2022
3446,William,Murphy,2/3/1983,M,PLN101,7/1/2024
3447,Andrew,Ivanov,12/17/1992,M,PLN103,9/13/2022
3448,Laura,Schmidt,4/27/1974,F,PLN103,12/1/2021
3449,Ava,Castillo,6/12/2019,F,PLN103,6/1/2019
3450,Olivia,Nash,3/23/1973,F,PLN102,5/1/2019
3451,Nora,Flores,8/20/2020,F,PLN102,8/1/2021
3452,Elijah,Mills,6/11/1977,M,PLN101,2/1/2022
3453,Mason,Walsh,5/2/2023,M,PLN101,5/1/2023
3454,Miles,Hart,2/3/1957,M,PLN104,1/1/2021
3455,Joshua,Doyle,12/17/1967,M,PLN105,2/8/2023
3456,James,Carter,6/18/1981,M,PLN104,2/1/2021
3457,James,Lowe,6/29/1989,M,PLN105,4/2/2019
3458,Rachel,Wright,4/15/1984,F,PLN102,6/1/2022
3459,Noah,Harper,10/11/1947,M,PLN104,1/28/2019
3460,Luis,Kowalski,11/28/2011,M,PLN102,1/1/2021
3461,Isaac,Tucker,8/2/1985,M,PLN102,3/1/2020
3462,Kevin,Coleman,10/15/1958,M,PLN103,2/24/2019
3463,Emma,Emerson,6/15/1964,F,PLN102,10/1/2023
3464,Robert,Adams,7/24/2017,M,PLN101,1/19/2021
3465,Matthew,Jacobs,11/2/1965,M,PLN101,2/1/2023
3466,Raj,Evans,7/19/1996,M,PLN101,12/24/2018
3467,Anthony,Alvarez,7/18/1961,M,PLN104,2/1/2024
3468,Robert,Gilbert,3/26/1963,M,PLN101,4/1/2023
3469,Stella,Nelson,3/25/1996,F,PLN101,9/1/2024
3470,Nancy,Ramos,11/7/2022,F,PLN101,11/1/2022
3471,Megan,Larsen,12/9/1979,F,PLN101,3/5/2020
3472,Hannah,Rojas,11/14/1955,F,PLN102,8/1/2017
3473,Michelle,Ortiz,9/14/2006,F,PLN101,9/27/2023
3474,Hiro,Jensen,10/15/1978,M,PLN102,9/1/2019
3475,James,Newman,4/11/1965,M,PLN102,5/1/2020
3476,Stella,Torres,3/26/1996,F,PLN105,4/1/2024
3477,Nina,Richards,11/30/1958,F,PLN104,5/1/2024
3478,Rachel,Wallace,3/16/1975,F,PLN101,8/1/2020
3479,Owen,Mendez,11/13/1973,M,PLN104,10/1/2018
3480,Mark,Lowe,2/15/2023,M,PLN105,2/1/2023
3481,Jessica,Young,10/5/2023,F,PLN102,10/1/2023
3482,Mark,Patel,5/13/2000,M,PLN101,1/1/2023
3483,Logan,Mendez,7/30/2013,M,PLN102,1/1/2024
3484,Grace,Perry,2/23/1978,F,PLN102,5/1/2020
3485,William,Irwin,7/30/1942,M,PLN103,6/5/2023
3486,Caleb,Noble,3/31/1962,M,PLN102,3/1/2018
3487,Grace,Griffin,8/28/2005,F,PLN101,1/3/2018
3488,Miles,Rao,7/21/1964,M,PLN105,2/1/2024
3489,Miles,Erickson,11/23/1992,M,PLN103,11/1/2022
3490,Mary,Cole,6/22/2014,F,PLN105,4/1/2021
3491,Hannah,Bell,10/31/2011,F,PLN101,1/13/2024
3492,Aiden,Thompson,6/20/1945,M,PLN101,1/1/2024
3493,Joseph,Newman,9/21/1980,M,PLN102,9/1/2023
3494,Nora,Newman,12/15/1968,F,PLN102,4/26/2020
3495,Hannah,Vargas,11/3/1988,F,PLN104,6/1/2023
3496,William,Nelson,3/2/1968,M,PLN101,8/1/2021
3497,Jack,Ellis,10/23/2001,M,PLN102,12/12/2019
3498,Ashley,Grant,7/3/2017,F,PLN104,7/1/2018
3499,Charles,Kowalski,5/27/1945,M,PLN104,10/1/2018
3500,Caleb,Garcia,11/11/1976,M,PLN105,12/1/2018
